url,status_at_export,data_date,first_seen,last_seen
https://schoolwith.me/?fbclid=IwAR1bcKRIM8a3CCOC3n38T-yvQurz2OM15PGush_34qaWXToS3EgP4G2IPwg///////////////,dup_no_user_canonical,2026-09-18,2026-09-21T20:26:15,2026-09-21T20:26:15
https://schoolwith.me/?fbclid=IwAR1nFUpMsWaJYCRp4XafGtlzJ_NjZ2AHi1mAsHxBJx7Rw_60IiCMyJVDHIw///////////,dup_no_user_canonical,2026-09-18,2026-09-21T20:26:15,2026-09-21T20:26:15
https://schoolwith.me/?fbclid=IwAR1nFUpMsWaJYCRp4XafGtlzJ_NjZ2AHi1mAsHxBJx7Rw_60IiCMyJVDHIw////////////,dup_no_user_canonical,2026-09-18,2026-09-21T20:26:15,2026-09-21T20:26:15
https://schoolwith.me/?fbclid=IwAR1nFUpMsWaJYCRp4XafGtlzJ_NjZ2AHi1mAsHxBJx7Rw_60IiCMyJVDHIw///////////////////,dup_no_user_canonical,2026-09-18,2026-09-21T20:26:15,2026-09-21T20:26:15
https://schoolwith.me/?fbclid=IwAR2xMDG-pobAI6da5r_4Jce6nzf0i6O4NLcvpqOk9Q9BYVjXIYqmmip_nYU///////////,dup_no_user_canonical,2026-09-18,2026-09-21T20:26:15,2026-09-21T20:26:15
https://schoolwith.me/?yclid=YSS.1001031104.EAIaIQobChMIn4-djcnkgwMVZ2QPAh2lDgUOEAAYASAAEgJkkPD_BwE/////////////,dup_no_user_canonical,2026-09-18,2026-09-21T20:26:15,2026-09-21T20:26:15
https://schoolwith.me/Schools/photo_movie/photo/48,crawled_not_indexed,2026-09-18,2026-09-21T20:26:15,2026-09-21T20:26:15
https://schoolwith.me/about?a8=I2Ghz2Y8u7rmQ7jZwns2sQEZBdlpsQreVnrmeljVQVL8u7GNX752-_GNs7leEe5sCVqQjBGFC2Ghos00000019593001,discovered_not_indexed,2026-09-18,2026-09-21T20:26:15,2026-09-21T20:26:15
https://schoolwith.me/about?a8=KrA0DrUo2L8pjzgCZjBMppIMq.zJ8oIsAj_CszIFMF4o2LAX79TKcLTLGLZsasTBcFbMIvAycrA01s00000024868001,discovered_not_indexed,2026-09-18,2026-09-21T20:26:15,2026-09-21T20:26:15
https://schoolwith.me/about?a8=cETptEiKDYIKbfRwQmafTTCB4TZXIeBCFmyN8eBCKN.CRYTIpYTgSe_B4e_gSe_Y.M_y02ARb2TLb2TK5N.2RHTc.EbgDeT7pekXxs00000024433001,discovered_not_indexed,2026-09-18,2026-09-21T20:26:15,2026-09-21T20:26:15
"https://schoolwith.me/applications/f_register/137?program_name=Sparta 
6%E3%82%B3%E3%83%BC%E3%82%B9",crawled_not_indexed,2026-09-18,2026-09-21T20:26:15,2026-09-21T20:26:15
https://schoolwith.me/applications/f_register/143?program_name=%E3%82%AC%E3%83%BC%E3%83%87%E3%82%A3%E3%82%A2%E3%83%B3%E3%82%B3%E3%83%BC%E3%82%B9,crawled_not_indexed,2026-09-18,2026-09-21T20:26:15,2026-09-21T20:26:15
"https://schoolwith.me/applications/f_register/20012?program_name=Business 
Plus TOEIC%E3%82%B3%E3%83%BC%E3%82%B9",crawled_not_indexed,2026-09-18,2026-09-21T20:26:15,2026-09-21T20:26:15
"https://schoolwith.me/applications/f_register/20022?program_name=Academic 
Year Intensive Plus 24%E3%82%B3%E3%83%9E/%E9%80%B1",crawled_not_indexed,2026-09-18,2026-09-21T20:26:15,2026-09-21T20:26:15
"https://schoolwith.me/applications/f_register/20022?program_name=General 
English Super Intensive 30%E3%82%B3%E3%83%9E/%E9%80%B1",crawled_not_indexed,2026-09-18,2026-09-21T20:26:15,2026-09-21T20:26:15
"https://schoolwith.me/applications/f_register/20023?program_name=Academic 
English 30%E3%82%B3%E3%83%9E/%E9%80%B1",crawled_not_indexed,2026-09-18,2026-09-21T20:26:15,2026-09-21T20:26:15
"https://schoolwith.me/applications/f_register/20023?program_name=General 
English 18%E3%82%B3%E3%83%9E/%E9%80%B1",crawled_not_indexed,2026-09-18,2026-09-21T20:26:15,2026-09-21T20:26:15
"https://schoolwith.me/applications/f_register/20054?program_name=TOEFL%C2%AE 
and Academic English Part-Time 20%E3%82%B3%E3%83%9E/%E9%80%B1",crawled_not_indexed,2026-09-18,2026-09-21T20:26:15,2026-09-21T20:26:15
https://schoolwith.me/applications/f_register/20243,crawled_not_indexed,2026-09-18,2026-09-21T20:26:15,2026-09-21T20:26:15
"https://schoolwith.me/applications/f_register/20?program_name=6 Man to 
Man%E3%82%B3%E3%83%BC%E3%82%B9",crawled_not_indexed,2026-09-18,2026-09-21T20:26:15,2026-09-21T20:26:15
https://schoolwith.me/applications/f_register/222?program_name=IELTS%E3%82%B3%E3%83%BC%E3%82%B9,crawled_not_indexed,2026-09-18,2026-09-21T20:26:15,2026-09-21T20:26:15
"https://schoolwith.me/applications/f_register/222?program_name=Intensive 
ESL%E3%82%B3%E3%83%BC%E3%82%B9",crawled_not_indexed,2026-09-18,2026-09-21T20:26:15,2026-09-21T20:26:15
https://schoolwith.me/applications/f_register/246,crawled_not_indexed,2026-09-18,2026-09-21T20:26:15,2026-09-21T20:26:15
https://schoolwith.me/applications/f_register/246?program_name=IELTS%E7%82%B9%E6%95%B0%E4%BF%9D%E8%A8%BC%E3%82%B3%E3%83%BC%E3%82%B9,crawled_not_indexed,2026-09-18,2026-09-21T20:26:15,2026-09-21T20:26:15
"https://schoolwith.me/applications/f_register/246?program_name=Regular 
IELTS%E3%82%B3%E3%83%BC%E3%82%B9",crawled_not_indexed,2026-09-18,2026-09-21T20:26:15,2026-09-21T20:26:15
"https://schoolwith.me/applications/f_register/30013?program_name=Part-Time 
Morning 17%E3%82%B3%E3%83%9E/%E9%80%B1",crawled_not_indexed,2026-09-18,2026-09-21T20:26:15,2026-09-21T20:26:15
https://schoolwith.me/applications/f_register/30030,crawled_not_indexed,2026-09-18,2026-09-21T20:26:15,2026-09-21T20:26:15
https://schoolwith.me/applications/f_register/30044,crawled_not_indexed,2026-09-18,2026-09-21T20:26:15,2026-09-21T20:26:15
"https://schoolwith.me/applications/f_register/30054?program_name=%E3%82%A4%E3%83%B3%E3%83%86%E3%83%B3%E3%82%B7%E3%83%96%E3%82%B3%E3%83%BC%E3%82%B9 
32%E3%82%B3%E3%83%9E/%E9%80%B1",crawled_not_indexed,2026-09-18,2026-09-21T20:26:15,2026-09-21T20:26:15
"https://schoolwith.me/applications/f_register/30084?program_name=OHC Core 
15%E3%82%B3%E3%83%9E/%E9%80%B1",crawled_not_indexed,2026-09-18,2026-09-21T20:26:15,2026-09-21T20:26:15
"https://schoolwith.me/applications/f_register/30343?program_name=Standard 
General English 20%E3%82%B3%E3%83%9E/%E9%80%B1",crawled_not_indexed,2026-09-18,2026-09-21T20:26:15,2026-09-21T20:26:15
https://schoolwith.me/applications/f_register/40006,crawled_not_indexed,2026-09-18,2026-09-21T20:26:15,2026-09-21T20:26:15
"https://schoolwith.me/applications/f_register/40060?program_name=General 
English 20%E6%99%82%E9%96%93/%E9%80%B1",crawled_not_indexed,2026-09-18,2026-09-21T20:26:15,2026-09-21T20:26:15
"https://schoolwith.me/applications/f_register/40087?program_name=OHC Core 
15%E3%82%B3%E3%83%9E/%E9%80%B1",crawled_not_indexed,2026-09-18,2026-09-21T20:26:15,2026-09-21T20:26:15
"https://schoolwith.me/applications/f_register/40363?program_name=General 
English Full-time 20%2B5%E6%99%82%E9%96%93/%E9%80%B1",crawled_not_indexed,2026-09-18,2026-09-21T20:26:15,2026-09-21T20:26:15
https://schoolwith.me/applications/f_register/4?program_name=%E3%82%B8%E3%83%A5%E3%83%8B%E3%82%A2IELTS%E3%82%B3%E3%83%BC%E3%82%B9,crawled_not_indexed,2026-09-18,2026-09-21T20:26:15,2026-09-21T20:26:15
"https://schoolwith.me/applications/f_register/4?program_name=%E8%84%B1%E3%83%BB%E5%88%9D%E5%BF%83%E8%80%85 
Core%E3%82%B3%E3%83%BC%E3%82%B9",crawled_not_indexed,2026-09-18,2026-09-21T20:26:15,2026-09-21T20:26:15
"https://schoolwith.me/applications/f_register/4?program_name=%E8%84%B1%E3%83%BB%E5%88%9D%E5%BF%83%E8%80%85 
Light%E3%82%B3%E3%83%BC%E3%82%B9",crawled_not_indexed,2026-09-18,2026-09-21T20:26:15,2026-09-21T20:26:15
"https://schoolwith.me/applications/f_register/4?program_name=IELTS 
Light%E3%82%B3%E3%83%BC%E3%82%B9",crawled_not_indexed,2026-09-18,2026-09-21T20:26:15,2026-09-21T20:26:15
https://schoolwith.me/applications/f_register/50010,crawled_not_indexed,2026-09-18,2026-09-21T20:26:15,2026-09-21T20:26:15
https://schoolwith.me/applications/f_register/50042,crawled_not_indexed,2026-09-18,2026-09-21T20:26:15,2026-09-21T20:26:15
https://schoolwith.me/applications/f_register/50085,crawled_not_indexed,2026-09-18,2026-09-21T20:26:15,2026-09-21T20:26:15
https://schoolwith.me/applications/f_register/50135,crawled_not_indexed,2026-09-18,2026-09-21T20:26:15,2026-09-21T20:26:15
https://schoolwith.me/applications/f_register/60026,crawled_not_indexed,2026-09-18,2026-09-21T20:26:15,2026-09-21T20:26:15
"https://schoolwith.me/applications/f_register/60249?program_name=General 
English Part-Time 15%E6%99%82%E9%96%93/%E9%80%B1",crawled_not_indexed,2026-09-18,2026-09-21T20:26:15,2026-09-21T20:26:15
"https://schoolwith.me/applications/f_register/70112?program_name=General 
English 30%E3%82%B3%E3%83%9E/%E9%80%B1",crawled_not_indexed,2026-09-18,2026-09-21T20:26:15,2026-09-21T20:26:15
"https://schoolwith.me/applications/f_register/80011?program_name=Exam 
Preparation Fluency 30%E3%82%B3%E3%83%9E/%E9%80%B1",crawled_not_indexed,2026-09-18,2026-09-21T20:26:15,2026-09-21T20:26:15
"https://schoolwith.me/applications/f_register/80017?program_name=Conversation 
10%E3%82%B3%E3%83%9E/%E9%80%B1",crawled_not_indexed,2026-09-18,2026-09-21T20:26:15,2026-09-21T20:26:15
"https://schoolwith.me/applications/f_register/89?program_name=Advanced 
Business%E3%82%B3%E3%83%BC%E3%82%B9",crawled_not_indexed,2026-09-18,2026-09-21T20:26:15,2026-09-21T20:26:15
https://schoolwith.me/applications/f_register/89?program_name=IELTS%E7%82%B9%E6%95%B0%E4%BF%9D%E8%A8%BC%E3%82%B3%E3%83%BC%E3%82%B9,crawled_not_indexed,2026-09-18,2026-09-21T20:26:15,2026-09-21T20:26:15
"https://schoolwith.me/applications/f_register/89?program_name=Junior 
ESL%E3%82%B3%E3%83%BC%E3%82%B9",crawled_not_indexed,2026-09-18,2026-09-21T20:26:15,2026-09-21T20:26:15
https://schoolwith.me/applications/register/115,crawled_not_indexed,2026-09-18,2026-09-21T20:26:15,2026-09-21T20:26:15
"https://schoolwith.me/applications/register/184?program_name=GUARDIAN 
ESL%E3%82%B3%E3%83%BC%E3%82%B9",crawled_not_indexed,2026-09-18,2026-09-21T20:26:15,2026-09-21T20:26:15
https://schoolwith.me/applications/register/187,crawled_not_indexed,2026-09-18,2026-09-21T20:26:15,2026-09-21T20:26:15
"https://schoolwith.me/applications/register/20200?program_name=%E3%82%A4%E3%83%B3%E3%83%86%E3%83%B3%E3%82%B7%E3%83%96%E3%82%B3%E3%83%BC%E3%82%B9 
32%E3%82%B3%E3%83%9E/%E9%80%B1",crawled_not_indexed,2026-09-18,2026-09-21T20:26:15,2026-09-21T20:26:15
"https://schoolwith.me/applications/register/20236?program_name=Company 
Experience 22%E3%80%9C33%E3%82%B3%E3%83%9E/%E9%80%B1",crawled_not_indexed,2026-09-18,2026-09-21T20:26:15,2026-09-21T20:26:15
"https://schoolwith.me/applications/register/20457?program_name=Short-Term 
English Program(STEP) 16%E6%99%82%E9%96%93/%E9%80%B1",crawled_not_indexed,2026-09-18,2026-09-21T20:26:15,2026-09-21T20:26:15
https://schoolwith.me/applications/register/244,crawled_not_indexed,2026-09-18,2026-09-21T20:26:15,2026-09-21T20:26:15
"https://schoolwith.me/applications/register/246?program_name=IELTS Speaking 
%26amp; Writing Intensive%E3%82%B3%E3%83%BC%E3%82%B9",crawled_not_indexed,2026-09-18,2026-09-21T20:26:15,2026-09-21T20:26:15
https://schoolwith.me/applications/register/246?program_name=IELTS%E7%82%B9%E6%95%B0%E4%BF%9D%E8%A8%BC%E3%82%B3%E3%83%BC%E3%82%B9,crawled_not_indexed,2026-09-18,2026-09-21T20:26:15,2026-09-21T20:26:15
"https://schoolwith.me/applications/register/246?program_name=Regular 
IELTS%E3%82%B3%E3%83%BC%E3%82%B9",crawled_not_indexed,2026-09-18,2026-09-21T20:26:15,2026-09-21T20:26:15
"https://schoolwith.me/applications/register/30008?program_name=Writing with 
AI (20 GE %2B 10 Writing with AI) 30%E3%82%B3%E3%83%9E/%E9%80%B1",crawled_not_indexed,2026-09-18,2026-09-21T20:26:15,2026-09-21T20:26:15
https://schoolwith.me/applications/register/30010,crawled_not_indexed,2026-09-18,2026-09-21T20:26:15,2026-09-21T20:26:15
"https://schoolwith.me/applications/register/30063?program_name=User 
Interface (UI) Design (1%E5%B9%B4 / 7%E3%83%B6%E6%9C%88)",crawled_not_indexed,2026-09-18,2026-09-21T20:26:15,2026-09-21T20:26:15
"https://schoolwith.me/applications/register/30067?program_name=X-Intensive 
English Program 
40%E3%82%B3%E3%83%9E/%E9%80%B1%2B%E3%83%9E%E3%83%B3%E3%83%84%E3%83%BC%E3%83%9E%E3%83%B3%E3%83%AC%E3%83%83%E3%82%B9%E3%83%B3",crawled_not_indexed,2026-09-18,2026-09-21T20:26:15,2026-09-21T20:26:15
https://schoolwith.me/applications/register/30077,crawled_not_indexed,2026-09-18,2026-09-21T20:26:15,2026-09-21T20:26:15
"https://schoolwith.me/applications/register/30311?program_name=Intensive 
English 35%E3%82%B3%E3%83%9E/%E9%80%B1",crawled_not_indexed,2026-09-18,2026-09-21T20:26:15,2026-09-21T20:26:15
"https://schoolwith.me/applications/register/30311?program_name=Semi-Intensive 
English 27%E3%82%B3%E3%83%9E/%E9%80%B1",crawled_not_indexed,2026-09-18,2026-09-21T20:26:15,2026-09-21T20:26:15
"https://schoolwith.me/applications/register/30339?program_name=General 
English - Super Intensive 30%E3%82%B3%E3%83%9E/%E9%80%B1",crawled_not_indexed,2026-09-18,2026-09-21T20:26:15,2026-09-21T20:26:15
"https://schoolwith.me/applications/register/33?program_name=IELTS 
Intensive%E3%82%B3%E3%83%BC%E3%82%B9",crawled_not_indexed,2026-09-18,2026-09-21T20:26:15,2026-09-21T20:26:15
https://schoolwith.me/applications/register/40010,crawled_not_indexed,2026-09-18,2026-09-21T20:26:15,2026-09-21T20:26:15
https://schoolwith.me/applications/register/40088,crawled_not_indexed,2026-09-18,2026-09-21T20:26:15,2026-09-21T20:26:15
"https://schoolwith.me/applications/register/40104?program_name=General 
English Part-time 12%E6%99%82%E9%96%93/%E9%80%B1",crawled_not_indexed,2026-09-18,2026-09-21T20:26:15,2026-09-21T20:26:15
https://schoolwith.me/applications/register/40372,crawled_not_indexed,2026-09-18,2026-09-21T20:26:15,2026-09-21T20:26:15
"https://schoolwith.me/applications/register/4?program_name=%E8%84%B1%E3%83%BB%E5%88%9D%E5%BF%83%E8%80%85 
Core%E3%82%B3%E3%83%BC%E3%82%B9",crawled_not_indexed,2026-09-18,2026-09-21T20:26:15,2026-09-21T20:26:15
"https://schoolwith.me/applications/register/4?program_name=IELTS 
Core%E3%82%B3%E3%83%BC%E3%82%B9",crawled_not_indexed,2026-09-18,2026-09-21T20:26:15,2026-09-21T20:26:15
"https://schoolwith.me/applications/register/4?program_name=IELTS 
Light%E3%82%B3%E3%83%BC%E3%82%B9",crawled_not_indexed,2026-09-18,2026-09-21T20:26:15,2026-09-21T20:26:15
"https://schoolwith.me/applications/register/4?program_name=IELTS 
Standard%E3%82%B3%E3%83%BC%E3%82%B9",crawled_not_indexed,2026-09-18,2026-09-21T20:26:15,2026-09-21T20:26:15
"https://schoolwith.me/applications/register/50018?program_name=Exam 
Preparation IELTS 20%E3%82%B3%E3%83%9E/%E9%80%B1",crawled_not_indexed,2026-09-18,2026-09-21T20:26:15,2026-09-21T20:26:15
"https://schoolwith.me/applications/register/50379?program_name=IELTS Super 
Intensive 30%E3%82%B3%E3%83%9E/%E9%80%B1",crawled_not_indexed,2026-09-18,2026-09-21T20:26:15,2026-09-21T20:26:15
"https://schoolwith.me/applications/register/60249?program_name=General 
English Part-Time 15%E6%99%82%E9%96%93/%E9%80%B1",crawled_not_indexed,2026-09-18,2026-09-21T20:26:15,2026-09-21T20:26:15
"https://schoolwith.me/applications/register/70112?program_name=English for 
Work(20GE%2B10English for Work)30%E3%82%B3%E3%83%9E/%E9%80%B1",crawled_not_indexed,2026-09-18,2026-09-21T20:26:15,2026-09-21T20:26:15
"https://schoolwith.me/applications/register/80011?program_name=Business 
English Standard 20%E3%82%B3%E3%83%9E/%E9%80%B1",crawled_not_indexed,2026-09-18,2026-09-21T20:26:15,2026-09-21T20:26:15
"https://schoolwith.me/applications/register/89?program_name=Junior 
ESL%E3%82%B3%E3%83%BC%E3%82%B9",crawled_not_indexed,2026-09-18,2026-09-21T20:26:15,2026-09-21T20:26:15
https://schoolwith.me/areas/52020,crawled_not_indexed,2026-09-18,2026-09-21T20:26:15,2026-09-21T20:26:15
https://schoolwith.me/areas/52033,crawled_not_indexed,2026-09-18,2026-09-21T20:26:15,2026-09-21T20:26:15
https://schoolwith.me/areas/6008,crawled_not_indexed,2026-09-18,2026-09-21T20:26:15,2026-09-21T20:26:15
https://schoolwith.me/areas/school/1/direction:asc/sort:lowest_fee_per_month/page:2?sort_type=/areas/school/1/direction:asc/sort:lowest_fee_per_month?sort_type%3D%252Fareas%252Fschool%252F1%252Fdirection%253Aasc%252Fsort%253Alowest_fee_per_month%253Fsort_type%253D%25252Fareas%25252Fschool%25252F1%25252Fdirection%25253Adesc%25253Fsort_type%25253D%2525252Fareas%2525252Fschool%2525252F1%2525252Fdirection%2525253Aasc%2525252Fsort%2525253Alowest_fee_per_month%2525253Fsort_type%2525253D%252525252Fareas%252525252Fschool%252525252F1%252525252Fdirection%252525253Adesc%252525253Fsort_type%252525253D%25252525252Fareas%25252525252Fschool%25252525252F1%25252525252Fsort%25252525253Alowest_fee_per_month%25252525252Fdirection%25252525253Aasc,crawled_not_indexed,2026-09-18,2026-09-21T20:26:15,2026-09-21T20:26:15
https://schoolwith.me/areas/school/1/direction:asc/sort:lowest_fee_per_month?sort_type=/areas/school/1/direction:desc?sort_type%3D%252Fareas%252Fschool%252F1%252Fdirection%253Aasc%252Fsort%253Alowest_fee_per_month%253Fsort_type%253D%25252Fareas%25252Fschool%25252F1%25252Fdirection%25253Aasc%25252Fsort%25253Alowest_fee_per_month%25253Fsort_type%25253D%2525252Fareas%2525252Fschool%2525252F1%2525252Fdirection%2525253Aasc%2525252Fsort%2525253Alowest_fee_per_month%2525253Fsort_type%2525253D%252525252Fareas%252525252Fschool%252525252F1%252525252Fdirection%252525253Adesc%252525253Fsort_type%252525253D%25252525252Fareas%25252525252Fschool%25252525252F1%25252525252Fdirection%25252525253Aasc%25252525252Fsort%25252525253Alowest_fee_per_month%25252525253Fsort_type%25252525253D%2525252525252Fareas%2525252525252Fschool%2525252525252F1%2525252525252Fdirection%2525252525253Adesc,dup_no_user_canonical,2026-09-18,2026-09-21T20:26:15,2026-09-21T20:26:15
https://schoolwith.me/areas/school/1/page:10/direction:asc/sort:lowest_fee_per_month?sort_type=/areas/school/1/direction:asc/sort:lowest_fee_per_month?sort_type%3D%252Fareas%252Fschool%252F1%252Fdirection%253Aasc%252Fsort%253Alowest_fee_per_month%253Fsort_type%253D%25252Fareas%25252Fschool%25252F1%25252Fdirection%25253Adesc%25253Fsort_type%25253D%2525252Fareas%2525252Fschool%2525252F1%2525252Fdirection%2525253Aasc%2525252Fsort%2525253Alowest_fee_per_month%2525253Fsort_type%2525253D%252525252Fareas%252525252Fschool%252525252F1%252525252Fdirection%252525253Adesc%252525253Fsort_type%252525253D%25252525252Fareas%25252525252Fschool%25252525252F1%25252525252Fsort%25252525253Alowest_fee_per_month%25252525252Fdirection%25252525253Aasc,crawled_not_indexed,2026-09-18,2026-09-21T20:26:15,2026-09-21T20:26:15
https://schoolwith.me/areas/school/1/page:10/sort:lowest_fee_per_month/direction:asc?sort_type=/areas/school/1/direction:asc/sort:lowest_fee_per_month?sort_type%3D%252Fareas%252Fschool%252F1%252Fdirection%253Aasc%252Fsort%253Alowest_fee_per_month%253Fsort_type%253D%25252Fareas%25252Fschool%25252F1%25252Fdirection%25253Adesc%25253Fsort_type%25253D%2525252Fareas%2525252Fschool%2525252F1%2525252Fdirection%2525253Aasc%2525252Fsort%2525253Alowest_fee_per_month%2525253Fsort_type%2525253D%252525252Fareas%252525252Fschool%252525252F1%252525252Fdirection%252525253Adesc%252525253Fsort_type%252525253D%25252525252Fareas%25252525252Fschool%25252525252F1%25252525252Fsort%25252525253Alowest_fee_per_month%25252525252Fdirection%25252525253Aasc,crawled_not_indexed,2026-09-18,2026-09-21T20:26:15,2026-09-21T20:26:15
https://schoolwith.me/areas/school/1/page:10/sort:lowest_fee_per_month/direction:asc?sort_type=/areas/school/1/direction:asc/sort:lowest_fee_per_month?sort_type%3D%252Fareas%252Fschool%252F1%252Fdirection%253Aasc%252Fsort%253Alowest_fee_per_month%253Fsort_type%253D%25252Fareas%25252Fschool%25252F1%25252Fdirection%25253Adesc%25253Fsort_type%25253D%2525252Fareas%2525252Fschool%2525252F1%2525252Fdirection%2525253Adesc%2525253Fsort_type%2525253D%252525252Fareas%252525252Fschool%252525252F1%252525252Fdirection%252525253Aasc%252525252Fsort%252525253Alowest_fee_per_month%252525253Fsort_type%252525253D%25252525252Fareas%25252525252Fschool%25252525252F1%25252525252Fdirection%25252525253Aasc%25252525252Fsort%25252525253Alowest_fee_per_month%25252525253Fsort_type%25252525253D%2525252525252Fareas%2525252525252Fschool%2525252525252F1%2525252525252Fdirection%2525252525253Adesc%2525252525253Fsort_type%2525252525253D%252525252525252Fareas%252525252525252Fschool%252525252525252F1%252525252525252Fsort%252525252525253Alowest_fee_per_month%252525252525252Fdirection%252525252525253AASC%252525252525253Fsort_type%252525252525253D%25252525252525252Fareas%25252525252525252Fschool%25252525252525252F1%25252525252525252Fsort%25252525252525253Alowest_fee_per_month%25252525252525252Fdirection%25252525252525253AASC%25252525252525253Fsort_type%25252525252525253D%2525252525252525252Fareas%2525252525252525252Fschool%2525252525252525252F1%2525252525252525252Fsort%2525252525252525253Alowest_fee_per_month%2525252525252525252Fdirection%2525252525252525253AASC,crawled_not_indexed,2026-09-18,2026-09-21T20:26:15,2026-09-21T20:26:15
https://schoolwith.me/areas/school/1/page:11/direction:asc/sort:lowest_fee_per_month?sort_type=/areas/school/1/direction:asc/sort:lowest_fee_per_month?sort_type%3D%252Fareas%252Fschool%252F1%252Fdirection%253Aasc%252Fsort%253Alowest_fee_per_month%253Fsort_type%253D%25252Fareas%25252Fschool%25252F1%25252Fdirection%25253Adesc%25253Fsort_type%25253D%2525252Fareas%2525252Fschool%2525252F1%2525252Fdirection%2525253Aasc%2525252Fsort%2525253Alowest_fee_per_month%2525253Fsort_type%2525253D%252525252Fareas%252525252Fschool%252525252F1%252525252Fdirection%252525253Adesc%252525253Fsort_type%252525253D%25252525252Fareas%25252525252Fschool%25252525252F1%25252525252Fsort%25252525253Alowest_fee_per_month%25252525252Fdirection%25252525253Aasc,crawled_not_indexed,2026-09-18,2026-09-21T20:26:15,2026-09-21T20:26:15
https://schoolwith.me/areas/school/1/page:11/sort:lowest_fee_per_month/direction:asc?sort_type=/areas/school/1/direction:asc/sort:lowest_fee_per_month?sort_type%3D%252Fareas%252Fschool%252F1%252Fdirection%253Aasc%252Fsort%253Alowest_fee_per_month%253Fsort_type%253D%25252Fareas%25252Fschool%25252F1%25252Fdirection%25253Adesc%25253Fsort_type%25253D%2525252Fareas%2525252Fschool%2525252F1%2525252Fdirection%2525253Aasc%2525252Fsort%2525253Alowest_fee_per_month%2525253Fsort_type%2525253D%252525252Fareas%252525252Fschool%252525252F1%252525252Fdirection%252525253Adesc%252525253Fsort_type%252525253D%25252525252Fareas%25252525252Fschool%25252525252F1%25252525252Fsort%25252525253Alowest_fee_per_month%25252525252Fdirection%25252525253Aasc,crawled_not_indexed,2026-09-18,2026-09-21T20:26:15,2026-09-21T20:26:15
https://schoolwith.me/areas/school/1/page:11/sort:lowest_fee_per_month/direction:asc?sort_type=/areas/school/1/direction:asc/sort:lowest_fee_per_month?sort_type%3D%252Fareas%252Fschool%252F1%252Fdirection%253Aasc%252Fsort%253Alowest_fee_per_month%253Fsort_type%253D%25252Fareas%25252Fschool%25252F1%25252Fdirection%25253Adesc%25253Fsort_type%25253D%2525252Fareas%2525252Fschool%2525252F1%2525252Fdirection%2525253Adesc%2525253Fsort_type%2525253D%252525252Fareas%252525252Fschool%252525252F1%252525252Fdirection%252525253Aasc%252525252Fsort%252525253Alowest_fee_per_month%252525253Fsort_type%252525253D%25252525252Fareas%25252525252Fschool%25252525252F1%25252525252Fdirection%25252525253Aasc%25252525252Fsort%25252525253Alowest_fee_per_month%25252525253Fsort_type%25252525253D%2525252525252Fareas%2525252525252Fschool%2525252525252F1%2525252525252Fdirection%2525252525253Adesc%2525252525253Fsort_type%2525252525253D%252525252525252Fareas%252525252525252Fschool%252525252525252F1%252525252525252Fsort%252525252525253Alowest_fee_per_month%252525252525252Fdirection%252525252525253AASC%252525252525253Fsort_type%252525252525253D%25252525252525252Fareas%25252525252525252Fschool%25252525252525252F1%25252525252525252Fsort%25252525252525253Alowest_fee_per_month%25252525252525252Fdirection%25252525252525253AASC%25252525252525253Fsort_type%25252525252525253D%2525252525252525252Fareas%2525252525252525252Fschool%2525252525252525252F1%2525252525252525252Fsort%2525252525252525253Alowest_fee_per_month%2525252525252525252Fdirection%2525252525252525253AASC,crawled_not_indexed,2026-09-18,2026-09-21T20:26:15,2026-09-21T20:26:15
https://schoolwith.me/areas/school/1/page:12/direction:asc/sort:lowest_fee_per_month?sort_type=/areas/school/1/direction:asc/sort:lowest_fee_per_month?sort_type%3D%252Fareas%252Fschool%252F1%252Fdirection%253Aasc%252Fsort%253Alowest_fee_per_month%253Fsort_type%253D%25252Fareas%25252Fschool%25252F1%25252Fdirection%25253Adesc%25253Fsort_type%25253D%2525252Fareas%2525252Fschool%2525252F1%2525252Fdirection%2525253Aasc%2525252Fsort%2525253Alowest_fee_per_month%2525253Fsort_type%2525253D%252525252Fareas%252525252Fschool%252525252F1%252525252Fdirection%252525253Adesc%252525253Fsort_type%252525253D%25252525252Fareas%25252525252Fschool%25252525252F1%25252525252Fsort%25252525253Alowest_fee_per_month%25252525252Fdirection%25252525253Aasc,crawled_not_indexed,2026-09-18,2026-09-21T20:26:15,2026-09-21T20:26:15
https://schoolwith.me/areas/school/1/page:12/sort:lowest_fee_per_month/direction:asc?sort_type=/areas/school/1/direction:asc/sort:lowest_fee_per_month?sort_type%3D%252Fareas%252Fschool%252F1%252Fdirection%253Aasc%252Fsort%253Alowest_fee_per_month%253Fsort_type%253D%25252Fareas%25252Fschool%25252F1%25252Fdirection%25253Adesc%25253Fsort_type%25253D%2525252Fareas%2525252Fschool%2525252F1%2525252Fdirection%2525253Aasc%2525252Fsort%2525253Alowest_fee_per_month%2525253Fsort_type%2525253D%252525252Fareas%252525252Fschool%252525252F1%252525252Fdirection%252525253Adesc%252525253Fsort_type%252525253D%25252525252Fareas%25252525252Fschool%25252525252F1%25252525252Fsort%25252525253Alowest_fee_per_month%25252525252Fdirection%25252525253Aasc,crawled_not_indexed,2026-09-18,2026-09-21T20:26:15,2026-09-21T20:26:15
https://schoolwith.me/areas/school/1/page:12/sort:lowest_fee_per_month/direction:asc?sort_type=/areas/school/1/direction:asc/sort:lowest_fee_per_month?sort_type%3D%252Fareas%252Fschool%252F1%252Fdirection%253Aasc%252Fsort%253Alowest_fee_per_month%253Fsort_type%253D%25252Fareas%25252Fschool%25252F1%25252Fdirection%25253Adesc%25253Fsort_type%25253D%2525252Fareas%2525252Fschool%2525252F1%2525252Fdirection%2525253Adesc%2525253Fsort_type%2525253D%252525252Fareas%252525252Fschool%252525252F1%252525252Fdirection%252525253Aasc%252525252Fsort%252525253Alowest_fee_per_month%252525253Fsort_type%252525253D%25252525252Fareas%25252525252Fschool%25252525252F1%25252525252Fdirection%25252525253Aasc%25252525252Fsort%25252525253Alowest_fee_per_month%25252525253Fsort_type%25252525253D%2525252525252Fareas%2525252525252Fschool%2525252525252F1%2525252525252Fdirection%2525252525253Adesc%2525252525253Fsort_type%2525252525253D%252525252525252Fareas%252525252525252Fschool%252525252525252F1%252525252525252Fsort%252525252525253Alowest_fee_per_month%252525252525252Fdirection%252525252525253AASC%252525252525253Fsort_type%252525252525253D%25252525252525252Fareas%25252525252525252Fschool%25252525252525252F1%25252525252525252Fsort%25252525252525253Alowest_fee_per_month%25252525252525252Fdirection%25252525252525253AASC%25252525252525253Fsort_type%25252525252525253D%2525252525252525252Fareas%2525252525252525252Fschool%2525252525252525252F1%2525252525252525252Fsort%2525252525252525253Alowest_fee_per_month%2525252525252525252Fdirection%2525252525252525253AASC,crawled_not_indexed,2026-09-18,2026-09-21T20:26:15,2026-09-21T20:26:15
https://schoolwith.me/areas/school/1/page:2/direction:asc/sort:lowest_fee_per_month?sort_type=/areas/school/1/direction:asc/sort:lowest_fee_per_month?sort_type%3D%252Fareas%252Fschool%252F1%252Fdirection%253Aasc%252Fsort%253Alowest_fee_per_month%253Fsort_type%253D%25252Fareas%25252Fschool%25252F1%25252Fdirection%25253Adesc%25253Fsort_type%25253D%2525252Fareas%2525252Fschool%2525252F1%2525252Fdirection%2525253Aasc%2525252Fsort%2525253Alowest_fee_per_month%2525253Fsort_type%2525253D%252525252Fareas%252525252Fschool%252525252F1%252525252Fdirection%252525253Adesc%252525253Fsort_type%252525253D%25252525252Fareas%25252525252Fschool%25252525252F1%25252525252Fsort%25252525253Alowest_fee_per_month%25252525252Fdirection%25252525253Aasc,crawled_not_indexed,2026-09-18,2026-09-21T20:26:15,2026-09-21T20:26:15
https://schoolwith.me/areas/school/1/page:3/direction:asc/sort:lowest_fee_per_month?sort_type=/areas/school/1/direction:asc/sort:lowest_fee_per_month?sort_type%3D%252Fareas%252Fschool%252F1%252Fdirection%253Aasc%252Fsort%253Alowest_fee_per_month%253Fsort_type%253D%25252Fareas%25252Fschool%25252F1%25252Fdirection%25253Adesc%25253Fsort_type%25253D%2525252Fareas%2525252Fschool%2525252F1%2525252Fdirection%2525253Aasc%2525252Fsort%2525253Alowest_fee_per_month%2525253Fsort_type%2525253D%252525252Fareas%252525252Fschool%252525252F1%252525252Fdirection%252525253Adesc%252525253Fsort_type%252525253D%25252525252Fareas%25252525252Fschool%25252525252F1%25252525252Fsort%25252525253Alowest_fee_per_month%25252525252Fdirection%25252525253Aasc,crawled_not_indexed,2026-09-18,2026-09-21T20:26:15,2026-09-21T20:26:15
https://schoolwith.me/areas/school/1/page:4/direction:asc/sort:lowest_fee_per_month?sort_type=/areas/school/1/direction:asc/sort:lowest_fee_per_month?sort_type%3D%252Fareas%252Fschool%252F1%252Fdirection%253Aasc%252Fsort%253Alowest_fee_per_month%253Fsort_type%253D%25252Fareas%25252Fschool%25252F1%25252Fdirection%25253Adesc%25253Fsort_type%25253D%2525252Fareas%2525252Fschool%2525252F1%2525252Fdirection%2525253Aasc%2525252Fsort%2525253Alowest_fee_per_month%2525253Fsort_type%2525253D%252525252Fareas%252525252Fschool%252525252F1%252525252Fdirection%252525253Adesc%252525253Fsort_type%252525253D%25252525252Fareas%25252525252Fschool%25252525252F1%25252525252Fsort%25252525253Alowest_fee_per_month%25252525252Fdirection%25252525253Aasc,crawled_not_indexed,2026-09-18,2026-09-21T20:26:15,2026-09-21T20:26:15
https://schoolwith.me/areas/school/1/page:5/direction:asc/sort:lowest_fee_per_month?sort_type=/areas/school/1/direction:asc/sort:lowest_fee_per_month?sort_type%3D%252Fareas%252Fschool%252F1%252Fdirection%253Aasc%252Fsort%253Alowest_fee_per_month%253Fsort_type%253D%25252Fareas%25252Fschool%25252F1%25252Fdirection%25253Adesc%25253Fsort_type%25253D%2525252Fareas%2525252Fschool%2525252F1%2525252Fdirection%2525253Aasc%2525252Fsort%2525253Alowest_fee_per_month%2525253Fsort_type%2525253D%252525252Fareas%252525252Fschool%252525252F1%252525252Fdirection%252525253Adesc%252525253Fsort_type%252525253D%25252525252Fareas%25252525252Fschool%25252525252F1%25252525252Fsort%25252525253Alowest_fee_per_month%25252525252Fdirection%25252525253Aasc,crawled_not_indexed,2026-09-18,2026-09-21T20:26:15,2026-09-21T20:26:15
https://schoolwith.me/areas/school/1/page:5/sort:lowest_fee_per_month/direction:asc?sort_type=/areas/school/1/direction:asc/sort:lowest_fee_per_month?sort_type%3D%252Fareas%252Fschool%252F1%252Fdirection%253Aasc%252Fsort%253Alowest_fee_per_month%253Fsort_type%253D%25252Fareas%25252Fschool%25252F1%25252Fdirection%25253Adesc%25253Fsort_type%25253D%2525252Fareas%2525252Fschool%2525252F1%2525252Fdirection%2525253Adesc%2525253Fsort_type%2525253D%252525252Fareas%252525252Fschool%252525252F1%252525252Fdirection%252525253Aasc%252525252Fsort%252525253Alowest_fee_per_month%252525253Fsort_type%252525253D%25252525252Fareas%25252525252Fschool%25252525252F1%25252525252Fdirection%25252525253Aasc%25252525252Fsort%25252525253Alowest_fee_per_month%25252525253Fsort_type%25252525253D%2525252525252Fareas%2525252525252Fschool%2525252525252F1%2525252525252Fdirection%2525252525253Adesc%2525252525253Fsort_type%2525252525253D%252525252525252Fareas%252525252525252Fschool%252525252525252F1%252525252525252Fsort%252525252525253Alowest_fee_per_month%252525252525252Fdirection%252525252525253AASC%252525252525253Fsort_type%252525252525253D%25252525252525252Fareas%25252525252525252Fschool%25252525252525252F1%25252525252525252Fsort%25252525252525253Alowest_fee_per_month%25252525252525252Fdirection%25252525252525253AASC%25252525252525253Fsort_type%25252525252525253D%2525252525252525252Fareas%2525252525252525252Fschool%2525252525252525252F1%2525252525252525252Fsort%2525252525252525253Alowest_fee_per_month%2525252525252525252Fdirection%2525252525252525253AASC,crawled_not_indexed,2026-09-18,2026-09-21T20:26:15,2026-09-21T20:26:15
https://schoolwith.me/areas/school/1/page:6/direction:asc/sort:lowest_fee_per_month?sort_type=/areas/school/1/direction:asc/sort:lowest_fee_per_month?sort_type%3D%252Fareas%252Fschool%252F1%252Fdirection%253Aasc%252Fsort%253Alowest_fee_per_month%253Fsort_type%253D%25252Fareas%25252Fschool%25252F1%25252Fdirection%25253Adesc%25253Fsort_type%25253D%2525252Fareas%2525252Fschool%2525252F1%2525252Fdirection%2525253Aasc%2525252Fsort%2525253Alowest_fee_per_month%2525253Fsort_type%2525253D%252525252Fareas%252525252Fschool%252525252F1%252525252Fdirection%252525253Adesc%252525253Fsort_type%252525253D%25252525252Fareas%25252525252Fschool%25252525252F1%25252525252Fsort%25252525253Alowest_fee_per_month%25252525252Fdirection%25252525253Aasc,crawled_not_indexed,2026-09-18,2026-09-21T20:26:15,2026-09-21T20:26:15
https://schoolwith.me/areas/school/1/page:6/sort:lowest_fee_per_month/direction:asc?sort_type=/areas/school/1/direction:asc/sort:lowest_fee_per_month?sort_type%3D%252Fareas%252Fschool%252F1%252Fdirection%253Aasc%252Fsort%253Alowest_fee_per_month%253Fsort_type%253D%25252Fareas%25252Fschool%25252F1%25252Fdirection%25253Adesc%25253Fsort_type%25253D%2525252Fareas%2525252Fschool%2525252F1%2525252Fdirection%2525253Adesc%2525253Fsort_type%2525253D%252525252Fareas%252525252Fschool%252525252F1%252525252Fdirection%252525253Aasc%252525252Fsort%252525253Alowest_fee_per_month%252525253Fsort_type%252525253D%25252525252Fareas%25252525252Fschool%25252525252F1%25252525252Fdirection%25252525253Aasc%25252525252Fsort%25252525253Alowest_fee_per_month%25252525253Fsort_type%25252525253D%2525252525252Fareas%2525252525252Fschool%2525252525252F1%2525252525252Fdirection%2525252525253Adesc%2525252525253Fsort_type%2525252525253D%252525252525252Fareas%252525252525252Fschool%252525252525252F1%252525252525252Fsort%252525252525253Alowest_fee_per_month%252525252525252Fdirection%252525252525253AASC%252525252525253Fsort_type%252525252525253D%25252525252525252Fareas%25252525252525252Fschool%25252525252525252F1%25252525252525252Fsort%25252525252525253Alowest_fee_per_month%25252525252525252Fdirection%25252525252525253AASC%25252525252525253Fsort_type%25252525252525253D%2525252525252525252Fareas%2525252525252525252Fschool%2525252525252525252F1%2525252525252525252Fsort%2525252525252525253Alowest_fee_per_month%2525252525252525252Fdirection%2525252525252525253AASC,crawled_not_indexed,2026-09-18,2026-09-21T20:26:15,2026-09-21T20:26:15
https://schoolwith.me/areas/school/1/page:7/direction:asc/sort:lowest_fee_per_month?sort_type=/areas/school/1/direction:asc/sort:lowest_fee_per_month?sort_type%3D%252Fareas%252Fschool%252F1%252Fdirection%253Aasc%252Fsort%253Alowest_fee_per_month%253Fsort_type%253D%25252Fareas%25252Fschool%25252F1%25252Fdirection%25253Adesc%25253Fsort_type%25253D%2525252Fareas%2525252Fschool%2525252F1%2525252Fdirection%2525253Aasc%2525252Fsort%2525253Alowest_fee_per_month%2525253Fsort_type%2525253D%252525252Fareas%252525252Fschool%252525252F1%252525252Fdirection%252525253Adesc%252525253Fsort_type%252525253D%25252525252Fareas%25252525252Fschool%25252525252F1%25252525252Fsort%25252525253Alowest_fee_per_month%25252525252Fdirection%25252525253Aasc,crawled_not_indexed,2026-09-18,2026-09-21T20:26:15,2026-09-21T20:26:15
https://schoolwith.me/areas/school/1/page:7/sort:lowest_fee_per_month/direction:asc?sort_type=/areas/school/1/direction:asc/sort:lowest_fee_per_month?sort_type%3D%252Fareas%252Fschool%252F1%252Fdirection%253Aasc%252Fsort%253Alowest_fee_per_month%253Fsort_type%253D%25252Fareas%25252Fschool%25252F1%25252Fdirection%25253Adesc%25253Fsort_type%25253D%2525252Fareas%2525252Fschool%2525252F1%2525252Fdirection%2525253Adesc%2525253Fsort_type%2525253D%252525252Fareas%252525252Fschool%252525252F1%252525252Fdirection%252525253Aasc%252525252Fsort%252525253Alowest_fee_per_month%252525253Fsort_type%252525253D%25252525252Fareas%25252525252Fschool%25252525252F1%25252525252Fdirection%25252525253Aasc%25252525252Fsort%25252525253Alowest_fee_per_month%25252525253Fsort_type%25252525253D%2525252525252Fareas%2525252525252Fschool%2525252525252F1%2525252525252Fdirection%2525252525253Adesc%2525252525253Fsort_type%2525252525253D%252525252525252Fareas%252525252525252Fschool%252525252525252F1%252525252525252Fsort%252525252525253Alowest_fee_per_month%252525252525252Fdirection%252525252525253AASC%252525252525253Fsort_type%252525252525253D%25252525252525252Fareas%25252525252525252Fschool%25252525252525252F1%25252525252525252Fsort%25252525252525253Alowest_fee_per_month%25252525252525252Fdirection%25252525252525253AASC%25252525252525253Fsort_type%25252525252525253D%2525252525252525252Fareas%2525252525252525252Fschool%2525252525252525252F1%2525252525252525252Fsort%2525252525252525253Alowest_fee_per_month%2525252525252525252Fdirection%2525252525252525253AASC,crawled_not_indexed,2026-09-18,2026-09-21T20:26:15,2026-09-21T20:26:15
https://schoolwith.me/areas/school/1/page:8/direction:asc/sort:lowest_fee_per_month?sort_type=/areas/school/1/direction:asc/sort:lowest_fee_per_month?sort_type%3D%252Fareas%252Fschool%252F1%252Fdirection%253Aasc%252Fsort%253Alowest_fee_per_month%253Fsort_type%253D%25252Fareas%25252Fschool%25252F1%25252Fdirection%25253Adesc%25253Fsort_type%25253D%2525252Fareas%2525252Fschool%2525252F1%2525252Fdirection%2525253Aasc%2525252Fsort%2525253Alowest_fee_per_month%2525253Fsort_type%2525253D%252525252Fareas%252525252Fschool%252525252F1%252525252Fdirection%252525253Adesc%252525253Fsort_type%252525253D%25252525252Fareas%25252525252Fschool%25252525252F1%25252525252Fsort%25252525253Alowest_fee_per_month%25252525252Fdirection%25252525253Aasc,crawled_not_indexed,2026-09-18,2026-09-21T20:26:15,2026-09-21T20:26:15
https://schoolwith.me/areas/school/1/page:8/sort:lowest_fee_per_month/direction:asc?sort_type=/areas/school/1/direction:asc/sort:lowest_fee_per_month?sort_type%3D%252Fareas%252Fschool%252F1%252Fdirection%253Aasc%252Fsort%253Alowest_fee_per_month%253Fsort_type%253D%25252Fareas%25252Fschool%25252F1%25252Fdirection%25253Adesc%25253Fsort_type%25253D%2525252Fareas%2525252Fschool%2525252F1%2525252Fdirection%2525253Adesc%2525253Fsort_type%2525253D%252525252Fareas%252525252Fschool%252525252F1%252525252Fdirection%252525253Aasc%252525252Fsort%252525253Alowest_fee_per_month%252525253Fsort_type%252525253D%25252525252Fareas%25252525252Fschool%25252525252F1%25252525252Fdirection%25252525253Aasc%25252525252Fsort%25252525253Alowest_fee_per_month%25252525253Fsort_type%25252525253D%2525252525252Fareas%2525252525252Fschool%2525252525252F1%2525252525252Fdirection%2525252525253Adesc%2525252525253Fsort_type%2525252525253D%252525252525252Fareas%252525252525252Fschool%252525252525252F1%252525252525252Fsort%252525252525253Alowest_fee_per_month%252525252525252Fdirection%252525252525253AASC%252525252525253Fsort_type%252525252525253D%25252525252525252Fareas%25252525252525252Fschool%25252525252525252F1%25252525252525252Fsort%25252525252525253Alowest_fee_per_month%25252525252525252Fdirection%25252525252525253AASC%25252525252525253Fsort_type%25252525252525253D%2525252525252525252Fareas%2525252525252525252Fschool%2525252525252525252F1%2525252525252525252Fsort%2525252525252525253Alowest_fee_per_month%2525252525252525252Fdirection%2525252525252525253AASC,crawled_not_indexed,2026-09-18,2026-09-21T20:26:15,2026-09-21T20:26:15
https://schoolwith.me/areas/school/1/page:9/direction:asc/sort:lowest_fee_per_month?sort_type=/areas/school/1/direction:asc/sort:lowest_fee_per_month?sort_type%3D%252Fareas%252Fschool%252F1%252Fdirection%253Aasc%252Fsort%253Alowest_fee_per_month%253Fsort_type%253D%25252Fareas%25252Fschool%25252F1%25252Fdirection%25253Adesc%25253Fsort_type%25253D%2525252Fareas%2525252Fschool%2525252F1%2525252Fdirection%2525253Aasc%2525252Fsort%2525253Alowest_fee_per_month%2525253Fsort_type%2525253D%252525252Fareas%252525252Fschool%252525252F1%252525252Fdirection%252525253Adesc%252525253Fsort_type%252525253D%25252525252Fareas%25252525252Fschool%25252525252F1%25252525252Fsort%25252525253Alowest_fee_per_month%25252525252Fdirection%25252525253Aasc,crawled_not_indexed,2026-09-18,2026-09-21T20:26:15,2026-09-21T20:26:15
https://schoolwith.me/areas/school/1/page:9/sort:lowest_fee_per_month/direction:asc?sort_type=/areas/school/1/direction:asc/sort:lowest_fee_per_month?sort_type%3D%252Fareas%252Fschool%252F1%252Fdirection%253Aasc%252Fsort%253Alowest_fee_per_month%253Fsort_type%253D%25252Fareas%25252Fschool%25252F1%25252Fdirection%25253Adesc%25253Fsort_type%25253D%2525252Fareas%2525252Fschool%2525252F1%2525252Fdirection%2525253Aasc%2525252Fsort%2525253Alowest_fee_per_month%2525253Fsort_type%2525253D%252525252Fareas%252525252Fschool%252525252F1%252525252Fdirection%252525253Adesc%252525253Fsort_type%252525253D%25252525252Fareas%25252525252Fschool%25252525252F1%25252525252Fsort%25252525253Alowest_fee_per_month%25252525252Fdirection%25252525253Aasc,crawled_not_indexed,2026-09-18,2026-09-21T20:26:15,2026-09-21T20:26:15
https://schoolwith.me/areas/school/1/page:9/sort:lowest_fee_per_month/direction:asc?sort_type=/areas/school/1/direction:asc/sort:lowest_fee_per_month?sort_type%3D%252Fareas%252Fschool%252F1%252Fdirection%253Aasc%252Fsort%253Alowest_fee_per_month%253Fsort_type%253D%25252Fareas%25252Fschool%25252F1%25252Fdirection%25253Adesc%25253Fsort_type%25253D%2525252Fareas%2525252Fschool%2525252F1%2525252Fdirection%2525253Adesc%2525253Fsort_type%2525253D%252525252Fareas%252525252Fschool%252525252F1%252525252Fdirection%252525253Aasc%252525252Fsort%252525253Alowest_fee_per_month%252525253Fsort_type%252525253D%25252525252Fareas%25252525252Fschool%25252525252F1%25252525252Fdirection%25252525253Aasc%25252525252Fsort%25252525253Alowest_fee_per_month%25252525253Fsort_type%25252525253D%2525252525252Fareas%2525252525252Fschool%2525252525252F1%2525252525252Fdirection%2525252525253Adesc%2525252525253Fsort_type%2525252525253D%252525252525252Fareas%252525252525252Fschool%252525252525252F1%252525252525252Fsort%252525252525253Alowest_fee_per_month%252525252525252Fdirection%252525252525253AASC%252525252525253Fsort_type%252525252525253D%25252525252525252Fareas%25252525252525252Fschool%25252525252525252F1%25252525252525252Fsort%25252525252525253Alowest_fee_per_month%25252525252525252Fdirection%25252525252525253AASC%25252525252525253Fsort_type%25252525252525253D%2525252525252525252Fareas%2525252525252525252Fschool%2525252525252525252F1%2525252525252525252Fsort%2525252525252525253Alowest_fee_per_month%2525252525252525252Fdirection%2525252525252525253AASC,crawled_not_indexed,2026-09-18,2026-09-21T20:26:15,2026-09-21T20:26:15
https://schoolwith.me/areas/school/19001,dup_google_chose_different,2026-09-18,2026-09-21T20:26:15,2026-09-21T20:26:15
https://schoolwith.me/areas/school/19001/direction:asc/sort:lowest_fee_per_month,discovered_not_indexed,2026-09-18,2026-09-21T20:26:15,2026-09-21T20:26:15
https://schoolwith.me/areas/school/2/direction:desc/page:2,discovered_not_indexed,2026-09-18,2026-09-21T20:26:15,2026-09-21T20:26:15
https://schoolwith.me/areas/school/2/page:3/direction:desc,discovered_not_indexed,2026-09-18,2026-09-21T20:26:15,2026-09-21T20:26:15
https://schoolwith.me/areas/school/2002/page:2/sort:lowest_fee_per_month/direction:asc?sort_type=/areas/school/2002/direction:desc,crawled_not_indexed,2026-09-18,2026-09-21T20:26:15,2026-09-21T20:26:15
https://schoolwith.me/areas/school/2002/page:4/sort:lowest_fee_per_month/direction:asc?sort_type=/areas/school/2002/direction:desc,crawled_not_indexed,2026-09-18,2026-09-21T20:26:15,2026-09-21T20:26:15
https://schoolwith.me/areas/school/2002/sort:lowest_fee_per_month/direction:asc/page:2?sort_type=/areas/school/2002/direction:desc,crawled_not_indexed,2026-09-18,2026-09-21T20:26:15,2026-09-21T20:26:15
https://schoolwith.me/areas/school/2005/direction:desc/page:2?a8=KrA0DrUo2L8pjzgCZjBMppIMq.zJ8oIsAj_CszIFMF4o2LAX79TKcLTLGLZsasTBcFbMIvAycrA01s00000024868001,dup_no_user_canonical,2026-09-18,2026-09-21T20:26:15,2026-09-21T20:26:15
https://schoolwith.me/areas/school/2005/page:2/direction:desc,discovered_not_indexed,2026-09-18,2026-09-21T20:26:15,2026-09-21T20:26:15
https://schoolwith.me/areas/school/2006/page:3/direction:desc?sort_type=/areas/school/2006/direction:asc/sort:lowest_fee_per_month?sort_type%3D%252Fareas%252Fschool%252F2006%252Fdirection%253Aasc%252Fsort%253Alowest_fee_per_month%253Fsort_type%253D%25252Fareas%25252Fschool%25252F2006%25252Fdirection%25253Adesc%25253Fsort_type%25253D%2525252Fareas%2525252Fschool%2525252F2006%2525252Fsort%2525253Alowest_fee_per_month%2525252Fdirection%2525253Aasc%2525253Fsort_type%2525253D%252525252Fareas%252525252Fschool%252525252F2006%252525252Fdirection%252525253Adesc%252525253Fsort_type%252525253D%25252525252Fareas%25252525252Fschool%25252525252F2006%25252525252Fsort%25252525253Alowest_fee_per_month%25252525252Fdirection%25252525253Aasc%25252525253Fsort_type%25252525253D%2525252525252Fareas%2525252525252Fschool%2525252525252F2006%2525252525252Fsort%2525252525253Alowest_fee_per_month%2525252525252Fdirection%2525252525253Aasc%2525252525253Fsort_type%2525252525253D%252525252525252Fareas%252525252525252Fschool%252525252525252F2006%252525252525252Fdirection%252525252525253Adesc%252525252525253Fsort_type%252525252525253D%25252525252525252Fareas%25252525252525252Fschool%25252525252525252F2006%25252525252525252Fsort%25252525252525253Alowest_fee_per_month%25252525252525252Fdirection%25252525252525253Aasc,dup_no_user_canonical,2026-09-18,2026-09-21T20:26:15,2026-09-21T20:26:15
https://schoolwith.me/areas/school/2006/page:3/direction:desc?sort_type=/areas/school/2006/direction:asc/sort:lowest_fee_per_month?sort_type%3D%252Fareas%252Fschool%252F2006%252Fdirection%253Adesc%253Fsort_type%253D%25252Fareas%25252Fschool%25252F2006%25252Fdirection%25253Aasc%25252Fsort%25253Alowest_fee_per_month%25253Fsort_type%25253D%2525252Fareas%2525252Fschool%2525252F2006%2525252Fdirection%2525253Adesc%2525253Fsort_type%2525253D%252525252Fareas%252525252Fschool%252525252F2006%252525252Fdirection%252525253Aasc%252525252Fsort%252525253Alowest_fee_per_month%252525253Fsort_type%252525253D%25252525252Fareas%25252525252Fschool%25252525252F2006%25252525252Fsort%25252525253Alowest_fee_per_month%25252525252Fdirection%25252525253Aasc%25252525253Fsort_type%25252525253D%2525252525252Fareas%2525252525252Fschool%2525252525252F2006%2525252525252Fdirection%2525252525253Adesc%2525252525253Fsort_type%2525252525253D%252525252525252Fareas%252525252525252Fschool%252525252525252F2006%252525252525252Fdirection%252525252525253Adesc%252525252525253Fsort_type%252525252525253D%25252525252525252Fareas%25252525252525252Fschool%25252525252525252F2006%25252525252525252Fsort%25252525252525253Alowest_fee_per_month%25252525252525252Fdirection%25252525252525253Aasc%25252525252525253Fsort_type%25252525252525253D%2525252525252525252Fareas%2525252525252525252Fschool%2525252525252525252F2006%2525252525252525252Fsort%2525252525252525253Alowest_fee_per_month%2525252525252525252Fdirection%2525252525252525253Aasc,dup_no_user_canonical,2026-09-18,2026-09-21T20:26:15,2026-09-21T20:26:15
https://schoolwith.me/areas/school/2006/page:3/direction:desc?sort_type=/areas/school/2006/direction:asc/sort:lowest_fee_per_month?sort_type%3D%252Fareas%252Fschool%252F2006%252Fdirection%253Adesc%253Fsort_type%253D%25252Fareas%25252Fschool%25252F2006%25252Fdirection%25253Adesc%25253Fsort_type%25253D%2525252Fareas%2525252Fschool%2525252F2006%2525252Fdirection%2525253Adesc%2525253Fsort_type%2525253D%252525252Fareas%252525252Fschool%252525252F2006%252525252Fdirection%252525253Aasc%252525252Fsort%252525253Alowest_fee_per_month%252525253Fsort_type%252525253D%25252525252Fareas%25252525252Fschool%25252525252F2006%25252525252Fdirection%25252525253Adesc%25252525253Fsort_type%25252525253D%2525252525252Fareas%2525252525252Fschool%2525252525252F2006%2525252525252Fdirection%2525252525253Adesc%2525252525253Fsort_type%2525252525253D%252525252525252Fareas%252525252525252Fschool%252525252525252F2006%252525252525252Fdirection%252525252525253Adesc%252525252525253Fsort_type%252525252525253D%25252525252525252Fareas%25252525252525252Fschool%25252525252525252F2006%25252525252525252Fdirection%25252525252525253Adesc,dup_no_user_canonical,2026-09-18,2026-09-21T20:26:15,2026-09-21T20:26:15
https://schoolwith.me/areas/school/2006/page:3/direction:desc?sort_type=/areas/school/2006/direction:asc/sort:lowest_fee_per_month?sort_type%3D%252Fareas%252Fschool%252F2006%252Fdirection%253Adesc%253Fsort_type%253D%25252Fareas%25252Fschool%25252F2006%25252Fdirection%25253Adesc%25253Fsort_type%25253D%2525252Fareas%2525252Fschool%2525252F2006%2525252Fdirection%2525253Adesc%2525253Fsort_type%2525253D%252525252Fareas%252525252Fschool%252525252F2006%252525252Fdirection%252525253Aasc%252525252Fsort%252525253Alowest_fee_per_month%252525253Fsort_type%252525253D%25252525252Fareas%25252525252Fschool%25252525252F2006%25252525252Fsort%25252525253Alowest_fee_per_month%25252525252Fdirection%25252525253Aasc%25252525253Fsort_type%25252525253D%2525252525252Fareas%2525252525252Fschool%2525252525252F2006%2525252525252Fdirection%2525252525253Adesc%2525252525253Fsort_type%2525252525253D%252525252525252Fareas%252525252525252Fschool%252525252525252F2006%252525252525252Fsort%252525252525253Alowest_fee_per_month%252525252525252Fdirection%252525252525253Aasc%252525252525253Fsort_type%252525252525253D%25252525252525252Fareas%25252525252525252Fschool%25252525252525252F2006%25252525252525252Fsort%25252525252525253Alowest_fee_per_month%25252525252525252Fdirection%25252525252525253Aasc,dup_no_user_canonical,2026-09-18,2026-09-21T20:26:15,2026-09-21T20:26:15
https://schoolwith.me/areas/school/2006/page:3/direction:desc?sort_type=/areas/school/2006/direction:asc/sort:lowest_fee_per_month?sort_type%3D%252Fareas%252Fschool%252F2006%252Fdirection%253Adesc%253Fsort_type%253D%25252Fareas%25252Fschool%25252F2006%25252Fdirection%25253Adesc%25253Fsort_type%25253D%2525252Fareas%2525252Fschool%2525252F2006%2525252Fdirection%2525253Adesc%2525253Fsort_type%2525253D%252525252Fareas%252525252Fschool%252525252F2006%252525252Fdirection%252525253Adesc%252525253Fsort_type%252525253D%25252525252Fareas%25252525252Fschool%25252525252F2006%25252525252Fsort%25252525253Alowest_fee_per_month%25252525252Fdirection%25252525253Aasc%25252525253Fsort_type%25252525253D%2525252525252Fareas%2525252525252Fschool%2525252525252F2006%2525252525252Fdirection%2525252525253Adesc%2525252525253Fsort_type%2525252525253D%252525252525252Fareas%252525252525252Fschool%252525252525252F2006%252525252525252Fdirection%252525252525253Adesc,dup_no_user_canonical,2026-09-18,2026-09-21T20:26:15,2026-09-21T20:26:15
https://schoolwith.me/areas/school/2006/page:3/direction:desc?sort_type=/areas/school/2006/direction:asc/sort:lowest_fee_per_month?sort_type%3D%252Fareas%252Fschool%252F2006%252Fdirection%253Adesc%253Fsort_type%253D%25252Fareas%25252Fschool%25252F2006%25252Fsort%25253Alowest_fee_per_month%25252Fdirection%25253Aasc%25253Fsort_type%25253D%2525252Fareas%2525252Fschool%2525252F2006%2525252Fdirection%2525253Adesc%2525253Fsort_type%2525253D%252525252Fareas%252525252Fschool%252525252F2006%252525252Fsort%252525253Alowest_fee_per_month%252525252Fdirection%252525253Aasc%252525253Fsort_type%252525253D%25252525252Fareas%25252525252Fschool%25252525252F2006%25252525252Fsort%25252525253Alowest_fee_per_month%25252525252Fdirection%25252525253Aasc,dup_no_user_canonical,2026-09-18,2026-09-21T20:26:15,2026-09-21T20:26:15
https://schoolwith.me/areas/school/2006/page:3/direction:desc?sort_type=/areas/school/2006/direction:desc?sort_type%3D%252Fareas%252Fschool%252F2006%252Fdirection%253Aasc%252Fsort%253Alowest_fee_per_month%253Fsort_type%253D%25252Fareas%25252Fschool%25252F2006%25252Fdirection%25253Adesc%25253Fsort_type%25253D%2525252Fareas%2525252Fschool%2525252F2006%2525252Fdirection%2525253Aasc%2525252Fsort%2525253Alowest_fee_per_month%2525253Fsort_type%2525253D%252525252Fareas%252525252Fschool%252525252F2006%252525252Fdirection%252525253Adesc%252525253Fsort_type%252525253D%25252525252Fareas%25252525252Fschool%25252525252F2006%25252525252Fsort%25252525253Alowest_fee_per_month%25252525252Fdirection%25252525253Aasc%25252525253Fsort_type%25252525253D%2525252525252Fareas%2525252525252Fschool%2525252525252F2006%2525252525252Fdirection%2525252525253Adesc%2525252525253Fsort_type%2525252525253D%252525252525252Fareas%252525252525252Fschool%252525252525252F2006%252525252525252Fdirection%252525252525253Adesc,dup_no_user_canonical,2026-09-18,2026-09-21T20:26:15,2026-09-21T20:26:15
https://schoolwith.me/areas/school/2006/page:3/direction:desc?sort_type=/areas/school/2006/direction:desc?sort_type%3D%252Fareas%252Fschool%252F2006%252Fdirection%253Adesc%253Fsort_type%253D%25252Fareas%25252Fschool%25252F2006%25252Fdirection%25253Adesc%25253Fsort_type%25253D%2525252Fareas%2525252Fschool%2525252F2006%2525252Fdirection%2525253Aasc%2525252Fsort%2525253Alowest_fee_per_month%2525253Fsort_type%2525253D%252525252Fareas%252525252Fschool%252525252F2006%252525252Fdirection%252525253Aasc%252525252Fsort%252525253Alowest_fee_per_month%252525253Fsort_type%252525253D%25252525252Fareas%25252525252Fschool%25252525252F2006%25252525252Fdirection%25252525253Adesc%25252525253Fsort_type%25252525253D%2525252525252Fareas%2525252525252Fschool%2525252525252F2006%2525252525252Fdirection%2525252525253Aasc%2525252525252Fsort%2525252525253Alowest_fee_per_month%2525252525253Fsort_type%2525252525253D%252525252525252Fareas%252525252525252Fschool%252525252525252F2006%252525252525252Fdirection%252525252525253Adesc%252525252525253Fsort_type%252525252525253D%25252525252525252Fareas%25252525252525252Fschool%25252525252525252F2006%25252525252525252Fdirection%25252525252525253Adesc,dup_no_user_canonical,2026-09-18,2026-09-21T20:26:15,2026-09-21T20:26:15
https://schoolwith.me/areas/school/2006/page:3/sort:lowest_fee_per_month/direction:asc?sort_type=/areas/school/2006/sort:lowest_fee_per_month/direction:asc?sort_type%3D%252Fareas%252Fschool%252F2006%252Fdirection%253Adesc%253Fsort_type%253D%25252Fareas%25252Fschool%25252F2006%25252Fsort%25253Alowest_fee_per_month%25252Fdirection%25253Aasc%25253Fsort_type%25253D%2525252Fareas%2525252Fschool%2525252F2006%2525252Fsort%2525253Alowest_fee_per_month%2525252Fdirection%2525253Aasc%2525253Fsort_type%2525253D%252525252Fareas%252525252Fschool%252525252F2006%252525252Fsort%252525253Alowest_fee_per_month%252525252Fdirection%252525253Aasc%252525253Fsort_type%252525253D%25252525252Fareas%25252525252Fschool%25252525252F2006%25252525252Fsort%25252525253Alowest_fee_per_month%25252525252Fdirection%25252525253Aasc%25252525253Fsort_type%25252525253D%2525252525252Fareas%2525252525252Fschool%2525252525252F2006%2525252525252Fdirection%2525252525253Adesc%2525252525253Fsort_type%2525252525253D%252525252525252Fareas%252525252525252Fschool%252525252525252F2006%252525252525252Fsort%252525252525253Alowest_fee_per_month%252525252525252Fdirection%252525252525253Aasc%252525252525253Fsort_type%252525252525253D%25252525252525252Fareas%25252525252525252Fschool%25252525252525252F2006%25252525252525252Fdirection%25252525252525253Adesc%25252525252525253Fsort_type%25252525252525253D%2525252525252525252Fareas%2525252525252525252Fschool%2525252525252525252F2006%2525252525252525252Fsort%2525252525252525253Alowest_fee_per_month%2525252525252525252Fdirection%2525252525252525253Aasc,dup_no_user_canonical,2026-09-18,2026-09-21T20:26:15,2026-09-21T20:26:15
https://schoolwith.me/areas/school/2006/page:3?sort_type=/areas/school/2006/sort:lowest_fee_per_month/direction:asc?sort_type%3D%252Fareas%252Fschool%252F2006%252Fdirection%253Adesc%253Fsort_type%253D%25252Fareas%25252Fschool%25252F2006%25252Fdirection%25253Adesc%25253Fsort_type%25253D%2525252Fareas%2525252Fschool%2525252F2006%2525252Fsort%2525253Alowest_fee_per_month%2525252Fdirection%2525253Aasc%2525253Fsort_type%2525253D%252525252Fareas%252525252Fschool%252525252F2006%252525252Fdirection%252525253Adesc%252525253Fsort_type%252525253D%25252525252Fareas%25252525252Fschool%25252525252F2006%25252525252Fdirection%25252525253Adesc,dup_no_user_canonical,2026-09-18,2026-09-21T20:26:15,2026-09-21T20:26:15
https://schoolwith.me/areas/school/2007/sort:lowest_fee_per_month/direction:asc,crawled_not_indexed,2026-09-18,2026-09-21T20:26:15,2026-09-21T20:26:15
https://schoolwith.me/areas/school/2008/page:2/direction:desc,discovered_not_indexed,2026-09-18,2026-09-21T20:26:15,2026-09-21T20:26:15
https://schoolwith.me/areas/school/2009/direction:asc/sort:lowest_fee_per_month/page:2?a8=KrA0DrUo2L8pjzgCZjBMppIMq.zJ8oIsAj_CszIFMF4o2LAX79TKcLTLGLZsasTBcFbMIvAycrA01s00000024868001,dup_no_user_canonical,2026-09-18,2026-09-21T20:26:15,2026-09-21T20:26:15
https://schoolwith.me/areas/school/2009/direction:desc/page:2?sort_type=/areas/school/2009/direction:desc?sort_type%3D%252Fareas%252Fschool%252F2009%252Fdirection%253Aasc%252Fsort%253Alowest_fee_per_month%253Fsort_type%253D%25252Fareas%25252Fschool%25252F2009%25252Fdirection%25253Adesc%25253Fsort_type%25253D%2525252Fareas%2525252Fschool%2525252F2009%2525252Fdirection%2525253Aasc%2525252Fsort%2525253Alowest_fee_per_month%2525253Fsort_type%2525253D%252525252Fareas%252525252Fschool%252525252F2009%252525252Fdirection%252525253Adesc%252525253Fsort_type%252525253D%25252525252Fareas%25252525252Fschool%25252525252F2009%25252525252Fdirection%25252525253Adesc%25252525253Fsort_type%25252525253D%2525252525252Fareas%2525252525252Fschool%2525252525252F2009%2525252525252Fdirection%2525252525253Adesc%2525252525253Fsort_type%2525252525253D%252525252525252Fareas%252525252525252Fschool%252525252525252F2009%252525252525252Fdirection%252525252525253Adesc%252525252525253Fsort_type%252525252525253D%25252525252525252Fareas%25252525252525252Fschool%25252525252525252F2009%25252525252525252Fdirection%25252525252525253Adesc%25252525252525253Fsort_type%25252525252525253D%2525252525252525252Fareas%2525252525252525252Fschool%2525252525252525252F2009,dup_no_user_canonical,2026-09-18,2026-09-21T20:26:15,2026-09-21T20:26:15
https://schoolwith.me/areas/school/2038/direction:desc,discovered_not_indexed,2026-09-18,2026-09-21T20:26:15,2026-09-21T20:26:15
https://schoolwith.me/areas/school/2086/direction:desc,discovered_not_indexed,2026-09-18,2026-09-21T20:26:15,2026-09-21T20:26:15
https://schoolwith.me/areas/school/2157,crawled_not_indexed,2026-09-18,2026-09-21T20:26:15,2026-09-21T20:26:15
https://schoolwith.me/areas/school/24001/direction:desc,discovered_not_indexed,2026-09-18,2026-09-21T20:26:15,2026-09-21T20:26:15
https://schoolwith.me/areas/school/3/page:3/direction:asc/sort:lowest_fee_per_month,discovered_not_indexed,2026-09-18,2026-09-21T20:26:15,2026-09-21T20:26:15
https://schoolwith.me/areas/school/3/sort:lowest_fee_per_month/direction:asc/page:2,discovered_not_indexed,2026-09-18,2026-09-21T20:26:15,2026-09-21T20:26:15
https://schoolwith.me/areas/school/3001/page:2/direction:desc,discovered_not_indexed,2026-09-18,2026-09-21T20:26:15,2026-09-21T20:26:15
https://schoolwith.me/areas/school/3001/page:2?sort_type=/areas/school/3001/direction:desc?sort_type%3D%252Fareas%252Fschool%252F3001%252Fdirection%253Adesc%253Fsort_type%253D%25252Fareas%25252Fschool%25252F3001%25252Fdirection%25253Adesc%25253Fsort_type%25253D%2525252Fareas%2525252Fschool%2525252F3001%2525252Fsort%2525253Alowest_fee_per_month%2525252Fdirection%2525253Aasc%2525253Fsort_type%2525253D%252525252Fareas%252525252Fschool%252525252F3001%252525252Fdirection%252525253Adesc,dup_no_user_canonical,2026-09-18,2026-09-21T20:26:15,2026-09-21T20:26:15
https://schoolwith.me/areas/school/3001/page:2?sort_type=/areas/school/3001/direction:desc?sort_type%3D%252Fareas%252Fschool%252F3001%252Fdirection%253Adesc%253Fsort_type%253D%25252Fareas%25252Fschool%25252F3001%25252Fsort%25253Alowest_fee_per_month%25252Fdirection%25253Aasc%25253Fsort_type%25253D%2525252Fareas%2525252Fschool%2525252F3001%2525252Fdirection%2525253Adesc,dup_no_user_canonical,2026-09-18,2026-09-21T20:26:15,2026-09-21T20:26:15
https://schoolwith.me/areas/school/3001/page:2?sort_type=/areas/school/3001/direction:desc?sort_type%3D%252Fareas%252Fschool%252F3001%252Fsort%253Alowest_fee_per_month%252Fdirection%253Aasc,dup_no_user_canonical,2026-09-18,2026-09-21T20:26:15,2026-09-21T20:26:15
https://schoolwith.me/areas/school/3001/page:2?sort_type=/areas/school/3001/direction:desc?sort_type%3D%252Fareas%252Fschool%252F3001%252Fsort%253Alowest_fee_per_month%252Fdirection%253Aasc%253Fsort_type%253D%25252Fareas%25252Fschool%25252F3001%25252Fdirection%25253Adesc,dup_no_user_canonical,2026-09-18,2026-09-21T20:26:15,2026-09-21T20:26:15
https://schoolwith.me/areas/school/3001/page:2?sort_type=/areas/school/3001/sort:lowest_fee_per_month/direction:asc?sort_type%3D%252Fareas%252Fschool%252F3001%252Fdirection%253Adesc%253Fsort_type%253D%25252Fareas%25252Fschool%25252F3001%25252Fdirection%25253Adesc%25253Fsort_type%25253D%2525252Fareas%2525252Fschool%2525252F3001%2525252Fsort%2525253Alowest_fee_per_month%2525252Fdirection%2525253Aasc%2525253Fsort_type%2525253D%252525252Fareas%252525252Fschool%252525252F3001%252525252Fdirection%252525253Adesc,dup_no_user_canonical,2026-09-18,2026-09-21T20:26:15,2026-09-21T20:26:15
https://schoolwith.me/areas/school/3001/page:2?sort_type=/areas/school/3001/sort:lowest_fee_per_month/direction:asc?sort_type%3D%252Fareas%252Fschool%252F3001%252Fsort%253Alowest_fee_per_month%252Fdirection%253Aasc,dup_no_user_canonical,2026-09-18,2026-09-21T20:26:15,2026-09-21T20:26:15
https://schoolwith.me/areas/school/3001/page:2?sort_type=/areas/school/3001/sort:lowest_fee_per_month/direction:asc?sort_type%3D%252Fareas%252Fschool%252F3001%252Fsort%253Alowest_fee_per_month%252Fdirection%253Aasc%253Fsort_type%253D%25252Fareas%25252Fschool%25252F3001%25252Fdirection%25253Adesc,dup_no_user_canonical,2026-09-18,2026-09-21T20:26:15,2026-09-21T20:26:15
https://schoolwith.me/areas/school/3001/page:2?sort_type=/areas/school/3001/sort:lowest_fee_per_month/direction:asc?sort_type%3D%252Fareas%252Fschool%252F3001%252Fsort%253Alowest_fee_per_month%252Fdirection%253Aasc%253Fsort_type%253D%25252Fareas%25252Fschool%25252F3001%25252Fdirection%25253Adesc%25253Fsort_type%25253D%2525252Fareas%2525252Fschool%2525252F3001%2525252Fsort%2525253Alowest_fee_per_month%2525252Fdirection%2525253Aasc%2525253Fsort_type%2525253D%252525252Fareas%252525252Fschool%252525252F3001%252525252Fdirection%252525253Adesc,dup_no_user_canonical,2026-09-18,2026-09-21T20:26:15,2026-09-21T20:26:15
https://schoolwith.me/areas/school/3001/page:2?sort_type=/areas/school/3001/sort:lowest_fee_per_month/direction:asc?sort_type%3D%252Fareas%252Fschool%252F3001%252Fsort%253Alowest_fee_per_month%252Fdirection%253Aasc%253Fsort_type%253D%25252Fareas%25252Fschool%25252F3001%25252Fsort%25253Alowest_fee_per_month%25252Fdirection%25253Aasc%25253Fsort_type%25253D%2525252Fareas%2525252Fschool%2525252F3001%2525252Fdirection%2525253Adesc,dup_no_user_canonical,2026-09-18,2026-09-21T20:26:15,2026-09-21T20:26:15
https://schoolwith.me/areas/school/4/sort:lowest_fee_per_month/direction:asc?a8=I2Ghz2Y8u7rmQ7jZwns2sQEZBdlpsQreVnrmeljVQVL8u7GNX752-_GNs7leEe5sCVqQjBGFC2Ghos00000019593001,crawled_not_indexed,2026-09-18,2026-09-21T20:26:15,2026-09-21T20:26:15
https://schoolwith.me/areas/school/4/sort:lowest_fee_per_month/direction:asc?a8=cETptEiKDYIKbfRwQmafTTCB4TZXIeBCFmyN8eBCKN.CRYTIpYTgSe_B4e_gSe_Y.M_y02ARb2TLb2TK5N.2RHTc.EbgDeT7pekXxs00000024433001,crawled_not_indexed,2026-09-18,2026-09-21T20:26:15,2026-09-21T20:26:15
https://schoolwith.me/areas/school/4001/direction:desc/page:5,discovered_not_indexed,2026-09-18,2026-09-21T20:26:15,2026-09-21T20:26:15
https://schoolwith.me/areas/school/4001/page:2/sort:lowest_fee_per_month/direction:asc?sort_type=/areas/school/4001/sort:tmp_overall_score/direction:DESC,crawled_not_indexed,2026-09-18,2026-09-21T20:26:15,2026-09-21T20:26:15
https://schoolwith.me/areas/school/4001/page:3/sort:lowest_fee_per_month/direction:asc?sort_type=/areas/school/4001/sort:tmp_overall_score/direction:DESC,crawled_not_indexed,2026-09-18,2026-09-21T20:26:15,2026-09-21T20:26:15
https://schoolwith.me/areas/school/4001/page:3?sort_type=/areas/school/4001/sort:tmp_overall_score/direction:DESC,crawled_not_indexed,2026-09-18,2026-09-21T20:26:15,2026-09-21T20:26:15
https://schoolwith.me/areas/school/4001/page:4/sort:lowest_fee_per_month/direction:asc?sort_type=/areas/school/4001/sort:tmp_overall_score/direction:DESC,crawled_not_indexed,2026-09-18,2026-09-21T20:26:15,2026-09-21T20:26:15
https://schoolwith.me/areas/school/4001/page:4?sort_type=/areas/school/4001/sort:tmp_overall_score/direction:DESC,crawled_not_indexed,2026-09-18,2026-09-21T20:26:15,2026-09-21T20:26:15
https://schoolwith.me/areas/school/4001/page:5/sort:lowest_fee_per_month/direction:asc,crawled_not_indexed,2026-09-18,2026-09-21T20:26:15,2026-09-21T20:26:15
https://schoolwith.me/areas/school/4001/page:5/sort:lowest_fee_per_month/direction:asc?sort_type=/areas/school/4001/sort:tmp_overall_score/direction:DESC,crawled_not_indexed,2026-09-18,2026-09-21T20:26:15,2026-09-21T20:26:15
https://schoolwith.me/areas/school/4001/page:5?sort_type=/areas/school/4001/sort:tmp_overall_score/direction:DESC,crawled_not_indexed,2026-09-18,2026-09-21T20:26:15,2026-09-21T20:26:15
https://schoolwith.me/areas/school/4001/page:6/sort:lowest_fee_per_month/direction:asc,crawled_not_indexed,2026-09-18,2026-09-21T20:26:15,2026-09-21T20:26:15
https://schoolwith.me/areas/school/4001/page:6/sort:lowest_fee_per_month/direction:asc?sort_type=/areas/school/4001/sort:tmp_overall_score/direction:DESC,crawled_not_indexed,2026-09-18,2026-09-21T20:26:15,2026-09-21T20:26:15
https://schoolwith.me/areas/school/4001/page:6?sort_type=/areas/school/4001/sort:tmp_overall_score/direction:DESC,crawled_not_indexed,2026-09-18,2026-09-21T20:26:15,2026-09-21T20:26:15
https://schoolwith.me/areas/school/4001/page:7/sort:lowest_fee_per_month/direction:asc,crawled_not_indexed,2026-09-18,2026-09-21T20:26:15,2026-09-21T20:26:15
https://schoolwith.me/areas/school/4001/page:7?sort_type=/areas/school/4001/sort:tmp_overall_score/direction:DESC,crawled_not_indexed,2026-09-18,2026-09-21T20:26:15,2026-09-21T20:26:15
https://schoolwith.me/areas/school/4001/page:8?sort_type=/areas/school/4001/sort:tmp_overall_score/direction:DESC,crawled_not_indexed,2026-09-18,2026-09-21T20:26:15,2026-09-21T20:26:15
https://schoolwith.me/areas/school/4001/sort:lowest_fee_per_month/direction:asc/page:2?sort_type=/areas/school/4001/sort:tmp_overall_score/direction:DESC,crawled_not_indexed,2026-09-18,2026-09-21T20:26:15,2026-09-21T20:26:15
https://schoolwith.me/areas/school/4001/sort:lowest_fee_per_month/direction:asc?sort_type=/areas/school/4001/sort:tmp_overall_score/direction:DESC,crawled_not_indexed,2026-09-18,2026-09-21T20:26:15,2026-09-21T20:26:15
https://schoolwith.me/areas/school/4001?sort_type=/areas/school/4001/sort:tmp_overall_score/direction:DESC,crawled_not_indexed,2026-09-18,2026-09-21T20:26:15,2026-09-21T20:26:15
https://schoolwith.me/areas/school/4002/direction:asc/sort:lowest_fee_per_month/page:2?a8=KrA0DrUo2L8pjzgCZjBMppIMq.zJ8oIsAj_CszIFMF4o2LAX79TKcLTLGLZsasTBcFbMIvAycrA01s00000024868001,dup_no_user_canonical,2026-09-18,2026-09-21T20:26:15,2026-09-21T20:26:15
https://schoolwith.me/areas/school/4002/direction:desc/page:6,discovered_not_indexed,2026-09-18,2026-09-21T20:26:15,2026-09-21T20:26:15
https://schoolwith.me/areas/school/4002/page:2/direction:asc/sort:lowest_fee_per_month?a8=KrA0DrUo2L8pjzgCZjBMppIMq.zJ8oIsAj_CszIFMF4o2LAX79TKcLTLGLZsasTBcFbMIvAycrA01s00000024868001,dup_no_user_canonical,2026-09-18,2026-09-21T20:26:15,2026-09-21T20:26:15
https://schoolwith.me/areas/school/4002/page:4/direction:asc/sort:lowest_fee_per_month?a8=KrA0DrUo2L8pjzgCZjBMppIMq.zJ8oIsAj_CszIFMF4o2LAX79TKcLTLGLZsasTBcFbMIvAycrA01s00000024868001,dup_no_user_canonical,2026-09-18,2026-09-21T20:26:15,2026-09-21T20:26:15
https://schoolwith.me/areas/school/4002/page:4/direction:desc,discovered_not_indexed,2026-09-18,2026-09-21T20:26:15,2026-09-21T20:26:15
https://schoolwith.me/areas/school/4002/page:4/direction:desc?a8=KrA0DrUo2L8pjzgCZjBMppIMq.zJ8oIsAj_CszIFMF4o2LAX79TKcLTLGLZsasTBcFbMIvAycrA01s00000024868001,dup_no_user_canonical,2026-09-18,2026-09-21T20:26:15,2026-09-21T20:26:15
https://schoolwith.me/areas/school/4002/page:4/sort:lowest_fee_per_month/direction:asc?a8=KrA0DrUo2L8pjzgCZjBMppIMq.zJ8oIsAj_CszIFMF4o2LAX79TKcLTLGLZsasTBcFbMIvAycrA01s00000024868001,dup_no_user_canonical,2026-09-18,2026-09-21T20:26:15,2026-09-21T20:26:15
https://schoolwith.me/areas/school/4002/page:8/sort:lowest_fee_per_month/direction:asc?a8=KrA0DrUo2L8pjzgCZjBMppIMq.zJ8oIsAj_CszIFMF4o2LAX79TKcLTLGLZsasTBcFbMIvAycrA01s00000024868001,dup_no_user_canonical,2026-09-18,2026-09-21T20:26:15,2026-09-21T20:26:15
https://schoolwith.me/areas/school/4002/page:8?a8=I2Ghz2Y8u7rmQ7jZwns2sQEZBdlpsQreVnrmeljVQVL8u7GNX752-_GNs7leEe5sCVqQjBGFC2Ghos00000019593001,crawled_not_indexed,2026-09-18,2026-09-21T20:26:15,2026-09-21T20:26:15
https://schoolwith.me/areas/school/4002/sort:lowest_fee_per_month/direction:asc?a8=KrA0DrUo2L8pjzgCZjBMppIMq.zJ8oIsAj_CszIFMF4o2LAX79TKcLTLGLZsasTBcFbMIvAycrA01s00000024868001,crawled_not_indexed,2026-09-18,2026-09-21T20:26:15,2026-09-21T20:26:15
https://schoolwith.me/areas/school/4003/direction:desc/page:2?sort_type=/areas/school/4003/direction:asc/sort:lowest_fee_per_month?sort_type%3D%252Fareas%252Fschool%252F4003%252Fdirection%253Aasc%252Fsort%253Alowest_fee_per_month%253Fsort_type%253D%25252Fareas%25252Fschool%25252F4003%25252Fdirection%25253Adesc%25253Fsort_type%25253D%2525252Fareas%2525252Fschool%2525252F4003%2525252Fdirection%2525253Adesc%2525253Fsort_type%2525253D%252525252Fareas%252525252Fschool%252525252F4003%252525252Fdirection%252525253Adesc%252525253Fsort_type%252525253D%25252525252Fareas%25252525252Fschool%25252525252F4003%25252525252Fsort%25252525253Alowest_fee_per_month%25252525252Fdirection%25252525253Aasc%25252525253Fsort_type%25252525253D%2525252525252Fareas%2525252525252Fschool%2525252525252F4003%2525252525252Fdirection%2525252525253Adesc%2525252525253Fsort_type%2525252525253D%252525252525252Fareas%252525252525252Fschool%252525252525252F4003%252525252525252Fdirection%252525252525253Adesc,dup_no_user_canonical,2026-09-18,2026-09-21T20:26:15,2026-09-21T20:26:15
https://schoolwith.me/areas/school/4003/page:2?sort_type=/areas/school/4003/direction:desc?sort_type%3D%252Fareas%252Fschool%252F4003%252Fsort%253Alowest_fee_per_month%252Fdirection%253Aasc%253Fsort_type%253D%25252Fareas%25252Fschool%25252F4003%25252Fdirection%25253Adesc%25253Fsort_type%25253D%2525252Fareas%2525252Fschool%2525252F4003%2525252Fdirection%2525253Adesc%2525253Fsort_type%2525253D%252525252Fareas%252525252Fschool%252525252F4003%252525252Fsort%252525253Alowest_fee_per_month%252525252Fdirection%252525253Aasc,dup_no_user_canonical,2026-09-18,2026-09-21T20:26:15,2026-09-21T20:26:15
https://schoolwith.me/areas/school/4003/page:2?sort_type=/areas/school/4003/sort:lowest_fee_per_month/direction:asc?sort_type%3D%252Fareas%252Fschool%252F4003%252Fdirection%253Adesc,dup_no_user_canonical,2026-09-18,2026-09-21T20:26:15,2026-09-21T20:26:15
https://schoolwith.me/areas/school/4003/page:3/sort:lowest_fee_per_month/direction:asc?sort_type=/areas/school/4003/direction:desc?sort_type%3D%252Fareas%252Fschool%252F4003%252Fsort%253Alowest_fee_per_month%252Fdirection%253Aasc%253Fsort_type%253D%25252Fareas%25252Fschool%25252F4003%25252Fdirection%25253Adesc%25253Fsort_type%25253D%2525252Fareas%2525252Fschool%2525252F4003%2525252Fdirection%2525253Adesc%2525253Fsort_type%2525253D%252525252Fareas%252525252Fschool%252525252F4003%252525252Fsort%252525253Alowest_fee_per_month%252525252Fdirection%252525253Aasc,crawled_not_indexed,2026-09-18,2026-09-21T20:26:15,2026-09-21T20:26:15
https://schoolwith.me/areas/school/4003/page:3?sort_type=/areas/school/4003/direction:desc?sort_type%3D%252Fareas%252Fschool%252F4003%252Fdirection%253Adesc%253Fsort_type%253D%25252Fareas%25252Fschool%25252F4003%25252Fdirection%25253Adesc,dup_no_user_canonical,2026-09-18,2026-09-21T20:26:15,2026-09-21T20:26:15
https://schoolwith.me/areas/school/4003/page:3?sort_type=/areas/school/4003/direction:desc?sort_type%3D%252Fareas%252Fschool%252F4003%252Fdirection%253Adesc%253Fsort_type%253D%25252Fareas%25252Fschool%25252F4003%25252Fdirection%25253Adesc%25253Fsort_type%25253D%2525252Fareas%2525252Fschool%2525252F4003%2525252Fdirection%2525253Adesc,dup_no_user_canonical,2026-09-18,2026-09-21T20:26:15,2026-09-21T20:26:15
https://schoolwith.me/areas/school/4003/page:3?sort_type=/areas/school/4003/direction:desc?sort_type%3D%252Fareas%252Fschool%252F4003%252Fdirection%253Adesc%253Fsort_type%253D%25252Fareas%25252Fschool%25252F4003%25252Fsort%25253Alowest_fee_per_month%25252Fdirection%25253Aasc,dup_no_user_canonical,2026-09-18,2026-09-21T20:26:15,2026-09-21T20:26:15
https://schoolwith.me/areas/school/4003/page:3?sort_type=/areas/school/4003/direction:desc?sort_type%3D%252Fareas%252Fschool%252F4003%252Fsort%253Alowest_fee_per_month%252Fdirection%253Aasc,dup_no_user_canonical,2026-09-18,2026-09-21T20:26:15,2026-09-21T20:26:15
https://schoolwith.me/areas/school/4003/page:3?sort_type=/areas/school/4003/direction:desc?sort_type%3D%252Fareas%252Fschool%252F4003%252Fsort%253Alowest_fee_per_month%252Fdirection%253Aasc%253Fsort_type%253D%25252Fareas%25252Fschool%25252F4003%25252Fdirection%25253Adesc,dup_no_user_canonical,2026-09-18,2026-09-21T20:26:15,2026-09-21T20:26:15
https://schoolwith.me/areas/school/4003/page:3?sort_type=/areas/school/4003/direction:desc?sort_type%3D%252Fareas%252Fschool%252F4003%252Fsort%253Alowest_fee_per_month%252Fdirection%253Aasc%253Fsort_type%253D%25252Fareas%25252Fschool%25252F4003%25252Fdirection%25253Adesc%25253Fsort_type%25253D%2525252Fareas%2525252Fschool%2525252F4003%2525252Fdirection%2525253Adesc%2525253Fsort_type%2525253D%252525252Fareas%252525252Fschool%252525252F4003%252525252Fsort%252525253Alowest_fee_per_month%252525252Fdirection%252525253Aasc,crawled_not_indexed,2026-09-18,2026-09-21T20:26:15,2026-09-21T20:26:15
https://schoolwith.me/areas/school/4003/page:3?sort_type=/areas/school/4003/sort:lowest_fee_per_month/direction:asc?sort_type%3D%252Fareas%252Fschool%252F4003%252Fdirection%253Adesc,dup_no_user_canonical,2026-09-18,2026-09-21T20:26:15,2026-09-21T20:26:15
https://schoolwith.me/areas/school/4003/page:4/sort:lowest_fee_per_month/direction:asc?sort_type=/areas/school/4003/direction:desc?sort_type%3D%252Fareas%252Fschool%252F4003%252Fsort%253Alowest_fee_per_month%252Fdirection%253Aasc%253Fsort_type%253D%25252Fareas%25252Fschool%25252F4003%25252Fdirection%25253Adesc%25253Fsort_type%25253D%2525252Fareas%2525252Fschool%2525252F4003%2525252Fdirection%2525253Adesc%2525253Fsort_type%2525253D%252525252Fareas%252525252Fschool%252525252F4003%252525252Fsort%252525253Alowest_fee_per_month%252525252Fdirection%252525253Aasc,crawled_not_indexed,2026-09-18,2026-09-21T20:26:15,2026-09-21T20:26:15
https://schoolwith.me/areas/school/4003/page:4?sort_type=/areas/school/4003/direction:desc?sort_type%3D%252Fareas%252Fschool%252F4003%252Fsort%253Alowest_fee_per_month%252Fdirection%253Aasc%253Fsort_type%253D%25252Fareas%25252Fschool%25252F4003%25252Fdirection%25253Adesc%25253Fsort_type%25253D%2525252Fareas%2525252Fschool%2525252F4003%2525252Fdirection%2525253Adesc%2525253Fsort_type%2525253D%252525252Fareas%252525252Fschool%252525252F4003%252525252Fsort%252525253Alowest_fee_per_month%252525252Fdirection%252525253Aasc,crawled_not_indexed,2026-09-18,2026-09-21T20:26:15,2026-09-21T20:26:15
https://schoolwith.me/areas/school/4003/page:5?sort_type=/areas/school/4003/direction:desc?sort_type%3D%252Fareas%252Fschool%252F4003%252Fsort%253Alowest_fee_per_month%252Fdirection%253Aasc%253Fsort_type%253D%25252Fareas%25252Fschool%25252F4003%25252Fdirection%25253Adesc%25253Fsort_type%25253D%2525252Fareas%2525252Fschool%2525252F4003%2525252Fdirection%2525253Adesc%2525253Fsort_type%2525253D%252525252Fareas%252525252Fschool%252525252F4003%252525252Fsort%252525253Alowest_fee_per_month%252525252Fdirection%252525253Aasc,crawled_not_indexed,2026-09-18,2026-09-21T20:26:15,2026-09-21T20:26:15
https://schoolwith.me/areas/school/4003/sort:lowest_fee_per_month/direction:asc/page:2,crawled_not_indexed,2026-09-18,2026-09-21T20:26:15,2026-09-21T20:26:15
https://schoolwith.me/areas/school/4003/sort:lowest_fee_per_month/direction:asc/page:2?a8=cETptEiKDYIKbfRwQmafTTCB4TZXIeBCFmyN8eBCKN.CRYTIpYTgSe_B4e_gSe_Y.M_y02ARb2TLb2TK5N.2RHTc.EbgDeT7pekXxs00000024433001,crawled_not_indexed,2026-09-18,2026-09-21T20:26:15,2026-09-21T20:26:15
https://schoolwith.me/areas/school/4003/sort:lowest_fee_per_month/direction:asc/page:2?sort_type=/areas/school/4003/direction:desc?sort_type%3D%252Fareas%252Fschool%252F4003%252Fsort%253Alowest_fee_per_month%252Fdirection%253Aasc%253Fsort_type%253D%25252Fareas%25252Fschool%25252F4003%25252Fdirection%25253Adesc%25253Fsort_type%25253D%2525252Fareas%2525252Fschool%2525252F4003%2525252Fdirection%2525253Adesc%2525253Fsort_type%2525253D%252525252Fareas%252525252Fschool%252525252F4003%252525252Fsort%252525253Alowest_fee_per_month%252525252Fdirection%252525253Aasc,crawled_not_indexed,2026-09-18,2026-09-21T20:26:15,2026-09-21T20:26:15
https://schoolwith.me/areas/school/4003/sort:lowest_fee_per_month/direction:asc/page:2?sort_type=/areas/school/4003/sort:lowest_fee_per_month/direction:asc?sort_type%3D%252Fareas%252Fschool%252F4003%252Fdirection%253Adesc%253Fsort_type%253D%25252Fareas%25252Fschool%25252F4003%25252Fsort%25253Alowest_fee_per_month%25252Fdirection%25253Aasc%25253Fsort_type%25253D%2525252Fareas%2525252Fschool%2525252F4003%2525252Fdirection%2525253Adesc%2525253Fsort_type%2525253D%252525252Fareas%252525252Fschool%252525252F4003%252525252Fsort%252525253Alowest_fee_per_month%252525252Fdirection%252525253Aasc%252525253Fsort_type%252525253D%25252525252Fareas%25252525252Fschool%25252525252F4003%25252525252Fsort%25252525253Alowest_fee_per_month%25252525252Fdirection%25252525253Aasc%25252525253Fsort_type%25252525253D%2525252525252Fareas%2525252525252Fschool%2525252525252F4003%2525252525252Fdirection%2525252525253Adesc,dup_no_user_canonical,2026-09-18,2026-09-21T20:26:15,2026-09-21T20:26:15
https://schoolwith.me/areas/school/4003/sort:lowest_fee_per_month/direction:asc/page:2?sort_type=/areas/school/4003/sort:lowest_fee_per_month/direction:asc?sort_type%3D%252Fareas%252Fschool%252F4003%252Fsort%253Alowest_fee_per_month%252Fdirection%253Aasc%253Fsort_type%253D%25252Fareas%25252Fschool%25252F4003%25252Fsort%25253Alowest_fee_per_month%25252Fdirection%25253Aasc%25253Fsort_type%25253D%2525252Fareas%2525252Fschool%2525252F4003%2525252Fsort%2525253Alowest_fee_per_month%2525252Fdirection%2525253Aasc%2525253Fsort_type%2525253D%252525252Fareas%252525252Fschool%252525252F4003%252525252Fsort%252525253Alowest_fee_per_month%252525252Fdirection%252525253Aasc%252525253Fsort_type%252525253D%25252525252Fareas%25252525252Fschool%25252525252F4003%25252525252Fdirection%25252525253Adesc%25252525253Fsort_type%25252525253D%2525252525252Fareas%2525252525252Fschool%2525252525252F4003%2525252525252Fdirection%2525252525253Adesc%2525252525253Fsort_type%2525252525253D%252525252525252Fareas%252525252525252Fschool%252525252525252F4003%252525252525252Fsort%252525252525253Alowest_fee_per_month%252525252525252Fdirection%252525252525253Aasc%252525252525253Fsort_type%252525252525253D%25252525252525252Fareas%25252525252525252Fschool%25252525252525252F4003%25252525252525252Fsort%25252525252525253Alowest_fee_per_month%25252525252525252Fdirection%25252525252525253Aasc,dup_no_user_canonical,2026-09-18,2026-09-21T20:26:15,2026-09-21T20:26:15
https://schoolwith.me/areas/school/4003/sort:lowest_fee_per_month/direction:asc?sort_type=/areas/school/4003/direction:desc?sort_type%3D%252Fareas%252Fschool%252F4003%252Fsort%253Alowest_fee_per_month%252Fdirection%253Aasc%253Fsort_type%253D%25252Fareas%25252Fschool%25252F4003%25252Fdirection%25253Adesc%25253Fsort_type%25253D%2525252Fareas%2525252Fschool%2525252F4003%2525252Fdirection%2525253Adesc%2525253Fsort_type%2525253D%252525252Fareas%252525252Fschool%252525252F4003%252525252Fsort%252525253Alowest_fee_per_month%252525252Fdirection%252525253Aasc,crawled_not_indexed,2026-09-18,2026-09-21T20:26:15,2026-09-21T20:26:15
https://schoolwith.me/areas/school/4003/sort:lowest_fee_per_month/direction:asc?sort_type=/areas/school/4003/sort:tmp_overall_score/direction:DESC,crawled_not_indexed,2026-09-18,2026-09-21T20:26:15,2026-09-21T20:26:15
https://schoolwith.me/areas/school/4003?sort_type=/areas/school/4003/direction:desc?sort_type%3D%252Fareas%252Fschool%252F4003%252Fsort%253Alowest_fee_per_month%252Fdirection%253Aasc%253Fsort_type%253D%25252Fareas%25252Fschool%25252F4003%25252Fdirection%25253Adesc%25253Fsort_type%25253D%2525252Fareas%2525252Fschool%2525252F4003%2525252Fdirection%2525253Adesc%2525253Fsort_type%2525253D%252525252Fareas%252525252Fschool%252525252F4003%252525252Fsort%252525253Alowest_fee_per_month%252525252Fdirection%252525253Aasc,crawled_not_indexed,2026-09-18,2026-09-21T20:26:15,2026-09-21T20:26:15
https://schoolwith.me/areas/school/4004/direction:asc/sort:lowest_fee_per_month/page:2?sort_type=/areas/school/4004/direction:asc/sort:lowest_fee_per_month?sort_type%3D%252Fareas%252Fschool%252F4004%252Fdirection%253Aasc%252Fsort%253Alowest_fee_per_month%253Fsort_type%253D%25252Fareas%25252Fschool%25252F4004%25252Fdirection%25253Aasc%25252Fsort%25253Alowest_fee_per_month%25253Fsort_type%25253D%2525252Fareas%2525252Fschool%2525252F4004%2525252Fdirection%2525253Adesc%2525253Fsort_type%2525253D%252525252Fareas%252525252Fschool%252525252F4004%252525252Fdirection%252525253Adesc%252525253Fsort_type%252525253D%25252525252Fareas%25252525252Fschool%25252525252F4004%25252525252Fdirection%25252525253Adesc,crawled_not_indexed,2026-09-18,2026-09-21T20:26:15,2026-09-21T20:26:15
https://schoolwith.me/areas/school/4004/direction:desc/page:2?a8=KrA0DrUo2L8pjzgCZjBMppIMq.zJ8oIsAj_CszIFMF4o2LAX79TKcLTLGLZsasTBcFbMIvAycrA01s00000024868001,dup_no_user_canonical,2026-09-18,2026-09-21T20:26:15,2026-09-21T20:26:15
https://schoolwith.me/areas/school/4004/page:2/direction:asc/sort:lowest_fee_per_month?sort_type=/areas/school/4004/direction:asc/sort:lowest_fee_per_month?sort_type%3D%252Fareas%252Fschool%252F4004%252Fdirection%253Aasc%252Fsort%253Alowest_fee_per_month%253Fsort_type%253D%25252Fareas%25252Fschool%25252F4004%25252Fdirection%25253Aasc%25252Fsort%25253Alowest_fee_per_month%25253Fsort_type%25253D%2525252Fareas%2525252Fschool%2525252F4004%2525252Fdirection%2525253Adesc%2525253Fsort_type%2525253D%252525252Fareas%252525252Fschool%252525252F4004%252525252Fdirection%252525253Adesc%252525253Fsort_type%252525253D%25252525252Fareas%25252525252Fschool%25252525252F4004%25252525252Fdirection%25252525253Adesc,crawled_not_indexed,2026-09-18,2026-09-21T20:26:15,2026-09-21T20:26:15
https://schoolwith.me/areas/school/4004/page:2/sort:lowest_fee_per_month/direction:asc?sort_type=/areas/school/4004/direction:desc?sort_type%3D%252Fareas%252Fschool%252F4004%252Fdirection%253Aasc%252Fsort%253Alowest_fee_per_month%253Fsort_type%253D%25252Fareas%25252Fschool%25252F4004%25252Fdirection%25253Adesc%25253Fsort_type%25253D%2525252Fareas%2525252Fschool%2525252F4004%2525252Fdirection%2525253Aasc%2525252Fsort%2525253Alowest_fee_per_month%2525253Fsort_type%2525253D%252525252Fareas%252525252Fschool%252525252F4004%252525252Fdirection%252525253Aasc%252525252Fsort%252525253Alowest_fee_per_month%252525253Fsort_type%252525253D%25252525252Fareas%25252525252Fschool%25252525252F4004%25252525252Fdirection%25252525253Adesc%25252525253Fsort_type%25252525253D%2525252525252Fareas%2525252525252Fschool%2525252525252F4004%2525252525252Fdirection%2525252525253Adesc,crawled_not_indexed,2026-09-18,2026-09-21T20:26:15,2026-09-21T20:26:15
https://schoolwith.me/areas/school/4004/page:3/direction:asc/sort:lowest_fee_per_month?sort_type=/areas/school/4004/direction:asc/sort:lowest_fee_per_month?sort_type%3D%252Fareas%252Fschool%252F4004%252Fdirection%253Aasc%252Fsort%253Alowest_fee_per_month%253Fsort_type%253D%25252Fareas%25252Fschool%25252F4004%25252Fdirection%25253Aasc%25252Fsort%25253Alowest_fee_per_month%25253Fsort_type%25253D%2525252Fareas%2525252Fschool%2525252F4004%2525252Fdirection%2525253Adesc%2525253Fsort_type%2525253D%252525252Fareas%252525252Fschool%252525252F4004%252525252Fdirection%252525253Adesc%252525253Fsort_type%252525253D%25252525252Fareas%25252525252Fschool%25252525252F4004%25252525252Fdirection%25252525253Adesc,crawled_not_indexed,2026-09-18,2026-09-21T20:26:15,2026-09-21T20:26:15
https://schoolwith.me/areas/school/4004/page:3/sort:lowest_fee_per_month/direction:asc?sort_type=/areas/school/4004/direction:desc?sort_type%3D%252Fareas%252Fschool%252F4004%252Fdirection%253Aasc%252Fsort%253Alowest_fee_per_month%253Fsort_type%253D%25252Fareas%25252Fschool%25252F4004%25252Fdirection%25253Adesc%25253Fsort_type%25253D%2525252Fareas%2525252Fschool%2525252F4004%2525252Fdirection%2525253Aasc%2525252Fsort%2525253Alowest_fee_per_month%2525253Fsort_type%2525253D%252525252Fareas%252525252Fschool%252525252F4004%252525252Fdirection%252525253Aasc%252525252Fsort%252525253Alowest_fee_per_month%252525253Fsort_type%252525253D%25252525252Fareas%25252525252Fschool%25252525252F4004%25252525252Fdirection%25252525253Adesc%25252525253Fsort_type%25252525253D%2525252525252Fareas%2525252525252Fschool%2525252525252F4004%2525252525252Fdirection%2525252525253Adesc,crawled_not_indexed,2026-09-18,2026-09-21T20:26:15,2026-09-21T20:26:15
https://schoolwith.me/areas/school/4004/page:4/direction:asc/sort:lowest_fee_per_month?sort_type=/areas/school/4004/direction:asc/sort:lowest_fee_per_month?sort_type%3D%252Fareas%252Fschool%252F4004%252Fdirection%253Aasc%252Fsort%253Alowest_fee_per_month%253Fsort_type%253D%25252Fareas%25252Fschool%25252F4004%25252Fdirection%25253Aasc%25252Fsort%25253Alowest_fee_per_month%25253Fsort_type%25253D%2525252Fareas%2525252Fschool%2525252F4004%2525252Fdirection%2525253Adesc%2525253Fsort_type%2525253D%252525252Fareas%252525252Fschool%252525252F4004%252525252Fdirection%252525253Adesc%252525253Fsort_type%252525253D%25252525252Fareas%25252525252Fschool%25252525252F4004%25252525252Fdirection%25252525253Adesc,crawled_not_indexed,2026-09-18,2026-09-21T20:26:15,2026-09-21T20:26:15
https://schoolwith.me/areas/school/4004/page:4/sort:lowest_fee_per_month/direction:asc?sort_type=/areas/school/4004/direction:desc?sort_type%3D%252Fareas%252Fschool%252F4004%252Fdirection%253Aasc%252Fsort%253Alowest_fee_per_month%253Fsort_type%253D%25252Fareas%25252Fschool%25252F4004%25252Fdirection%25253Adesc%25253Fsort_type%25253D%2525252Fareas%2525252Fschool%2525252F4004%2525252Fdirection%2525253Aasc%2525252Fsort%2525253Alowest_fee_per_month%2525253Fsort_type%2525253D%252525252Fareas%252525252Fschool%252525252F4004%252525252Fdirection%252525253Aasc%252525252Fsort%252525253Alowest_fee_per_month%252525253Fsort_type%252525253D%25252525252Fareas%25252525252Fschool%25252525252F4004%25252525252Fdirection%25252525253Adesc%25252525253Fsort_type%25252525253D%2525252525252Fareas%2525252525252Fschool%2525252525252F4004%2525252525252Fdirection%2525252525253Adesc,crawled_not_indexed,2026-09-18,2026-09-21T20:26:15,2026-09-21T20:26:15
https://schoolwith.me/areas/school/4007/direction:asc/sort:lowest_fee_per_month,discovered_not_indexed,2026-09-18,2026-09-21T20:26:15,2026-09-21T20:26:15
https://schoolwith.me/areas/school/4007/direction:desc/page:2?a8=KrA0DrUo2L8pjzgCZjBMppIMq.zJ8oIsAj_CszIFMF4o2LAX79TKcLTLGLZsasTBcFbMIvAycrA01s00000024868001,crawled_not_indexed,2026-09-18,2026-09-21T20:26:15,2026-09-21T20:26:15
https://schoolwith.me/areas/school/4007/page:2,crawled_not_indexed,2026-09-18,2026-09-21T20:26:15,2026-09-21T20:26:15
https://schoolwith.me/areas/school/4007/page:2?sort_type=/areas/school/4007/sort:lowest_fee_per_month/direction:asc?sort_type%3D%252Fareas%252Fschool%252F4007%252Fdirection%253Adesc%253Fsort_type%253D%25252Fareas%25252Fschool%25252F4007%25252Fdirection%25253Adesc%25253Fsort_type%25253D%2525252Fareas%2525252Fschool%2525252F4007%2525252Fdirection%2525253Adesc,crawled_not_indexed,2026-09-18,2026-09-21T20:26:15,2026-09-21T20:26:15
https://schoolwith.me/areas/school/4007/sort:lowest_fee_per_month/direction:asc/page:2?sort_type=/areas/school/4007/sort:lowest_fee_per_month/direction:asc?sort_type%3D%252Fareas%252Fschool%252F4007%252Fdirection%253Adesc%253Fsort_type%253D%25252Fareas%25252Fschool%25252F4007%25252Fdirection%25253Adesc%25253Fsort_type%25253D%2525252Fareas%2525252Fschool%2525252F4007%2525252Fdirection%2525253Adesc,crawled_not_indexed,2026-09-18,2026-09-21T20:26:15,2026-09-21T20:26:15
https://schoolwith.me/areas/school/4007/sort:lowest_fee_per_month/direction:asc?a8=KrA0DrUo2L8pjzgCZjBMppIMq.zJ8oIsAj_CszIFMF4o2LAX79TKcLTLGLZsasTBcFbMIvAycrA01s00000024868001,crawled_not_indexed,2026-09-18,2026-09-21T20:26:15,2026-09-21T20:26:15
https://schoolwith.me/areas/school/4007?sort_type=/areas/school/4007/sort:lowest_fee_per_month/direction:asc?sort_type%3D%252Fareas%252Fschool%252F4007%252Fdirection%253Adesc%253Fsort_type%253D%25252Fareas%25252Fschool%25252F4007%25252Fdirection%25253Adesc%25253Fsort_type%25253D%2525252Fareas%2525252Fschool%2525252F4007%2525252Fdirection%2525253Adesc,crawled_not_indexed,2026-09-18,2026-09-21T20:26:15,2026-09-21T20:26:15
https://schoolwith.me/areas/school/4009/sort:lowest_fee_per_month/direction:ASC,dup_google_chose_different,2026-09-18,2026-09-21T20:26:15,2026-09-21T20:26:15
https://schoolwith.me/areas/school/5001/page:10/direction:desc?a8=KrA0DrUo2L8pjzgCZjBMppIMq.zJ8oIsAj_CszIFMF4o2LAX79TKcLTLGLZsasTBcFbMIvAycrA01s00000024868001,crawled_not_indexed,2026-09-18,2026-09-21T20:26:15,2026-09-21T20:26:15
https://schoolwith.me/areas/school/5001/page:11/direction:desc?a8=KrA0DrUo2L8pjzgCZjBMppIMq.zJ8oIsAj_CszIFMF4o2LAX79TKcLTLGLZsasTBcFbMIvAycrA01s00000024868001,crawled_not_indexed,2026-09-18,2026-09-21T20:26:15,2026-09-21T20:26:15
https://schoolwith.me/areas/school/5001/page:12/direction:desc?a8=KrA0DrUo2L8pjzgCZjBMppIMq.zJ8oIsAj_CszIFMF4o2LAX79TKcLTLGLZsasTBcFbMIvAycrA01s00000024868001,crawled_not_indexed,2026-09-18,2026-09-21T20:26:15,2026-09-21T20:26:15
https://schoolwith.me/areas/school/5001/page:13/direction:desc?a8=KrA0DrUo2L8pjzgCZjBMppIMq.zJ8oIsAj_CszIFMF4o2LAX79TKcLTLGLZsasTBcFbMIvAycrA01s00000024868001,crawled_not_indexed,2026-09-18,2026-09-21T20:26:15,2026-09-21T20:26:15
https://schoolwith.me/areas/school/5001/page:13/sort:lowest_fee_per_month/direction:asc,crawled_not_indexed,2026-09-18,2026-09-21T20:26:15,2026-09-21T20:26:15
https://schoolwith.me/areas/school/5001/page:3?sort_type=/areas/school/5001/direction:desc?sort_type%3D%252Fareas%252Fschool%252F5001%252Fsort%253Alowest_fee_per_month%252Fdirection%253Aasc%253Fsort_type%253D%25252Fareas%25252Fschool%25252F5001%25252Fsort%25253Alowest_fee_per_month%25252Fdirection%25253Aasc%25253Fsort_type%25253D%2525252Fareas%2525252Fschool%2525252F5001%2525252Fdirection%2525253Adesc%2525253Fsort_type%2525253D%252525252Fareas%252525252Fschool%252525252F5001%252525252Fdirection%252525253Adesc%252525253Fsort_type%252525253D%25252525252Fareas%25252525252Fschool%25252525252F5001%25252525252Fdirection%25252525253Adesc%25252525253Fsort_type%25252525253D%2525252525252Fareas%2525252525252Fschool%2525252525252F5001%2525252525252Fsort%2525252525253Alowest_fee_per_month%2525252525252Fdirection%2525252525253Aasc%2525252525253Fsort_type%2525252525253D%252525252525252Fareas%252525252525252Fschool%252525252525252F5001%252525252525252Fsort%252525252525253Alowest_fee_per_month%252525252525252Fdirection%252525252525253Aasc%252525252525253Fsort_type%252525252525253D%25252525252525252Fareas%25252525252525252Fschool%25252525252525252F5001%25252525252525252Fsort%25252525252525253Atmp_overall_score%25252525252525252Fdirection%25252525252525253ADESC%25252525252525253Fsort_type%25252525252525253D%2525252525252525252Fareas%2525252525252525252Fschool%2525252525252525252F5001,dup_no_user_canonical,2026-09-18,2026-09-21T20:26:15,2026-09-21T20:26:15
https://schoolwith.me/areas/school/5001/page:3?sort_type=/areas/school/5001/sort:lowest_fee_per_month/direction:asc?sort_type%3D%252Fareas%252Fschool%252F5001%252Fdirection%253Adesc%253Fsort_type%253D%25252Fareas%25252Fschool%25252F5001%25252Fdirection%25253Adesc%25253Fsort_type%25253D%2525252Fareas%2525252Fschool%2525252F5001%2525252Fsort%2525253Atmp_overall_score%2525252Fdirection%2525253ADESC%2525253Fsort_type%2525253D%252525252Fareas%252525252Fschool%252525252F5001,dup_no_user_canonical,2026-09-18,2026-09-21T20:26:15,2026-09-21T20:26:15
https://schoolwith.me/areas/school/5001/page:3?sort_type=/areas/school/5001/sort:lowest_fee_per_month/direction:asc?sort_type%3D%252Fareas%252Fschool%252F5001%252Fsort%253Alowest_fee_per_month%252Fdirection%253Aasc%253Fsort_type%253D%25252Fareas%25252Fschool%25252F5001%25252Fsort%25253Atmp_overall_score%25252Fdirection%25253ADESC%25253Fsort_type%25253D%2525252Fareas%2525252Fschool%2525252F5001,dup_no_user_canonical,2026-09-18,2026-09-21T20:26:15,2026-09-21T20:26:15
https://schoolwith.me/areas/school/5001/page:4?sort_type=/areas/school/5001/direction:desc?sort_type%3D%252Fareas%252Fschool%252F5001%252Fdirection%253Adesc%253Fsort_type%253D%25252Fareas%25252Fschool%25252F5001%25252Fdirection%25253Adesc%25253Fsort_type%25253D%2525252Fareas%2525252Fschool%2525252F5001%2525252Fsort%2525253Atmp_overall_score%2525252Fdirection%2525253ADESC%2525253Fsort_type%2525253D%252525252Fareas%252525252Fschool%252525252F5001,dup_no_user_canonical,2026-09-18,2026-09-21T20:26:15,2026-09-21T20:26:15
https://schoolwith.me/areas/school/5001/page:4?sort_type=/areas/school/5001/direction:desc?sort_type%3D%252Fareas%252Fschool%252F5001%252Fdirection%253Adesc%253Fsort_type%253D%25252Fareas%25252Fschool%25252F5001%25252Fsort%25253Alowest_fee_per_month%25252Fdirection%25253Aasc%25253Fsort_type%25253D%2525252Fareas%2525252Fschool%2525252F5001%2525252Fsort%2525253Atmp_overall_score%2525252Fdirection%2525253ADESC%2525253Fsort_type%2525253D%252525252Fareas%252525252Fschool%252525252F5001,dup_no_user_canonical,2026-09-18,2026-09-21T20:26:15,2026-09-21T20:26:15
https://schoolwith.me/areas/school/5001/page:4?sort_type=/areas/school/5001/direction:desc?sort_type%3D%252Fareas%252Fschool%252F5001%252Fdirection%253Adesc%253Fsort_type%253D%25252Fareas%25252Fschool%25252F5001%25252Fsort%25253Atmp_overall_score%25252Fdirection%25253ADESC%25253Fsort_type%25253D%2525252Fareas%2525252Fschool%2525252F5001,dup_no_user_canonical,2026-09-18,2026-09-21T20:26:15,2026-09-21T20:26:15
https://schoolwith.me/areas/school/5001/page:4?sort_type=/areas/school/5001/direction:desc?sort_type%3D%252Fareas%252Fschool%252F5001%252Fsort%253Atmp_overall_score%252Fdirection%253ADESC%253Fsort_type%253D%25252Fareas%25252Fschool%25252F5001,dup_no_user_canonical,2026-09-18,2026-09-21T20:26:15,2026-09-21T20:26:15
https://schoolwith.me/areas/school/5001/page:4?sort_type=/areas/school/5001/sort:lowest_fee_per_month/direction:asc?sort_type%3D%252Fareas%252Fschool%252F5001%252Fsort%253Alowest_fee_per_month%252Fdirection%253Aasc%253Fsort_type%253D%25252Fareas%25252Fschool%25252F5001%25252Fsort%25253Atmp_overall_score%25252Fdirection%25253ADESC%25253Fsort_type%25253D%2525252Fareas%2525252Fschool%2525252F5001,dup_no_user_canonical,2026-09-18,2026-09-21T20:26:15,2026-09-21T20:26:15
https://schoolwith.me/areas/school/5001/page:4?sort_type=/areas/school/5001/sort:lowest_fee_per_month/direction:asc?sort_type%3D%252Fareas%252Fschool%252F5001%252Fsort%253Atmp_overall_score%252Fdirection%253ADESC%253Fsort_type%253D%25252Fareas%25252Fschool%25252F5001,dup_no_user_canonical,2026-09-18,2026-09-21T20:26:15,2026-09-21T20:26:15
https://schoolwith.me/areas/school/5001/page:6?sort_type=/areas/school/5001/direction:desc?sort_type%3D%252Fareas%252Fschool%252F5001%252Fsort%253Alowest_fee_per_month%252Fdirection%253Aasc%253Fsort_type%253D%25252Fareas%25252Fschool%25252F5001%25252Fsort%25253Alowest_fee_per_month%25252Fdirection%25253Aasc%25253Fsort_type%25253D%2525252Fareas%2525252Fschool%2525252F5001%2525252Fdirection%2525253Adesc%2525253Fsort_type%2525253D%252525252Fareas%252525252Fschool%252525252F5001%252525252Fdirection%252525253Adesc%252525253Fsort_type%252525253D%25252525252Fareas%25252525252Fschool%25252525252F5001%25252525252Fdirection%25252525253Adesc%25252525253Fsort_type%25252525253D%2525252525252Fareas%2525252525252Fschool%2525252525252F5001%2525252525252Fsort%2525252525253Alowest_fee_per_month%2525252525252Fdirection%2525252525253Aasc%2525252525253Fsort_type%2525252525253D%252525252525252Fareas%252525252525252Fschool%252525252525252F5001%252525252525252Fsort%252525252525253Alowest_fee_per_month%252525252525252Fdirection%252525252525253Aasc%252525252525253Fsort_type%252525252525253D%25252525252525252Fareas%25252525252525252Fschool%25252525252525252F5001%25252525252525252Fsort%25252525252525253Atmp_overall_score%25252525252525252Fdirection%25252525252525253ADESC%25252525252525253Fsort_type%25252525252525253D%2525252525252525252Fareas%2525252525252525252Fschool%2525252525252525252F5001,crawled_not_indexed,2026-09-18,2026-09-21T20:26:15,2026-09-21T20:26:15
https://schoolwith.me/areas/school/5002/page:2/direction:asc/sort:lowest_fee_per_month?a8=KrA0DrUo2L8pjzgCZjBMppIMq.zJ8oIsAj_CszIFMF4o2LAX79TKcLTLGLZsasTBcFbMIvAycrA01s00000024868001,dup_no_user_canonical,2026-09-18,2026-09-21T20:26:15,2026-09-21T20:26:15
https://schoolwith.me/areas/school/5002/page:2/sort:lowest_fee_per_month/direction:asc?a8=KrA0DrUo2L8pjzgCZjBMppIMq.zJ8oIsAj_CszIFMF4o2LAX79TKcLTLGLZsasTBcFbMIvAycrA01s00000024868001,dup_no_user_canonical,2026-09-18,2026-09-21T20:26:15,2026-09-21T20:26:15
https://schoolwith.me/areas/school/5004/direction:asc/sort:lowest_fee_per_month/page:2?sort_type=/areas/school/5004/direction:desc?sort_type%3D%252Fareas%252Fschool%252F5004%252Fdirection%253Aasc%252Fsort%253Alowest_fee_per_month%253Fsort_type%253D%25252Fareas%25252Fschool%25252F5004%25252Fsort%25253Alowest_fee_per_month%25252Fdirection%25253Aasc%25253Fsort_type%25253D%2525252Fareas%2525252Fschool%2525252F5004%2525252Fdirection%2525253Adesc,crawled_not_indexed,2026-09-18,2026-09-21T20:26:15,2026-09-21T20:26:15
https://schoolwith.me/areas/school/5004/direction:asc/sort:lowest_fee_per_month?sort_type=/areas/school/5004/direction:desc?sort_type%3D%252Fareas%252Fschool%252F5004%252Fdirection%253Aasc%252Fsort%253Alowest_fee_per_month%253Fsort_type%253D%25252Fareas%25252Fschool%25252F5004%25252Fsort%25253Alowest_fee_per_month%25252Fdirection%25253Aasc%25253Fsort_type%25253D%2525252Fareas%2525252Fschool%2525252F5004%2525252Fdirection%2525253Adesc,crawled_not_indexed,2026-09-18,2026-09-21T20:26:15,2026-09-21T20:26:15
https://schoolwith.me/areas/school/5004/direction:desc/page:2?sort_type=/areas/school/5004/direction:asc/sort:lowest_fee_per_month?sort_type%3D%252Fareas%252Fschool%252F5004%252Fdirection%253Adesc,crawled_not_indexed,2026-09-18,2026-09-21T20:26:15,2026-09-21T20:26:15
https://schoolwith.me/areas/school/5004/direction:desc/page:2?sort_type=/areas/school/5004/direction:desc?sort_type%3D%252Fareas%252Fschool%252F5004%252Fdirection%253Aasc%252Fsort%253Alowest_fee_per_month%253Fsort_type%253D%25252Fareas%25252Fschool%25252F5004%25252Fsort%25253Alowest_fee_per_month%25252Fdirection%25253Aasc%25253Fsort_type%25253D%2525252Fareas%2525252Fschool%2525252F5004%2525252Fdirection%2525253Adesc,crawled_not_indexed,2026-09-18,2026-09-21T20:26:15,2026-09-21T20:26:15
https://schoolwith.me/areas/school/5004/direction:desc?sort_type=/areas/school/5004/direction:desc?sort_type%3D%252Fareas%252Fschool%252F5004%252Fdirection%253Aasc%252Fsort%253Alowest_fee_per_month%253Fsort_type%253D%25252Fareas%25252Fschool%25252F5004%25252Fsort%25253Alowest_fee_per_month%25252Fdirection%25253Aasc%25253Fsort_type%25253D%2525252Fareas%2525252Fschool%2525252F5004%2525252Fdirection%2525253Adesc,crawled_not_indexed,2026-09-18,2026-09-21T20:26:15,2026-09-21T20:26:15
https://schoolwith.me/areas/school/5004/page:2/direction:asc/sort:lowest_fee_per_month?sort_type=/areas/school/5004/direction:desc?sort_type%3D%252Fareas%252Fschool%252F5004%252Fdirection%253Aasc%252Fsort%253Alowest_fee_per_month%253Fsort_type%253D%25252Fareas%25252Fschool%25252F5004%25252Fsort%25253Alowest_fee_per_month%25252Fdirection%25253Aasc%25253Fsort_type%25253D%2525252Fareas%2525252Fschool%2525252F5004%2525252Fdirection%2525253Adesc,crawled_not_indexed,2026-09-18,2026-09-21T20:26:15,2026-09-21T20:26:15
https://schoolwith.me/areas/school/5004/page:3/direction:asc/sort:lowest_fee_per_month?sort_type=/areas/school/5004/direction:desc?sort_type%3D%252Fareas%252Fschool%252F5004%252Fdirection%253Aasc%252Fsort%253Alowest_fee_per_month%253Fsort_type%253D%25252Fareas%25252Fschool%25252F5004%25252Fsort%25253Alowest_fee_per_month%25252Fdirection%25253Aasc%25253Fsort_type%25253D%2525252Fareas%2525252Fschool%2525252F5004%2525252Fdirection%2525253Adesc,crawled_not_indexed,2026-09-18,2026-09-21T20:26:15,2026-09-21T20:26:15
https://schoolwith.me/areas/school/5004/page:3/direction:desc?sort_type=/areas/school/5004/direction:desc?sort_type%3D%252Fareas%252Fschool%252F5004%252Fdirection%253Aasc%252Fsort%253Alowest_fee_per_month%253Fsort_type%253D%25252Fareas%25252Fschool%25252F5004%25252Fsort%25253Alowest_fee_per_month%25252Fdirection%25253Aasc%25253Fsort_type%25253D%2525252Fareas%2525252Fschool%2525252F5004%2525252Fdirection%2525253Adesc,crawled_not_indexed,2026-09-18,2026-09-21T20:26:15,2026-09-21T20:26:15
https://schoolwith.me/areas/school/5006/sort:lowest_fee_per_month/direction:asc?sort_type=/areas/school/5006/direction:desc?sort_type%3D%252Fareas%252Fschool%252F5006%252Fdirection%253Adesc%253Fsort_type%253D%25252Fareas%25252Fschool%25252F5006%25252Fdirection%25253Adesc%25253Fsort_type%25253D%2525252Fareas%2525252Fschool%2525252F5006%2525252Fsort%2525253Alowest_fee_per_month%2525252Fdirection%2525253Aasc%2525253Fsort_type%2525253D%252525252Fareas%252525252Fschool%252525252F5006%252525252Fdirection%252525253Adesc%252525253Fsort_type%252525253D%25252525252Fareas%25252525252Fschool%25252525252F5006%25252525252Fsort%25252525253Alowest_fee_per_month%25252525252Fdirection%25252525253Aasc%25252525253Fsort_type%25252525253D%2525252525252Fareas%2525252525252Fschool%2525252525252F5006%2525252525252Fsort%2525252525253Alowest_fee_per_month%2525252525252Fdirection%2525252525253Aasc%2525252525253Fsort_type%2525252525253D%252525252525252Fareas%252525252525252Fschool%252525252525252F5006%252525252525252Fsort%252525252525253Alowest_fee_per_month%252525252525252Fdirection%252525252525253Aasc%252525252525253Fsort_type%252525252525253D%25252525252525252Fareas%25252525252525252Fschool%25252525252525252F5006%25252525252525252Fsort%25252525252525253Alowest_fee_per_month%25252525252525252Fdirection%25252525252525253Aasc,dup_no_user_canonical,2026-09-18,2026-09-21T20:26:15,2026-09-21T20:26:15
https://schoolwith.me/areas/school/5006/sort:lowest_fee_per_month/direction:asc?sort_type=/areas/school/5006/direction:desc?sort_type%3D%252Fareas%252Fschool%252F5006%252Fdirection%253Adesc%253Fsort_type%253D%25252Fareas%25252Fschool%25252F5006%25252Fsort%25253Alowest_fee_per_month%25252Fdirection%25253Aasc%25253Fsort_type%25253D%2525252Fareas%2525252Fschool%2525252F5006%2525252Fdirection%2525253Adesc%2525253Fsort_type%2525253D%252525252Fareas%252525252Fschool%252525252F5006%252525252Fsort%252525253Alowest_fee_per_month%252525252Fdirection%252525253Aasc%252525253Fsort_type%252525253D%25252525252Fareas%25252525252Fschool%25252525252F5006%25252525252Fdirection%25252525253Adesc%25252525253Fsort_type%25252525253D%2525252525252Fareas%2525252525252Fschool%2525252525252F5006%2525252525252Fsort%2525252525253Alowest_fee_per_month%2525252525252Fdirection%2525252525253Aasc%2525252525253Fsort_type%2525252525253D%252525252525252Fareas%252525252525252Fschool%252525252525252F5006%252525252525252Fsort%252525252525253Alowest_fee_per_month%252525252525252Fdirection%252525252525253Aasc%252525252525253Fsort_type%252525252525253D%25252525252525252Fareas%25252525252525252Fschool%25252525252525252F5006%25252525252525252Fdirection%25252525252525253Adesc,dup_no_user_canonical,2026-09-18,2026-09-21T20:26:15,2026-09-21T20:26:15
https://schoolwith.me/areas/school/5006/sort:lowest_fee_per_month/direction:asc?sort_type=/areas/school/5006/direction:desc?sort_type%3D%252Fareas%252Fschool%252F5006%252Fsort%253Alowest_fee_per_month%252Fdirection%253Aasc%253Fsort_type%253D%25252Fareas%25252Fschool%25252F5006%25252Fsort%25253Alowest_fee_per_month%25252Fdirection%25253Aasc%25253Fsort_type%25253D%2525252Fareas%2525252Fschool%2525252F5006%2525252Fsort%2525253Alowest_fee_per_month%2525252Fdirection%2525253Aasc%2525253Fsort_type%2525253D%252525252Fareas%252525252Fschool%252525252F5006%252525252Fdirection%252525253Adesc%252525253Fsort_type%252525253D%25252525252Fareas%25252525252Fschool%25252525252F5006%25252525252Fdirection%25252525253Adesc%25252525253Fsort_type%25252525253D%2525252525252Fareas%2525252525252Fschool%2525252525252F5006%2525252525252Fdirection%2525252525253Adesc%2525252525253Fsort_type%2525252525253D%252525252525252Fareas%252525252525252Fschool%252525252525252F5006%252525252525252Fdirection%252525252525253Adesc%252525252525253Fsort_type%252525252525253D%25252525252525252Fareas%25252525252525252Fschool%25252525252525252F5006%25252525252525252Fdirection%25252525252525253Adesc%25252525252525253Fsort_type%25252525252525253D%2525252525252525252Fareas%2525252525252525252Fschool%2525252525252525252F5006%2525252525252525252Fdirection%2525252525252525253Adesc,dup_no_user_canonical,2026-09-18,2026-09-21T20:26:15,2026-09-21T20:26:15
https://schoolwith.me/areas/school/5006/sort:lowest_fee_per_month/direction:asc?sort_type=/areas/school/5006/sort:lowest_fee_per_month/direction:asc?sort_type%3D%252Fareas%252Fschool%252F5006%252Fdirection%253Adesc%253Fsort_type%253D%25252Fareas%25252Fschool%25252F5006%25252Fdirection%25253Adesc%25253Fsort_type%25253D%2525252Fareas%2525252Fschool%2525252F5006%2525252Fdirection%2525253Adesc%2525253Fsort_type%2525253D%252525252Fareas%252525252Fschool%252525252F5006%252525252Fsort%252525253Alowest_fee_per_month%252525252Fdirection%252525253Aasc%252525253Fsort_type%252525253D%25252525252Fareas%25252525252Fschool%25252525252F5006%25252525252Fdirection%25252525253Adesc%25252525253Fsort_type%25252525253D%2525252525252Fareas%2525252525252Fschool%2525252525252F5006%2525252525252Fdirection%2525252525253Adesc%2525252525253Fsort_type%2525252525253D%252525252525252Fareas%252525252525252Fschool%252525252525252F5006%252525252525252Fsort%252525252525253Alowest_fee_per_month%252525252525252Fdirection%252525252525253Aasc%252525252525253Fsort_type%252525252525253D%25252525252525252Fareas%25252525252525252Fschool%25252525252525252F5006%25252525252525252Fsort%25252525252525253Alowest_fee_per_month%25252525252525252Fdirection%25252525252525253Aasc,dup_no_user_canonical,2026-09-18,2026-09-21T20:26:15,2026-09-21T20:26:15
https://schoolwith.me/areas/school/5006/sort:lowest_fee_per_month/direction:asc?sort_type=/areas/school/5006/sort:lowest_fee_per_month/direction:asc?sort_type%3D%252Fareas%252Fschool%252F5006%252Fdirection%253Adesc%253Fsort_type%253D%25252Fareas%25252Fschool%25252F5006%25252Fsort%25253Alowest_fee_per_month%25252Fdirection%25253Aasc%25253Fsort_type%25253D%2525252Fareas%2525252Fschool%2525252F5006%2525252Fsort%2525253Alowest_fee_per_month%2525252Fdirection%2525253Aasc%2525253Fsort_type%2525253D%252525252Fareas%252525252Fschool%252525252F5006%252525252Fsort%252525253Alowest_fee_per_month%252525252Fdirection%252525253Aasc%252525253Fsort_type%252525253D%25252525252Fareas%25252525252Fschool%25252525252F5006%25252525252Fsort%25252525253Alowest_fee_per_month%25252525252Fdirection%25252525253Aasc%25252525253Fsort_type%25252525253D%2525252525252Fareas%2525252525252Fschool%2525252525252F5006%2525252525252Fdirection%2525252525253Adesc%2525252525253Fsort_type%2525252525253D%252525252525252Fareas%252525252525252Fschool%252525252525252F5006%252525252525252Fsort%252525252525253Alowest_fee_per_month%252525252525252Fdirection%252525252525253Aasc%252525252525253Fsort_type%252525252525253D%25252525252525252Fareas%25252525252525252Fschool%25252525252525252F5006%25252525252525252Fdirection%25252525252525253Adesc,dup_no_user_canonical,2026-09-18,2026-09-21T20:26:15,2026-09-21T20:26:15
https://schoolwith.me/areas/school/5006/sort:lowest_fee_per_month/direction:asc?sort_type=/areas/school/5006/sort:lowest_fee_per_month/direction:asc?sort_type%3D%252Fareas%252Fschool%252F5006%252Fdirection%253Adesc%253Fsort_type%253D%25252Fareas%25252Fschool%25252F5006%25252Fsort%25253Alowest_fee_per_month%25252Fdirection%25253Aasc%25253Fsort_type%25253D%2525252Fareas%2525252Fschool%2525252F5006%2525252Fsort%2525253Alowest_fee_per_month%2525252Fdirection%2525253Aasc%2525253Fsort_type%2525253D%252525252Fareas%252525252Fschool%252525252F5006%252525252Fsort%252525253Alowest_fee_per_month%252525252Fdirection%252525253Aasc%252525253Fsort_type%252525253D%25252525252Fareas%25252525252Fschool%25252525252F5006%25252525252Fsort%25252525253Alowest_fee_per_month%25252525252Fdirection%25252525253Aasc%25252525253Fsort_type%25252525253D%2525252525252Fareas%2525252525252Fschool%2525252525252F5006%2525252525252Fsort%2525252525253Alowest_fee_per_month%2525252525252Fdirection%2525252525253Aasc%2525252525253Fsort_type%2525252525253D%252525252525252Fareas%252525252525252Fschool%252525252525252F5006%252525252525252Fdirection%252525252525253Adesc%252525252525253Fsort_type%252525252525253D%25252525252525252Fareas%25252525252525252Fschool%25252525252525252F5006%25252525252525252Fdirection%25252525252525253Adesc%25252525252525253Fsort_type%25252525252525253D%2525252525252525252Fareas%2525252525252525252Fschool%2525252525252525252F5006%2525252525252525252Fdirection%2525252525252525253Adesc,dup_no_user_canonical,2026-09-18,2026-09-21T20:26:15,2026-09-21T20:26:15
https://schoolwith.me/areas/school/5006/sort:lowest_fee_per_month/direction:asc?sort_type=/areas/school/5006/sort:lowest_fee_per_month/direction:asc?sort_type%3D%252Fareas%252Fschool%252F5006%252Fsort%253Alowest_fee_per_month%252Fdirection%253Aasc%253Fsort_type%253D%25252Fareas%25252Fschool%25252F5006%25252Fsort%25253Alowest_fee_per_month%25252Fdirection%25253Aasc%25253Fsort_type%25253D%2525252Fareas%2525252Fschool%2525252F5006%2525252Fdirection%2525253Adesc%2525253Fsort_type%2525253D%252525252Fareas%252525252Fschool%252525252F5006%252525252Fdirection%252525253Adesc%252525253Fsort_type%252525253D%25252525252Fareas%25252525252Fschool%25252525252F5006%25252525252Fsort%25252525253Alowest_fee_per_month%25252525252Fdirection%25252525253Aasc%25252525253Fsort_type%25252525253D%2525252525252Fareas%2525252525252Fschool%2525252525252F5006%2525252525252Fsort%2525252525253Alowest_fee_per_month%2525252525252Fdirection%2525252525253Aasc%2525252525253Fsort_type%2525252525253D%252525252525252Fareas%252525252525252Fschool%252525252525252F5006%252525252525252Fdirection%252525252525253Adesc%252525252525253Fsort_type%252525252525253D%25252525252525252Fareas%25252525252525252Fschool%25252525252525252F5006%25252525252525252Fdirection%25252525252525253Adesc,dup_no_user_canonical,2026-09-18,2026-09-21T20:26:15,2026-09-21T20:26:15
https://schoolwith.me/areas/school/5006/sort:lowest_fee_per_month/direction:asc?sort_type=/areas/school/5006/sort:lowest_fee_per_month/direction:asc?sort_type%3D%252Fareas%252Fschool%252F5006%252Fsort%253Alowest_fee_per_month%252Fdirection%253Aasc%253Fsort_type%253D%25252Fareas%25252Fschool%25252F5006%25252Fsort%25253Alowest_fee_per_month%25252Fdirection%25253Aasc%25253Fsort_type%25253D%2525252Fareas%2525252Fschool%2525252F5006%2525252Fdirection%2525253Adesc%2525253Fsort_type%2525253D%252525252Fareas%252525252Fschool%252525252F5006%252525252Fsort%252525253Alowest_fee_per_month%252525252Fdirection%252525253Aasc%252525253Fsort_type%252525253D%25252525252Fareas%25252525252Fschool%25252525252F5006%25252525252Fsort%25252525253Alowest_fee_per_month%25252525252Fdirection%25252525253Aasc%25252525253Fsort_type%25252525253D%2525252525252Fareas%2525252525252Fschool%2525252525252F5006%2525252525252Fdirection%2525252525253Adesc%2525252525253Fsort_type%2525252525253D%252525252525252Fareas%252525252525252Fschool%252525252525252F5006%252525252525252Fsort%252525252525253Alowest_fee_per_month%252525252525252Fdirection%252525252525253Aasc%252525252525253Fsort_type%252525252525253D%25252525252525252Fareas%25252525252525252Fschool%25252525252525252F5006%25252525252525252Fsort%25252525252525253Alowest_fee_per_month%25252525252525252Fdirection%25252525252525253Aasc,dup_no_user_canonical,2026-09-18,2026-09-21T20:26:15,2026-09-21T20:26:15
https://schoolwith.me/areas/school/5006/sort:lowest_fee_per_month/direction:asc?sort_type=/areas/school/5006/sort:lowest_fee_per_month/direction:asc?sort_type%3D%252Fareas%252Fschool%252F5006%252Fsort%253Alowest_fee_per_month%252Fdirection%253Aasc%253Fsort_type%253D%25252Fareas%25252Fschool%25252F5006%25252Fsort%25253Alowest_fee_per_month%25252Fdirection%25253Aasc%25253Fsort_type%25253D%2525252Fareas%2525252Fschool%2525252F5006%2525252Fsort%2525253Alowest_fee_per_month%2525252Fdirection%2525253Aasc%2525253Fsort_type%2525253D%252525252Fareas%252525252Fschool%252525252F5006%252525252Fsort%252525253Alowest_fee_per_month%252525252Fdirection%252525253Aasc%252525253Fsort_type%252525253D%25252525252Fareas%25252525252Fschool%25252525252F5006%25252525252Fdirection%25252525253Adesc%25252525253Fsort_type%25252525253D%2525252525252Fareas%2525252525252Fschool%2525252525252F5006%2525252525252Fsort%2525252525253Alowest_fee_per_month%2525252525252Fdirection%2525252525253Aasc%2525252525253Fsort_type%2525252525253D%252525252525252Fareas%252525252525252Fschool%252525252525252F5006%252525252525252Fdirection%252525252525253Adesc%252525252525253Fsort_type%252525252525253D%25252525252525252Fareas%25252525252525252Fschool%25252525252525252F5006%25252525252525252Fsort%25252525252525253Alowest_fee_per_month%25252525252525252Fdirection%25252525252525253Aasc,dup_no_user_canonical,2026-09-18,2026-09-21T20:26:15,2026-09-21T20:26:15
https://schoolwith.me/areas/school/5007/direction:desc/page:2,discovered_not_indexed,2026-09-18,2026-09-21T20:26:15,2026-09-21T20:26:15
https://schoolwith.me/areas/school/5017/direction:asc/sort:lowest_fee_per_month,discovered_not_indexed,2026-09-18,2026-09-21T20:26:15,2026-09-21T20:26:15
https://schoolwith.me/areas/school/5030/campaign_sort/campaign:1,crawled_not_indexed,2026-09-18,2026-09-21T20:26:15,2026-09-21T20:26:15
https://schoolwith.me/areas/school/5043/direction:asc/sort:lowest_fee_per_month,discovered_not_indexed,2026-09-18,2026-09-21T20:26:15,2026-09-21T20:26:15
https://schoolwith.me/areas/school/5105/sort:lowest_fee_per_month/direction:asc,crawled_not_indexed,2026-09-18,2026-09-21T20:26:15,2026-09-21T20:26:15
https://schoolwith.me/areas/school/6001/page:10/sort:lowest_fee_per_month/direction:asc?sort_type=/areas/school/6001/sort:lowest_fee_per_month/direction:asc?sort_type%3D%252Fareas%252Fschool%252F6001%252Fdirection%253Adesc,crawled_not_indexed,2026-09-18,2026-09-21T20:26:15,2026-09-21T20:26:15
https://schoolwith.me/areas/school/6001/page:11/sort:lowest_fee_per_month/direction:asc?sort_type=/areas/school/6001/sort:lowest_fee_per_month/direction:asc?sort_type%3D%252Fareas%252Fschool%252F6001%252Fdirection%253Adesc,crawled_not_indexed,2026-09-18,2026-09-21T20:26:15,2026-09-21T20:26:15
https://schoolwith.me/areas/school/6001/page:11?sort_type=/areas/school/6001/direction:desc?sort_type%3D%252Fareas%252Fschool%252F6001%252Fsort%253Alowest_fee_per_month%252Fdirection%253Aasc,crawled_not_indexed,2026-09-18,2026-09-21T20:26:15,2026-09-21T20:26:15
https://schoolwith.me/areas/school/6001/page:12/sort:lowest_fee_per_month/direction:asc?sort_type=/areas/school/6001/sort:lowest_fee_per_month/direction:asc?sort_type%3D%252Fareas%252Fschool%252F6001%252Fdirection%253Adesc,crawled_not_indexed,2026-09-18,2026-09-21T20:26:15,2026-09-21T20:26:15
https://schoolwith.me/areas/school/6001/page:2?sort_type=/areas/school/6001/direction:desc?sort_type%3D%252Fareas%252Fschool%252F6001%252Fdirection%253Adesc%253Fsort_type%253D%25252Fareas%25252Fschool%25252F6001%25252Fdirection%25253Adesc,dup_no_user_canonical,2026-09-18,2026-09-21T20:26:15,2026-09-21T20:26:15
https://schoolwith.me/areas/school/6001/page:2?sort_type=/areas/school/6001/direction:desc?sort_type%3D%252Fareas%252Fschool%252F6001%252Fdirection%253Adesc%253Fsort_type%253D%25252Fareas%25252Fschool%25252F6001%25252Fsort%25253Alowest_fee_per_month%25252Fdirection%25253Aasc,dup_no_user_canonical,2026-09-18,2026-09-21T20:26:15,2026-09-21T20:26:15
https://schoolwith.me/areas/school/6001/page:2?sort_type=/areas/school/6001/direction:desc?sort_type%3D%252Fareas%252Fschool%252F6001%252Fsort%253Alowest_fee_per_month%252Fdirection%253Aasc,dup_no_user_canonical,2026-09-18,2026-09-21T20:26:15,2026-09-21T20:26:15
https://schoolwith.me/areas/school/6001/page:2?sort_type=/areas/school/6001/direction:desc?sort_type%3D%252Fareas%252Fschool%252F6001%252Fsort%253Alowest_fee_per_month%252Fdirection%253Aasc%253Fsort_type%253D%25252Fareas%25252Fschool%25252F6001%25252Fdirection%25253Adesc,dup_no_user_canonical,2026-09-18,2026-09-21T20:26:15,2026-09-21T20:26:15
https://schoolwith.me/areas/school/6001/page:2?sort_type=/areas/school/6001/sort:lowest_fee_per_month/direction:asc?sort_type%3D%252Fareas%252Fschool%252F6001%252Fdirection%253Adesc,dup_no_user_canonical,2026-09-18,2026-09-21T20:26:15,2026-09-21T20:26:15
https://schoolwith.me/areas/school/6001/page:2?sort_type=/areas/school/6001/sort:lowest_fee_per_month/direction:asc?sort_type%3D%252Fareas%252Fschool%252F6001%252Fsort%253Alowest_fee_per_month%252Fdirection%253Aasc,dup_no_user_canonical,2026-09-18,2026-09-21T20:26:15,2026-09-21T20:26:15
https://schoolwith.me/areas/school/6001/page:9/sort:lowest_fee_per_month/direction:asc?sort_type=/areas/school/6001/sort:lowest_fee_per_month/direction:asc?sort_type%3D%252Fareas%252Fschool%252F6001%252Fdirection%253Adesc,crawled_not_indexed,2026-09-18,2026-09-21T20:26:15,2026-09-21T20:26:15
https://schoolwith.me/areas/school/6001/page:9?sort_type=/areas/school/6001/direction:desc?sort_type%3D%252Fareas%252Fschool%252F6001%252Fsort%253Alowest_fee_per_month%252Fdirection%253Aasc,crawled_not_indexed,2026-09-18,2026-09-21T20:26:15,2026-09-21T20:26:15
https://schoolwith.me/areas/school/6026/direction:desc,crawled_not_indexed,2026-09-18,2026-09-21T20:26:15,2026-09-21T20:26:15
https://schoolwith.me/areas/school/7001/page:3?sort_type=/areas/school/7001/direction:desc?sort_type%3D%252Fareas%252Fschool%252F7001%252Fdirection%253Adesc%253Fsort_type%253D%25252Fareas%25252Fschool%25252F7001%25252Fsort%25253Atmp_overall_score%25252Fdirection%25253ADESC%25253Fsort_type%25253D%2525252Fareas%2525252Fschool%2525252F7001,dup_no_user_canonical,2026-09-18,2026-09-21T20:26:15,2026-09-21T20:26:15
https://schoolwith.me/areas/school/7002/direction:desc,discovered_not_indexed,2026-09-18,2026-09-21T20:26:15,2026-09-21T20:26:15
https://schoolwith.me/areas/school/8001/page:2?sort_type=/areas/school/8001/direction:desc?sort_type%3D%252Fareas%252Fschool%252F8001%252Fsort%253Alowest_fee_per_month%252Fdirection%253Aasc%253Fsort_type%253D%25252Fareas%25252Fschool%25252F8001%25252Fdirection%25253Adesc%25253Fsort_type%25253D%2525252Fareas%2525252Fschool%2525252F8001%2525252Fsort%2525253Alowest_fee_per_month%2525252Fdirection%2525253Aasc%2525253Fsort_type%2525253D%252525252Fareas%252525252Fschool%252525252F8001%252525252Fsort%252525253Alowest_fee_per_month%252525252Fdirection%252525253Aasc%252525253Fsort_type%252525253D%25252525252Fareas%25252525252Fschool%25252525252F8001%25252525252Fdirection%25252525253Adesc%25252525253Fsort_type%25252525253D%2525252525252Fareas%2525252525252Fschool%2525252525252F8001%2525252525252Fdirection%2525252525253Adesc%2525252525253Fsort_type%2525252525253D%252525252525252Fareas%252525252525252Fschool%252525252525252F8001%252525252525252Fsort%252525252525253Alowest_fee_per_month%252525252525252Fdirection%252525252525253Aasc%252525252525253Fsort_type%252525252525253D%25252525252525252Fareas%25252525252525252Fschool%25252525252525252F8001%25252525252525252Fsort%25252525252525253Alowest_fee_per_month%25252525252525252Fdirection%25252525252525253Aasc%25252525252525253Fsort_type%25252525252525253D%2525252525252525252Fareas%2525252525252525252Fschool%2525252525252525252F8001%2525252525252525252Fsort%2525252525252525253Alowest_fee_per_month%2525252525252525252Fdirection%2525252525252525253Aasc,dup_no_user_canonical,2026-09-18,2026-09-21T20:26:15,2026-09-21T20:26:15
https://schoolwith.me/areas/school/8007/direction:desc?sort_type=/areas/school/8007/direction:desc?sort_type%3D%252Fareas%252Fschool%252F8007%253Fsort_type%253D%25252Fareas%25252Fschool%25252F8007%25252Fsort%25253Alowest_fee_per_month%25252Fdirection%25253AASC%25253Fsort_type%25253D%2525252Fareas%2525252Fschool%2525252F8007,crawled_not_indexed,2026-09-18,2026-09-21T20:26:15,2026-09-21T20:26:15
https://schoolwith.me/attention,discovered_not_indexed,2026-09-18,2026-09-21T20:26:15,2026-09-21T20:26:15
https://schoolwith.me/auth/google_login?done=/applications/f_register/20100,crawled_not_indexed,2026-09-18,2026-09-21T20:26:15,2026-09-21T20:26:15
https://schoolwith.me/auth/google_login?done=/applications/f_register/244,crawled_not_indexed,2026-09-18,2026-09-21T20:26:15,2026-09-21T20:26:15
https://schoolwith.me/auth/google_login?done=/applications/f_register/40359,crawled_not_indexed,2026-09-18,2026-09-21T20:26:15,2026-09-21T20:26:15
https://schoolwith.me/auth/google_login?done=/applications/f_register/40366,crawled_not_indexed,2026-09-18,2026-09-21T20:26:15,2026-09-21T20:26:15
https://schoolwith.me/auth/google_login?done=/applications/f_register/40367,crawled_not_indexed,2026-09-18,2026-09-21T20:26:15,2026-09-21T20:26:15
https://schoolwith.me/auth/google_login?done=/applications/f_register/40368,crawled_not_indexed,2026-09-18,2026-09-21T20:26:15,2026-09-21T20:26:15
https://schoolwith.me/auth/google_login?done=/applications/f_register/40369,crawled_not_indexed,2026-09-18,2026-09-21T20:26:15,2026-09-21T20:26:15
https://schoolwith.me/auth/google_login?done=/applications/f_register/40370,crawled_not_indexed,2026-09-18,2026-09-21T20:26:15,2026-09-21T20:26:15
https://schoolwith.me/auth/google_login?done=/applications/f_register/50085,crawled_not_indexed,2026-09-18,2026-09-21T20:26:15,2026-09-21T20:26:15
https://schoolwith.me/auth/google_login?done=/applications/f_register/50135,crawled_not_indexed,2026-09-18,2026-09-21T20:26:15,2026-09-21T20:26:15
https://schoolwith.me/auth/google_login?done=/applications/f_register/50376,crawled_not_indexed,2026-09-18,2026-09-21T20:26:15,2026-09-21T20:26:15
https://schoolwith.me/auth/google_login?done=/applications/f_register/60022,crawled_not_indexed,2026-09-18,2026-09-21T20:26:15,2026-09-21T20:26:15
https://schoolwith.me/auth/google_login?done=/applications/register/20123,crawled_not_indexed,2026-09-18,2026-09-21T20:26:15,2026-09-21T20:26:15
https://schoolwith.me/auth/google_login?done=/applications/register/20125,crawled_not_indexed,2026-09-18,2026-09-21T20:26:15,2026-09-21T20:26:15
https://schoolwith.me/auth/google_login?done=/applications/register/20212,crawled_not_indexed,2026-09-18,2026-09-21T20:26:15,2026-09-21T20:26:15
https://schoolwith.me/auth/google_login?done=/applications/register/240,crawled_not_indexed,2026-09-18,2026-09-21T20:26:15,2026-09-21T20:26:15
https://schoolwith.me/auth/google_login?done=/applications/register/3,crawled_not_indexed,2026-09-18,2026-09-21T20:26:15,2026-09-21T20:26:15
https://schoolwith.me/auth/google_login?done=/applications/register/30003,crawled_not_indexed,2026-09-18,2026-09-21T20:26:15,2026-09-21T20:26:15
https://schoolwith.me/auth/google_login?done=/applications/register/30311,crawled_not_indexed,2026-09-18,2026-09-21T20:26:15,2026-09-21T20:26:15
https://schoolwith.me/auth/google_login?done=/applications/register/40366,crawled_not_indexed,2026-09-18,2026-09-21T20:26:15,2026-09-21T20:26:15
https://schoolwith.me/auth/google_login?done=/applications/register/40367,crawled_not_indexed,2026-09-18,2026-09-21T20:26:15,2026-09-21T20:26:15
https://schoolwith.me/auth/google_login?done=/applications/register/40369,crawled_not_indexed,2026-09-18,2026-09-21T20:26:15,2026-09-21T20:26:15
https://schoolwith.me/auth/google_login?done=/applications/register/40370,crawled_not_indexed,2026-09-18,2026-09-21T20:26:15,2026-09-21T20:26:15
https://schoolwith.me/auth/google_login?done=/applications/register/40371,crawled_not_indexed,2026-09-18,2026-09-21T20:26:15,2026-09-21T20:26:15
https://schoolwith.me/auth/google_login?done=/applications/register/50015,crawled_not_indexed,2026-09-18,2026-09-21T20:26:15,2026-09-21T20:26:15
https://schoolwith.me/auth/google_login?done=/schools/166,crawled_not_indexed,2026-09-18,2026-09-21T20:26:15,2026-09-21T20:26:15
https://schoolwith.me/auth/google_login?done=/schools/20197,crawled_not_indexed,2026-09-18,2026-09-21T20:26:15,2026-09-21T20:26:15
https://schoolwith.me/auth/google_login?done=/schools/30044?src_user%3Dsp_brochure_download,crawled_not_indexed,2026-09-18,2026-09-21T20:26:15,2026-09-21T20:26:15
https://schoolwith.me/auth/google_login?done=/schools/40021,crawled_not_indexed,2026-09-18,2026-09-21T20:26:15,2026-09-21T20:26:15
https://schoolwith.me/auth/login?a8=KrA0DrUo2L8pjzgCZjBMppIMq.zJ8oIsAj_CszIFMF4o2LAX79TKcLTLGLZsasTBcFbMIvAycrA01s00000024868001,crawled_not_indexed,2026-09-18,2026-09-21T20:26:15,2026-09-21T20:26:15
https://schoolwith.me/auth/login?done=/applications/f_register/20017,crawled_not_indexed,2026-09-18,2026-09-21T20:26:15,2026-09-21T20:26:15
https://schoolwith.me/auth/login?done=/applications/f_register/30070,crawled_not_indexed,2026-09-18,2026-09-21T20:26:15,2026-09-21T20:26:15
https://schoolwith.me/auth/login?done=/schools/60022,crawled_not_indexed,2026-09-18,2026-09-21T20:26:15,2026-09-21T20:26:15
https://schoolwith.me/campaigns/bestbody?a8=KrA0DrUo2L8pjzgCZjBMppIMq.zJ8oIsAj_CszIFMF4o2LAX79TKcLTLGLZsasTBcFbMIvAycrA01s00000024868001,discovered_not_indexed,2026-09-18,2026-09-21T20:26:15,2026-09-21T20:26:15
https://schoolwith.me/category/schools/abroad_life/country_id:2/area_id:2012/sort:lowest_fee_per_month/direction:asc,crawled_not_indexed,2026-09-18,2026-09-21T20:26:15,2026-09-21T20:26:15
https://schoolwith.me/category/schools/abroad_life/country_id:4/area_id:4002,discovered_not_indexed,2026-09-18,2026-09-21T20:26:15,2026-09-21T20:26:15
https://schoolwith.me/category/schools/abroad_life/country_id:5/area_id:5003,discovered_not_indexed,2026-09-18,2026-09-21T20:26:15,2026-09-21T20:26:15
https://schoolwith.me/category/schools/abroad_life/country_id:5/area_id:5021,discovered_not_indexed,2026-09-18,2026-09-21T20:26:15,2026-09-21T20:26:15
https://schoolwith.me/category/schools/abroad_life/country_id:5/area_id:5022,crawled_not_indexed,2026-09-18,2026-09-21T20:26:15,2026-09-21T20:26:15
https://schoolwith.me/category/schools/abroad_life/country_id:6/area_id:6004,discovered_not_indexed,2026-09-18,2026-09-21T20:26:15,2026-09-21T20:26:15
https://schoolwith.me/category/schools/abroad_life/country_id:7/page:3,crawled_not_indexed,2026-09-18,2026-09-21T20:26:15,2026-09-21T20:26:15
https://schoolwith.me/category/schools/abroad_life/direction:asc/sort:lowest_fee_per_month/country_id:7/page:2?sort_type=/category/schools/abroad_life/direction:desc/country_id:7?sort_type%3D%252Fcategory%252Fschools%252Fabroad_life%252Fdirection%253Aasc%252Fcountry_id%253A7%252Fsort%253Alowest_fee_per_month%253Fsort_type%253D%25252Fcategory%25252Fschools%25252Fabroad_life%25252Fdirection%25253Aasc%25252Fcountry_id%25253A7%25252Fsort%25253Alowest_fee_per_month%25253Fsort_type%25253D%2525252Fcategory%2525252Fschools%2525252Fabroad_life%2525252Fdirection%2525253Adesc%2525252Fcountry_id%2525253A7%2525253Fsort_type%2525253D%252525252Fcategory%252525252Fschools%252525252Fabroad_life%252525252Fcountry_id%252525253A7%252525252Fdirection%252525253Adesc%252525253Fsort_type%252525253D%25252525252Fcategory%25252525252Fschools%25252525252Fabroad_life%25252525252Fcountry_id%25252525253A7%25252525252Fsort%25252525253Alowest_fee_per_month%25252525252Fdirection%25252525253Aasc%25252525253Fsort_type%25252525253D%2525252525252Fcategory%2525252525252Fschools%2525252525252Fabroad_life%2525252525252Fcountry_id%2525252525253A7%2525252525252Fdirection%2525252525253Adesc%2525252525253Fsort_type%2525252525253D%252525252525252Fcategory%252525252525252Fschools%252525252525252Fabroad_life%252525252525252Fcountry_id%252525252525253A7%252525252525252Fdirection%252525252525253Adesc%252525252525253Fsort_type%252525252525253D%25252525252525252Fcategory%25252525252525252Fschools%25252525252525252Fabroad_life%25252525252525252Fcountry_id%25252525252525253A7%25252525252525252Fdirection%25252525252525253Adesc%25252525252525253Fsort_type%25252525252525253D%2525252525252525252Fcategory%2525252525252525252Fschools%2525252525252525252Fabroad_life%2525252525252525252Fcountry_id%2525252525252525253A7%2525252525252525252Fdirection%2525252525252525253Adesc,dup_no_user_canonical,2026-09-18,2026-09-21T20:26:15,2026-09-21T20:26:15
https://schoolwith.me/category/schools/abroad_life/direction:asc/sort:lowest_fee_per_month/country_id:7/page:2?sort_type=/category/schools/abroad_life/direction:desc/country_id:7?sort_type%3D%252Fcategory%252Fschools%252Fabroad_life%252Fdirection%253Adesc%252Fcountry_id%253A7%253Fsort_type%253D%25252Fcategory%25252Fschools%25252Fabroad_life%25252Fdirection%25253Aasc%25252Fcountry_id%25253A7%25252Fsort%25253Alowest_fee_per_month%25253Fsort_type%25253D%2525252Fcategory%2525252Fschools%2525252Fabroad_life%2525252Fdirection%2525253Aasc%2525252Fcountry_id%2525253A7%2525252Fsort%2525253Alowest_fee_per_month%2525253Fsort_type%2525253D%252525252Fcategory%252525252Fschools%252525252Fabroad_life%252525252Fcountry_id%252525253A7%252525252Fdirection%252525253Adesc%252525253Fsort_type%252525253D%25252525252Fcategory%25252525252Fschools%25252525252Fabroad_life%25252525252Fcountry_id%25252525253A7%25252525252Fsort%25252525253Alowest_fee_per_month%25252525252Fdirection%25252525253Aasc%25252525253Fsort_type%25252525253D%2525252525252Fcategory%2525252525252Fschools%2525252525252Fabroad_life%2525252525252Fcountry_id%2525252525253A7%2525252525252Fsort%2525252525253Alowest_fee_per_month%2525252525252Fdirection%2525252525253Aasc%2525252525253Fsort_type%2525252525253D%252525252525252Fcategory%252525252525252Fschools%252525252525252Fabroad_life%252525252525252Fcountry_id%252525252525253A7%252525252525252Fdirection%252525252525253Adesc%252525252525253Fsort_type%252525252525253D%25252525252525252Fcategory%25252525252525252Fschools%25252525252525252Fabroad_life%25252525252525252Fcountry_id%25252525252525253A7%25252525252525252Fdirection%25252525252525253Adesc,dup_no_user_canonical,2026-09-18,2026-09-21T20:26:15,2026-09-21T20:26:15
https://schoolwith.me/category/schools/abroad_life/direction:desc?sort_type=/category/schools/abroad_life/direction:asc/sort:lowest_fee_per_month?sort_type%3D%252Fcategory%252Fschools%252Fabroad_life%252Fdirection%253Adesc%253Fsort_type%253D%25252Fcategory%25252Fschools%25252Fabroad_life%25252Fdirection%25253Adesc%25253Fsort_type%25253D%2525252Fcategory%2525252Fschools%2525252Fabroad_life%2525252Fsort%2525253Alowest_fee_per_month%2525252Fdirection%2525253Aasc%2525253Fsort_type%2525253D%252525252Fcategory%252525252Fschools%252525252Fabroad_life%252525252Fdirection%252525253Adesc%252525253Fsort_type%252525253D%25252525252Fcategory%25252525252Fschools%25252525252Fabroad_life%25252525252Fdirection%25252525253Adesc%25252525253Fsort_type%25252525253D%2525252525252Fcategory%2525252525252Fschools%2525252525252Fabroad_life%2525252525252Fsort%2525252525253Alowest_fee_per_month%2525252525252Fdirection%2525252525253Aasc%2525252525253Fsort_type%2525252525253D%252525252525252Fcategory%252525252525252Fschools%252525252525252Fabroad_life%252525252525253Fsort_type%252525252525253D%25252525252525252Fcategory%25252525252525252Fschools%25252525252525252Fabroad_life,dup_no_user_canonical,2026-09-18,2026-09-21T20:26:15,2026-09-21T20:26:15
https://schoolwith.me/category/schools/abroad_life/direction:desc?sort_type=/category/schools/abroad_life/direction:asc/sort:lowest_fee_per_month?sort_type%3D%252Fcategory%252Fschools%252Fabroad_life%252Fdirection%253Adesc%253Fsort_type%253D%25252Fcategory%25252Fschools%25252Fabroad_life%25253Fsort_type%25253D%2525252Fcategory%2525252Fschools%2525252Fabroad_life%2525252Fsort%2525253Alowest_fee_per_month%2525252Fdirection%2525253AASC,crawled_not_indexed,2026-09-18,2026-09-21T20:26:15,2026-09-21T20:26:15
https://schoolwith.me/category/schools/abroad_life/direction:desc?sort_type=/category/schools/abroad_life/direction:desc?sort_type%3D%252Fcategory%252Fschools%252Fabroad_life%252Fdirection%253Aasc%252Fsort%253Alowest_fee_per_month%253Fsort_type%253D%25252Fcategory%25252Fschools%25252Fabroad_life%25252Fsort%25253Alowest_fee_per_month%25252Fdirection%25253AASC%25253Fsort_type%25253D%2525252Fcategory%2525252Fschools%2525252Fabroad_life%2525252Fsort%2525253Alowest_fee_per_month%2525252Fdirection%2525253AASC%2525253Fsort_type%2525253D%252525252Fcategory%252525252Fschools%252525252Fabroad_life,dup_no_user_canonical,2026-09-18,2026-09-21T20:26:15,2026-09-21T20:26:15
https://schoolwith.me/category/schools/abroad_life/direction:desc?sort_type=/category/schools/abroad_life/direction:desc?sort_type%3D%252Fcategory%252Fschools%252Fabroad_life%252Fdirection%253Adesc%253Fsort_type%253D%25252Fcategory%25252Fschools%25252Fabroad_life%25252Fdirection%25253Aasc%25252Fsort%25253Alowest_fee_per_month%25253Fsort_type%25253D%2525252Fcategory%2525252Fschools%2525252Fabroad_life%2525252Fdirection%2525253Adesc%2525253Fsort_type%2525253D%252525252Fcategory%252525252Fschools%252525252Fabroad_life%252525252Fdirection%252525253Aasc%252525252Fsort%252525253Alowest_fee_per_month,dup_no_user_canonical,2026-09-18,2026-09-21T20:26:15,2026-09-21T20:26:15
https://schoolwith.me/category/schools/abroad_life/direction:desc?sort_type=/category/schools/abroad_life/direction:desc?sort_type%3D%252Fcategory%252Fschools%252Fabroad_life%252Fdirection%253Adesc%253Fsort_type%253D%25252Fcategory%25252Fschools%25252Fabroad_life%25252Fdirection%25253Adesc%25253Fsort_type%25253D%2525252Fcategory%2525252Fschools%2525252Fabroad_life%2525252Fdirection%2525253Aasc%2525252Fsort%2525253Alowest_fee_per_month%2525253Fsort_type%2525253D%252525252Fcategory%252525252Fschools%252525252Fabroad_life%252525252Fdirection%252525253Aasc%252525252Fsort%252525253Alowest_fee_per_month,dup_no_user_canonical,2026-09-18,2026-09-21T20:26:15,2026-09-21T20:26:15
https://schoolwith.me/category/schools/abroad_life/direction:desc?sort_type=/category/schools/abroad_life/direction:desc?sort_type%3D%252Fcategory%252Fschools%252Fabroad_life%252Fdirection%253Adesc%253Fsort_type%253D%25252Fcategory%25252Fschools%25252Fabroad_life%25252Fdirection%25253Adesc%25253Fsort_type%25253D%2525252Fcategory%2525252Fschools%2525252Fabroad_life%2525253Fsort_type%2525253D%252525252Fcategory%252525252Fschools%252525252Fabroad_life%252525253Fsort_type%252525253D%25252525252Fcategory%25252525252Fschools%25252525252Fabroad_life,dup_no_user_canonical,2026-09-18,2026-09-21T20:26:15,2026-09-21T20:26:15
https://schoolwith.me/category/schools/abroad_life/page:27/direction:desc?sort_type=/category/schools/abroad_life/sort:lowest_fee_per_month/direction:asc?sort_type%3D%252Fcategory%252Fschools%252Fabroad_life%252Fsort%253Alowest_fee_per_month%252Fdirection%253Aasc%253Fsort_type%253D%25252Fcategory%25252Fschools%25252Fabroad_life,crawled_not_indexed,2026-09-18,2026-09-21T20:26:15,2026-09-21T20:26:15
https://schoolwith.me/category/schools/abroad_life/page:3/country_id:2?sort_type=/category/schools/abroad_life/direction:asc/country_id:2/sort:lowest_fee_per_month?sort_type%3D%252Fcategory%252Fschools%252Fabroad_life%252Fcountry_id%253A2%252Fdirection%253Adesc%253Fsort_type%253D%25252Fcategory%25252Fschools%25252Fabroad_life%25252Fcountry_id%25253A2%25252Fsort%25253Alowest_fee_per_month%25252Fdirection%25253Aasc%25253Fsort_type%25253D%2525252Fcategory%2525252Fschools%2525252Fabroad_life%2525252Fcountry_id%2525253A2%2525252Fsort%2525253Alowest_fee_per_month%2525252Fdirection%2525253Aasc%2525253Fsort_type%2525253D%252525252Fcategory%252525252Fschools%252525252Fabroad_life%252525252Fcountry_id%252525253A2%252525252Fdirection%252525253Adesc%252525253Fsort_type%252525253D%25252525252Fcategory%25252525252Fschools%25252525252Fabroad_life%25252525252Fcountry_id%25252525253A2%25252525252Fsort%25252525253Alowest_fee_per_month%25252525252Fdirection%25252525253Aasc%25252525253Fsort_type%25252525253D%2525252525252Fcategory%2525252525252Fschools%2525252525252Fabroad_life%2525252525252Fcountry_id%2525252525253A2%2525252525252Fdirection%2525252525253Adesc%2525252525253Fsort_type%2525252525253D%252525252525252Fcategory%252525252525252Fschools%252525252525252Fabroad_life%252525252525252Fcountry_id%252525252525253A2%252525252525252Fdirection%252525252525253Adesc,crawled_not_indexed,2026-09-18,2026-09-21T20:26:15,2026-09-21T20:26:15
https://schoolwith.me/category/schools/abroad_life/page:3/country_id:2?sort_type=/category/schools/abroad_life/sort:lowest_fee_per_month/direction:ASC/country_id:2,crawled_not_indexed,2026-09-18,2026-09-21T20:26:15,2026-09-21T20:26:15
https://schoolwith.me/category/schools/abroad_life/page:3/direction:asc/sort:lowest_fee_per_month/country_id:2?sort_type=/category/schools/abroad_life/direction:asc/country_id:2/sort:lowest_fee_per_month?sort_type%3D%252Fcategory%252Fschools%252Fabroad_life%252Fcountry_id%253A2%252Fdirection%253Adesc%253Fsort_type%253D%25252Fcategory%25252Fschools%25252Fabroad_life%25252Fcountry_id%25253A2%25252Fsort%25253Alowest_fee_per_month%25252Fdirection%25253Aasc%25253Fsort_type%25253D%2525252Fcategory%2525252Fschools%2525252Fabroad_life%2525252Fcountry_id%2525253A2%2525252Fsort%2525253Alowest_fee_per_month%2525252Fdirection%2525253Aasc%2525253Fsort_type%2525253D%252525252Fcategory%252525252Fschools%252525252Fabroad_life%252525252Fcountry_id%252525253A2%252525252Fdirection%252525253Adesc%252525253Fsort_type%252525253D%25252525252Fcategory%25252525252Fschools%25252525252Fabroad_life%25252525252Fcountry_id%25252525253A2%25252525252Fsort%25252525253Alowest_fee_per_month%25252525252Fdirection%25252525253Aasc%25252525253Fsort_type%25252525253D%2525252525252Fcategory%2525252525252Fschools%2525252525252Fabroad_life%2525252525252Fcountry_id%2525252525253A2%2525252525252Fdirection%2525252525253Adesc%2525252525253Fsort_type%2525252525253D%252525252525252Fcategory%252525252525252Fschools%252525252525252Fabroad_life%252525252525252Fcountry_id%252525252525253A2%252525252525252Fdirection%252525252525253Adesc,crawled_not_indexed,2026-09-18,2026-09-21T20:26:15,2026-09-21T20:26:15
https://schoolwith.me/category/schools/abroad_life/page:4/direction:asc/sort:lowest_fee_per_month/country_id:3?sort_type=/category/schools/abroad_life/sort:lowest_fee_per_month/direction:asc/country_id:3?sort_type%3D%252Fcategory%252Fschools%252Fabroad_life%252Fsort%253Alowest_fee_per_month%252Fdirection%253Aasc%252Fcountry_id%253A3,crawled_not_indexed,2026-09-18,2026-09-21T20:26:15,2026-09-21T20:26:15
https://schoolwith.me/category/schools/abroad_life/page:4/sort:lowest_fee_per_month/direction:asc/country_id:3?sort_type=/category/schools/abroad_life/sort:lowest_fee_per_month/direction:asc/country_id:3?sort_type%3D%252Fcategory%252Fschools%252Fabroad_life%252Fsort%253Alowest_fee_per_month%252Fdirection%253Aasc%252Fcountry_id%253A3,crawled_not_indexed,2026-09-18,2026-09-21T20:26:15,2026-09-21T20:26:15
https://schoolwith.me/category/schools/abroad_life/sort:lowest_fee_per_month/direction:asc/country_id:2/page:4?sort_type=/category/schools/abroad_life/direction:desc/country_id:2?sort_type%3D%252Fcategory%252Fschools%252Fabroad_life%252Fdirection%253Adesc%252Fcountry_id%253A2,dup_no_user_canonical,2026-09-18,2026-09-21T20:26:15,2026-09-21T20:26:15
https://schoolwith.me/category/schools/abroad_life/sort:lowest_fee_per_month/direction:asc/country_id:7/page:2?a8=KrA0DrUo2L8pjzgCZjBMppIMq.zJ8oIsAj_CszIFMF4o2LAX79TKcLTLGLZsasTBcFbMIvAycrA01s00000024868001,dup_no_user_canonical,2026-09-18,2026-09-21T20:26:15,2026-09-21T20:26:15
https://schoolwith.me/category/schools/abroad_life/sort:lowest_fee_per_month/direction:asc/country_id:7/page:2?sort_type=/category/schools/abroad_life/country_id:7/direction:desc?sort_type%3D%252Fcategory%252Fschools%252Fabroad_life%252Fcountry_id%253A7%252Fsort%253Alowest_fee_per_month%252Fdirection%253Aasc%253Fsort_type%253D%25252Fcategory%25252Fschools%25252Fabroad_life%25252Fcountry_id%25253A7%25252Fdirection%25253Adesc%25253Fsort_type%25253D%2525252Fcategory%2525252Fschools%2525252Fabroad_life%2525252Fcountry_id%2525253A7%2525252Fdirection%2525253Adesc%2525253Fsort_type%2525253D%252525252Fcategory%252525252Fschools%252525252Fabroad_life%252525252Fcountry_id%252525253A7%252525252Fdirection%252525253Adesc,dup_no_user_canonical,2026-09-18,2026-09-21T20:26:15,2026-09-21T20:26:15
https://schoolwith.me/category/schools/abroad_life/sort:lowest_fee_per_month/direction:asc/country_id:7/page:2?sort_type=/category/schools/abroad_life/sort:lowest_fee_per_month/direction:asc/country_id:7?sort_type%3D%252Fcategory%252Fschools%252Fabroad_life%252Fcountry_id%253A7%252Fsort%253Alowest_fee_per_month%252Fdirection%253Aasc%253Fsort_type%253D%25252Fcategory%25252Fschools%25252Fabroad_life%25252Fcountry_id%25253A7%25252Fdirection%25253Adesc%25253Fsort_type%25253D%2525252Fcategory%2525252Fschools%2525252Fabroad_life%2525252Fcountry_id%2525253A7%2525252Fdirection%2525253Adesc%2525253Fsort_type%2525253D%252525252Fcategory%252525252Fschools%252525252Fabroad_life%252525252Fcountry_id%252525253A7%252525252Fsort%252525253Alowest_fee_per_month%252525252Fdirection%252525253Aasc%252525253Fsort_type%252525253D%25252525252Fcategory%25252525252Fschools%25252525252Fabroad_life%25252525252Fcountry_id%25252525253A7%25252525252Fdirection%25252525253Adesc%25252525253Fsort_type%25252525253D%2525252525252Fcategory%2525252525252Fschools%2525252525252Fabroad_life%2525252525252Fcountry_id%2525252525253A7%2525252525252Fdirection%2525252525253Adesc,dup_no_user_canonical,2026-09-18,2026-09-21T20:26:15,2026-09-21T20:26:15
https://schoolwith.me/category/schools/abroad_life/sort:lowest_fee_per_month/direction:asc/page:3,crawled_not_indexed,2026-09-18,2026-09-21T20:26:15,2026-09-21T20:26:15
https://schoolwith.me/category/schools/abroad_life/sort:lowest_fee_per_month/direction:asc/page:8,discovered_not_indexed,2026-09-18,2026-09-21T20:26:15,2026-09-21T20:26:15
https://schoolwith.me/category/schools/abroad_life/supports/supports/line/page:4/direction:asc/sort:lowest_fee_per_month/country_id:2,dup_no_user_canonical,2026-09-18,2026-09-21T20:26:15,2026-09-21T20:26:15
https://schoolwith.me/category/schools/barista/country_id:4/area_id:4011,discovered_not_indexed,2026-09-18,2026-09-21T20:26:15,2026-09-21T20:26:15
https://schoolwith.me/category/schools/barista/country_id:4/sort:lowest_fee_per_month/direction:asc?sort_type=/category/schools/barista/country_id:4/direction:desc?sort_type%3D%252Fcategory%252Fschools%252Fbarista%252Fcountry_id%253A4%252Fsort%253Alowest_fee_per_month%252Fdirection%253Aasc,dup_no_user_canonical,2026-09-18,2026-09-21T20:26:15,2026-09-21T20:26:15
https://schoolwith.me/category/schools/barista/country_id:4/sort:lowest_fee_per_month/direction:asc?sort_type=/category/schools/barista/country_id:4/direction:desc?sort_type%3D%252Fcategory%252Fschools%252Fbarista%252Fcountry_id%253A4%252Fsort%253Alowest_fee_per_month%252Fdirection%253Aasc%253Fsort_type%253D%25252Fcategory%25252Fschools%25252Fbarista%25252Fcountry_id%25253A4%25252Fsort%25253Alowest_fee_per_month%25252Fdirection%25253Aasc%25253Fsort_type%25253D%2525252Fcategory%2525252Fschools%2525252Fbarista%2525252Fcountry_id%2525253A4%2525252Fsort%2525253Alowest_fee_per_month%2525252Fdirection%2525253Aasc%2525253Fsort_type%2525253D%252525252Fcategory%252525252Fschools%252525252Fbarista%252525252Fcountry_id%252525253A4%252525252Fdirection%252525253Adesc%252525253Fsort_type%252525253D%25252525252Fcategory%25252525252Fschools%25252525252Fbarista%25252525252Fcountry_id%25252525253A4%25252525252Fsort%25252525253Alowest_fee_per_month%25252525252Fdirection%25252525253Aasc%25252525253Fsort_type%25252525253D%2525252525252Fcategory%2525252525252Fschools%2525252525252Fbarista%2525252525252Fcountry_id%2525252525253A4%2525252525252Fsort%2525252525253Alowest_fee_per_month%2525252525252Fdirection%2525252525253Aasc,dup_no_user_canonical,2026-09-18,2026-09-21T20:26:15,2026-09-21T20:26:15
https://schoolwith.me/category/schools/barista/country_id:4/sort:lowest_fee_per_month/direction:asc?sort_type=/category/schools/barista/country_id:4/sort:lowest_fee_per_month/direction:asc,dup_no_user_canonical,2026-09-18,2026-09-21T20:26:15,2026-09-21T20:26:15
https://schoolwith.me/category/schools/barista/country_id:4/sort:lowest_fee_per_month/direction:asc?sort_type=/category/schools/barista/country_id:4/sort:lowest_fee_per_month/direction:asc?sort_type%3D%252Fcategory%252Fschools%252Fbarista%252Fcountry_id%253A4%252Fsort%253Alowest_fee_per_month%252Fdirection%253Aasc,dup_no_user_canonical,2026-09-18,2026-09-21T20:26:15,2026-09-21T20:26:15
https://schoolwith.me/category/schools/barista/country_id:4/sort:lowest_fee_per_month/direction:asc?sort_type=/category/schools/barista/country_id:4/sort:lowest_fee_per_month/direction:asc?sort_type%3D%252Fcategory%252Fschools%252Fbarista%252Fcountry_id%253A4%252Fsort%253Alowest_fee_per_month%252Fdirection%253Aasc%253Fsort_type%253D%25252Fcategory%25252Fschools%25252Fbarista%25252Fcountry_id%25253A4%25252Fdirection%25253Adesc%25253Fsort_type%25253D%2525252Fcategory%2525252Fschools%2525252Fbarista%2525252Fcountry_id%2525253A4%2525252Fdirection%2525253Adesc%2525253Fsort_type%2525253D%252525252Fcategory%252525252Fschools%252525252Fbarista%252525252Fcountry_id%252525253A4%252525252Fdirection%252525253Adesc%252525253Fsort_type%252525253D%25252525252Fcategory%25252525252Fschools%25252525252Fbarista%25252525252Fcountry_id%25252525253A4%25252525252Fdirection%25252525253Adesc,dup_no_user_canonical,2026-09-18,2026-09-21T20:26:15,2026-09-21T20:26:15
https://schoolwith.me/category/schools/barista/country_id:4/sort:lowest_fee_per_month/direction:asc?sort_type=/category/schools/barista/direction:desc/country_id:4?sort_type%3D%252Fcategory%252Fschools%252Fbarista%252Fcountry_id%253A4%252Fsort%253Alowest_fee_per_month%252Fdirection%253Aasc,dup_no_user_canonical,2026-09-18,2026-09-21T20:26:15,2026-09-21T20:26:15
https://schoolwith.me/category/schools/barista/country_id:4/sort:lowest_fee_per_month/direction:asc?sort_type=/category/schools/barista/sort:lowest_fee_per_month/direction:asc/country_id:4?sort_type%3D%252Fcategory%252Fschools%252Fbarista%252Fcountry_id%253A4%252Fsort%253Alowest_fee_per_month%252Fdirection%253Aasc,dup_no_user_canonical,2026-09-18,2026-09-21T20:26:15,2026-09-21T20:26:15
https://schoolwith.me/category/schools/barista/country_id:4/sort:lowest_fee_per_month/direction:asc?sort_type=/category/schools/barista/sort:lowest_fee_per_month/direction:asc/country_id:4?sort_type%3D%252Fcategory%252Fschools%252Fbarista%252Fsort%253Alowest_fee_per_month%252Fdirection%253Aasc%252Fcountry_id%253A4,dup_no_user_canonical,2026-09-18,2026-09-21T20:26:15,2026-09-21T20:26:15
https://schoolwith.me/category/schools/barista/direction:asc/sort:lowest_fee_per_month?sort_type=/category/schools/barista/direction:asc/sort:lowest_fee_per_month?sort_type%3D%252Fcategory%252Fschools%252Fbarista%252Fdirection%253Aasc%252Fsort%253Alowest_fee_per_month%253Fsort_type%253D%25252Fcategory%25252Fschools%25252Fbarista,dup_no_user_canonical,2026-09-18,2026-09-21T20:26:15,2026-09-21T20:26:15
https://schoolwith.me/category/schools/barista/direction:asc/sort:lowest_fee_per_month?sort_type=/category/schools/barista/direction:asc/sort:lowest_fee_per_month?sort_type%3D%252Fcategory%252Fschools%252Fbarista%252Fdirection%253Adesc%253Fsort_type%253D%25252Fcategory%25252Fschools%25252Fbarista%25252Fdirection%25253Adesc%25253Fsort_type%25253D%2525252Fcategory%2525252Fschools%2525252Fbarista%2525252Fsort%2525253Alowest_fee_per_month%2525252Fdirection%2525253Aasc%2525253Fsort_type%2525253D%252525252Fcategory%252525252Fschools%252525252Fbarista%252525252Fdirection%252525253Adesc%252525253Fsort_type%252525253D%25252525252Fcategory%25252525252Fschools%25252525252Fbarista,dup_no_user_canonical,2026-09-18,2026-09-21T20:26:15,2026-09-21T20:26:15
https://schoolwith.me/category/schools/barista/direction:asc/sort:lowest_fee_per_month?sort_type=/category/schools/barista/direction:desc?sort_type%3D%252Fcategory%252Fschools%252Fbarista%252Fdirection%253Aasc%252Fsort%253Alowest_fee_per_month%253Fsort_type%253D%25252Fcategory%25252Fschools%25252Fbarista,dup_no_user_canonical,2026-09-18,2026-09-21T20:26:15,2026-09-21T20:26:15
https://schoolwith.me/category/schools/barista/direction:asc/sort:lowest_fee_per_month?sort_type=/category/schools/barista/direction:desc?sort_type%3D%252Fcategory%252Fschools%252Fbarista%252Fdirection%253Aasc%252Fsort%253Alowest_fee_per_month%253Fsort_type%253D%25252Fcategory%25252Fschools%25252Fbarista%25252Fdirection%25253Adesc%25253Fsort_type%25253D%2525252Fcategory%2525252Fschools%2525252Fbarista,dup_no_user_canonical,2026-09-18,2026-09-21T20:26:15,2026-09-21T20:26:15
https://schoolwith.me/category/schools/barista/direction:asc/sort:lowest_fee_per_month?sort_type=/category/schools/barista/direction:desc?sort_type%3D%252Fcategory%252Fschools%252Fbarista%252Fdirection%253Adesc%253Fsort_type%253D%25252Fcategory%25252Fschools%25252Fbarista%25252Fdirection%25253Adesc%25253Fsort_type%25253D%2525252Fcategory%2525252Fschools%2525252Fbarista%2525252Fdirection%2525253Adesc%2525253Fsort_type%2525253D%252525252Fcategory%252525252Fschools%252525252Fbarista%252525252Fdirection%252525253Aasc%252525252Fsort%252525253Alowest_fee_per_month%252525253Fsort_type%252525253D%25252525252Fcategory%25252525252Fschools%25252525252Fbarista%25252525252Fdirection%25252525253Aasc%25252525252Fsort%25252525253Alowest_fee_per_month%25252525253Fsort_type%25252525253D%2525252525252Fcategory%2525252525252Fschools%2525252525252Fbarista%2525252525252Fdirection%2525252525253Aasc%2525252525252Fsort%2525252525253Alowest_fee_per_month%2525252525253Fsort_type%2525252525253D%252525252525252Fcategory%252525252525252Fschools%252525252525252Fbarista%252525252525252Fdirection%252525252525253Adesc%252525252525253Fsort_type%252525252525253D%25252525252525252Fcategory%25252525252525252Fschools%25252525252525252Fbarista%25252525252525252Fdirection%25252525252525253Adesc%25252525252525253Fsort_type%25252525252525253D%2525252525252525252Fcategory%2525252525252525252Fschools%2525252525252525252Fbarista%2525252525252525252Fdirection%2525252525252525253Aasc%2525252525252525252Fsort%2525252525252525253Alowest_fee_per_month,dup_no_user_canonical,2026-09-18,2026-09-21T20:26:15,2026-09-21T20:26:15
https://schoolwith.me/category/schools/barista/direction:asc/sort:lowest_fee_per_month?sort_type=/category/schools/barista/sort:lowest_fee_per_month/direction:asc?sort_type%3D%252Fcategory%252Fschools%252Fbarista%252Fdirection%253Adesc%253Fsort_type%253D%25252Fcategory%25252Fschools%25252Fbarista,dup_no_user_canonical,2026-09-18,2026-09-21T20:26:15,2026-09-21T20:26:15
https://schoolwith.me/category/schools/barista/direction:desc?sort_type=/category/schools/barista/sort:lowest_fee_per_month/direction:asc?sort_type%3D%252Fcategory%252Fschools%252Fbarista%252Fdirection%253Adesc%253Fsort_type%253D%25252Fcategory%25252Fschools%25252Fbarista,crawled_not_indexed,2026-09-18,2026-09-21T20:26:15,2026-09-21T20:26:15
https://schoolwith.me/category/schools/barista/sort:lowest_fee_per_month/direction:asc?sort_type=/category/schools/barista/direction:desc?sort_type%3D%252Fcategory%252Fschools%252Fbarista%252Fdirection%253Adesc%253Fsort_type%253D%25252Fcategory%25252Fschools%25252Fbarista,dup_no_user_canonical,2026-09-18,2026-09-21T20:26:15,2026-09-21T20:26:15
https://schoolwith.me/category/schools/business/country_id:1/area_id:6,discovered_not_indexed,2026-09-18,2026-09-21T20:26:15,2026-09-21T20:26:15
https://schoolwith.me/category/schools/business/country_id:1/area_id:7,crawled_not_indexed,2026-09-18,2026-09-21T20:26:15,2026-09-21T20:26:15
https://schoolwith.me/category/schools/business/country_id:1/area_id:9,crawled_not_indexed,2026-09-18,2026-09-21T20:26:15,2026-09-21T20:26:15
https://schoolwith.me/category/schools/business/country_id:1?sort_type=/category/schools/business/direction:asc/sort:lowest_fee_per_month/country_id:1?sort_type%3D%252Fcategory%252Fschools%252Fbusiness%252Fcountry_id%253A1%252Fdirection%253Adesc%253Fsort_type%253D%25252Fcategory%25252Fschools%25252Fbusiness%25252Fcountry_id%25253A1%25252Fdirection%25253Adesc%25253Fsort_type%25253D%2525252Fcategory%2525252Fschools%2525252Fbusiness%2525252Fcountry_id%2525253A1%2525252Fsort%2525253Alowest_fee_per_month%2525252Fdirection%2525253AASC,crawled_not_indexed,2026-09-18,2026-09-21T20:26:15,2026-09-21T20:26:15
https://schoolwith.me/category/schools/business/country_id:2/area_id:2039/sort:lowest_fee_per_month/direction:asc,crawled_not_indexed,2026-09-18,2026-09-21T20:26:15,2026-09-21T20:26:15
https://schoolwith.me/category/schools/business/country_id:3/area_id:3001/page:2,crawled_not_indexed,2026-09-18,2026-09-21T20:26:15,2026-09-21T20:26:15
https://schoolwith.me/category/schools/business/country_id:4/area_id:4004/sort:lowest_fee_per_month/direction:ASC?sort_type=/category/schools/business/sort:lowest_fee_per_month/direction:ASC/country_id:4/area_id:4004?sort_type%3D%252Fcategory%252Fschools%252Fbusiness%252Fcountry_id%253A4%252Farea_id%253A4004%252Fsort%253Alowest_fee_per_month%252Fdirection%253AASC,dup_no_user_canonical,2026-09-18,2026-09-21T20:26:15,2026-09-21T20:26:15
https://schoolwith.me/category/schools/business/country_id:4/area_id:4004/sort:lowest_fee_per_month/direction:asc?sort_type=/category/schools/business/sort:lowest_fee_per_month/direction:asc/country_id:4/area_id:4004,dup_no_user_canonical,2026-09-18,2026-09-21T20:26:15,2026-09-21T20:26:15
https://schoolwith.me/category/schools/business/country_id:5/area_id:5007/sort:lowest_fee_per_month/direction:asc?sort_type=/category/schools/business/country_id:5/area_id:5007/sort:lowest_fee_per_month/direction:asc?sort_type%3D%252Fcategory%252Fschools%252Fbusiness%252Fcountry_id%253A5%252Farea_id%253A5007%252Fdirection%253Adesc%253Fsort_type%253D%25252Fcategory%25252Fschools%25252Fbusiness%25252Fcountry_id%25253A5%25252Farea_id%25253A5007%25252Fdirection%25253Adesc%25253Fsort_type%25253D%2525252Fcategory%2525252Fschools%2525252Fbusiness%2525252Fcountry_id%2525253A5%2525252Farea_id%2525253A5007%2525252Fsort%2525253Alowest_fee_per_month%2525252Fdirection%2525253Aasc%2525253Fsort_type%2525253D%252525252Fcategory%252525252Fschools%252525252Fbusiness%252525252Fcountry_id%252525253A5%252525252Farea_id%252525253A5007%252525252Fsort%252525253Alowest_fee_per_month%252525252Fdirection%252525253Aasc%252525253Fsort_type%252525253D%25252525252Fcategory%25252525252Fschools%25252525252Fbusiness%25252525252Fcountry_id%25252525253A5%25252525252Farea_id%25252525253A5007%25252525252Fsort%25252525253Alowest_fee_per_month%25252525252Fdirection%25252525253Aasc,dup_no_user_canonical,2026-09-18,2026-09-21T20:26:15,2026-09-21T20:26:15
https://schoolwith.me/category/schools/business/country_id:5/area_id:5007/sort:lowest_fee_per_month/direction:asc?sort_type=/category/schools/business/sort:lowest_fee_per_month/direction:asc/country_id:5/area_id:5007?sort_type%3D%252Fcategory%252Fschools%252Fbusiness%252Fsort%253Alowest_fee_per_month%252Fdirection%253Aasc%252Fcountry_id%253A5%252Farea_id%253A5007%253Fsort_type%253D%25252Fcategory%25252Fschools%25252Fbusiness%25252Fdirection%25253Adesc%25252Fcountry_id%25253A5%25252Farea_id%25253A5007%25253Fsort_type%25253D%2525252Fcategory%2525252Fschools%2525252Fbusiness%2525252Fsort%2525253Alowest_fee_per_month%2525252Fdirection%2525253Aasc%2525252Fcountry_id%2525253A5%2525252Farea_id%2525253A5007,dup_no_user_canonical,2026-09-18,2026-09-21T20:26:15,2026-09-21T20:26:15
https://schoolwith.me/category/schools/business/country_id:5/area_id:5014?sort_type=/category/schools/business/country_id:5/area_id:5014/sort:lowest_fee_per_month/direction:asc,dup_no_user_canonical,2026-09-18,2026-09-21T20:26:15,2026-09-21T20:26:15
https://schoolwith.me/category/schools/business/country_id:8/area_id:8001,discovered_not_indexed,2026-09-18,2026-09-21T20:26:15,2026-09-21T20:26:15
https://schoolwith.me/category/schools/business/country_id:8/area_id:8007?sort_type=/category/schools/business/country_id:8/area_id:8007/sort:lowest_fee_per_month/direction:asc,dup_no_user_canonical,2026-09-18,2026-09-21T20:26:15,2026-09-21T20:26:15
https://schoolwith.me/category/schools/business/direction:DESC/country_id:2/page:2/sort:School.application_cnt?sort_type=/category/schools/business/direction:asc/country_id:2/sort:lowest_fee_per_month?sort_type%3D%252Fcategory%252Fschools%252Fbusiness%252Fcountry_id%253A2%252Fdirection%253Adesc%253Fsort_type%253D%25252Fcategory%25252Fschools%25252Fbusiness%25252Fcountry_id%25253A2%25252Fdirection%25253Adesc%25253Fsort_type%25253D%2525252Fcategory%2525252Fschools%2525252Fbusiness%2525252Fcountry_id%2525253A2%2525252Fsort%2525253Alowest_fee_per_month%2525252Fdirection%2525253Aasc%2525253Fsort_type%2525253D%252525252Fcategory%252525252Fschools%252525252Fbusiness%252525252Fcountry_id%252525253A2%252525252Fsort%252525253Atmp_overall_score%252525252Fdirection%252525253ADESC,dup_no_user_canonical,2026-09-18,2026-09-21T20:26:15,2026-09-21T20:26:15
https://schoolwith.me/category/schools/business/direction:DESC/country_id:2/page:2/sort:School.application_cnt?sort_type=/category/schools/business/direction:asc/country_id:2/sort:lowest_fee_per_month?sort_type%3D%252Fcategory%252Fschools%252Fbusiness%252Fdirection%253Adesc%252Fcountry_id%253A2%253Fsort_type%253D%25252Fcategory%25252Fschools%25252Fbusiness%25252Fcountry_id%25253A2%25252Fsort%25253Alowest_fee_per_month%25252Fdirection%25253Aasc,dup_no_user_canonical,2026-09-18,2026-09-21T20:26:15,2026-09-21T20:26:15
https://schoolwith.me/category/schools/business/direction:DESC/country_id:2/page:2/sort:School.application_cnt?sort_type=/category/schools/business/direction:asc/sort:lowest_fee_per_month/country_id:2?sort_type%3D%252Fcategory%252Fschools%252Fbusiness%252Fdirection%253Aasc%252Fcountry_id%253A2%252Fsort%253Alowest_fee_per_month%253Fsort_type%253D%25252Fcategory%25252Fschools%25252Fbusiness%25252Fcountry_id%25253A2%25252Fsort%25253Alowest_fee_per_month%25252Fdirection%25253Aasc,dup_no_user_canonical,2026-09-18,2026-09-21T20:26:15,2026-09-21T20:26:15
https://schoolwith.me/category/schools/business/direction:DESC/country_id:2/page:2/sort:School.application_cnt?sort_type=/category/schools/business/direction:asc/sort:lowest_fee_per_month/country_id:2?sort_type%3D%252Fcategory%252Fschools%252Fbusiness%252Fdirection%253Adesc%252Fcountry_id%253A2%253Fsort_type%253D%25252Fcategory%25252Fschools%25252Fbusiness%25252Fdirection%25253Adesc%25252Fcountry_id%25253A2%25253Fsort_type%25253D%2525252Fcategory%2525252Fschools%2525252Fbusiness%2525252Fsort%2525253Alowest_fee_per_month%2525252Fdirection%2525253Aasc%2525252Fcountry_id%2525253A2%2525253Fsort_type%2525253D%252525252Fcategory%252525252Fschools%252525252Fbusiness%252525252Fcountry_id%252525253A2%252525252Fsort%252525253Alowest_fee_per_month%252525252Fdirection%252525253Aasc,dup_no_user_canonical,2026-09-18,2026-09-21T20:26:15,2026-09-21T20:26:15
https://schoolwith.me/category/schools/business/direction:DESC/country_id:2/page:2/sort:School.application_cnt?sort_type=/category/schools/business/direction:desc/country_id:2?sort_type%3D%252Fcategory%252Fschools%252Fbusiness%252Fdirection%253Aasc%252Fcountry_id%253A2%252Fsort%253Alowest_fee_per_month%253Fsort_type%253D%25252Fcategory%25252Fschools%25252Fbusiness%25252Fcountry_id%25253A2%25252Fdirection%25253Adesc%25253Fsort_type%25253D%2525252Fcategory%2525252Fschools%2525252Fbusiness%2525252Fcountry_id%2525253A2%2525252Fsort%2525253Alowest_fee_per_month%2525252Fdirection%2525253Aasc%2525253Fsort_type%2525253D%252525252Fcategory%252525252Fschools%252525252Fbusiness%252525252Fcountry_id%252525253A2%252525252Fdirection%252525253Adesc%252525253Fsort_type%252525253D%25252525252Fcategory%25252525252Fschools%25252525252Fbusiness%25252525252Fcountry_id%25252525253A2%25252525252Fsort%25252525253Alowest_fee_per_month%25252525252Fdirection%25252525253Aasc,dup_no_user_canonical,2026-09-18,2026-09-21T20:26:15,2026-09-21T20:26:15
https://schoolwith.me/category/schools/business/direction:DESC/country_id:2/page:2/sort:School.application_cnt?sort_type=/category/schools/business/direction:desc/country_id:2?sort_type%3D%252Fcategory%252Fschools%252Fbusiness%252Fdirection%253Adesc%252Fcountry_id%253A2%253Fsort_type%253D%25252Fcategory%25252Fschools%25252Fbusiness%25252Fdirection%25253Adesc%25252Fcountry_id%25253A2%25253Fsort_type%25253D%2525252Fcategory%2525252Fschools%2525252Fbusiness%2525252Fcountry_id%2525253A2%2525252Fsort%2525253Alowest_fee_per_month%2525252Fdirection%2525253Aasc%2525253Fsort_type%2525253D%252525252Fcategory%252525252Fschools%252525252Fbusiness%252525252Fcountry_id%252525253A2%252525252Fsort%252525253Alowest_fee_per_month%252525252Fdirection%252525253Aasc%252525253Fsort_type%252525253D%25252525252Fcategory%25252525252Fschools%25252525252Fbusiness%25252525252Fcountry_id%25252525253A2%25252525252Fsort%25252525253Alowest_fee_per_month%25252525252Fdirection%25252525253Aasc,dup_no_user_canonical,2026-09-18,2026-09-21T20:26:15,2026-09-21T20:26:15
https://schoolwith.me/category/schools/business/direction:DESC/country_id:2/page:2/sort:School.application_cnt?sort_type=/category/schools/business/sort:lowest_fee_per_month/direction:asc/country_id:2?sort_type%3D%252Fcategory%252Fschools%252Fbusiness%252Fcountry_id%253A2%252Fdirection%253Adesc%253Fsort_type%253D%25252Fcategory%25252Fschools%25252Fbusiness%25252Fcountry_id%25253A2%25252Fsort%25253Alowest_fee_per_month%25252Fdirection%25253Aasc%25253Fsort_type%25253D%2525252Fcategory%2525252Fschools%2525252Fbusiness%2525252Fcountry_id%2525253A2%2525252Fdirection%2525253Adesc%2525253Fsort_type%2525253D%252525252Fcategory%252525252Fschools%252525252Fbusiness%252525252Fcountry_id%252525253A2%252525252Fsort%252525253Alowest_fee_per_month%252525252Fdirection%252525253Aasc,dup_no_user_canonical,2026-09-18,2026-09-21T20:26:15,2026-09-21T20:26:15
https://schoolwith.me/category/schools/business/direction:asc/country_id:1/sort:lowest_fee_per_month?sort_type=/category/schools/business/country_id:1/direction:desc?sort_type%3D%252Fcategory%252Fschools%252Fbusiness%252Fcountry_id%253A1%252Fdirection%253Adesc%253Fsort_type%253D%25252Fcategory%25252Fschools%25252Fbusiness%25252Fcountry_id%25253A1%25252Fdirection%25253Adesc%25253Fsort_type%25253D%2525252Fcategory%2525252Fschools%2525252Fbusiness%2525252Fcountry_id%2525253A1%2525252Fsort%2525253Alowest_fee_per_month%2525252Fdirection%2525253AASC,crawled_not_indexed,2026-09-18,2026-09-21T20:26:15,2026-09-21T20:26:15
https://schoolwith.me/category/schools/business/direction:asc/country_id:1/sort:lowest_fee_per_month?sort_type=/category/schools/business/direction:asc/sort:lowest_fee_per_month/country_id:1?sort_type%3D%252Fcategory%252Fschools%252Fbusiness%252Fcountry_id%253A1%252Fdirection%253Adesc%253Fsort_type%253D%25252Fcategory%25252Fschools%25252Fbusiness%25252Fcountry_id%25253A1%25252Fdirection%25253Adesc%25253Fsort_type%25253D%2525252Fcategory%2525252Fschools%2525252Fbusiness%2525252Fcountry_id%2525253A1%2525252Fsort%2525253Alowest_fee_per_month%2525252Fdirection%2525253AASC,crawled_not_indexed,2026-09-18,2026-09-21T20:26:15,2026-09-21T20:26:15
https://schoolwith.me/category/schools/business/direction:asc/country_id:2/sort:lowest_fee_per_month?sort_type=/category/schools/business/direction:desc/country_id:2?sort_type%3D%252Fcategory%252Fschools%252Fbusiness%252Fdirection%253Adesc%252Fcountry_id%253A2%253Fsort_type%253D%25252Fcategory%25252Fschools%25252Fbusiness%25252Fdirection%25253Aasc%25252Fcountry_id%25253A2%25252Fsort%25253Alowest_fee_per_month%25253Fsort_type%25253D%2525252Fcategory%2525252Fschools%2525252Fbusiness%2525252Fdirection%2525253Aasc%2525252Fcountry_id%2525253A2%2525252Fsort%2525253Alowest_fee_per_month%2525253Fsort_type%2525253D%252525252Fcategory%252525252Fschools%252525252Fbusiness%252525252Fsort%252525253Alowest_fee_per_month%252525252Fdirection%252525253Aasc%252525252Fcountry_id%252525253A2%252525253Fsort_type%252525253D%25252525252Fcategory%25252525252Fschools%25252525252Fbusiness%25252525252Fcountry_id%25252525253A2%25252525252Fsort%25252525253Alowest_fee_per_month%25252525252Fdirection%25252525253Aasc,dup_no_user_canonical,2026-09-18,2026-09-21T20:26:15,2026-09-21T20:26:15
https://schoolwith.me/category/schools/business/direction:asc/country_id:4/area_id:4003/sort:lowest_fee_per_month,discovered_not_indexed,2026-09-18,2026-09-21T20:26:15,2026-09-21T20:26:15
https://schoolwith.me/category/schools/business/direction:asc/country_id:4/area_id:4004/sort:lowest_fee_per_month,dup_google_chose_different,2026-09-18,2026-09-21T20:26:15,2026-09-21T20:26:15
https://schoolwith.me/category/schools/business/direction:asc/country_id:7/area_id:7001/sort:lowest_fee_per_month,discovered_not_indexed,2026-09-18,2026-09-21T20:26:15,2026-09-21T20:26:15
https://schoolwith.me/category/schools/business/direction:desc/country_id:1?sort_type=/category/schools/business/country_id:1/direction:desc?sort_type%3D%252Fcategory%252Fschools%252Fbusiness%252Fcountry_id%253A1%252Fdirection%253Adesc%253Fsort_type%253D%25252Fcategory%25252Fschools%25252Fbusiness%25252Fcountry_id%25253A1%25252Fdirection%25253Adesc%25253Fsort_type%25253D%2525252Fcategory%2525252Fschools%2525252Fbusiness%2525252Fcountry_id%2525253A1%2525252Fsort%2525253Alowest_fee_per_month%2525252Fdirection%2525253AASC,dup_no_user_canonical,2026-09-18,2026-09-21T20:26:15,2026-09-21T20:26:15
https://schoolwith.me/category/schools/business/direction:desc/country_id:1?sort_type=/category/schools/business/direction:desc/country_id:1?sort_type%3D%252Fcategory%252Fschools%252Fbusiness%252Fcountry_id%253A1%252Fdirection%253Adesc%253Fsort_type%253D%25252Fcategory%25252Fschools%25252Fbusiness%25252Fcountry_id%25253A1%25252Fdirection%25253Adesc%25253Fsort_type%25253D%2525252Fcategory%2525252Fschools%2525252Fbusiness%2525252Fcountry_id%2525253A1%2525252Fdirection%2525253Adesc%2525253Fsort_type%2525253D%252525252Fcategory%252525252Fschools%252525252Fbusiness%252525252Fcountry_id%252525253A1%252525252Fsort%252525253Alowest_fee_per_month%252525252Fdirection%252525253AASC,dup_no_user_canonical,2026-09-18,2026-09-21T20:26:15,2026-09-21T20:26:15
https://schoolwith.me/category/schools/business/direction:desc/country_id:1?sort_type=/category/schools/business/direction:desc/country_id:1?sort_type%3D%252Fcategory%252Fschools%252Fbusiness%252Fdirection%253Adesc%252Fcountry_id%253A1%253Fsort_type%253D%25252Fcategory%25252Fschools%25252Fbusiness%25252Fdirection%25253Aasc%25252Fcountry_id%25253A1%25252Fsort%25253Alowest_fee_per_month%25253Fsort_type%25253D%2525252Fcategory%2525252Fschools%2525252Fbusiness%2525252Fdirection%2525253Adesc%2525252Fcountry_id%2525253A1%2525253Fsort_type%2525253D%252525252Fcategory%252525252Fschools%252525252Fbusiness%252525252Fdirection%252525253Adesc%252525252Fcountry_id%252525253A1,dup_no_user_canonical,2026-09-18,2026-09-21T20:26:15,2026-09-21T20:26:15
https://schoolwith.me/category/schools/business/direction:desc/country_id:2?sort_type=/category/schools/business/direction:asc/country_id:2/sort:lowest_fee_per_month?sort_type%3D%252Fcategory%252Fschools%252Fbusiness%252Fdirection%253Adesc%252Fcountry_id%253A2%253Fsort_type%253D%25252Fcategory%25252Fschools%25252Fbusiness%25252Fdirection%25253Aasc%25252Fsort%25253Alowest_fee_per_month%25252Fcountry_id%25253A2%25253Fsort_type%25253D%2525252Fcategory%2525252Fschools%2525252Fbusiness%2525252Fdirection%2525253Aasc%2525252Fcountry_id%2525253A2%2525252Fsort%2525253Alowest_fee_per_month%2525253Fsort_type%2525253D%252525252Fcategory%252525252Fschools%252525252Fbusiness%252525252Fcountry_id%252525253A2%252525252Fsort%252525253Alowest_fee_per_month%252525252Fdirection%252525253Aasc,dup_no_user_canonical,2026-09-18,2026-09-21T20:26:15,2026-09-21T20:26:15
https://schoolwith.me/category/schools/business/direction:desc/country_id:2?sort_type=/category/schools/business/direction:asc/sort:lowest_fee_per_month/country_id:2?sort_type%3D%252Fcategory%252Fschools%252Fbusiness%252Fdirection%253Aasc%252Fcountry_id%253A2%252Fsort%253Alowest_fee_per_month%253Fsort_type%253D%25252Fcategory%25252Fschools%25252Fbusiness%25252Fdirection%25253Adesc%25252Fcountry_id%25253A2%25253Fsort_type%25253D%2525252Fcategory%2525252Fschools%2525252Fbusiness%2525252Fdirection%2525253Aasc%2525252Fcountry_id%2525253A2%2525252Fsort%2525253Alowest_fee_per_month%2525253Fsort_type%2525253D%252525252Fcategory%252525252Fschools%252525252Fbusiness%252525252Fcountry_id%252525253A2%252525252Fsort%252525253Alowest_fee_per_month%252525252Fdirection%252525253Aasc,dup_no_user_canonical,2026-09-18,2026-09-21T20:26:15,2026-09-21T20:26:15
https://schoolwith.me/category/schools/business/direction:desc/country_id:2?sort_type=/category/schools/business/direction:asc/sort:lowest_fee_per_month/country_id:2?sort_type%3D%252Fcategory%252Fschools%252Fbusiness%252Fdirection%253Adesc%252Fcountry_id%253A2%253Fsort_type%253D%25252Fcategory%25252Fschools%25252Fbusiness%25252Fdirection%25253Aasc%25252Fsort%25253Alowest_fee_per_month%25252Fcountry_id%25253A2%25253Fsort_type%25253D%2525252Fcategory%2525252Fschools%2525252Fbusiness%2525252Fdirection%2525253Aasc%2525252Fcountry_id%2525253A2%2525252Fsort%2525253Alowest_fee_per_month%2525253Fsort_type%2525253D%252525252Fcategory%252525252Fschools%252525252Fbusiness%252525252Fcountry_id%252525253A2%252525252Fsort%252525253Alowest_fee_per_month%252525252Fdirection%252525253Aasc,dup_no_user_canonical,2026-09-18,2026-09-21T20:26:15,2026-09-21T20:26:15
https://schoolwith.me/category/schools/business/direction:desc/country_id:2?sort_type=/category/schools/business/direction:desc/country_id:2?sort_type%3D%252Fcategory%252Fschools%252Fbusiness%252Fdirection%253Aasc%252Fsort%253Alowest_fee_per_month%252Fcountry_id%253A2%253Fsort_type%253D%25252Fcategory%25252Fschools%25252Fbusiness%25252Fdirection%25253Aasc%25252Fsort%25253Alowest_fee_per_month%25252Fcountry_id%25253A2%25253Fsort_type%25253D%2525252Fcategory%2525252Fschools%2525252Fbusiness%2525252Fdirection%2525253Aasc%2525252Fcountry_id%2525253A2%2525252Fsort%2525253Alowest_fee_per_month%2525253Fsort_type%2525253D%252525252Fcategory%252525252Fschools%252525252Fbusiness%252525252Fcountry_id%252525253A2%252525252Fsort%252525253Alowest_fee_per_month%252525252Fdirection%252525253Aasc,dup_no_user_canonical,2026-09-18,2026-09-21T20:26:15,2026-09-21T20:26:15
https://schoolwith.me/category/schools/business/direction:desc/country_id:2?sort_type=/category/schools/business/direction:desc/country_id:2?sort_type%3D%252Fcategory%252Fschools%252Fbusiness%252Fdirection%253Adesc%252Fcountry_id%253A2%253Fsort_type%253D%25252Fcategory%25252Fschools%25252Fbusiness%25252Fcountry_id%25253A2%25252Fdirection%25253Adesc%25253Fsort_type%25253D%2525252Fcategory%2525252Fschools%2525252Fbusiness%2525252Fcountry_id%2525253A2%2525252Fsort%2525253Alowest_fee_per_month%2525252Fdirection%2525253Aasc%2525253Fsort_type%2525253D%252525252Fcategory%252525252Fschools%252525252Fbusiness%252525252Fcountry_id%252525253A2%252525252Fdirection%252525253Adesc%252525253Fsort_type%252525253D%25252525252Fcategory%25252525252Fschools%25252525252Fbusiness%25252525252Fcountry_id%25252525253A2%25252525252Fsort%25252525253Alowest_fee_per_month%25252525252Fdirection%25252525253Aasc,dup_no_user_canonical,2026-09-18,2026-09-21T20:26:15,2026-09-21T20:26:15
https://schoolwith.me/category/schools/business/direction:desc/country_id:2?sort_type=/category/schools/business/direction:desc/country_id:2?sort_type%3D%252Fcategory%252Fschools%252Fbusiness%252Fsort%253Alowest_fee_per_month%252Fdirection%253Aasc%252Fcountry_id%253A2%253Fsort_type%253D%25252Fcategory%25252Fschools%25252Fbusiness%25252Fdirection%25253Adesc%25252Fcountry_id%25253A2%25253Fsort_type%25253D%2525252Fcategory%2525252Fschools%2525252Fbusiness%2525252Fcountry_id%2525253A2%2525252Fsort%2525253Alowest_fee_per_month%2525252Fdirection%2525253Aasc%2525253Fsort_type%2525253D%252525252Fcategory%252525252Fschools%252525252Fbusiness%252525252Fcountry_id%252525253A2%252525252Fsort%252525253Alowest_fee_per_month%252525252Fdirection%252525253Aasc,dup_no_user_canonical,2026-09-18,2026-09-21T20:26:15,2026-09-21T20:26:15
https://schoolwith.me/category/schools/business/direction:desc/country_id:5/area_id:5007?sort_type=/category/schools/business/country_id:5/area_id:5007/sort:lowest_fee_per_month/direction:asc?sort_type%3D%252Fcategory%252Fschools%252Fbusiness%252Fcountry_id%253A5%252Farea_id%253A5007%252Fdirection%253Adesc%253Fsort_type%253D%25252Fcategory%25252Fschools%25252Fbusiness%25252Fcountry_id%25253A5%25252Farea_id%25253A5007%25252Fdirection%25253Adesc%25253Fsort_type%25253D%2525252Fcategory%2525252Fschools%2525252Fbusiness%2525252Fcountry_id%2525253A5%2525252Farea_id%2525253A5007%2525252Fsort%2525253Alowest_fee_per_month%2525252Fdirection%2525253Aasc%2525253Fsort_type%2525253D%252525252Fcategory%252525252Fschools%252525252Fbusiness%252525252Fcountry_id%252525253A5%252525252Farea_id%252525253A5007%252525252Fsort%252525253Alowest_fee_per_month%252525252Fdirection%252525253Aasc%252525253Fsort_type%252525253D%25252525252Fcategory%25252525252Fschools%25252525252Fbusiness%25252525252Fcountry_id%25252525253A5%25252525252Farea_id%25252525253A5007%25252525252Fsort%25252525253Alowest_fee_per_month%25252525252Fdirection%25252525253Aasc,crawled_not_indexed,2026-09-18,2026-09-21T20:26:15,2026-09-21T20:26:15
https://schoolwith.me/category/schools/business/direction:desc/country_id:5/area_id:5014?sort_type=/category/schools/business/country_id:5/area_id:5014/direction:desc?sort_type%3D%252Fcategory%252Fschools%252Fbusiness%252Fcountry_id%253A5%252Farea_id%253A5014%252Fdirection%253Adesc%253Fsort_type%253D%25252Fcategory%25252Fschools%25252Fbusiness%25252Fcountry_id%25253A5%25252Farea_id%25253A5014%25252Fdirection%25253Adesc%25253Fsort_type%25253D%2525252Fcategory%2525252Fschools%2525252Fbusiness%2525252Fcountry_id%2525253A5%2525252Farea_id%2525253A5014%2525252Fdirection%2525253Adesc%2525253Fsort_type%2525253D%252525252Fcategory%252525252Fschools%252525252Fbusiness%252525252Fcountry_id%252525253A5%252525252Farea_id%252525253A5014%252525252Fsort%252525253Alowest_fee_per_month%252525252Fdirection%252525253Aasc%252525253Fsort_type%252525253D%25252525252Fcategory%25252525252Fschools%25252525252Fbusiness%25252525252Fcountry_id%25252525253A5%25252525252Farea_id%25252525253A5014%25252525252Fsort%25252525253Alowest_fee_per_month%25252525252Fdirection%25252525253Aasc,dup_no_user_canonical,2026-09-18,2026-09-21T20:26:15,2026-09-21T20:26:15
https://schoolwith.me/category/schools/business/direction:desc/country_id:5/area_id:5014?sort_type=/category/schools/business/country_id:5/area_id:5014/direction:desc?sort_type%3D%252Fcategory%252Fschools%252Fbusiness%252Fcountry_id%253A5%252Farea_id%253A5014%252Fsort%253Alowest_fee_per_month%252Fdirection%253Aasc%253Fsort_type%253D%25252Fcategory%25252Fschools%25252Fbusiness%25252Fcountry_id%25253A5%25252Farea_id%25253A5014%25252Fdirection%25253Adesc%25253Fsort_type%25253D%2525252Fcategory%2525252Fschools%2525252Fbusiness%2525252Fcountry_id%2525253A5%2525252Farea_id%2525253A5014%2525252Fdirection%2525253Adesc%2525253Fsort_type%2525253D%252525252Fcategory%252525252Fschools%252525252Fbusiness%252525252Fcountry_id%252525253A5%252525252Farea_id%252525253A5014%252525252Fdirection%252525253Adesc%252525253Fsort_type%252525253D%25252525252Fcategory%25252525252Fschools%25252525252Fbusiness%25252525252Fcountry_id%25252525253A5%25252525252Farea_id%25252525253A5014%25252525252Fsort%25252525253Alowest_fee_per_month%25252525252Fdirection%25252525253Aasc%25252525253Fsort_type%25252525253D%2525252525252Fcategory%2525252525252Fschools%2525252525252Fbusiness%2525252525252Fcountry_id%2525252525253A5%2525252525252Farea_id%2525252525253A5014%2525252525252Fsort%2525252525253Alowest_fee_per_month%2525252525252Fdirection%2525252525253Aasc,dup_no_user_canonical,2026-09-18,2026-09-21T20:26:15,2026-09-21T20:26:15
https://schoolwith.me/category/schools/business/direction:desc/country_id:5/area_id:5014?sort_type=/category/schools/business/country_id:5/area_id:5014/sort:lowest_fee_per_month/direction:asc?sort_type%3D%252Fcategory%252Fschools%252Fbusiness%252Fcountry_id%253A5%252Farea_id%253A5014%252Fdirection%253Adesc%253Fsort_type%253D%25252Fcategory%25252Fschools%25252Fbusiness%25252Fcountry_id%25253A5%25252Farea_id%25253A5014%25252Fdirection%25253Adesc%25253Fsort_type%25253D%2525252Fcategory%2525252Fschools%2525252Fbusiness%2525252Fcountry_id%2525253A5%2525252Farea_id%2525253A5014%2525252Fsort%2525253Alowest_fee_per_month%2525252Fdirection%2525253Aasc%2525253Fsort_type%2525253D%252525252Fcategory%252525252Fschools%252525252Fbusiness%252525252Fcountry_id%252525253A5%252525252Farea_id%252525253A5014%252525252Fsort%252525253Alowest_fee_per_month%252525252Fdirection%252525253Aasc,dup_no_user_canonical,2026-09-18,2026-09-21T20:26:15,2026-09-21T20:26:15
https://schoolwith.me/category/schools/business/direction:desc/country_id:5/area_id:5014?sort_type=/category/schools/business/direction:asc/country_id:5/area_id:5014/sort:lowest_fee_per_month?sort_type%3D%252Fcategory%252Fschools%252Fbusiness%252Fcountry_id%253A5%252Farea_id%253A5014%252Fdirection%253Adesc%253Fsort_type%253D%25252Fcategory%25252Fschools%25252Fbusiness%25252Fcountry_id%25253A5%25252Farea_id%25253A5014%25252Fdirection%25253Adesc%25253Fsort_type%25253D%2525252Fcategory%2525252Fschools%2525252Fbusiness%2525252Fcountry_id%2525253A5%2525252Farea_id%2525253A5014%2525252Fdirection%2525253Adesc%2525253Fsort_type%2525253D%252525252Fcategory%252525252Fschools%252525252Fbusiness%252525252Fcountry_id%252525253A5%252525252Farea_id%252525253A5014%252525252Fdirection%252525253Adesc%252525253Fsort_type%252525253D%25252525252Fcategory%25252525252Fschools%25252525252Fbusiness%25252525252Fcountry_id%25252525253A5%25252525252Farea_id%25252525253A5014%25252525252Fsort%25252525253Alowest_fee_per_month%25252525252Fdirection%25252525253Aasc%25252525253Fsort_type%25252525253D%2525252525252Fcategory%2525252525252Fschools%2525252525252Fbusiness%2525252525252Fcountry_id%2525252525253A5%2525252525252Farea_id%2525252525253A5014%2525252525252Fsort%2525252525253Alowest_fee_per_month%2525252525252Fdirection%2525252525253Aasc,dup_no_user_canonical,2026-09-18,2026-09-21T20:26:15,2026-09-21T20:26:15
https://schoolwith.me/category/schools/business/direction:desc/country_id:5/area_id:5014?sort_type=/category/schools/business/direction:asc/country_id:5/area_id:5014/sort:lowest_fee_per_month?sort_type%3D%252Fcategory%252Fschools%252Fbusiness%252Fcountry_id%253A5%252Farea_id%253A5014%252Fsort%253Alowest_fee_per_month%252Fdirection%253Aasc,dup_no_user_canonical,2026-09-18,2026-09-21T20:26:15,2026-09-21T20:26:15
https://schoolwith.me/category/schools/business/direction:desc/country_id:5/area_id:5014?sort_type=/category/schools/business/direction:desc/country_id:5/area_id:5014?sort_type%3D%252Fcategory%252Fschools%252Fbusiness%252Fcountry_id%253A5%252Farea_id%253A5014%252Fdirection%253Adesc%253Fsort_type%253D%25252Fcategory%25252Fschools%25252Fbusiness%25252Fcountry_id%25253A5%25252Farea_id%25253A5014%25252Fsort%25253Alowest_fee_per_month%25252Fdirection%25253Aasc,dup_no_user_canonical,2026-09-18,2026-09-21T20:26:15,2026-09-21T20:26:15
https://schoolwith.me/category/schools/business/direction:desc/country_id:5/area_id:5014?sort_type=/category/schools/business/direction:desc/country_id:5/area_id:5014?sort_type%3D%252Fcategory%252Fschools%252Fbusiness%252Fcountry_id%253A5%252Farea_id%253A5014%252Fsort%253Alowest_fee_per_month%252Fdirection%253Aasc,dup_no_user_canonical,2026-09-18,2026-09-21T20:26:15,2026-09-21T20:26:15
https://schoolwith.me/category/schools/business/direction:desc/country_id:5/area_id:5014?sort_type=/category/schools/business/direction:desc/country_id:5/area_id:5014?sort_type%3D%252Fcategory%252Fschools%252Fbusiness%252Fdirection%253Adesc%252Fcountry_id%253A5%252Farea_id%253A5014%253Fsort_type%253D%25252Fcategory%25252Fschools%25252Fbusiness%25252Fcountry_id%25253A5%25252Farea_id%25253A5014%25252Fsort%25253Alowest_fee_per_month%25252Fdirection%25253Aasc,dup_no_user_canonical,2026-09-18,2026-09-21T20:26:15,2026-09-21T20:26:15
https://schoolwith.me/category/schools/business/direction:desc/country_id:5/area_id:5014?sort_type=/category/schools/business/sort:lowest_fee_per_month/direction:asc/country_id:5/area_id:5014?sort_type%3D%252Fcategory%252Fschools%252Fbusiness%252Fcountry_id%253A5%252Farea_id%253A5014%252Fdirection%253Adesc%253Fsort_type%253D%25252Fcategory%25252Fschools%25252Fbusiness%25252Fcountry_id%25253A5%25252Farea_id%25253A5014%25252Fdirection%25253Adesc%25253Fsort_type%25253D%2525252Fcategory%2525252Fschools%2525252Fbusiness%2525252Fcountry_id%2525253A5%2525252Farea_id%2525253A5014%2525252Fsort%2525253Alowest_fee_per_month%2525252Fdirection%2525253Aasc%2525253Fsort_type%2525253D%252525252Fcategory%252525252Fschools%252525252Fbusiness%252525252Fcountry_id%252525253A5%252525252Farea_id%252525253A5014%252525252Fsort%252525253Alowest_fee_per_month%252525252Fdirection%252525253Aasc,dup_no_user_canonical,2026-09-18,2026-09-21T20:26:15,2026-09-21T20:26:15
https://schoolwith.me/category/schools/business/direction:desc/country_id:5?sort_type=/category/schools/business/country_id:5/direction:desc?sort_type%3D%252Fcategory%252Fschools%252Fbusiness%252Fcountry_id%253A5%252Fdirection%253Adesc%253Fsort_type%253D%25252Fcategory%25252Fschools%25252Fbusiness%25252Fcountry_id%25253A5%25252Fdirection%25253Adesc%25253Fsort_type%25253D%2525252Fcategory%2525252Fschools%2525252Fbusiness%2525252Fcountry_id%2525253A5%2525252Fdirection%2525253Adesc%2525253Fsort_type%2525253D%252525252Fcategory%252525252Fschools%252525252Fbusiness%252525252Fcountry_id%252525253A5%252525252Fsort%252525253Alowest_fee_per_month%252525252Fdirection%252525253Aasc%252525253Fsort_type%252525253D%25252525252Fcategory%25252525252Fschools%25252525252Fbusiness%25252525252Fcountry_id%25252525253A5%25252525252Fdirection%25252525253Adesc,dup_no_user_canonical,2026-09-18,2026-09-21T20:26:15,2026-09-21T20:26:15
https://schoolwith.me/category/schools/business/direction:desc/country_id:5?sort_type=/category/schools/business/direction:asc/country_id:5/sort:lowest_fee_per_month?sort_type%3D%252Fcategory%252Fschools%252Fbusiness%252Fdirection%253Aasc%252Fcountry_id%253A5%252Fsort%253Alowest_fee_per_month%253Fsort_type%253D%25252Fcategory%25252Fschools%25252Fbusiness%25252Fdirection%25253Aasc%25252Fcountry_id%25253A5%25252Fsort%25253Alowest_fee_per_month%25253Fsort_type%25253D%2525252Fcategory%2525252Fschools%2525252Fbusiness%2525252Fdirection%2525253Aasc%2525252Fcountry_id%2525253A5%2525252Fsort%2525253Alowest_fee_per_month%2525253Fsort_type%2525253D%252525252Fcategory%252525252Fschools%252525252Fbusiness%252525252Fdirection%252525253Adesc%252525252Fcountry_id%252525253A5,dup_no_user_canonical,2026-09-18,2026-09-21T20:26:15,2026-09-21T20:26:15
https://schoolwith.me/category/schools/business/direction:desc/country_id:5?sort_type=/category/schools/business/direction:asc/country_id:5/sort:lowest_fee_per_month?sort_type%3D%252Fcategory%252Fschools%252Fbusiness%252Fdirection%253Aasc%252Fcountry_id%253A5%252Fsort%253Alowest_fee_per_month%253Fsort_type%253D%25252Fcategory%25252Fschools%25252Fbusiness%25252Fdirection%25253Adesc%25252Fcountry_id%25253A5,dup_no_user_canonical,2026-09-18,2026-09-21T20:26:15,2026-09-21T20:26:15
https://schoolwith.me/category/schools/business/direction:desc/country_id:5?sort_type=/category/schools/business/direction:asc/country_id:5/sort:lowest_fee_per_month?sort_type%3D%252Fcategory%252Fschools%252Fbusiness%252Fdirection%253Adesc%252Fcountry_id%253A5,dup_no_user_canonical,2026-09-18,2026-09-21T20:26:15,2026-09-21T20:26:15
https://schoolwith.me/category/schools/business/direction:desc/country_id:5?sort_type=/category/schools/business/direction:asc/country_id:5/sort:lowest_fee_per_month?sort_type%3D%252Fcategory%252Fschools%252Fbusiness%252Fdirection%253Adesc%252Fcountry_id%253A5%253Fsort_type%253D%25252Fcategory%25252Fschools%25252Fbusiness%25252Fdirection%25253Aasc%25252Fcountry_id%25253A5%25252Fsort%25253Alowest_fee_per_month%25253Fsort_type%25253D%2525252Fcategory%2525252Fschools%2525252Fbusiness%2525252Fdirection%2525253Aasc%2525252Fcountry_id%2525253A5%2525252Fsort%2525253Alowest_fee_per_month%2525253Fsort_type%2525253D%252525252Fcategory%252525252Fschools%252525252Fbusiness%252525252Fdirection%252525253Adesc%252525252Fcountry_id%252525253A5,dup_no_user_canonical,2026-09-18,2026-09-21T20:26:15,2026-09-21T20:26:15
https://schoolwith.me/category/schools/business/direction:desc/country_id:5?sort_type=/category/schools/business/direction:desc/country_id:5?sort_type%3D%252Fcategory%252Fschools%252Fbusiness%252Fdirection%253Aasc%252Fcountry_id%253A5%252Fsort%253Alowest_fee_per_month%253Fsort_type%253D%25252Fcategory%25252Fschools%25252Fbusiness%25252Fdirection%25253Aasc%25252Fcountry_id%25253A5%25252Fsort%25253Alowest_fee_per_month%25253Fsort_type%25253D%2525252Fcategory%2525252Fschools%2525252Fbusiness%2525252Fdirection%2525253Adesc%2525252Fcountry_id%2525253A5,dup_no_user_canonical,2026-09-18,2026-09-21T20:26:15,2026-09-21T20:26:15
https://schoolwith.me/category/schools/business/direction:desc/country_id:5?sort_type=/category/schools/business/direction:desc/country_id:5?sort_type%3D%252Fcategory%252Fschools%252Fbusiness%252Fdirection%253Adesc%252Fcountry_id%253A5%253Fsort_type%253D%25252Fcategory%25252Fschools%25252Fbusiness%25252Fdirection%25253Adesc%25252Fcountry_id%25253A5%25253Fsort_type%25253D%2525252Fcategory%2525252Fschools%2525252Fbusiness%2525252Fdirection%2525253Aasc%2525252Fcountry_id%2525253A5%2525252Fsort%2525253Alowest_fee_per_month%2525253Fsort_type%2525253D%252525252Fcategory%252525252Fschools%252525252Fbusiness%252525252Fdirection%252525253Aasc%252525252Fcountry_id%252525253A5%252525252Fsort%252525253Alowest_fee_per_month%252525253Fsort_type%252525253D%25252525252Fcategory%25252525252Fschools%25252525252Fbusiness%25252525252Fdirection%25252525253Adesc%25252525252Fcountry_id%25252525253A5,dup_no_user_canonical,2026-09-18,2026-09-21T20:26:15,2026-09-21T20:26:15
https://schoolwith.me/category/schools/business/direction:desc/country_id:5?sort_type=/category/schools/business/direction:desc/country_id:5?sort_type%3D%252Fcategory%252Fschools%252Fbusiness%252Fdirection%253Adesc%252Fcountry_id%253A5%253Fsort_type%253D%25252Fcategory%25252Fschools%25252Fbusiness%25252Fsort%25253Alowest_fee_per_month%25252Fdirection%25253Aasc%25252Fcountry_id%25253A5%25253Fsort_type%25253D%2525252Fcategory%2525252Fschools%2525252Fbusiness%2525252Fsort%2525253Alowest_fee_per_month%2525252Fdirection%2525253Aasc%2525252Fcountry_id%2525253A5%2525253Fsort_type%2525253D%252525252Fcategory%252525252Fschools%252525252Fbusiness%252525252Fsort%252525253Alowest_fee_per_month%252525252Fdirection%252525253AASC%252525252Fcountry_id%252525253A5%252525253Fsort_type%252525253D%25252525252Fcategory%25252525252Fschools%25252525252Fbusiness%25252525252Fcountry_id%25252525253A5,dup_no_user_canonical,2026-09-18,2026-09-21T20:26:15,2026-09-21T20:26:15
https://schoolwith.me/category/schools/business/direction:desc/country_id:6?sort_type=/category/schools/business/direction:asc/country_id:6/sort:lowest_fee_per_month?sort_type%3D%252Fcategory%252Fschools%252Fbusiness%252Fdirection%253Adesc%252Fcountry_id%253A6,crawled_not_indexed,2026-09-18,2026-09-21T20:26:15,2026-09-21T20:26:15
https://schoolwith.me/category/schools/business/direction:desc/country_id:6?sort_type=/category/schools/business/direction:desc/country_id:6?sort_type%3D%252Fcategory%252Fschools%252Fbusiness%252Fdirection%253Aasc%252Fcountry_id%253A6%252Fsort%253Alowest_fee_per_month%253Fsort_type%253D%25252Fcategory%25252Fschools%25252Fbusiness%25252Fdirection%25253Aasc%25252Fcountry_id%25253A6%25252Fsort%25253Alowest_fee_per_month%25253Fsort_type%25253D%2525252Fcategory%2525252Fschools%2525252Fbusiness%2525252Fdirection%2525253Adesc%2525252Fcountry_id%2525253A6,dup_no_user_canonical,2026-09-18,2026-09-21T20:26:15,2026-09-21T20:26:15
https://schoolwith.me/category/schools/business/direction:desc/country_id:6?sort_type=/category/schools/business/direction:desc/country_id:6?sort_type%3D%252Fcategory%252Fschools%252Fbusiness%252Fdirection%253Adesc%252Fcountry_id%253A6,crawled_not_indexed,2026-09-18,2026-09-21T20:26:15,2026-09-21T20:26:15
https://schoolwith.me/category/schools/business/direction:desc/country_id:8/area_id:8007?sort_type=/category/schools/business/direction:desc/country_id:8/area_id:8007?sort_type%3D%252Fcategory%252Fschools%252Fbusiness%252Fcountry_id%253A8%252Farea_id%253A8007%252Fsort%253Alowest_fee_per_month%252Fdirection%253Aasc,dup_no_user_canonical,2026-09-18,2026-09-21T20:26:15,2026-09-21T20:26:15
https://schoolwith.me/category/schools/business/direction:desc/sort:School.application_cnt/country_id:2/page:2?sort_type=/category/schools/business/direction:asc/country_id:2/sort:lowest_fee_per_month?sort_type%3D%252Fcategory%252Fschools%252Fbusiness%252Fsort%253Alowest_fee_per_month%252Fdirection%253Aasc%252Fcountry_id%253A2%253Fsort_type%253D%25252Fcategory%25252Fschools%25252Fbusiness%25252Fcountry_id%25253A2%25252Fsort%25253Alowest_fee_per_month%25252Fdirection%25253Aasc,dup_no_user_canonical,2026-09-18,2026-09-21T20:26:15,2026-09-21T20:26:15
https://schoolwith.me/category/schools/business/page:12/direction:asc/sort:lowest_fee_per_month?sort_type=/category/schools/business/direction:desc?sort_type%3D%252Fcategory%252Fschools%252Fbusiness%252Fdirection%253Adesc%253Fsort_type%253D%25252Fcategory%25252Fschools%25252Fbusiness%25252Fdirection%25253Adesc%25253Fsort_type%25253D%2525252Fcategory%2525252Fschools%2525252Fbusiness%2525252Fdirection%2525253Aasc%2525252Fsort%2525253Alowest_fee_per_month%2525253Fsort_type%2525253D%252525252Fcategory%252525252Fschools%252525252Fbusiness%252525252Fdirection%252525253Aasc%252525252Fsort%252525253Alowest_fee_per_month%252525253Fsort_type%252525253D%25252525252Fcategory%25252525252Fschools%25252525252Fbusiness%25252525252Fdirection%25252525253Adesc%25252525253Fsort_type%25252525253D%2525252525252Fcategory%2525252525252Fschools%2525252525252Fbusiness%2525252525252Fdirection%2525252525253Aasc%2525252525252Fsort%2525252525253Alowest_fee_per_month%2525252525253Fsort_type%2525252525253D%252525252525252Fcategory%252525252525252Fschools%252525252525252Fbusiness%252525252525252Fdirection%252525252525253Aasc%252525252525252Fsort%252525252525253Alowest_fee_per_month%252525252525253Fsort_type%252525252525253D%25252525252525252Fcategory%25252525252525252Fschools%25252525252525252Fbusiness%25252525252525252Fdirection%25252525252525253Adesc%25252525252525253Fsort_type%25252525252525253D%2525252525252525252Fcategory%2525252525252525252Fschools%2525252525252525252Fbusiness%2525252525252525252Fdirection%2525252525252525253Adesc%2525252525252525253Fsrc_user%2525252525252525253Dtop_main_ctgry_pc,crawled_not_indexed,2026-09-18,2026-09-21T20:26:15,2026-09-21T20:26:15
https://schoolwith.me/category/schools/business/page:2/country_id:3,discovered_not_indexed,2026-09-18,2026-09-21T20:26:15,2026-09-21T20:26:15
https://schoolwith.me/category/schools/business/page:4/direction:asc/sort:lowest_fee_per_month?sort_type=/category/schools/business/direction:desc?sort_type%3D%252Fcategory%252Fschools%252Fbusiness%252Fdirection%253Aasc%252Fsort%253Alowest_fee_per_month%253Fsort_type%253D%25252Fcategory%25252Fschools%25252Fbusiness%25252Fsort%25253Alowest_fee_per_month%25252Fdirection%25253Aasc%25253Fsort_type%25253D%2525252Fcategory%2525252Fschools%2525252Fbusiness%2525252Fdirection%2525253Adesc%2525253Fsort_type%2525253D%252525252Fcategory%252525252Fschools%252525252Fbusiness%252525252Fdirection%252525253Adesc%252525253Fsort_type%252525253D%25252525252Fcategory%25252525252Fschools%25252525252Fbusiness%25252525252Fsort%25252525253Alowest_fee_per_month%25252525252Fdirection%25252525253Aasc%25252525253Fsort_type%25252525253D%2525252525252Fcategory%2525252525252Fschools%2525252525252Fbusiness%2525252525252Fsort%2525252525253Alowest_fee_per_month%2525252525252Fdirection%2525252525253Aasc,dup_no_user_canonical,2026-09-18,2026-09-21T20:26:15,2026-09-21T20:26:15
https://schoolwith.me/category/schools/business/page:5/direction:asc/sort:lowest_fee_per_month?sort_type=/category/schools/business/direction:asc/sort:lowest_fee_per_month?sort_type%3D%252Fcategory%252Fschools%252Fbusiness%252Fdirection%253Aasc%252Fsort%253Alowest_fee_per_month%253Fsort_type%253D%25252Fcategory%25252Fschools%25252Fbusiness%25252Fdirection%25253Adesc%25253Fsort_type%25253D%2525252Fcategory%2525252Fschools%2525252Fbusiness%2525252Fdirection%2525253Adesc%2525253Fsort_type%2525253D%252525252Fcategory%252525252Fschools%252525252Fbusiness%252525252Fdirection%252525253Aasc%252525252Fsort%252525253Alowest_fee_per_month%252525253Fsort_type%252525253D%25252525252Fcategory%25252525252Fschools%25252525252Fbusiness%25252525252Fdirection%25252525253Aasc%25252525252Fsort%25252525253Alowest_fee_per_month%25252525253Fsort_type%25252525253D%2525252525252Fcategory%2525252525252Fschools%2525252525252Fbusiness%2525252525252Fsort%2525252525253Alowest_fee_per_month%2525252525252Fdirection%2525252525253Aasc%2525252525253Fsort_type%2525252525253D%252525252525252Fcategory%252525252525252Fschools%252525252525252Fbusiness%252525252525252Fsort%252525252525253Alowest_fee_per_month%252525252525252Fdirection%252525252525253Aasc%252525252525253Fsort_type%252525252525253D%25252525252525252Fcategory%25252525252525252Fschools%25252525252525252Fbusiness%25252525252525252Fsort%25252525252525253Alowest_fee_per_month%25252525252525252Fdirection%25252525252525253AASC%25252525252525253Fsrc_user%25252525252525253Dtop_main_ctgry_pc,crawled_not_indexed,2026-09-18,2026-09-21T20:26:15,2026-09-21T20:26:15
https://schoolwith.me/category/schools/business/sort:lowest_fee_per_month/direction:asc/page:7?sort_type=/category/schools/business/sort:lowest_fee_per_month/direction:asc,crawled_not_indexed,2026-09-18,2026-09-21T20:26:15,2026-09-21T20:26:15
https://schoolwith.me/category/schools/business/supports/line/sort:lowest_fee_per_month/country_id:4/area_id:4004/direction:asc,dup_no_user_canonical,2026-09-18,2026-09-21T20:26:15,2026-09-21T20:26:15
https://schoolwith.me/category/schools/cambridge/country_id:1/area_id:1,discovered_not_indexed,2026-09-18,2026-09-21T20:26:15,2026-09-21T20:26:15
https://schoolwith.me/category/schools/cambridge/country_id:4/area_id:4012,discovered_not_indexed,2026-09-18,2026-09-21T20:26:15,2026-09-21T20:26:15
https://schoolwith.me/category/schools/cambridge/country_id:7/area_id:7002,discovered_not_indexed,2026-09-18,2026-09-21T20:26:15,2026-09-21T20:26:15
https://schoolwith.me/category/schools/cambridge/country_id:8/area_id:8001,crawled_not_indexed,2026-09-18,2026-09-21T20:26:15,2026-09-21T20:26:15
https://schoolwith.me/category/schools/cambridge/direction:asc/country_id:4/sort:lowest_fee_per_month?sort_type=/category/schools/cambridge/direction:asc/country_id:4/sort:lowest_fee_per_month,dup_no_user_canonical,2026-09-18,2026-09-21T20:26:15,2026-09-21T20:26:15
https://schoolwith.me/category/schools/cambridge/direction:asc/country_id:4/sort:lowest_fee_per_month?sort_type=/category/schools/cambridge/direction:asc/sort:lowest_fee_per_month/country_id:4?sort_type%3D%252Fcategory%252Fschools%252Fcambridge%252Fdirection%253Aasc%252Fcountry_id%253A4%252Fsort%253Alowest_fee_per_month,dup_no_user_canonical,2026-09-18,2026-09-21T20:26:15,2026-09-21T20:26:15
https://schoolwith.me/category/schools/cambridge/direction:asc/country_id:4/sort:lowest_fee_per_month?sort_type=/category/schools/cambridge/direction:desc/country_id:4?sort_type%3D%252Fcategory%252Fschools%252Fcambridge%252Fdirection%253Adesc%252Fcountry_id%253A4%253Fsort_type%253D%25252Fcategory%25252Fschools%25252Fcambridge%25252Fdirection%25253Adesc%25252Fcountry_id%25253A4%25253Fsort_type%25253D%2525252Fcategory%2525252Fschools%2525252Fcambridge%2525252Fdirection%2525253Aasc%2525252Fcountry_id%2525253A4%2525252Fsort%2525253Alowest_fee_per_month%2525253Fsort_type%2525253D%252525252Fcategory%252525252Fschools%252525252Fcambridge%252525252Fdirection%252525253Adesc%252525252Fcountry_id%252525253A4%252525253Fsort_type%252525253D%25252525252Fcategory%25252525252Fschools%25252525252Fcambridge%25252525252Fdirection%25252525253Adesc%25252525252Fcountry_id%25252525253A4%25252525253Fsort_type%25252525253D%2525252525252Fcategory%2525252525252Fschools%2525252525252Fcambridge%2525252525252Fdirection%2525252525253Adesc%2525252525252Fcountry_id%2525252525253A4%2525252525253Fsort_type%2525252525253D%252525252525252Fcategory%252525252525252Fschools%252525252525252Fcambridge%252525252525252Fdirection%252525252525253Adesc%252525252525252Fcountry_id%252525252525253A4,dup_no_user_canonical,2026-09-18,2026-09-21T20:26:15,2026-09-21T20:26:15
https://schoolwith.me/category/schools/cambridge/direction:asc/country_id:4/sort:lowest_fee_per_month?sort_type=/category/schools/cambridge/direction:desc/country_id:4?sort_type%3D%252Fcategory%252Fschools%252Fcambridge%252Fdirection%253Adesc%252Fcountry_id%253A4%253Fsort_type%253D%25252Fcategory%25252Fschools%25252Fcambridge%25252Fdirection%25253Adesc%25252Fcountry_id%25253A4%25253Fsort_type%25253D%2525252Fcategory%2525252Fschools%2525252Fcambridge%2525252Fdirection%2525253Adesc%2525252Fcountry_id%2525253A4%2525253Fsort_type%2525253D%252525252Fcategory%252525252Fschools%252525252Fcambridge%252525252Fdirection%252525253Adesc%252525252Fcountry_id%252525253A4%252525253Fsort_type%252525253D%25252525252Fcategory%25252525252Fschools%25252525252Fcambridge%25252525252Fdirection%25252525253Aasc%25252525252Fcountry_id%25252525253A4%25252525252Fsort%25252525253Alowest_fee_per_month%25252525253Fsort_type%25252525253D%2525252525252Fcategory%2525252525252Fschools%2525252525252Fcambridge%2525252525252Fdirection%2525252525253Aasc%2525252525252Fcountry_id%2525252525253A4%2525252525252Fsort%2525252525253Alowest_fee_per_month%2525252525253Fsort_type%2525252525253D%252525252525252Fcategory%252525252525252Fschools%252525252525252Fcambridge%252525252525252Fdirection%252525252525253Adesc%252525252525252Fcountry_id%252525252525253A4%252525252525253Fsort_type%252525252525253D%25252525252525252Fcategory%25252525252525252Fschools%25252525252525252Fcambridge%25252525252525252Fdirection%25252525252525253Aasc%25252525252525252Fcountry_id%25252525252525253A4%25252525252525252Fsort%25252525252525253Alowest_fee_per_month,dup_no_user_canonical,2026-09-18,2026-09-21T20:26:15,2026-09-21T20:26:15
https://schoolwith.me/category/schools/cambridge/direction:asc/country_id:8/sort:lowest_fee_per_month?sort_type=/category/schools/cambridge/direction:desc/country_id:8?sort_type%3D%252Fcategory%252Fschools%252Fcambridge%252Fdirection%253Adesc%252Fcountry_id%253A8%253Fsort_type%253D%25252Fcategory%25252Fschools%25252Fcambridge%25252Fcountry_id%25253A8%25252Fsort%25253Alowest_fee_per_month%25252Fdirection%25253Aasc%25253Fsort_type%25253D%2525252Fcategory%2525252Fschools%2525252Fcambridge%2525252Fcountry_id%2525253A8%2525252Fsort%2525253Alowest_fee_per_month%2525252Fdirection%2525253Aasc%2525253Fsort_type%2525253D%252525252Fcategory%252525252Fschools%252525252Fcambridge%252525252Fcountry_id%252525253A8%252525252Fsort%252525253Alowest_fee_per_month%252525252Fdirection%252525253Aasc%252525253Fsort_type%252525253D%25252525252Fcategory%25252525252Fschools%25252525252Fcambridge%25252525252Fcountry_id%25252525253A8%25252525252Fdirection%25252525253Adesc%25252525253Fsort_type%25252525253D%2525252525252Fcategory%2525252525252Fschools%2525252525252Fcambridge%2525252525252Fcountry_id%2525252525253A8%2525252525252Fsort%2525252525253Alowest_fee_per_month%2525252525252Fdirection%2525252525253Aasc%2525252525253Fsort_type%2525252525253D%252525252525252Fcategory%252525252525252Fschools%252525252525252Fcambridge%252525252525252Fcountry_id%252525252525253A8%252525252525252Fsort%252525252525253Alowest_fee_per_month%252525252525252Fdirection%252525252525253Aasc%252525252525253Fsort_type%252525252525253D%25252525252525252Fcategory%25252525252525252Fschools%25252525252525252Fcambridge%25252525252525252Fcountry_id%25252525252525253A8%25252525252525252Fsort%25252525252525253Alowest_fee_per_month%25252525252525252Fdirection%25252525252525253Aasc%25252525252525253Fsort_type%25252525252525253D%2525252525252525252Fcategory%2525252525252525252Fschools%2525252525252525252Fcambridge%2525252525252525252Fcountry_id%2525252525252525253A8%2525252525252525252Fdirection%2525252525252525253Adesc,crawled_not_indexed,2026-09-18,2026-09-21T20:26:15,2026-09-21T20:26:15
https://schoolwith.me/category/schools/cambridge/direction:asc/sort:lowest_fee_per_month/country_id:4?sort_type=/category/schools/cambridge/direction:asc/sort:lowest_fee_per_month/country_id:4?sort_type%3D%252Fcategory%252Fschools%252Fcambridge%252Fdirection%253Aasc%252Fcountry_id%253A4%252Fsort%253Alowest_fee_per_month%253Fsort_type%253D%25252Fcategory%25252Fschools%25252Fcambridge%25252Fdirection%25253Aasc%25252Fcountry_id%25253A4%25252Fsort%25253Alowest_fee_per_month%25253Fsort_type%25253D%2525252Fcategory%2525252Fschools%2525252Fcambridge%2525252Fdirection%2525253Adesc%2525252Fcountry_id%2525253A4%2525253Fsort_type%2525253D%252525252Fcategory%252525252Fschools%252525252Fcambridge%252525252Fdirection%252525253Adesc%252525252Fcountry_id%252525253A4%252525253Fsort_type%252525253D%25252525252Fcategory%25252525252Fschools%25252525252Fcambridge%25252525252Fdirection%25252525253Aasc%25252525252Fcountry_id%25252525253A4%25252525252Fsort%25252525253Alowest_fee_per_month%25252525253Fsort_type%25252525253D%2525252525252Fcategory%2525252525252Fschools%2525252525252Fcambridge%2525252525252Fdirection%2525252525253Adesc%2525252525252Fcountry_id%2525252525253A4%2525252525253Fsort_type%2525252525253D%252525252525252Fcategory%252525252525252Fschools%252525252525252Fcambridge%252525252525252Fdirection%252525252525253Adesc%252525252525252Fcountry_id%252525252525253A4%252525252525253Fsort_type%252525252525253D%25252525252525252Fcategory%25252525252525252Fschools%25252525252525252Fcambridge%25252525252525252Fdirection%25252525252525253Adesc%25252525252525252Fcountry_id%25252525252525253A4%25252525252525253Fsort_type%25252525252525253D%2525252525252525252Fcategory%2525252525252525252Fschools%2525252525252525252Fcambridge%2525252525252525252Fdirection%2525252525252525253Adesc%2525252525252525252Fcountry_id%2525252525252525253A4,dup_no_user_canonical,2026-09-18,2026-09-21T20:26:15,2026-09-21T20:26:15
https://schoolwith.me/category/schools/cambridge/direction:asc/sort:lowest_fee_per_month/page:2?sort_type=/category/schools/cambridge/direction:desc?sort_type%3D%252Fcategory%252Fschools%252Fcambridge%252Fdirection%253Adesc%253Fsort_type%253D%25252Fcategory%25252Fschools%25252Fcambridge%25252Fdirection%25253Aasc%25252Fsort%25253Alowest_fee_per_month%25253Fsort_type%25253D%2525252Fcategory%2525252Fschools%2525252Fcambridge%2525252Fdirection%2525253Aasc%2525252Fsort%2525253Alowest_fee_per_month%2525253Fsort_type%2525253D%252525252Fcategory%252525252Fschools%252525252Fcambridge%252525252Fdirection%252525253Adesc%252525253Fsort_type%252525253D%25252525252Fcategory%25252525252Fschools%25252525252Fcambridge%25252525252Fdirection%25252525253Adesc%25252525253Fsort_type%25252525253D%2525252525252Fcategory%2525252525252Fschools%2525252525252Fcambridge%2525252525252Fdirection%2525252525253Adesc%2525252525253Fsort_type%2525252525253D%252525252525252Fcategory%252525252525252Fschools%252525252525252Fcambridge%252525252525252Fdirection%252525252525253Adesc%252525252525253Fsort_type%252525252525253D%25252525252525252Fcategory%25252525252525252Fschools%25252525252525252Fcambridge%25252525252525252Fdirection%25252525252525253Adesc%25252525252525253Fsort_type%25252525252525253D%2525252525252525252Fcategory%2525252525252525252Fschools%2525252525252525252Fcambridge%2525252525252525252Fdirection%2525252525252525253Adesc%2525252525252525253Fsort_type%2525252525252525253D%252525252525252525252Fcategory%252525252525252525252Fschools%252525252525252525252Fcambridge,crawled_not_indexed,2026-09-18,2026-09-21T20:26:15,2026-09-21T20:26:15
https://schoolwith.me/category/schools/cambridge/direction:asc/sort:lowest_fee_per_month?sort_type=/category/schools/cambridge/direction:asc/sort:lowest_fee_per_month?sort_type%3D%252Fcategory%252Fschools%252Fcambridge%252Fdirection%253Adesc%253Fsort_type%253D%25252Fcategory%25252Fschools%25252Fcambridge%25252Fdirection%25253Aasc%25252Fsort%25253Alowest_fee_per_month%25253Fsort_type%25253D%2525252Fcategory%2525252Fschools%2525252Fcambridge%2525252Fdirection%2525253Adesc%2525253Fsort_type%2525253D%252525252Fcategory%252525252Fschools%252525252Fcambridge%252525252Fdirection%252525253Adesc,dup_no_user_canonical,2026-09-18,2026-09-21T20:26:15,2026-09-21T20:26:15
https://schoolwith.me/category/schools/cambridge/direction:asc/sort:lowest_fee_per_month?sort_type=/category/schools/cambridge/direction:desc?sort_type%3D%252Fcategory%252Fschools%252Fcambridge%252Fdirection%253Aasc%252Fsort%253Alowest_fee_per_month%253Fsort_type%253D%25252Fcategory%25252Fschools%25252Fcambridge%25252Fdirection%25253Aasc%25252Fsort%25253Alowest_fee_per_month%25253Fsort_type%25253D%2525252Fcategory%2525252Fschools%2525252Fcambridge%2525252Fdirection%2525253Aasc%2525252Fsort%2525253Alowest_fee_per_month%2525253Fsort_type%2525253D%252525252Fcategory%252525252Fschools%252525252Fcambridge%252525252Fdirection%252525253Adesc%252525253Fsort_type%252525253D%25252525252Fcategory%25252525252Fschools%25252525252Fcambridge%25252525252Fdirection%25252525253Adesc,dup_no_user_canonical,2026-09-18,2026-09-21T20:26:15,2026-09-21T20:26:15
https://schoolwith.me/category/schools/cambridge/direction:asc/sort:lowest_fee_per_month?sort_type=/category/schools/cambridge/direction:desc?sort_type%3D%252Fcategory%252Fschools%252Fcambridge%252Fdirection%253Adesc%253Fsort_type%253D%25252Fcategory%25252Fschools%25252Fcambridge%25252Fdirection%25253Aasc%25252Fsort%25253Alowest_fee_per_month%25253Fsort_type%25253D%2525252Fcategory%2525252Fschools%2525252Fcambridge%2525252Fdirection%2525253Adesc%2525253Fsort_type%2525253D%252525252Fcategory%252525252Fschools%252525252Fcambridge%252525252Fdirection%252525253Aasc%252525252Fsort%252525253Alowest_fee_per_month%252525253Fsort_type%252525253D%25252525252Fcategory%25252525252Fschools%25252525252Fcambridge%25252525252Fdirection%25252525253Adesc,dup_no_user_canonical,2026-09-18,2026-09-21T20:26:15,2026-09-21T20:26:15
https://schoolwith.me/category/schools/cambridge/direction:desc/country_id:2?sort_type=/category/schools/cambridge/country_id:2/sort:lowest_fee_per_month/direction:asc?sort_type%3D%252Fcategory%252Fschools%252Fcambridge%252Fcountry_id%253A2%252Fdirection%253Adesc%253Fsort_type%253D%25252Fcategory%25252Fschools%25252Fcambridge%25252Fcountry_id%25253A2%25252Fsort%25253Alowest_fee_per_month%25252Fdirection%25253Aasc,dup_no_user_canonical,2026-09-18,2026-09-21T20:26:15,2026-09-21T20:26:15
https://schoolwith.me/category/schools/cambridge/direction:desc/country_id:2?sort_type=/category/schools/cambridge/direction:asc/country_id:2/sort:lowest_fee_per_month?sort_type%3D%252Fcategory%252Fschools%252Fcambridge%252Fcountry_id%253A2%252Fsort%253Alowest_fee_per_month%252Fdirection%253Aasc%253Fsort_type%253D%25252Fcategory%25252Fschools%25252Fcambridge%25252Fcountry_id%25253A2%25252Fdirection%25253Adesc,dup_no_user_canonical,2026-09-18,2026-09-21T20:26:15,2026-09-21T20:26:15
https://schoolwith.me/category/schools/cambridge/direction:desc/country_id:2?sort_type=/category/schools/cambridge/direction:asc/country_id:2/sort:lowest_fee_per_month?sort_type%3D%252Fcategory%252Fschools%252Fcambridge%252Fdirection%253Adesc%252Fcountry_id%253A2%253Fsort_type%253D%25252Fcategory%25252Fschools%25252Fcambridge%25252Fdirection%25253Adesc%25252Fcountry_id%25253A2,dup_no_user_canonical,2026-09-18,2026-09-21T20:26:15,2026-09-21T20:26:15
https://schoolwith.me/category/schools/cambridge/direction:desc/country_id:2?sort_type=/category/schools/cambridge/direction:asc/country_id:2/sort:lowest_fee_per_month?sort_type%3D%252Fcategory%252Fschools%252Fcambridge%252Fdirection%253Adesc%252Fcountry_id%253A2%253Fsort_type%253D%25252Fcategory%25252Fschools%25252Fcambridge%25252Fsort%25253Alowest_fee_per_month%25252Fdirection%25253Aasc%25252Fcountry_id%25253A2,dup_no_user_canonical,2026-09-18,2026-09-21T20:26:15,2026-09-21T20:26:15
https://schoolwith.me/category/schools/cambridge/direction:desc/country_id:2?sort_type=/category/schools/cambridge/direction:desc/country_id:2?sort_type%3D%252Fcategory%252Fschools%252Fcambridge%252Fcountry_id%253A2%252Fsort%253Alowest_fee_per_month%252Fdirection%253Aasc%253Fsort_type%253D%25252Fcategory%25252Fschools%25252Fcambridge%25252Fcountry_id%25253A2%25252Fdirection%25253Adesc,dup_no_user_canonical,2026-09-18,2026-09-21T20:26:15,2026-09-21T20:26:15
https://schoolwith.me/category/schools/cambridge/direction:desc/country_id:2?sort_type=/category/schools/cambridge/direction:desc/country_id:2?sort_type%3D%252Fcategory%252Fschools%252Fcambridge%252Fdirection%253Aasc%252Fcountry_id%253A2%252Fsort%253Alowest_fee_per_month%253Fsort_type%253D%25252Fcategory%25252Fschools%25252Fcambridge%25252Fdirection%25253Adesc%25252Fcountry_id%25253A2,dup_no_user_canonical,2026-09-18,2026-09-21T20:26:15,2026-09-21T20:26:15
https://schoolwith.me/category/schools/cambridge/direction:desc/country_id:2?sort_type=/category/schools/cambridge/direction:desc/country_id:2?sort_type%3D%252Fcategory%252Fschools%252Fcambridge%252Fdirection%253Adesc%252Fcountry_id%253A2%253Fsort_type%253D%25252Fcategory%25252Fschools%25252Fcambridge%25252Fdirection%25253Adesc%25252Fcountry_id%25253A2,dup_no_user_canonical,2026-09-18,2026-09-21T20:26:15,2026-09-21T20:26:15
https://schoolwith.me/category/schools/cambridge/direction:desc/country_id:2?sort_type=/category/schools/cambridge/sort:lowest_fee_per_month/direction:asc/country_id:2?sort_type%3D%252Fcategory%252Fschools%252Fcambridge%252Fcountry_id%253A2%252Fsort%253Alowest_fee_per_month%252Fdirection%253Aasc%253Fsort_type%253D%25252Fcategory%25252Fschools%25252Fcambridge%25252Fcountry_id%25253A2%25252Fdirection%25253Adesc,dup_no_user_canonical,2026-09-18,2026-09-21T20:26:15,2026-09-21T20:26:15
https://schoolwith.me/category/schools/cambridge/direction:desc/country_id:5?sort_type=/category/schools/cambridge/direction:desc/country_id:5?sort_type%3D%252Fcategory%252Fschools%252Fcambridge%252Fdirection%253Adesc%252Fcountry_id%253A5%253Fsort_type%253D%25252Fcategory%25252Fschools%25252Fcambridge%25252Fdirection%25253Adesc%25252Fcountry_id%25253A5%25253Fsort_type%25253D%2525252Fcategory%2525252Fschools%2525252Fcambridge%2525252Fcountry_id%2525253A5%2525252Fdirection%2525253Adesc%2525253Fsort_type%2525253D%252525252Fcategory%252525252Fschools%252525252Fcambridge%252525252Fcountry_id%252525253A5%252525252Fsort%252525253Alowest_fee_per_month%252525252Fdirection%252525253Aasc%252525253Fsort_type%252525253D%25252525252Fcategory%25252525252Fschools%25252525252Fcambridge%25252525252Fcountry_id%25252525253A5%25252525252Fdirection%25252525253Adesc%25252525253Fsort_type%25252525253D%2525252525252Fcategory%2525252525252Fschools%2525252525252Fcambridge%2525252525252Fcountry_id%2525252525253A5%2525252525252Fsort%2525252525253Alowest_fee_per_month%2525252525252Fdirection%2525252525253Aasc,dup_no_user_canonical,2026-09-18,2026-09-21T20:26:15,2026-09-21T20:26:15
https://schoolwith.me/category/schools/cambridge/direction:desc/country_id:8?sort_type=/category/schools/cambridge/country_id:8/sort:lowest_fee_per_month/direction:asc?sort_type%3D%252Fcategory%252Fschools%252Fcambridge%252Fcountry_id%253A8%252Fsort%253Alowest_fee_per_month%252Fdirection%253Aasc%253Fsort_type%253D%25252Fcategory%25252Fschools%25252Fcambridge%25252Fcountry_id%25253A8%25252Fdirection%25253Adesc%25253Fsort_type%25253D%2525252Fcategory%2525252Fschools%2525252Fcambridge%2525252Fcountry_id%2525253A8%2525252Fsort%2525253Alowest_fee_per_month%2525252Fdirection%2525253Aasc%2525253Fsort_type%2525253D%252525252Fcategory%252525252Fschools%252525252Fcambridge%252525252Fcountry_id%252525253A8%252525252Fsort%252525253Alowest_fee_per_month%252525252Fdirection%252525253Aasc%252525253Fsort_type%252525253D%25252525252Fcategory%25252525252Fschools%25252525252Fcambridge%25252525252Fcountry_id%25252525253A8%25252525252Fsort%25252525253Alowest_fee_per_month%25252525252Fdirection%25252525253Aasc%25252525253Fsort_type%25252525253D%2525252525252Fcategory%2525252525252Fschools%2525252525252Fcambridge%2525252525252Fcountry_id%2525252525253A8%2525252525252Fsort%2525252525253Alowest_fee_per_month%2525252525252Fdirection%2525252525253Aasc%2525252525253Fsort_type%2525252525253D%252525252525252Fcategory%252525252525252Fschools%252525252525252Fcambridge%252525252525252Fcountry_id%252525252525253A8%252525252525252Fdirection%252525252525253Adesc%252525252525253Fsort_type%252525252525253D%25252525252525252Fcategory%25252525252525252Fschools%25252525252525252Fcambridge%25252525252525252Fcountry_id%25252525252525253A8%25252525252525252Fdirection%25252525252525253Adesc%25252525252525253Fsort_type%25252525252525253D%2525252525252525252Fcategory%2525252525252525252Fschools%2525252525252525252Fcambridge%2525252525252525252Fcountry_id%2525252525252525253A8%2525252525252525252Fdirection%2525252525252525253Adesc,dup_no_user_canonical,2026-09-18,2026-09-21T20:26:15,2026-09-21T20:26:15
https://schoolwith.me/category/schools/cambridge/direction:desc/country_id:8?sort_type=/category/schools/cambridge/direction:asc/country_id:8/sort:lowest_fee_per_month?sort_type%3D%252Fcategory%252Fschools%252Fcambridge%252Fcountry_id%253A8%252Fsort%253Alowest_fee_per_month%252Fdirection%253Aasc%253Fsort_type%253D%25252Fcategory%25252Fschools%25252Fcambridge%25252Fcountry_id%25253A8%25252Fsort%25253Alowest_fee_per_month%25252Fdirection%25253Aasc%25253Fsort_type%25253D%2525252Fcategory%2525252Fschools%2525252Fcambridge%2525252Fcountry_id%2525253A8%2525252Fsort%2525253Alowest_fee_per_month%2525252Fdirection%2525253Aasc%2525253Fsort_type%2525253D%252525252Fcategory%252525252Fschools%252525252Fcambridge%252525252Fcountry_id%252525253A8%252525252Fsort%252525253Alowest_fee_per_month%252525252Fdirection%252525253Aasc%252525253Fsort_type%252525253D%25252525252Fcategory%25252525252Fschools%25252525252Fcambridge%25252525252Fcountry_id%25252525253A8%25252525252Fsort%25252525253Alowest_fee_per_month%25252525252Fdirection%25252525253Aasc%25252525253Fsort_type%25252525253D%2525252525252Fcategory%2525252525252Fschools%2525252525252Fcambridge%2525252525252Fcountry_id%2525252525253A8%2525252525252Fdirection%2525252525253Adesc,dup_no_user_canonical,2026-09-18,2026-09-21T20:26:15,2026-09-21T20:26:15
https://schoolwith.me/category/schools/cambridge/direction:desc/country_id:8?sort_type=/category/schools/cambridge/direction:asc/country_id:8/sort:lowest_fee_per_month?sort_type%3D%252Fcategory%252Fschools%252Fcambridge%252Fdirection%253Adesc%252Fcountry_id%253A8%253Fsort_type%253D%25252Fcategory%25252Fschools%25252Fcambridge%25252Fdirection%25253Adesc%25252Fcountry_id%25253A8%25253Fsort_type%25253D%2525252Fcategory%2525252Fschools%2525252Fcambridge%2525252Fcountry_id%2525253A8%2525252Fdirection%2525253Adesc%2525253Fsort_type%2525253D%252525252Fcategory%252525252Fschools%252525252Fcambridge%252525252Fcountry_id%252525253A8%252525252Fsort%252525253Alowest_fee_per_month%252525252Fdirection%252525253Aasc%252525253Fsort_type%252525253D%25252525252Fcategory%25252525252Fschools%25252525252Fcambridge%25252525252Fcountry_id%25252525253A8%25252525252Fsort%25252525253Alowest_fee_per_month%25252525252Fdirection%25252525253Aasc%25252525253Fsort_type%25252525253D%2525252525252Fcategory%2525252525252Fschools%2525252525252Fcambridge%2525252525252Fcountry_id%2525252525253A8%2525252525252Fsort%2525252525253Alowest_fee_per_month%2525252525252Fdirection%2525252525253Aasc%2525252525253Fsort_type%2525252525253D%252525252525252Fcategory%252525252525252Fschools%252525252525252Fcambridge%252525252525252Fcountry_id%252525252525253A8%252525252525252Fdirection%252525252525253Adesc%252525252525253Fsort_type%252525252525253D%25252525252525252Fcategory%25252525252525252Fschools%25252525252525252Fcambridge%25252525252525252Fcountry_id%25252525252525253A8%25252525252525252Fdirection%25252525252525253Adesc%25252525252525253Fsort_type%25252525252525253D%2525252525252525252Fcategory%2525252525252525252Fschools%2525252525252525252Fcambridge%2525252525252525252Fcountry_id%2525252525252525253A8%2525252525252525252Fdirection%2525252525252525253Adesc,dup_no_user_canonical,2026-09-18,2026-09-21T20:26:15,2026-09-21T20:26:15
https://schoolwith.me/category/schools/cambridge/direction:desc/country_id:8?sort_type=/category/schools/cambridge/direction:desc/country_id:8?sort_type%3D%252Fcategory%252Fschools%252Fcambridge%252Fcountry_id%253A8%252Fsort%253Alowest_fee_per_month%252Fdirection%253Aasc%253Fsort_type%253D%25252Fcategory%25252Fschools%25252Fcambridge%25252Fcountry_id%25253A8%25252Fdirection%25253Adesc%25253Fsort_type%25253D%2525252Fcategory%2525252Fschools%2525252Fcambridge%2525252Fcountry_id%2525253A8%2525252Fdirection%2525253Adesc%2525253Fsort_type%2525253D%252525252Fcategory%252525252Fschools%252525252Fcambridge%252525252Fcountry_id%252525253A8%252525252Fdirection%252525253Adesc%252525253Fsort_type%252525253D%25252525252Fcategory%25252525252Fschools%25252525252Fcambridge%25252525252Fcountry_id%25252525253A8%25252525252Fsort%25252525253Alowest_fee_per_month%25252525252Fdirection%25252525253Aasc%25252525253Fsort_type%25252525253D%2525252525252Fcategory%2525252525252Fschools%2525252525252Fcambridge%2525252525252Fcountry_id%2525252525253A8%2525252525252Fdirection%2525252525253Adesc%2525252525253Fsort_type%2525252525253D%252525252525252Fcategory%252525252525252Fschools%252525252525252Fcambridge%252525252525252Fcountry_id%252525252525253A8%252525252525252Fdirection%252525252525253Adesc,dup_no_user_canonical,2026-09-18,2026-09-21T20:26:15,2026-09-21T20:26:15
https://schoolwith.me/category/schools/cambridge/direction:desc/country_id:8?sort_type=/category/schools/cambridge/direction:desc/country_id:8?sort_type%3D%252Fcategory%252Fschools%252Fcambridge%252Fdirection%253Aasc%252Fcountry_id%253A8%252Fsort%253Alowest_fee_per_month%253Fsort_type%253D%25252Fcategory%25252Fschools%25252Fcambridge%25252Fcountry_id%25253A8%25252Fsort%25253Alowest_fee_per_month%25252Fdirection%25253Aasc%25253Fsort_type%25253D%2525252Fcategory%2525252Fschools%2525252Fcambridge%2525252Fcountry_id%2525253A8%2525252Fsort%2525253Alowest_fee_per_month%2525252Fdirection%2525253Aasc%2525253Fsort_type%2525253D%252525252Fcategory%252525252Fschools%252525252Fcambridge%252525252Fcountry_id%252525253A8%252525252Fsort%252525253Alowest_fee_per_month%252525252Fdirection%252525253Aasc%252525253Fsort_type%252525253D%25252525252Fcategory%25252525252Fschools%25252525252Fcambridge%25252525252Fcountry_id%25252525253A8%25252525252Fsort%25252525253Alowest_fee_per_month%25252525252Fdirection%25252525253Aasc%25252525253Fsort_type%25252525253D%2525252525252Fcategory%2525252525252Fschools%2525252525252Fcambridge%2525252525252Fcountry_id%2525252525253A8%2525252525252Fsort%2525252525253Alowest_fee_per_month%2525252525252Fdirection%2525252525253Aasc%2525252525253Fsort_type%2525252525253D%252525252525252Fcategory%252525252525252Fschools%252525252525252Fcambridge%252525252525252Fcountry_id%252525252525253A8%252525252525252Fdirection%252525252525253Adesc,dup_no_user_canonical,2026-09-18,2026-09-21T20:26:15,2026-09-21T20:26:15
https://schoolwith.me/category/schools/cambridge/direction:desc/country_id:8?sort_type=/category/schools/cambridge/direction:desc/country_id:8?sort_type%3D%252Fcategory%252Fschools%252Fcambridge%252Fdirection%253Adesc%252Fcountry_id%253A8%253Fsort_type%253D%25252Fcategory%25252Fschools%25252Fcambridge%25252Fcountry_id%25253A8%25252Fdirection%25253Adesc%25253Fsort_type%25253D%2525252Fcategory%2525252Fschools%2525252Fcambridge%2525252Fcountry_id%2525253A8%2525252Fdirection%2525253Adesc%2525253Fsort_type%2525253D%252525252Fcategory%252525252Fschools%252525252Fcambridge%252525252Fcountry_id%252525253A8%252525252Fdirection%252525253Adesc%252525253Fsort_type%252525253D%25252525252Fcategory%25252525252Fschools%25252525252Fcambridge%25252525252Fcountry_id%25252525253A8%25252525252Fsort%25252525253Alowest_fee_per_month%25252525252Fdirection%25252525253Aasc%25252525253Fsort_type%25252525253D%2525252525252Fcategory%2525252525252Fschools%2525252525252Fcambridge%2525252525252Fcountry_id%2525252525253A8%2525252525252Fdirection%2525252525253Adesc%2525252525253Fsort_type%2525252525253D%252525252525252Fcategory%252525252525252Fschools%252525252525252Fcambridge%252525252525252Fcountry_id%252525252525253A8%252525252525252Fdirection%252525252525253Adesc%252525252525253Fsort_type%252525252525253D%25252525252525252Fcategory%25252525252525252Fschools%25252525252525252Fcambridge%25252525252525252Fcountry_id%25252525252525253A8%25252525252525252Fsort%25252525252525253Alowest_fee_per_month%25252525252525252Fdirection%25252525252525253Aasc%25252525252525253Fsort_type%25252525252525253D%2525252525252525252Fcategory%2525252525252525252Fschools%2525252525252525252Fcambridge%2525252525252525252Fcountry_id%2525252525252525253A8%2525252525252525252Fdirection%2525252525252525253Adesc,dup_no_user_canonical,2026-09-18,2026-09-21T20:26:15,2026-09-21T20:26:15
https://schoolwith.me/category/schools/cambridge/direction:desc/country_id:8?sort_type=/category/schools/cambridge/direction:desc/country_id:8?sort_type%3D%252Fcategory%252Fschools%252Fcambridge%252Fdirection%253Adesc%252Fcountry_id%253A8%253Fsort_type%253D%25252Fcategory%25252Fschools%25252Fcambridge%25252Fcountry_id%25253A8%25252Fsort%25253Alowest_fee_per_month%25252Fdirection%25253Aasc%25253Fsort_type%25253D%2525252Fcategory%2525252Fschools%2525252Fcambridge%2525252Fcountry_id%2525253A8%2525252Fsort%2525253Alowest_fee_per_month%2525252Fdirection%2525253Aasc%2525253Fsort_type%2525253D%252525252Fcategory%252525252Fschools%252525252Fcambridge%252525252Fcountry_id%252525253A8%252525252Fsort%252525253Alowest_fee_per_month%252525252Fdirection%252525253Aasc%252525253Fsort_type%252525253D%25252525252Fcategory%25252525252Fschools%25252525252Fcambridge%25252525252Fcountry_id%25252525253A8%25252525252Fdirection%25252525253Adesc%25252525253Fsort_type%25252525253D%2525252525252Fcategory%2525252525252Fschools%2525252525252Fcambridge%2525252525252Fcountry_id%2525252525253A8%2525252525252Fsort%2525252525253Alowest_fee_per_month%2525252525252Fdirection%2525252525253Aasc%2525252525253Fsort_type%2525252525253D%252525252525252Fcategory%252525252525252Fschools%252525252525252Fcambridge%252525252525252Fcountry_id%252525252525253A8%252525252525252Fsort%252525252525253Alowest_fee_per_month%252525252525252Fdirection%252525252525253Aasc%252525252525253Fsort_type%252525252525253D%25252525252525252Fcategory%25252525252525252Fschools%25252525252525252Fcambridge%25252525252525252Fcountry_id%25252525252525253A8%25252525252525252Fsort%25252525252525253Alowest_fee_per_month%25252525252525252Fdirection%25252525252525253Aasc%25252525252525253Fsort_type%25252525252525253D%2525252525252525252Fcategory%2525252525252525252Fschools%2525252525252525252Fcambridge%2525252525252525252Fcountry_id%2525252525252525253A8%2525252525252525252Fdirection%2525252525252525253Adesc,dup_no_user_canonical,2026-09-18,2026-09-21T20:26:15,2026-09-21T20:26:15
https://schoolwith.me/category/schools/cambridge/direction:desc/country_id:8?sort_type=/category/schools/cambridge/direction:desc/country_id:8?sort_type%3D%252Fcategory%252Fschools%252Fcambridge%252Fdirection%253Adesc%252Fcountry_id%253A8%253Fsort_type%253D%25252Fcategory%25252Fschools%25252Fcambridge%25252Fdirection%25253Aasc%25252Fcountry_id%25253A8%25252Fsort%25253Alowest_fee_per_month%25253Fsort_type%25253D%2525252Fcategory%2525252Fschools%2525252Fcambridge%2525252Fdirection%2525253Aasc%2525252Fcountry_id%2525253A8%2525252Fsort%2525253Alowest_fee_per_month%2525253Fsort_type%2525253D%252525252Fcategory%252525252Fschools%252525252Fcambridge%252525252Fcountry_id%252525253A8%252525252Fsort%252525253Alowest_fee_per_month%252525252Fdirection%252525253Aasc%252525253Fsort_type%252525253D%25252525252Fcategory%25252525252Fschools%25252525252Fcambridge%25252525252Fcountry_id%25252525253A8%25252525252Fdirection%25252525253Adesc%25252525253Fsort_type%25252525253D%2525252525252Fcategory%2525252525252Fschools%2525252525252Fcambridge%2525252525252Fcountry_id%2525252525253A8%2525252525252Fdirection%2525252525253Adesc%2525252525253Fsort_type%2525252525253D%252525252525252Fcategory%252525252525252Fschools%252525252525252Fcambridge%252525252525252Fcountry_id%252525252525253A8%252525252525252Fsort%252525252525253Alowest_fee_per_month%252525252525252Fdirection%252525252525253Aasc%252525252525253Fsort_type%252525252525253D%25252525252525252Fcategory%25252525252525252Fschools%25252525252525252Fcambridge%25252525252525252Fcountry_id%25252525252525253A8%25252525252525252Fdirection%25252525252525253Adesc,dup_no_user_canonical,2026-09-18,2026-09-21T20:26:15,2026-09-21T20:26:15
https://schoolwith.me/category/schools/cambridge/direction:desc/country_id:8?sort_type=/category/schools/cambridge/direction:desc/country_id:8?sort_type%3D%252Fcategory%252Fschools%252Fcambridge%252Fdirection%253Adesc%252Fcountry_id%253A8%253Fsort_type%253D%25252Fcategory%25252Fschools%25252Fcambridge%25252Fdirection%25253Adesc%25252Fcountry_id%25253A8%25253Fsort_type%25253D%2525252Fcategory%2525252Fschools%2525252Fcambridge%2525252Fdirection%2525253Aasc%2525252Fcountry_id%2525253A8%2525252Fsort%2525253Alowest_fee_per_month%2525253Fsort_type%2525253D%252525252Fcategory%252525252Fschools%252525252Fcambridge%252525252Fcountry_id%252525253A8%252525252Fsort%252525253Alowest_fee_per_month%252525252Fdirection%252525253Aasc%252525253Fsort_type%252525253D%25252525252Fcategory%25252525252Fschools%25252525252Fcambridge%25252525252Fcountry_id%25252525253A8%25252525252Fsort%25252525253Alowest_fee_per_month%25252525252Fdirection%25252525253Aasc%25252525253Fsort_type%25252525253D%2525252525252Fcategory%2525252525252Fschools%2525252525252Fcambridge%2525252525252Fcountry_id%2525252525253A8%2525252525252Fsort%2525252525253Alowest_fee_per_month%2525252525252Fdirection%2525252525253Aasc%2525252525253Fsort_type%2525252525253D%252525252525252Fcategory%252525252525252Fschools%252525252525252Fcambridge%252525252525252Fcountry_id%252525252525253A8%252525252525252Fdirection%252525252525253Adesc%252525252525253Fsort_type%252525252525253D%25252525252525252Fcategory%25252525252525252Fschools%25252525252525252Fcambridge%25252525252525252Fcountry_id%25252525252525253A8%25252525252525252Fdirection%25252525252525253Adesc,dup_no_user_canonical,2026-09-18,2026-09-21T20:26:15,2026-09-21T20:26:15
https://schoolwith.me/category/schools/cambridge/page:10/direction:desc?sort_type=/category/schools/cambridge/direction:desc?sort_type%3D%252Fcategory%252Fschools%252Fcambridge%252Fdirection%253Adesc%253Fsort_type%253D%25252Fcategory%25252Fschools%25252Fcambridge%25252Fsort%25253Alowest_fee_per_month%25252Fdirection%25253Aasc%25253Fsort_type%25253D%2525252Fcategory%2525252Fschools%2525252Fcambridge%2525252Fsort%2525253Alowest_fee_per_month%2525252Fdirection%2525253Aasc%2525253Fsort_type%2525253D%252525252Fcategory%252525252Fschools%252525252Fcambridge%252525252Fdirection%252525253Adesc,crawled_not_indexed,2026-09-18,2026-09-21T20:26:15,2026-09-21T20:26:15
https://schoolwith.me/category/schools/cambridge/page:10/direction:desc?sort_type=/category/schools/cambridge/sort:lowest_fee_per_month/direction:asc?sort_type%3D%252Fcategory%252Fschools%252Fcambridge%252Fsort%253Alowest_fee_per_month%252Fdirection%253Aasc%253Fsort_type%253D%25252Fcategory%25252Fschools%25252Fcambridge%25252Fsort%25253Alowest_fee_per_month%25252Fdirection%25253Aasc%25253Fsort_type%25253D%2525252Fcategory%2525252Fschools%2525252Fcambridge%2525252Fdirection%2525253Adesc%2525253Fsort_type%2525253D%252525252Fcategory%252525252Fschools%252525252Fcambridge%252525252Fdirection%252525253Adesc%252525253Fsort_type%252525253D%25252525252Fcategory%25252525252Fschools%25252525252Fcambridge,crawled_not_indexed,2026-09-18,2026-09-21T20:26:15,2026-09-21T20:26:15
https://schoolwith.me/category/schools/cambridge/page:12/direction:desc?sort_type=/category/schools/cambridge/sort:lowest_fee_per_month/direction:asc?sort_type%3D%252Fcategory%252Fschools%252Fcambridge%252Fsort%253Alowest_fee_per_month%252Fdirection%253Aasc%253Fsort_type%253D%25252Fcategory%25252Fschools%25252Fcambridge%25252Fsort%25253Alowest_fee_per_month%25252Fdirection%25253Aasc%25253Fsort_type%25253D%2525252Fcategory%2525252Fschools%2525252Fcambridge%2525252Fdirection%2525253Adesc%2525253Fsort_type%2525253D%252525252Fcategory%252525252Fschools%252525252Fcambridge%252525252Fdirection%252525253Adesc%252525253Fsort_type%252525253D%25252525252Fcategory%25252525252Fschools%25252525252Fcambridge,crawled_not_indexed,2026-09-18,2026-09-21T20:26:15,2026-09-21T20:26:15
https://schoolwith.me/category/schools/cambridge/page:4/direction:desc/country_id:5?sort_type=/category/schools/cambridge/direction:desc/country_id:5?sort_type%3D%252Fcategory%252Fschools%252Fcambridge%252Fdirection%253Adesc%252Fcountry_id%253A5%253Fsort_type%253D%25252Fcategory%25252Fschools%25252Fcambridge%25252Fcountry_id%25253A5%25252Fdirection%25253Adesc%25253Fsort_type%25253D%2525252Fcategory%2525252Fschools%2525252Fcambridge%2525252Fcountry_id%2525253A5%2525252Fsort%2525253Alowest_fee_per_month%2525252Fdirection%2525253Aasc%2525253Fsort_type%2525253D%252525252Fcategory%252525252Fschools%252525252Fcambridge%252525252Fcountry_id%252525253A5%252525252Fdirection%252525253Adesc%252525253Fsort_type%252525253D%25252525252Fcategory%25252525252Fschools%25252525252Fcambridge%25252525252Fcountry_id%25252525253A5%25252525252Fsort%25252525253Alowest_fee_per_month%25252525252Fdirection%25252525253Aasc,crawled_not_indexed,2026-09-18,2026-09-21T20:26:15,2026-09-21T20:26:15
https://schoolwith.me/category/schools/cambridge/sort:lowest_fee_per_month/direction:asc/country_id:4?sort_type=/category/schools/cambridge/direction:desc/country_id:4?sort_type%3D%252Fcategory%252Fschools%252Fcambridge%252Fdirection%253Adesc%252Fcountry_id%253A4,dup_no_user_canonical,2026-09-18,2026-09-21T20:26:15,2026-09-21T20:26:15
https://schoolwith.me/category/schools/cambridge/sort:lowest_fee_per_month/direction:asc/country_id:5/page:3,discovered_not_indexed,2026-09-18,2026-09-21T20:26:15,2026-09-21T20:26:15
https://schoolwith.me/category/schools/cambridge/sort:lowest_fee_per_month/direction:asc/page:6,discovered_not_indexed,2026-09-18,2026-09-21T20:26:15,2026-09-21T20:26:15
https://schoolwith.me/category/schools/campaign/country_id:3/area_id:3005,discovered_not_indexed,2026-09-18,2026-09-21T20:26:15,2026-09-21T20:26:15
https://schoolwith.me/category/schools/campaign/country_id:3/area_id:3005/sort:lowest_fee_per_month/direction:asc,crawled_not_indexed,2026-09-18,2026-09-21T20:26:15,2026-09-21T20:26:15
https://schoolwith.me/category/schools/campaign/country_id:4/area_id:4002,discovered_not_indexed,2026-09-18,2026-09-21T20:26:15,2026-09-21T20:26:15
https://schoolwith.me/category/schools/campaign/country_id:4/area_id:4007,discovered_not_indexed,2026-09-18,2026-09-21T20:26:15,2026-09-21T20:26:15
https://schoolwith.me/category/schools/campaign/country_id:6/area_id:6004,discovered_not_indexed,2026-09-18,2026-09-21T20:26:15,2026-09-21T20:26:15
https://schoolwith.me/category/schools/campaign/country_id:8/area_id:8008,discovered_not_indexed,2026-09-18,2026-09-21T20:26:15,2026-09-21T20:26:15
https://schoolwith.me/category/schools/campaign/page:10/direction:desc,crawled_not_indexed,2026-09-18,2026-09-21T20:26:15,2026-09-21T20:26:15
https://schoolwith.me/category/schools/facility/country_id:1/area_id:14,discovered_not_indexed,2026-09-18,2026-09-21T20:26:15,2026-09-21T20:26:15
https://schoolwith.me/category/schools/facility/country_id:2,discovered_not_indexed,2026-09-18,2026-09-21T20:26:15,2026-09-21T20:26:15
https://schoolwith.me/category/schools/facility/country_id:2/area_id:2009,discovered_not_indexed,2026-09-18,2026-09-21T20:26:15,2026-09-21T20:26:15
https://schoolwith.me/category/schools/facility/country_id:2/area_id:2009/sort:lowest_fee_per_month/direction:asc,crawled_not_indexed,2026-09-18,2026-09-21T20:26:15,2026-09-21T20:26:15
https://schoolwith.me/category/schools/facility/country_id:3/area_id:3002,discovered_not_indexed,2026-09-18,2026-09-21T20:26:15,2026-09-21T20:26:15
https://schoolwith.me/category/schools/facility/country_id:4/area_id:4003,discovered_not_indexed,2026-09-18,2026-09-21T20:26:15,2026-09-21T20:26:15
https://schoolwith.me/category/schools/facility/country_id:4/area_id:4007,discovered_not_indexed,2026-09-18,2026-09-21T20:26:15,2026-09-21T20:26:15
https://schoolwith.me/category/schools/facility/country_id:5/area_id:5005/sort:lowest_fee_per_month/direction:asc,crawled_not_indexed,2026-09-18,2026-09-21T20:26:15,2026-09-21T20:26:15
https://schoolwith.me/category/schools/facility/direction:asc/sort:lowest_fee_per_month?sort_type=/category/schools/facility/direction:desc?sort_type%3D%252Fcategory%252Fschools%252Ffacility%252Fdirection%253Adesc%253Fsort_type%253D%25252Fcategory%25252Fschools%25252Ffacility%25252Fdirection%25253Aasc%25252Fsort%25253Alowest_fee_per_month%25253Fsort_type%25253D%2525252Fcategory%2525252Fschools%2525252Ffacility%2525252Fdirection%2525253Aasc%2525252Fsort%2525253Alowest_fee_per_month%2525253Fsort_type%2525253D%252525252Fcategory%252525252Fschools%252525252Ffacility%252525252Fdirection%252525253Adesc%252525253Fsort_type%252525253D%25252525252Fcategory%25252525252Fschools%25252525252Ffacility%25252525252Fdirection%25252525253Aasc%25252525252Fsort%25252525253Alowest_fee_per_month%25252525253Fsort_type%25252525253D%2525252525252Fcategory%2525252525252Fschools%2525252525252Ffacility%2525252525252Fdirection%2525252525253Adesc%2525252525253Fsort_type%2525252525253D%252525252525252Fcategory%252525252525252Fschools%252525252525252Ffacility%252525252525252Fdirection%252525252525253Aasc%252525252525252Fsort%252525252525253Alowest_fee_per_month%252525252525253Fsort_type%252525252525253D%25252525252525252Fcategory%25252525252525252Fschools%25252525252525252Ffacility%25252525252525252Fdirection%25252525252525253Adesc%25252525252525253Fsrc_user%25252525252525253Dtop_main_ctgry_pc,crawled_not_indexed,2026-09-18,2026-09-21T20:26:15,2026-09-21T20:26:15
https://schoolwith.me/category/schools/facility/direction:asc/sort:lowest_fee_per_month?sort_type=/category/schools/facility/direction:desc?sort_type%3D%252Fcategory%252Fschools%252Ffacility%252Fdirection%253Adesc%253Fsort_type%253D%25252Fcategory%25252Fschools%25252Ffacility%25252Fdirection%25253Adesc%25253Fsort_type%25253D%2525252Fcategory%2525252Fschools%2525252Ffacility%2525252Fsort%2525253Alowest_fee_per_month%2525252Fdirection%2525253Aasc%2525253Fsort_type%2525253D%252525252Fcategory%252525252Fschools%252525252Ffacility%252525252Fsort%252525253Alowest_fee_per_month%252525252Fdirection%252525253Aasc%252525253Fsort_type%252525253D%25252525252Fcategory%25252525252Fschools%25252525252Ffacility%25252525252Fdirection%25252525253Adesc%25252525253Fsort_type%25252525253D%2525252525252Fcategory%2525252525252Fschools%2525252525252Ffacility%2525252525252Fdirection%2525252525253Adesc%2525252525253Fsort_type%2525252525253D%252525252525252Fcategory%252525252525252Fschools%252525252525252Ffacility%252525252525252Fdirection%252525252525253Adesc%252525252525253Fsort_type%252525252525253D%25252525252525252Fcategory%25252525252525252Fschools%25252525252525252Ffacility%25252525252525252Fdirection%25252525252525253Adesc%25252525252525253Fsort_type%25252525252525253D%2525252525252525252Fcategory%2525252525252525252Fschools%2525252525252525252Ffacility%2525252525252525252Fdirection%2525252525252525253Adesc%2525252525252525253Fsort_type%2525252525252525253D%252525252525252525252Fcategory%252525252525252525252Fschools%252525252525252525252Ffacility%252525252525252525252Fdirection%252525252525252525253Adesc,crawled_not_indexed,2026-09-18,2026-09-21T20:26:15,2026-09-21T20:26:15
https://schoolwith.me/category/schools/facility/sort:lowest_fee_per_month/direction:asc/page:2?sort_type=/category/schools/facility/direction:desc?sort_type%3D%252Fcategory%252Fschools%252Ffacility%252Fdirection%253Adesc%253Fsort_type%253D%25252Fcategory%25252Fschools%25252Ffacility%25252Fdirection%25253Aasc%25252Fsort%25253Alowest_fee_per_month%25253Fsort_type%25253D%2525252Fcategory%2525252Fschools%2525252Ffacility%2525252Fdirection%2525253Aasc%2525252Fsort%2525253Alowest_fee_per_month%2525253Fsort_type%2525253D%252525252Fcategory%252525252Fschools%252525252Ffacility%252525252Fdirection%252525253Adesc%252525253Fsort_type%252525253D%25252525252Fcategory%25252525252Fschools%25252525252Ffacility%25252525252Fdirection%25252525253Aasc%25252525252Fsort%25252525253Alowest_fee_per_month%25252525253Fsort_type%25252525253D%2525252525252Fcategory%2525252525252Fschools%2525252525252Ffacility%2525252525252Fdirection%2525252525253Adesc%2525252525253Fsort_type%2525252525253D%252525252525252Fcategory%252525252525252Fschools%252525252525252Ffacility%252525252525252Fdirection%252525252525253Aasc%252525252525252Fsort%252525252525253Alowest_fee_per_month%252525252525253Fsort_type%252525252525253D%25252525252525252Fcategory%25252525252525252Fschools%25252525252525252Ffacility%25252525252525252Fdirection%25252525252525253Adesc%25252525252525253Fsrc_user%25252525252525253Dtop_main_ctgry_pc,crawled_not_indexed,2026-09-18,2026-09-21T20:26:15,2026-09-21T20:26:15
https://schoolwith.me/category/schools/gmat/country_id:2/area_id:2002,crawled_not_indexed,2026-09-18,2026-09-21T20:26:15,2026-09-21T20:26:15
https://schoolwith.me/category/schools/gmat/country_id:2/area_id:2006,discovered_not_indexed,2026-09-18,2026-09-21T20:26:15,2026-09-21T20:26:15
https://schoolwith.me/category/schools/gmat/direction:asc/sort:lowest_fee_per_month?sort_type=/category/schools/gmat/direction:desc?sort_type%3D%252Fcategory%252Fschools%252Fgmat%252Fdirection%253Adesc,dup_no_user_canonical,2026-09-18,2026-09-21T20:26:15,2026-09-21T20:26:15
https://schoolwith.me/category/schools/gmat/direction:asc/sort:lowest_fee_per_month?sort_type=/category/schools/gmat/direction:desc?sort_type%3D%252Fcategory%252Fschools%252Fgmat%252Fsort%253Alowest_fee_per_month%252Fdirection%253Aasc%253Fsort_type%253D%25252Fcategory%25252Fschools%25252Fgmat%25252Fsort%25253Alowest_fee_per_month%25252Fdirection%25253Aasc%25253Fsort_type%25253D%2525252Fcategory%2525252Fschools%2525252Fgmat%2525252Fdirection%2525253Adesc%2525253Fsort_type%2525253D%252525252Fcategory%252525252Fschools%252525252Fgmat%252525252Fsort%252525253Alowest_fee_per_month%252525252Fdirection%252525253Aasc%252525253Fsort_type%252525253D%25252525252Fcategory%25252525252Fschools%25252525252Fgmat%25252525252Fdirection%25252525253Adesc%25252525253Fsort_type%25252525253D%2525252525252Fcategory%2525252525252Fschools%2525252525252Fgmat%2525252525252Fsort%2525252525253Alowest_fee_per_month%2525252525252Fdirection%2525252525253Aasc%2525252525253Fsort_type%2525252525253D%252525252525252Fcategory%252525252525252Fschools%252525252525252Fgmat%252525252525252Fdirection%252525252525253Adesc,dup_no_user_canonical,2026-09-18,2026-09-21T20:26:15,2026-09-21T20:26:15
https://schoolwith.me/category/schools/gmat/direction:desc/country_id:2?sort_type=/category/schools/gmat/direction:asc/country_id:2/sort:lowest_fee_per_month?sort_type%3D%252Fcategory%252Fschools%252Fgmat%252Fdirection%253Aasc%252Fcountry_id%253A2%252Fsort%253Alowest_fee_per_month%253Fsort_type%253D%25252Fcategory%25252Fschools%25252Fgmat%25252Fdirection%25253Aasc%25252Fcountry_id%25253A2%25252Fsort%25253Alowest_fee_per_month%25253Fsort_type%25253D%2525252Fcategory%2525252Fschools%2525252Fgmat%2525252Fdirection%2525253Aasc%2525252Fsort%2525253Alowest_fee_per_month%2525252Fcountry_id%2525253A2%2525253Fsort_type%2525253D%252525252Fcategory%252525252Fschools%252525252Fgmat%252525252Fdirection%252525253Adesc%252525252Fcountry_id%252525253A2%252525253Fsort_type%252525253D%25252525252Fcategory%25252525252Fschools%25252525252Fgmat%25252525252Fcountry_id%25252525253A2%25252525252Fdirection%25252525253Adesc,dup_no_user_canonical,2026-09-18,2026-09-21T20:26:15,2026-09-21T20:26:15
https://schoolwith.me/category/schools/gmat/direction:desc/country_id:2?sort_type=/category/schools/gmat/direction:asc/country_id:2/sort:lowest_fee_per_month?sort_type%3D%252Fcategory%252Fschools%252Fgmat%252Fdirection%253Aasc%252Fsort%253Alowest_fee_per_month%252Fcountry_id%253A2%253Fsort_type%253D%25252Fcategory%25252Fschools%25252Fgmat%25252Fdirection%25253Aasc%25252Fcountry_id%25253A2%25252Fsort%25253Alowest_fee_per_month%25253Fsort_type%25253D%2525252Fcategory%2525252Fschools%2525252Fgmat%2525252Fdirection%2525253Aasc%2525252Fsort%2525253Alowest_fee_per_month%2525252Fcountry_id%2525253A2%2525253Fsort_type%2525253D%252525252Fcategory%252525252Fschools%252525252Fgmat%252525252Fdirection%252525253Adesc%252525252Fcountry_id%252525253A2%252525253Fsort_type%252525253D%25252525252Fcategory%25252525252Fschools%25252525252Fgmat%25252525252Fcountry_id%25252525253A2%25252525252Fdirection%25252525253Adesc,dup_no_user_canonical,2026-09-18,2026-09-21T20:26:15,2026-09-21T20:26:15
https://schoolwith.me/category/schools/gmat/direction:desc/country_id:2?sort_type=/category/schools/gmat/direction:asc/country_id:2/sort:lowest_fee_per_month?sort_type%3D%252Fcategory%252Fschools%252Fgmat%252Fdirection%253Adesc%252Fcountry_id%253A2%253Fsort_type%253D%25252Fcategory%25252Fschools%25252Fgmat%25252Fdirection%25253Aasc%25252Fcountry_id%25253A2%25252Fsort%25253Alowest_fee_per_month%25253Fsort_type%25253D%2525252Fcategory%2525252Fschools%2525252Fgmat%2525252Fdirection%2525253Aasc%2525252Fsort%2525253Alowest_fee_per_month%2525252Fcountry_id%2525253A2%2525253Fsort_type%2525253D%252525252Fcategory%252525252Fschools%252525252Fgmat%252525252Fdirection%252525253Adesc%252525252Fcountry_id%252525253A2%252525253Fsort_type%252525253D%25252525252Fcategory%25252525252Fschools%25252525252Fgmat%25252525252Fcountry_id%25252525253A2%25252525252Fdirection%25252525253Adesc,dup_no_user_canonical,2026-09-18,2026-09-21T20:26:15,2026-09-21T20:26:15
https://schoolwith.me/category/schools/gmat/direction:desc/country_id:2?sort_type=/category/schools/gmat/direction:asc/country_id:2/sort:lowest_fee_per_month?sort_type%3D%252Fcategory%252Fschools%252Fgmat%252Fdirection%253Adesc%252Fcountry_id%253A2%253Fsort_type%253D%25252Fcategory%25252Fschools%25252Fgmat%25252Fdirection%25253Aasc%25252Fcountry_id%25253A2%25252Fsort%25253Alowest_fee_per_month%25253Fsort_type%25253D%2525252Fcategory%2525252Fschools%2525252Fgmat%2525252Fdirection%2525253Adesc%2525252Fcountry_id%2525253A2%2525253Fsort_type%2525253D%252525252Fcategory%252525252Fschools%252525252Fgmat%252525252Fdirection%252525253Adesc%252525252Fcountry_id%252525253A2%252525253Fsort_type%252525253D%25252525252Fcategory%25252525252Fschools%25252525252Fgmat%25252525252Fdirection%25252525253Adesc%25252525252Fcountry_id%25252525253A2%25252525253Fsort_type%25252525253D%2525252525252Fcategory%2525252525252Fschools%2525252525252Fgmat%2525252525252Fcountry_id%2525252525253A2%2525252525252Fdirection%2525252525253Adesc,dup_no_user_canonical,2026-09-18,2026-09-21T20:26:15,2026-09-21T20:26:15
https://schoolwith.me/category/schools/gmat/direction:desc/country_id:2?sort_type=/category/schools/gmat/direction:asc/sort:lowest_fee_per_month/country_id:2?sort_type%3D%252Fcategory%252Fschools%252Fgmat%252Fdirection%253Aasc%252Fcountry_id%253A2%252Fsort%253Alowest_fee_per_month%253Fsort_type%253D%25252Fcategory%25252Fschools%25252Fgmat%25252Fdirection%25253Aasc%25252Fsort%25253Alowest_fee_per_month%25252Fcountry_id%25253A2%25253Fsort_type%25253D%2525252Fcategory%2525252Fschools%2525252Fgmat%2525252Fdirection%2525253Adesc%2525252Fcountry_id%2525253A2%2525253Fsort_type%2525253D%252525252Fcategory%252525252Fschools%252525252Fgmat%252525252Fcountry_id%252525253A2%252525252Fdirection%252525253Adesc,dup_no_user_canonical,2026-09-18,2026-09-21T20:26:15,2026-09-21T20:26:15
https://schoolwith.me/category/schools/gmat/direction:desc/country_id:2?sort_type=/category/schools/gmat/direction:asc/sort:lowest_fee_per_month/country_id:2?sort_type%3D%252Fcategory%252Fschools%252Fgmat%252Fdirection%253Aasc%252Fsort%253Alowest_fee_per_month%252Fcountry_id%253A2%253Fsort_type%253D%25252Fcategory%25252Fschools%25252Fgmat%25252Fdirection%25253Aasc%25252Fcountry_id%25253A2%25252Fsort%25253Alowest_fee_per_month%25253Fsort_type%25253D%2525252Fcategory%2525252Fschools%2525252Fgmat%2525252Fdirection%2525253Aasc%2525252Fsort%2525253Alowest_fee_per_month%2525252Fcountry_id%2525253A2%2525253Fsort_type%2525253D%252525252Fcategory%252525252Fschools%252525252Fgmat%252525252Fdirection%252525253Adesc%252525252Fcountry_id%252525253A2%252525253Fsort_type%252525253D%25252525252Fcategory%25252525252Fschools%25252525252Fgmat%25252525252Fcountry_id%25252525253A2%25252525252Fdirection%25252525253Adesc,dup_no_user_canonical,2026-09-18,2026-09-21T20:26:15,2026-09-21T20:26:15
https://schoolwith.me/category/schools/gmat/direction:desc/country_id:2?sort_type=/category/schools/gmat/direction:desc/country_id:2?sort_type%3D%252Fcategory%252Fschools%252Fgmat%252Fdirection%253Aasc%252Fcountry_id%253A2%252Fsort%253Alowest_fee_per_month%253Fsort_type%253D%25252Fcategory%25252Fschools%25252Fgmat%25252Fdirection%25253Aasc%25252Fsort%25253Alowest_fee_per_month%25252Fcountry_id%25253A2%25253Fsort_type%25253D%2525252Fcategory%2525252Fschools%2525252Fgmat%2525252Fdirection%2525253Adesc%2525252Fcountry_id%2525253A2%2525253Fsort_type%2525253D%252525252Fcategory%252525252Fschools%252525252Fgmat%252525252Fcountry_id%252525253A2%252525252Fdirection%252525253Adesc,dup_no_user_canonical,2026-09-18,2026-09-21T20:26:15,2026-09-21T20:26:15
https://schoolwith.me/category/schools/gmat/direction:desc/country_id:2?sort_type=/category/schools/gmat/direction:desc/country_id:2?sort_type%3D%252Fcategory%252Fschools%252Fgmat%252Fdirection%253Aasc%252Fcountry_id%253A2%252Fsort%253Alowest_fee_per_month%253Fsort_type%253D%25252Fcategory%25252Fschools%25252Fgmat%25252Fdirection%25253Adesc%25252Fcountry_id%25253A2%25253Fsort_type%25253D%2525252Fcategory%2525252Fschools%2525252Fgmat%2525252Fdirection%2525253Adesc%2525252Fcountry_id%2525253A2%2525253Fsort_type%2525253D%252525252Fcategory%252525252Fschools%252525252Fgmat%252525252Fdirection%252525253Adesc%252525252Fcountry_id%252525253A2%252525253Fsort_type%252525253D%25252525252Fcategory%25252525252Fschools%25252525252Fgmat%25252525252Fcountry_id%25252525253A2%25252525252Fdirection%25252525253Adesc,dup_no_user_canonical,2026-09-18,2026-09-21T20:26:15,2026-09-21T20:26:15
https://schoolwith.me/category/schools/gmat/direction:desc/country_id:2?sort_type=/category/schools/gmat/direction:desc/country_id:2?sort_type%3D%252Fcategory%252Fschools%252Fgmat%252Fdirection%253Aasc%252Fsort%253Alowest_fee_per_month%252Fcountry_id%253A2%253Fsort_type%253D%25252Fcategory%25252Fschools%25252Fgmat%25252Fdirection%25253Aasc%25252Fcountry_id%25253A2%25252Fsort%25253Alowest_fee_per_month%25253Fsort_type%25253D%2525252Fcategory%2525252Fschools%2525252Fgmat%2525252Fdirection%2525253Aasc%2525252Fsort%2525253Alowest_fee_per_month%2525252Fcountry_id%2525253A2%2525253Fsort_type%2525253D%252525252Fcategory%252525252Fschools%252525252Fgmat%252525252Fdirection%252525253Adesc%252525252Fcountry_id%252525253A2%252525253Fsort_type%252525253D%25252525252Fcategory%25252525252Fschools%25252525252Fgmat%25252525252Fcountry_id%25252525253A2%25252525252Fdirection%25252525253Adesc,dup_no_user_canonical,2026-09-18,2026-09-21T20:26:15,2026-09-21T20:26:15
https://schoolwith.me/category/schools/gmat/direction:desc/country_id:2?sort_type=/category/schools/gmat/direction:desc/country_id:2?sort_type%3D%252Fcategory%252Fschools%252Fgmat%252Fdirection%253Adesc%252Fcountry_id%253A2%253Fsort_type%253D%25252Fcategory%25252Fschools%25252Fgmat%25252Fdirection%25253Aasc%25252Fcountry_id%25253A2%25252Fsort%25253Alowest_fee_per_month%25253Fsort_type%25253D%2525252Fcategory%2525252Fschools%2525252Fgmat%2525252Fdirection%2525253Aasc%2525252Fsort%2525253Alowest_fee_per_month%2525252Fcountry_id%2525253A2%2525253Fsort_type%2525253D%252525252Fcategory%252525252Fschools%252525252Fgmat%252525252Fdirection%252525253Adesc%252525252Fcountry_id%252525253A2%252525253Fsort_type%252525253D%25252525252Fcategory%25252525252Fschools%25252525252Fgmat%25252525252Fcountry_id%25252525253A2%25252525252Fdirection%25252525253Adesc,dup_no_user_canonical,2026-09-18,2026-09-21T20:26:15,2026-09-21T20:26:15
https://schoolwith.me/category/schools/gmat/direction:desc/country_id:2?sort_type=/category/schools/gmat/direction:desc/country_id:2?sort_type%3D%252Fcategory%252Fschools%252Fgmat%252Fdirection%253Adesc%252Fcountry_id%253A2%253Fsort_type%253D%25252Fcategory%25252Fschools%25252Fgmat%25252Fdirection%25253Aasc%25252Fcountry_id%25253A2%25252Fsort%25253Alowest_fee_per_month%25253Fsort_type%25253D%2525252Fcategory%2525252Fschools%2525252Fgmat%2525252Fdirection%2525253Adesc%2525252Fcountry_id%2525253A2%2525253Fsort_type%2525253D%252525252Fcategory%252525252Fschools%252525252Fgmat%252525252Fdirection%252525253Adesc%252525252Fcountry_id%252525253A2%252525253Fsort_type%252525253D%25252525252Fcategory%25252525252Fschools%25252525252Fgmat%25252525252Fdirection%25252525253Adesc%25252525252Fcountry_id%25252525253A2%25252525253Fsort_type%25252525253D%2525252525252Fcategory%2525252525252Fschools%2525252525252Fgmat%2525252525252Fcountry_id%2525252525253A2%2525252525252Fdirection%2525252525253Adesc,dup_no_user_canonical,2026-09-18,2026-09-21T20:26:15,2026-09-21T20:26:15
https://schoolwith.me/category/schools/gmat/direction:desc/country_id:2?sort_type=/category/schools/gmat/direction:desc/country_id:2?sort_type%3D%252Fcategory%252Fschools%252Fgmat%252Fdirection%253Adesc%252Fcountry_id%253A2%253Fsort_type%253D%25252Fcategory%25252Fschools%25252Fgmat%25252Fdirection%25253Adesc%25252Fcountry_id%25253A2%25253Fsort_type%25253D%2525252Fcategory%2525252Fschools%2525252Fgmat%2525252Fdirection%2525253Adesc%2525252Fcountry_id%2525253A2%2525253Fsort_type%2525253D%252525252Fcategory%252525252Fschools%252525252Fgmat%252525252Fdirection%252525253Adesc%252525252Fcountry_id%252525253A2%252525253Fsort_type%252525253D%25252525252Fcategory%25252525252Fschools%25252525252Fgmat%25252525252Fdirection%25252525253Adesc%25252525252Fcountry_id%25252525253A2%25252525253Fsort_type%25252525253D%2525252525252Fcategory%2525252525252Fschools%2525252525252Fgmat%2525252525252Fdirection%2525252525253Aasc%2525252525252Fcountry_id%2525252525253A2%2525252525252Fsort%2525252525253Alowest_fee_per_month%2525252525253Fsort_type%2525252525253D%252525252525252Fcategory%252525252525252Fschools%252525252525252Fgmat%252525252525252Fdirection%252525252525253Adesc%252525252525252Fcountry_id%252525252525253A2%252525252525253Fsort_type%252525252525253D%25252525252525252Fcategory%25252525252525252Fschools%25252525252525252Fgmat%25252525252525252Fdirection%25252525252525253Adesc%25252525252525252Fcountry_id%25252525252525253A2%25252525252525253Fsort_type%25252525252525253D%2525252525252525252Fcategory%2525252525252525252Fschools%2525252525252525252Fgmat%2525252525252525252Fcountry_id%2525252525252525253A2%2525252525252525252Fdirection%2525252525252525253Adesc,dup_no_user_canonical,2026-09-18,2026-09-21T20:26:15,2026-09-21T20:26:15
https://schoolwith.me/category/schools/gmat/sort:lowest_fee_per_month/direction:ASC,dup_no_user_canonical,2026-09-18,2026-09-21T20:26:15,2026-09-21T20:26:15
https://schoolwith.me/category/schools/gmat/sort:lowest_fee_per_month/direction:ASC?sort_type=/category/schools/gmat/sort:lowest_fee_per_month/direction:ASC?sort_type%3D%252Fcategory%252Fschools%252Fgmat,dup_no_user_canonical,2026-09-18,2026-09-21T20:26:15,2026-09-21T20:26:15
https://schoolwith.me/category/schools/gmat/sort:lowest_fee_per_month/direction:asc?a8=KrA0DrUo2L8pjzgCZjBMppIMq.zJ8oIsAj_CszIFMF4o2LAX79TKcLTLGLZsasTBcFbMIvAycrA01s00000024868001,dup_no_user_canonical,2026-09-18,2026-09-21T20:26:15,2026-09-21T20:26:15
https://schoolwith.me/category/schools/gmat/sort:lowest_fee_per_month/direction:asc?sort_type=/category/schools/gmat/direction:desc,dup_no_user_canonical,2026-09-18,2026-09-21T20:26:15,2026-09-21T20:26:15
https://schoolwith.me/category/schools/gmat/sort:lowest_fee_per_month/direction:asc?sort_type=/category/schools/gmat/direction:desc?sort_type%3D%252Fcategory%252Fschools%252Fgmat%252Fsort%253Alowest_fee_per_month%252Fdirection%253Aasc,dup_no_user_canonical,2026-09-18,2026-09-21T20:26:15,2026-09-21T20:26:15
https://schoolwith.me/category/schools/gmat/sort:lowest_fee_per_month/direction:asc?sort_type=/category/schools/gmat/sort:lowest_fee_per_month/direction:asc,dup_no_user_canonical,2026-09-18,2026-09-21T20:26:15,2026-09-21T20:26:15
https://schoolwith.me/category/schools/gmat/sort:lowest_fee_per_month/supports/line,dup_no_user_canonical,2026-09-18,2026-09-21T20:26:15,2026-09-21T20:26:15
https://schoolwith.me/category/schools/golf/direction:asc/country_id:1/sort:lowest_fee_per_month?sort_type=/category/schools/golf/direction:desc/country_id:1?sort_type%3D%252Fcategory%252Fschools%252Fgolf%252Fdirection%253Aasc%252Fcountry_id%253A1%252Fsort%253Alowest_fee_per_month%253Fsort_type%253D%25252Fcategory%25252Fschools%25252Fgolf%25252Fdirection%25253Aasc%25252Fcountry_id%25253A1%25252Fsort%25253Alowest_fee_per_month%25253Fsort_type%25253D%2525252Fcategory%2525252Fschools%2525252Fgolf%2525252Fcountry_id%2525253A1%2525252Fdirection%2525253Adesc%2525253Fsort_type%2525253D%252525252Fcategory%252525252Fschools%252525252Fgolf%252525252Fcountry_id%252525253A1%252525252Fsort%252525253Alowest_fee_per_month%252525252Fdirection%252525253Aasc%252525253Fsort_type%252525253D%25252525252Fcategory%25252525252Fschools%25252525252Fgolf%25252525252Fcountry_id%25252525253A1%25252525252Fsort%25252525253Alowest_fee_per_month%25252525252Fdirection%25252525253Aasc%25252525253Fsort_type%25252525253D%2525252525252Fcategory%2525252525252Fschools%2525252525252Fgolf%2525252525252Fcountry_id%2525252525253A1%2525252525252Fsort%2525252525253Alowest_fee_per_month%2525252525252Fdirection%2525252525253Aasc%2525252525253Fsort_type%2525252525253D%252525252525252Fcategory%252525252525252Fschools%252525252525252Fgolf%252525252525252Fcountry_id%252525252525253A1%252525252525252Fsort%252525252525253Alowest_fee_per_month%252525252525252Fdirection%252525252525253Aasc%252525252525253Fsort_type%252525252525253D%25252525252525252Fcategory%25252525252525252Fschools%25252525252525252Fgolf%25252525252525252Fcountry_id%25252525252525253A1%25252525252525252Fdirection%25252525252525253Adesc%25252525252525253Fsort_type%25252525252525253D%2525252525252525252Fcategory%2525252525252525252Fschools%2525252525252525252Fgolf%2525252525252525252Fcountry_id%2525252525252525253A1%2525252525252525252Fsort%2525252525252525253Alowest_fee_per_month%2525252525252525252Fdirection%2525252525252525253Aasc,crawled_not_indexed,2026-09-18,2026-09-21T20:26:15,2026-09-21T20:26:15
https://schoolwith.me/category/schools/gre/country_id:4,crawled_not_indexed,2026-09-18,2026-09-21T20:26:15,2026-09-21T20:26:15
https://schoolwith.me/category/schools/gre/country_id:4/area_id:4003/sort:lowest_fee_per_month/direction:asc,crawled_not_indexed,2026-09-18,2026-09-21T20:26:15,2026-09-21T20:26:15
https://schoolwith.me/category/schools/gre/country_id:5/area_id:5007,discovered_not_indexed,2026-09-18,2026-09-21T20:26:15,2026-09-21T20:26:15
https://schoolwith.me/category/schools/gre/direction:desc?sort_type=/category/schools/gre/direction:asc/sort:lowest_fee_per_month?sort_type%3D%252Fcategory%252Fschools%252Fgre%252Fdirection%253Adesc%253Fsort_type%253D%25252Fcategory%25252Fschools%25252Fgre%25252Fdirection%25253Aasc%25252Fsort%25253Alowest_fee_per_month%25253Fsort_type%25253D%2525252Fcategory%2525252Fschools%2525252Fgre%2525252Fdirection%2525253Adesc%2525253Fsort_type%2525253D%252525252Fcategory%252525252Fschools%252525252Fgre%252525252Fdirection%252525253Adesc%252525253Fsort_type%252525253D%25252525252Fcategory%25252525252Fschools%25252525252Fgre%25252525252Fdirection%25252525253Adesc%25252525253Fsort_type%25252525253D%2525252525252Fcategory%2525252525252Fschools%2525252525252Fgre%2525252525252Fsort%2525252525253Alowest_fee_per_month%2525252525252Fdirection%2525252525253Aasc%2525252525253Fsort_type%2525252525253D%252525252525252Fcategory%252525252525252Fschools%252525252525252Fgre%252525252525252Fsort%252525252525253Alowest_fee_per_month%252525252525252Fdirection%252525252525253Aasc%252525252525253Fsort_type%252525252525253D%25252525252525252Fcategory%25252525252525252Fschools%25252525252525252Fgre%25252525252525252Fsort%25252525252525253Alowest_fee_per_month%25252525252525252Fdirection%25252525252525253Aasc,dup_no_user_canonical,2026-09-18,2026-09-21T20:26:15,2026-09-21T20:26:15
https://schoolwith.me/category/schools/gre/direction:desc?sort_type=/category/schools/gre/direction:desc?sort_type%3D%252Fcategory%252Fschools%252Fgre%252Fdirection%253Aasc%252Fsort%253Alowest_fee_per_month%253Fsort_type%253D%25252Fcategory%25252Fschools%25252Fgre%25252Fdirection%25253Aasc%25252Fsort%25253Alowest_fee_per_month%25253Fsort_type%25253D%2525252Fcategory%2525252Fschools%2525252Fgre%2525252Fdirection%2525253Aasc%2525252Fsort%2525253Alowest_fee_per_month%2525253Fsort_type%2525253D%252525252Fcategory%252525252Fschools%252525252Fgre%252525252Fdirection%252525253Aasc%252525252Fsort%252525253Alowest_fee_per_month%252525253Fsort_type%252525253D%25252525252Fcategory%25252525252Fschools%25252525252Fgre%25252525252Fdirection%25252525253Adesc%25252525253Fsort_type%25252525253D%2525252525252Fcategory%2525252525252Fschools%2525252525252Fgre%2525252525252Fdirection%2525252525253Adesc%2525252525253Fsort_type%2525252525253D%252525252525252Fcategory%252525252525252Fschools%252525252525252Fgre%252525252525252Fdirection%252525252525253Adesc%252525252525253Fsort_type%252525252525253D%25252525252525252Fcategory%25252525252525252Fschools%25252525252525252Fgre%25252525252525252Fsort%25252525252525253Alowest_fee_per_month%25252525252525252Fdirection%25252525252525253Aasc,dup_no_user_canonical,2026-09-18,2026-09-21T20:26:15,2026-09-21T20:26:15
https://schoolwith.me/category/schools/gre/direction:desc?sort_type=/category/schools/gre/direction:desc?sort_type%3D%252Fcategory%252Fschools%252Fgre%252Fdirection%253Adesc%253Fsort_type%253D%25252Fcategory%25252Fschools%25252Fgre%25252Fdirection%25253Aasc%25252Fsort%25253Alowest_fee_per_month%25253Fsort_type%25253D%2525252Fcategory%2525252Fschools%2525252Fgre%2525252Fdirection%2525253Aasc%2525252Fsort%2525253Alowest_fee_per_month%2525253Fsort_type%2525253D%252525252Fcategory%252525252Fschools%252525252Fgre%252525252Fdirection%252525253Aasc%252525252Fsort%252525253Alowest_fee_per_month%252525253Fsort_type%252525253D%25252525252Fcategory%25252525252Fschools%25252525252Fgre%25252525252Fdirection%25252525253Adesc%25252525253Fsort_type%25252525253D%2525252525252Fcategory%2525252525252Fschools%2525252525252Fgre%2525252525252Fsort%2525252525253Alowest_fee_per_month%2525252525252Fdirection%2525252525253Aasc%2525252525253Fsort_type%2525252525253D%252525252525252Fcategory%252525252525252Fschools%252525252525252Fgre%252525252525252Fdirection%252525252525253Adesc%252525252525253Fsort_type%252525252525253D%25252525252525252Fcategory%25252525252525252Fschools%25252525252525252Fgre%25252525252525252Fsort%25252525252525253Alowest_fee_per_month%25252525252525252Fdirection%25252525252525253Aasc,dup_no_user_canonical,2026-09-18,2026-09-21T20:26:15,2026-09-21T20:26:15
https://schoolwith.me/category/schools/gre/direction:desc?sort_type=/category/schools/gre/direction:desc?sort_type%3D%252Fcategory%252Fschools%252Fgre%252Fdirection%253Adesc%253Fsort_type%253D%25252Fcategory%25252Fschools%25252Fgre%25252Fdirection%25253Adesc%25253Fsort_type%25253D%2525252Fcategory%2525252Fschools%2525252Fgre%2525252Fdirection%2525253Adesc%2525253Fsort_type%2525253D%252525252Fcategory%252525252Fschools%252525252Fgre%252525252Fdirection%252525253Adesc%252525253Fsort_type%252525253D%25252525252Fcategory%25252525252Fschools%25252525252Fgre%25252525252Fdirection%25252525253Aasc%25252525252Fsort%25252525253Alowest_fee_per_month%25252525253Fsort_type%25252525253D%2525252525252Fcategory%2525252525252Fschools%2525252525252Fgre%2525252525252Fsort%2525252525253Alowest_fee_per_month%2525252525252Fdirection%2525252525253Aasc%2525252525253Fsort_type%2525252525253D%252525252525252Fcategory%252525252525252Fschools%252525252525252Fgre%252525252525252Fdirection%252525252525253Adesc%252525252525253Fsort_type%252525252525253D%25252525252525252Fcategory%25252525252525252Fschools%25252525252525252Fgre%25252525252525252Fdirection%25252525252525253Adesc%25252525252525253Fsort_type%25252525252525253D%2525252525252525252Fcategory%2525252525252525252Fschools%2525252525252525252Fgre%2525252525252525252Fdirection%2525252525252525253Adesc,dup_no_user_canonical,2026-09-18,2026-09-21T20:26:15,2026-09-21T20:26:15
https://schoolwith.me/category/schools/gre/sort:lowest_fee_per_month/direction:asc?sort_type=/category/schools/gre/direction:desc?sort_type%3D%252Fcategory%252Fschools%252Fgre%252Fsort%253Alowest_fee_per_month%252Fdirection%253Aasc%253Fsort_type%253D%25252Fcategory%25252Fschools%25252Fgre%25252Fsort%25253Alowest_fee_per_month%25252Fdirection%25253Aasc%25253Fsort_type%25253D%2525252Fcategory%2525252Fschools%2525252Fgre%2525252Fdirection%2525253Adesc%2525253Fsort_type%2525253D%252525252Fcategory%252525252Fschools%252525252Fgre%252525252Fsort%252525253Alowest_fee_per_month%252525252Fdirection%252525253Aasc%252525253Fsort_type%252525253D%25252525252Fcategory%25252525252Fschools%25252525252Fgre%25252525252Fsort%25252525253Alowest_fee_per_month%25252525252Fdirection%25252525253Aasc,dup_no_user_canonical,2026-09-18,2026-09-21T20:26:15,2026-09-21T20:26:15
https://schoolwith.me/category/schools/gre/sort:lowest_fee_per_month/direction:asc?sort_type=/category/schools/gre/sort:lowest_fee_per_month/direction:asc?sort_type%3D%252Fcategory%252Fschools%252Fgre%252Fdirection%253Adesc,dup_no_user_canonical,2026-09-18,2026-09-21T20:26:15,2026-09-21T20:26:15
https://schoolwith.me/category/schools/hard_schedule/country_id:1/area_id:3,discovered_not_indexed,2026-09-18,2026-09-21T20:26:15,2026-09-21T20:26:15
https://schoolwith.me/category/schools/ielts/country_id:1/area_id:1/sort:lowest_fee_per_month/direction:ASC?sort_type=/category/schools/ielts/country_id:1/area_id:1/sort:lowest_fee_per_month/direction:ASC?sort_type%3D%252Fcategory%252Fschools%252Fielts%252Fcountry_id%253A1%252Farea_id%253A1,dup_no_user_canonical,2026-09-18,2026-09-21T20:26:15,2026-09-21T20:26:15
https://schoolwith.me/category/schools/ielts/country_id:1/area_id:1/sort:lowest_fee_per_month/direction:ASC?sort_type=/category/schools/ielts/country_id:1/area_id:1?sort_type%3D%252Fcategory%252Fschools%252Fielts%252Fcountry_id%253A1%252Farea_id%253A1,dup_no_user_canonical,2026-09-18,2026-09-21T20:26:15,2026-09-21T20:26:15
https://schoolwith.me/category/schools/ielts/country_id:1/sort:lowest_fee_per_month/direction:asc/area_id:2,crawled_not_indexed,2026-09-18,2026-09-21T20:26:15,2026-09-21T20:26:15
https://schoolwith.me/category/schools/ielts/country_id:2/sort:lowest_fee_per_month/direction:ASC,dup_no_user_canonical,2026-09-18,2026-09-21T20:26:15,2026-09-21T20:26:15
https://schoolwith.me/category/schools/ielts/country_id:3/area_id:3002/sort:lowest_fee_per_month/direction:asc?sort_type=/category/schools/ielts/direction:desc/country_id:3/area_id:3002?sort_type%3D%252Fcategory%252Fschools%252Fielts%252Fcountry_id%253A3%252Farea_id%253A3002%252Fsort%253Alowest_fee_per_month%252Fdirection%253Aasc%253Fsort_type%253D%25252Fcategory%25252Fschools%25252Fielts%25252Fcountry_id%25253A3%25252Farea_id%25253A3002%25252Fsort%25253Alowest_fee_per_month%25252Fdirection%25253Aasc%25253Fsort_type%25253D%2525252Fcategory%2525252Fschools%2525252Fielts%2525252Fcountry_id%2525253A3%2525252Farea_id%2525253A3002%2525252Fsort%2525253Alowest_fee_per_month%2525252Fdirection%2525253AASC,dup_no_user_canonical,2026-09-18,2026-09-21T20:26:15,2026-09-21T20:26:15
https://schoolwith.me/category/schools/ielts/country_id:4/area_id:4004/sort:lowest_fee_per_month/direction:asc?sort_type=/category/schools/ielts/country_id:4/area_id:4004/direction:desc?sort_type%3D%252Fcategory%252Fschools%252Fielts%252Fcountry_id%253A4%252Farea_id%253A4004%252Fsort%253Alowest_fee_per_month%252Fdirection%253Aasc%253Fsort_type%253D%25252Fcategory%25252Fschools%25252Fielts%25252Fcountry_id%25253A4%25252Farea_id%25253A4004%25252Fdirection%25253Adesc%25253Fsort_type%25253D%2525252Fcategory%2525252Fschools%2525252Fielts%2525252Fcountry_id%2525253A4%2525252Farea_id%2525253A4004%2525252Fsort%2525253Alowest_fee_per_month%2525252Fdirection%2525253Aasc,dup_no_user_canonical,2026-09-18,2026-09-21T20:26:15,2026-09-21T20:26:15
https://schoolwith.me/category/schools/ielts/country_id:4/area_id:4004/sort:lowest_fee_per_month/direction:asc?sort_type=/category/schools/ielts/country_id:4/area_id:4004/direction:desc?sort_type%3D%252Fcategory%252Fschools%252Fielts%252Fcountry_id%253A4%252Farea_id%253A4004%252Fsort%253Alowest_fee_per_month%252Fdirection%253Aasc%253Fsort_type%253D%25252Fcategory%25252Fschools%25252Fielts%25252Fcountry_id%25253A4%25252Farea_id%25253A4004%25252Fsort%25253Alowest_fee_per_month%25252Fdirection%25253Aasc%25253Fsort_type%25253D%2525252Fcategory%2525252Fschools%2525252Fielts%2525252Fcountry_id%2525253A4%2525252Farea_id%2525253A4004%2525252Fdirection%2525253Adesc,dup_no_user_canonical,2026-09-18,2026-09-21T20:26:15,2026-09-21T20:26:15
https://schoolwith.me/category/schools/ielts/country_id:4/area_id:4004/sort:lowest_fee_per_month/direction:asc?sort_type=/category/schools/ielts/country_id:4/area_id:4004/sort:lowest_fee_per_month/direction:asc?sort_type%3D%252Fcategory%252Fschools%252Fielts%252Fcountry_id%253A4%252Farea_id%253A4004%252Fdirection%253Adesc%253Fsort_type%253D%25252Fcategory%25252Fschools%25252Fielts%25252Fcountry_id%25253A4%25252Farea_id%25253A4004%25252Fdirection%25253Adesc%25253Fsort_type%25253D%2525252Fcategory%2525252Fschools%2525252Fielts%2525252Fcountry_id%2525253A4%2525252Farea_id%2525253A4004%2525252Fdirection%2525253Adesc,dup_no_user_canonical,2026-09-18,2026-09-21T20:26:15,2026-09-21T20:26:15
https://schoolwith.me/category/schools/ielts/country_id:4/area_id:4004/sort:lowest_fee_per_month/direction:asc?sort_type=/category/schools/ielts/country_id:4/area_id:4004/sort:lowest_fee_per_month/direction:asc?sort_type%3D%252Fcategory%252Fschools%252Fielts%252Fcountry_id%253A4%252Farea_id%253A4004%252Fdirection%253Adesc%253Fsort_type%253D%25252Fcategory%25252Fschools%25252Fielts%25252Fcountry_id%25253A4%25252Farea_id%25253A4004%25252Fsort%25253Alowest_fee_per_month%25252Fdirection%25253Aasc%25253Fsort_type%25253D%2525252Fcategory%2525252Fschools%2525252Fielts%2525252Fcountry_id%2525253A4%2525252Farea_id%2525253A4004%2525252Fdirection%2525253Adesc,dup_no_user_canonical,2026-09-18,2026-09-21T20:26:15,2026-09-21T20:26:15
https://schoolwith.me/category/schools/ielts/country_id:4/area_id:4004/sort:lowest_fee_per_month/direction:asc?sort_type=/category/schools/ielts/sort:lowest_fee_per_month/direction:asc/country_id:4/area_id:4004?sort_type%3D%252Fcategory%252Fschools%252Fielts%252Fcountry_id%253A4%252Farea_id%253A4004%252Fsort%253Alowest_fee_per_month%252Fdirection%253Aasc,dup_no_user_canonical,2026-09-18,2026-09-21T20:26:15,2026-09-21T20:26:15
https://schoolwith.me/category/schools/ielts/country_id:4?sort_type=/category/schools/ielts/direction:asc/country_id:4/sort:lowest_fee_per_month?sort_type%3D%252Fcategory%252Fschools%252Fielts%252Fdirection%253Aasc%252Fsort%253Alowest_fee_per_month%252Fcountry_id%253A4%253Fsort_type%253D%25252Fcategory%25252Fschools%25252Fielts%25252Fdirection%25253Aasc%25252Fcountry_id%25253A4%25252Fsort%25253Alowest_fee_per_month%25253Fsort_type%25253D%2525252Fcategory%2525252Fschools%2525252Fielts%2525252Fdirection%2525253Aasc%2525252Fsort%2525253Alowest_fee_per_month%2525252Fcountry_id%2525253A4%2525253Fsort_type%2525253D%252525252Fcategory%252525252Fschools%252525252Fielts%252525252Fdirection%252525253Aasc%252525252Fcountry_id%252525253A4%252525252Fsort%252525253Alowest_fee_per_month,crawled_not_indexed,2026-09-18,2026-09-21T20:26:15,2026-09-21T20:26:15
https://schoolwith.me/category/schools/ielts/country_id:5/page:5,crawled_not_indexed,2026-09-18,2026-09-21T20:26:15,2026-09-21T20:26:15
https://schoolwith.me/category/schools/ielts/country_id:6?sort_type=/category/schools/ielts/direction:asc/country_id:6/sort:lowest_fee_per_month?sort_type%3D%252Fcategory%252Fschools%252Fielts%252Fdirection%253Aasc%252Fcountry_id%253A6%252Fsort%253Alowest_fee_per_month%253Fsort_type%253D%25252Fcategory%25252Fschools%25252Fielts%25252Fdirection%25253Adesc%25252Fcountry_id%25253A6%25253Fsort_type%25253D%2525252Fcategory%2525252Fschools%2525252Fielts%2525252Fdirection%2525253Adesc%2525252Fcountry_id%2525253A6%2525253Fsort_type%2525253D%252525252Fcategory%252525252Fschools%252525252Fielts%252525252Fdirection%252525253Adesc%252525252Fcountry_id%252525253A6%252525253Fsort_type%252525253D%25252525252Fcategory%25252525252Fschools%25252525252Fielts%25252525252Fdirection%25252525253Adesc%25252525252Fcountry_id%25252525253A6%25252525253Fsort_type%25252525253D%2525252525252Fcategory%2525252525252Fschools%2525252525252Fielts%2525252525252Fcountry_id%2525252525253A6%2525252525253Fsort_type%2525252525253D%252525252525252Fcategory%252525252525252Fschools%252525252525252Fielts%252525252525252Fsort%252525252525253Alowest_fee_per_month%252525252525252Fdirection%252525252525253AASC%252525252525252Fcountry_id%252525252525253A6,crawled_not_indexed,2026-09-18,2026-09-21T20:26:15,2026-09-21T20:26:15
https://schoolwith.me/category/schools/ielts/direction:asc/country_id:1/area_id:1/sort:lowest_fee_per_month?sort_type=/category/schools/ielts/direction:desc/country_id:1/area_id:1?sort_type%3D%252Fcategory%252Fschools%252Fielts%252Fdirection%253Adesc%252Fcountry_id%253A1%252Farea_id%253A1%253Fsort_type%253D%25252Fcategory%25252Fschools%25252Fielts%25252Fdirection%25253Aasc%25252Fsort%25253Alowest_fee_per_month%25252Fcountry_id%25253A1%25252Farea_id%25253A1%25253Fsort_type%25253D%2525252Fcategory%2525252Fschools%2525252Fielts%2525252Fdirection%2525253Aasc%2525252Fsort%2525253Alowest_fee_per_month%2525252Fcountry_id%2525253A1%2525252Farea_id%2525253A1%2525253Fsort_type%2525253D%252525252Fcategory%252525252Fschools%252525252Fielts%252525252Fdirection%252525253Adesc%252525252Fcountry_id%252525253A1%252525252Farea_id%252525253A1%252525253Fsort_type%252525253D%25252525252Fcategory%25252525252Fschools%25252525252Fielts%25252525252Fdirection%25252525253Adesc%25252525252Fcountry_id%25252525253A1%25252525252Farea_id%25252525253A1%25252525253Fsort_type%25252525253D%2525252525252Fcategory%2525252525252Fschools%2525252525252Fielts%2525252525252Fdirection%2525252525253Adesc%2525252525252Fcountry_id%2525252525253A1%2525252525252Farea_id%2525252525253A1%2525252525253Fsort_type%2525252525253D%252525252525252Fcategory%252525252525252Fschools%252525252525252Fielts%252525252525252Fsort%252525252525253Alowest_fee_per_month%252525252525252Fdirection%252525252525253AASC%252525252525252Fcountry_id%252525252525253A1%252525252525252Farea_id%252525252525253A1,dup_no_user_canonical,2026-09-18,2026-09-21T20:26:15,2026-09-21T20:26:15
https://schoolwith.me/category/schools/ielts/direction:asc/country_id:2/sort:lowest_fee_per_month,dup_google_chose_different,2026-09-18,2026-09-21T20:26:15,2026-09-21T20:26:15
https://schoolwith.me/category/schools/ielts/direction:asc/country_id:2/sort:lowest_fee_per_month?sort_type=/category/schools/ielts/direction:asc/country_id:2/sort:lowest_fee_per_month?sort_type%3D%252Fcategory%252Fschools%252Fielts%252Fdirection%253Adesc%252Fcountry_id%253A2%253Fsort_type%253D%25252Fcategory%25252Fschools%25252Fielts%25252Fdirection%25253Aasc%25252Fcountry_id%25253A2%25252Fsort%25253Alowest_fee_per_month%25253Fsort_type%25253D%2525252Fcategory%2525252Fschools%2525252Fielts%2525252Fsort%2525253Alowest_fee_per_month%2525252Fdirection%2525253Aasc%2525252Fcountry_id%2525253A2,crawled_not_indexed,2026-09-18,2026-09-21T20:26:15,2026-09-21T20:26:15
https://schoolwith.me/category/schools/ielts/direction:asc/country_id:2/sort:lowest_fee_per_month?sort_type=/category/schools/ielts/direction:desc/country_id:2,dup_no_user_canonical,2026-09-18,2026-09-21T20:26:15,2026-09-21T20:26:15
https://schoolwith.me/category/schools/ielts/direction:asc/country_id:2/sort:lowest_fee_per_month?sort_type=/category/schools/ielts/direction:desc/country_id:2?sort_type%3D%252Fcategory%252Fschools%252Fielts%252Fdirection%253Adesc%252Fcountry_id%253A2%253Fsort_type%253D%25252Fcategory%25252Fschools%25252Fielts%25252Fcountry_id%25253A2%25252Fsort%25253Alowest_fee_per_month%25252Fdirection%25253Aasc%25253Fsort_type%25253D%2525252Fcategory%2525252Fschools%2525252Fielts%2525252Fcountry_id%2525253A2%2525252Fdirection%2525253Adesc%2525253Fsort_type%2525253D%252525252Fcategory%252525252Fschools%252525252Fielts%252525252Fcountry_id%252525253A2%252525252Fsort%252525253Alowest_fee_per_month%252525252Fdirection%252525253Aasc%252525253Fsort_type%252525253D%25252525252Fcategory%25252525252Fschools%25252525252Fielts%25252525252Fcountry_id%25252525253A2%25252525252Fsort%25252525253Alowest_fee_per_month%25252525252Fdirection%25252525253Aasc%25252525253Fsort_type%25252525253D%2525252525252Fcategory%2525252525252Fschools%2525252525252Fielts%2525252525252Fcountry_id%2525252525253A2%2525252525252Fdirection%2525252525253Adesc,dup_no_user_canonical,2026-09-18,2026-09-21T20:26:15,2026-09-21T20:26:15
https://schoolwith.me/category/schools/ielts/direction:asc/country_id:3/area_id:3012/sort:lowest_fee_per_month,discovered_not_indexed,2026-09-18,2026-09-21T20:26:15,2026-09-21T20:26:15
https://schoolwith.me/category/schools/ielts/direction:asc/country_id:4/sort:lowest_fee_per_month?sort_type=/category/schools/ielts/direction:asc/country_id:4/sort:lowest_fee_per_month?sort_type%3D%252Fcategory%252Fschools%252Fielts%252Fdirection%253Aasc%252Fsort%253Alowest_fee_per_month%252Fcountry_id%253A4%253Fsort_type%253D%25252Fcategory%25252Fschools%25252Fielts%25252Fdirection%25253Aasc%25252Fcountry_id%25253A4%25252Fsort%25253Alowest_fee_per_month%25253Fsort_type%25253D%2525252Fcategory%2525252Fschools%2525252Fielts%2525252Fdirection%2525253Aasc%2525252Fsort%2525253Alowest_fee_per_month%2525252Fcountry_id%2525253A4%2525253Fsort_type%2525253D%252525252Fcategory%252525252Fschools%252525252Fielts%252525252Fdirection%252525253Aasc%252525252Fcountry_id%252525253A4%252525252Fsort%252525253Alowest_fee_per_month,crawled_not_indexed,2026-09-18,2026-09-21T20:26:15,2026-09-21T20:26:15
https://schoolwith.me/category/schools/ielts/direction:asc/country_id:5/area_id:5006/sort:lowest_fee_per_month,discovered_not_indexed,2026-09-18,2026-09-21T20:26:15,2026-09-21T20:26:15
https://schoolwith.me/category/schools/ielts/direction:asc/country_id:5/area_id:5052/sort:lowest_fee_per_month?sort_type=/category/schools/ielts/direction:asc/country_id:5/area_id:5052/sort:lowest_fee_per_month?sort_type%3D%252Fcategory%252Fschools%252Fielts%252Fdirection%253Aasc%252Fcountry_id%253A5%252Farea_id%253A5052%252Fsort%253Alowest_fee_per_month%253Fsort_type%253D%25252Fcategory%25252Fschools%25252Fielts%25252Fdirection%25253Adesc%25252Fcountry_id%25253A5%25252Farea_id%25253A5052%25253Fsort_type%25253D%2525252Fcategory%2525252Fschools%2525252Fielts%2525252Fdirection%2525253Aasc%2525252Fcountry_id%2525253A5%2525252Farea_id%2525253A5052%2525252Fsort%2525253Alowest_fee_per_month%2525253Fsort_type%2525253D%252525252Fcategory%252525252Fschools%252525252Fielts%252525252Fdirection%252525253Aasc%252525252Fcountry_id%252525253A5%252525252Farea_id%252525253A5052%252525252Fsort%252525253Alowest_fee_per_month%252525253Fsort_type%252525253D%25252525252Fcategory%25252525252Fschools%25252525252Fielts%25252525252Fdirection%25252525253Adesc%25252525252Fcountry_id%25252525253A5%25252525252Farea_id%25252525253A5052%25252525253Fsort_type%25252525253D%2525252525252Fcategory%2525252525252Fschools%2525252525252Fielts%2525252525252Fdirection%2525252525253Aasc%2525252525252Fcountry_id%2525252525253A5%2525252525252Farea_id%2525252525253A5052%2525252525252Fsort%2525252525253Alowest_fee_per_month%2525252525253Fsort_type%2525252525253D%252525252525252Fcategory%252525252525252Fschools%252525252525252Fielts%252525252525252Fdirection%252525252525253Adesc%252525252525252Fcountry_id%252525252525253A5%252525252525252Farea_id%252525252525253A5052,dup_no_user_canonical,2026-09-18,2026-09-21T20:26:15,2026-09-21T20:26:15
https://schoolwith.me/category/schools/ielts/direction:asc/country_id:5/area_id:5052/sort:lowest_fee_per_month?sort_type=/category/schools/ielts/direction:asc/country_id:5/area_id:5052/sort:lowest_fee_per_month?sort_type%3D%252Fcategory%252Fschools%252Fielts%252Fdirection%253Aasc%252Fcountry_id%253A5%252Farea_id%253A5052%252Fsort%253Alowest_fee_per_month%253Fsort_type%253D%25252Fcategory%25252Fschools%25252Fielts%25252Fdirection%25253Adesc%25252Fcountry_id%25253A5%25252Farea_id%25253A5052%25253Fsort_type%25253D%2525252Fcategory%2525252Fschools%2525252Fielts%2525252Fdirection%2525253Aasc%2525252Fcountry_id%2525253A5%2525252Farea_id%2525253A5052%2525252Fsort%2525253Alowest_fee_per_month%2525253Fsort_type%2525253D%252525252Fcategory%252525252Fschools%252525252Fielts%252525252Fdirection%252525253Adesc%252525252Fcountry_id%252525253A5%252525252Farea_id%252525253A5052,dup_no_user_canonical,2026-09-18,2026-09-21T20:26:15,2026-09-21T20:26:15
https://schoolwith.me/category/schools/ielts/direction:asc/country_id:5/area_id:5052/sort:lowest_fee_per_month?sort_type=/category/schools/ielts/direction:asc/sort:lowest_fee_per_month/country_id:5/area_id:5052?sort_type%3D%252Fcategory%252Fschools%252Fielts%252Fdirection%253Adesc%252Fcountry_id%253A5%252Farea_id%253A5052%253Fsort_type%253D%25252Fcategory%25252Fschools%25252Fielts%25252Fdirection%25253Aasc%25252Fcountry_id%25253A5%25252Farea_id%25253A5052%25252Fsort%25253Alowest_fee_per_month%25253Fsort_type%25253D%2525252Fcategory%2525252Fschools%2525252Fielts%2525252Fdirection%2525253Aasc%2525252Fcountry_id%2525253A5%2525252Farea_id%2525253A5052%2525252Fsort%2525253Alowest_fee_per_month%2525253Fsort_type%2525253D%252525252Fcategory%252525252Fschools%252525252Fielts%252525252Fdirection%252525253Adesc%252525252Fcountry_id%252525253A5%252525252Farea_id%252525253A5052%252525253Fsort_type%252525253D%25252525252Fcategory%25252525252Fschools%25252525252Fielts%25252525252Fdirection%25252525253Aasc%25252525252Fcountry_id%25252525253A5%25252525252Farea_id%25252525253A5052%25252525252Fsort%25252525253Alowest_fee_per_month%25252525253Fsort_type%25252525253D%2525252525252Fcategory%2525252525252Fschools%2525252525252Fielts%2525252525252Fdirection%2525252525253Adesc%2525252525252Fcountry_id%2525252525253A5%2525252525252Farea_id%2525252525253A5052,dup_no_user_canonical,2026-09-18,2026-09-21T20:26:15,2026-09-21T20:26:15
https://schoolwith.me/category/schools/ielts/direction:asc/country_id:5/area_id:5052/sort:lowest_fee_per_month?sort_type=/category/schools/ielts/direction:desc/country_id:5/area_id:5052?sort_type%3D%252Fcategory%252Fschools%252Fielts%252Fdirection%253Aasc%252Fcountry_id%253A5%252Farea_id%253A5052%252Fsort%253Alowest_fee_per_month%253Fsort_type%253D%25252Fcategory%25252Fschools%25252Fielts%25252Fdirection%25253Aasc%25252Fcountry_id%25253A5%25252Farea_id%25253A5052%25252Fsort%25253Alowest_fee_per_month%25253Fsort_type%25253D%2525252Fcategory%2525252Fschools%2525252Fielts%2525252Fdirection%2525253Adesc%2525252Fcountry_id%2525253A5%2525252Farea_id%2525253A5052%2525253Fsort_type%2525253D%252525252Fcategory%252525252Fschools%252525252Fielts%252525252Fdirection%252525253Aasc%252525252Fcountry_id%252525253A5%252525252Farea_id%252525253A5052%252525252Fsort%252525253Alowest_fee_per_month%252525253Fsort_type%252525253D%25252525252Fcategory%25252525252Fschools%25252525252Fielts%25252525252Fdirection%25252525253Adesc%25252525252Fcountry_id%25252525253A5%25252525252Farea_id%25252525253A5052,dup_no_user_canonical,2026-09-18,2026-09-21T20:26:15,2026-09-21T20:26:15
https://schoolwith.me/category/schools/ielts/direction:asc/country_id:6/sort:lowest_fee_per_month?sort_type=/category/schools/ielts/direction:asc/country_id:6/sort:lowest_fee_per_month?sort_type%3D%252Fcategory%252Fschools%252Fielts%252Fdirection%253Aasc%252Fcountry_id%253A6%252Fsort%253Alowest_fee_per_month%253Fsort_type%253D%25252Fcategory%25252Fschools%25252Fielts%25252Fdirection%25253Adesc%25252Fcountry_id%25253A6%25253Fsort_type%25253D%2525252Fcategory%2525252Fschools%2525252Fielts%2525252Fdirection%2525253Adesc%2525252Fcountry_id%2525253A6%2525253Fsort_type%2525253D%252525252Fcategory%252525252Fschools%252525252Fielts%252525252Fdirection%252525253Adesc%252525252Fcountry_id%252525253A6%252525253Fsort_type%252525253D%25252525252Fcategory%25252525252Fschools%25252525252Fielts%25252525252Fdirection%25252525253Adesc%25252525252Fcountry_id%25252525253A6%25252525253Fsort_type%25252525253D%2525252525252Fcategory%2525252525252Fschools%2525252525252Fielts%2525252525252Fcountry_id%2525252525253A6%2525252525253Fsort_type%2525252525253D%252525252525252Fcategory%252525252525252Fschools%252525252525252Fielts%252525252525252Fsort%252525252525253Alowest_fee_per_month%252525252525252Fdirection%252525252525253AASC%252525252525252Fcountry_id%252525252525253A6,crawled_not_indexed,2026-09-18,2026-09-21T20:26:15,2026-09-21T20:26:15
https://schoolwith.me/category/schools/ielts/direction:asc/country_id:6/sort:lowest_fee_per_month?sort_type=/category/schools/ielts/direction:desc/country_id:6?sort_type%3D%252Fcategory%252Fschools%252Fielts%252Fdirection%253Aasc%252Fcountry_id%253A6%252Fsort%253Alowest_fee_per_month%253Fsort_type%253D%25252Fcategory%25252Fschools%25252Fielts%25252Fdirection%25253Adesc%25252Fcountry_id%25253A6%25253Fsort_type%25253D%2525252Fcategory%2525252Fschools%2525252Fielts%2525252Fdirection%2525253Adesc%2525252Fcountry_id%2525253A6%2525253Fsort_type%2525253D%252525252Fcategory%252525252Fschools%252525252Fielts%252525252Fdirection%252525253Adesc%252525252Fcountry_id%252525253A6%252525253Fsort_type%252525253D%25252525252Fcategory%25252525252Fschools%25252525252Fielts%25252525252Fdirection%25252525253Adesc%25252525252Fcountry_id%25252525253A6%25252525253Fsort_type%25252525253D%2525252525252Fcategory%2525252525252Fschools%2525252525252Fielts%2525252525252Fcountry_id%2525252525253A6%2525252525253Fsort_type%2525252525253D%252525252525252Fcategory%252525252525252Fschools%252525252525252Fielts%252525252525252Fsort%252525252525253Alowest_fee_per_month%252525252525252Fdirection%252525252525253AASC%252525252525252Fcountry_id%252525252525253A6,crawled_not_indexed,2026-09-18,2026-09-21T20:26:15,2026-09-21T20:26:15
https://schoolwith.me/category/schools/ielts/direction:asc/sort:lowest_fee_per_month/country_id:1/page:2?sort_type=/category/schools/ielts/direction:asc/country_id:1/sort:lowest_fee_per_month?sort_type%3D%252Fcategory%252Fschools%252Fielts%252Fdirection%253Aasc%252Fcountry_id%253A1%252Fsort%253Alowest_fee_per_month%253Fsort_type%253D%25252Fcategory%25252Fschools%25252Fielts%25252Fdirection%25253Adesc%25252Fcountry_id%25253A1%25253Fsort_type%25253D%2525252Fcategory%2525252Fschools%2525252Fielts%2525252Fdirection%2525253Aasc%2525252Fcountry_id%2525253A1%2525252Fsort%2525253Alowest_fee_per_month%2525253Fsort_type%2525253D%252525252Fcategory%252525252Fschools%252525252Fielts%252525252Fdirection%252525253Aasc%252525252Fcountry_id%252525253A1%252525252Fsort%252525253Alowest_fee_per_month%252525253Fsort_type%252525253D%25252525252Fcategory%25252525252Fschools%25252525252Fielts%25252525252Fdirection%25252525253Aasc%25252525252Fcountry_id%25252525253A1%25252525252Fsort%25252525253Alowest_fee_per_month%25252525253Fsort_type%25252525253D%2525252525252Fcategory%2525252525252Fschools%2525252525252Fielts%2525252525252Fdirection%2525252525253Adesc%2525252525252Fcountry_id%2525252525253A1%2525252525253Fsort_type%2525252525253D%252525252525252Fcategory%252525252525252Fschools%252525252525252Fielts%252525252525252Fdirection%252525252525253Aasc%252525252525252Fcountry_id%252525252525253A1%252525252525252Fsort%252525252525253Alowest_fee_per_month%252525252525253Fsort_type%252525252525253D%25252525252525252Fcategory%25252525252525252Fschools%25252525252525252Fielts%25252525252525252Fsort%25252525252525253Alowest_fee_per_month%25252525252525252Fdirection%25252525252525253Aasc%25252525252525252Fcountry_id%25252525252525253A1,dup_no_user_canonical,2026-09-18,2026-09-21T20:26:15,2026-09-21T20:26:15
https://schoolwith.me/category/schools/ielts/direction:asc/sort:lowest_fee_per_month/country_id:1/page:2?sort_type=/category/schools/ielts/direction:asc/country_id:1/sort:lowest_fee_per_month?sort_type%3D%252Fcategory%252Fschools%252Fielts%252Fdirection%253Aasc%252Fsort%253Alowest_fee_per_month%252Fcountry_id%253A1%253Fsort_type%253D%25252Fcategory%25252Fschools%25252Fielts%25252Fdirection%25253Adesc%25252Fcountry_id%25253A1%25253Fsort_type%25253D%2525252Fcategory%2525252Fschools%2525252Fielts%2525252Fdirection%2525253Aasc%2525252Fcountry_id%2525253A1%2525252Fsort%2525253Alowest_fee_per_month%2525253Fsort_type%2525253D%252525252Fcategory%252525252Fschools%252525252Fielts%252525252Fdirection%252525253Aasc%252525252Fcountry_id%252525253A1%252525252Fsort%252525253Alowest_fee_per_month%252525253Fsort_type%252525253D%25252525252Fcategory%25252525252Fschools%25252525252Fielts%25252525252Fdirection%25252525253Adesc%25252525252Fcountry_id%25252525253A1%25252525253Fsort_type%25252525253D%2525252525252Fcategory%2525252525252Fschools%2525252525252Fielts%2525252525252Fdirection%2525252525253Aasc%2525252525252Fcountry_id%2525252525253A1%2525252525252Fsort%2525252525253Alowest_fee_per_month%2525252525253Fsort_type%2525252525253D%252525252525252Fcategory%252525252525252Fschools%252525252525252Fielts%252525252525252Fsort%252525252525253Alowest_fee_per_month%252525252525252Fdirection%252525252525253Aasc%252525252525252Fcountry_id%252525252525253A1,dup_no_user_canonical,2026-09-18,2026-09-21T20:26:15,2026-09-21T20:26:15
https://schoolwith.me/category/schools/ielts/direction:asc/sort:lowest_fee_per_month/country_id:1/page:2?sort_type=/category/schools/ielts/direction:asc/country_id:1/sort:lowest_fee_per_month?sort_type%3D%252Fcategory%252Fschools%252Fielts%252Fdirection%253Adesc%252Fcountry_id%253A1%253Fsort_type%253D%25252Fcategory%25252Fschools%25252Fielts%25252Fdirection%25253Aasc%25252Fcountry_id%25253A1%25252Fsort%25253Alowest_fee_per_month%25253Fsort_type%25253D%2525252Fcategory%2525252Fschools%2525252Fielts%2525252Fdirection%2525253Aasc%2525252Fcountry_id%2525253A1%2525252Fsort%2525253Alowest_fee_per_month%2525253Fsort_type%2525253D%252525252Fcategory%252525252Fschools%252525252Fielts%252525252Fdirection%252525253Aasc%252525252Fcountry_id%252525253A1%252525252Fsort%252525253Alowest_fee_per_month%252525253Fsort_type%252525253D%25252525252Fcategory%25252525252Fschools%25252525252Fielts%25252525252Fdirection%25252525253Adesc%25252525252Fcountry_id%25252525253A1%25252525253Fsort_type%25252525253D%2525252525252Fcategory%2525252525252Fschools%2525252525252Fielts%2525252525252Fdirection%2525252525253Aasc%2525252525252Fcountry_id%2525252525253A1%2525252525252Fsort%2525252525253Alowest_fee_per_month%2525252525253Fsort_type%2525252525253D%252525252525252Fcategory%252525252525252Fschools%252525252525252Fielts%252525252525252Fsort%252525252525253Alowest_fee_per_month%252525252525252Fdirection%252525252525253Aasc%252525252525252Fcountry_id%252525252525253A1,dup_no_user_canonical,2026-09-18,2026-09-21T20:26:15,2026-09-21T20:26:15
https://schoolwith.me/category/schools/ielts/direction:asc/sort:lowest_fee_per_month/country_id:1/page:2?sort_type=/category/schools/ielts/direction:asc/country_id:1/sort:lowest_fee_per_month?sort_type%3D%252Fcategory%252Fschools%252Fielts%252Fdirection%253Adesc%252Fcountry_id%253A1%253Fsort_type%253D%25252Fcategory%25252Fschools%25252Fielts%25252Fdirection%25253Adesc%25252Fcountry_id%25253A1%25253Fsort_type%25253D%2525252Fcategory%2525252Fschools%2525252Fielts%2525252Fdirection%2525253Aasc%2525252Fsort%2525253Alowest_fee_per_month%2525252Fcountry_id%2525253A1%2525253Fsort_type%2525253D%252525252Fcategory%252525252Fschools%252525252Fielts%252525252Fdirection%252525253Adesc%252525252Fcountry_id%252525253A1%252525253Fsort_type%252525253D%25252525252Fcategory%25252525252Fschools%25252525252Fielts%25252525252Fdirection%25252525253Aasc%25252525252Fcountry_id%25252525253A1%25252525252Fsort%25252525253Alowest_fee_per_month%25252525253Fsort_type%25252525253D%2525252525252Fcategory%2525252525252Fschools%2525252525252Fielts%2525252525252Fdirection%2525252525253Adesc%2525252525252Fcountry_id%2525252525253A1%2525252525253Fsort_type%2525252525253D%252525252525252Fcategory%252525252525252Fschools%252525252525252Fielts%252525252525252Fdirection%252525252525253Aasc%252525252525252Fcountry_id%252525252525253A1%252525252525252Fsort%252525252525253Alowest_fee_per_month%252525252525253Fsort_type%252525252525253D%25252525252525252Fcategory%25252525252525252Fschools%25252525252525252Fielts%25252525252525252Fdirection%25252525252525253Aasc%25252525252525252Fcountry_id%25252525252525253A1%25252525252525252Fsort%25252525252525253Alowest_fee_per_month%25252525252525253Fsort_type%25252525252525253D%2525252525252525252Fcategory%2525252525252525252Fschools%2525252525252525252Fielts%2525252525252525252Fsort%2525252525252525253Alowest_fee_per_month%2525252525252525252Fdirection%2525252525252525253Aasc%2525252525252525252Fcountry_id%2525252525252525253A1,dup_no_user_canonical,2026-09-18,2026-09-21T20:26:15,2026-09-21T20:26:15
https://schoolwith.me/category/schools/ielts/direction:asc/sort:lowest_fee_per_month/country_id:1/page:2?sort_type=/category/schools/ielts/direction:asc/sort:lowest_fee_per_month/country_id:1?sort_type%3D%252Fcategory%252Fschools%252Fielts%252Fdirection%253Aasc%252Fcountry_id%253A1%252Fsort%253Alowest_fee_per_month%253Fsort_type%253D%25252Fcategory%25252Fschools%25252Fielts%25252Fdirection%25253Adesc%25252Fcountry_id%25253A1%25253Fsort_type%25253D%2525252Fcategory%2525252Fschools%2525252Fielts%2525252Fdirection%2525253Aasc%2525252Fcountry_id%2525253A1%2525252Fsort%2525253Alowest_fee_per_month%2525253Fsort_type%2525253D%252525252Fcategory%252525252Fschools%252525252Fielts%252525252Fsort%252525253Alowest_fee_per_month%252525252Fdirection%252525253Aasc%252525252Fcountry_id%252525253A1,dup_no_user_canonical,2026-09-18,2026-09-21T20:26:15,2026-09-21T20:26:15
https://schoolwith.me/category/schools/ielts/direction:asc/sort:lowest_fee_per_month/country_id:1/page:2?sort_type=/category/schools/ielts/direction:desc/country_id:1?sort_type%3D%252Fcategory%252Fschools%252Fielts%252Fdirection%253Aasc%252Fcountry_id%253A1%252Fsort%253Alowest_fee_per_month%253Fsort_type%253D%25252Fcategory%25252Fschools%25252Fielts%25252Fdirection%25253Aasc%25252Fcountry_id%25253A1%25252Fsort%25253Alowest_fee_per_month%25253Fsort_type%25253D%2525252Fcategory%2525252Fschools%2525252Fielts%2525252Fdirection%2525253Adesc%2525252Fcountry_id%2525253A1%2525253Fsort_type%2525253D%252525252Fcategory%252525252Fschools%252525252Fielts%252525252Fdirection%252525253Aasc%252525252Fcountry_id%252525253A1%252525252Fsort%252525253Alowest_fee_per_month%252525253Fsort_type%252525253D%25252525252Fcategory%25252525252Fschools%25252525252Fielts%25252525252Fdirection%25252525253Adesc%25252525252Fcountry_id%25252525253A1%25252525253Fsort_type%25252525253D%2525252525252Fcategory%2525252525252Fschools%2525252525252Fielts%2525252525252Fdirection%2525252525253Aasc%2525252525252Fcountry_id%2525252525253A1%2525252525252Fsort%2525252525253Alowest_fee_per_month%2525252525253Fsort_type%2525252525253D%252525252525252Fcategory%252525252525252Fschools%252525252525252Fielts%252525252525252Fdirection%252525252525253Aasc%252525252525252Fcountry_id%252525252525253A1%252525252525252Fsort%252525252525253Alowest_fee_per_month%252525252525253Fsort_type%252525252525253D%25252525252525252Fcategory%25252525252525252Fschools%25252525252525252Fielts%25252525252525252Fsort%25252525252525253Alowest_fee_per_month%25252525252525252Fdirection%25252525252525253Aasc%25252525252525252Fcountry_id%25252525252525253A1,dup_no_user_canonical,2026-09-18,2026-09-21T20:26:15,2026-09-21T20:26:15
https://schoolwith.me/category/schools/ielts/direction:asc/sort:lowest_fee_per_month/country_id:1/page:2?sort_type=/category/schools/ielts/direction:desc/country_id:1?sort_type%3D%252Fcategory%252Fschools%252Fielts%252Fdirection%253Aasc%252Fcountry_id%253A1%252Fsort%253Alowest_fee_per_month%253Fsort_type%253D%25252Fcategory%25252Fschools%25252Fielts%25252Fdirection%25253Aasc%25252Fcountry_id%25253A1%25252Fsort%25253Alowest_fee_per_month%25253Fsort_type%25253D%2525252Fcategory%2525252Fschools%2525252Fielts%2525252Fdirection%2525253Adesc%2525252Fcountry_id%2525253A1%2525253Fsort_type%2525253D%252525252Fcategory%252525252Fschools%252525252Fielts%252525252Fdirection%252525253Aasc%252525252Fcountry_id%252525253A1%252525252Fsort%252525253Alowest_fee_per_month%252525253Fsort_type%252525253D%25252525252Fcategory%25252525252Fschools%25252525252Fielts%25252525252Fsort%25252525253Alowest_fee_per_month%25252525252Fdirection%25252525253Aasc%25252525252Fcountry_id%25252525253A1,dup_no_user_canonical,2026-09-18,2026-09-21T20:26:15,2026-09-21T20:26:15
https://schoolwith.me/category/schools/ielts/direction:asc/sort:lowest_fee_per_month/country_id:1/page:2?sort_type=/category/schools/ielts/direction:desc/country_id:1?sort_type%3D%252Fcategory%252Fschools%252Fielts%252Fdirection%253Aasc%252Fcountry_id%253A1%252Fsort%253Alowest_fee_per_month%253Fsort_type%253D%25252Fcategory%25252Fschools%25252Fielts%25252Fdirection%25253Aasc%25252Fsort%25253Alowest_fee_per_month%25252Fcountry_id%25253A1%25253Fsort_type%25253D%2525252Fcategory%2525252Fschools%2525252Fielts%2525252Fdirection%2525253Adesc%2525252Fcountry_id%2525253A1%2525253Fsort_type%2525253D%252525252Fcategory%252525252Fschools%252525252Fielts%252525252Fdirection%252525253Aasc%252525252Fcountry_id%252525253A1%252525252Fsort%252525253Alowest_fee_per_month%252525253Fsort_type%252525253D%25252525252Fcategory%25252525252Fschools%25252525252Fielts%25252525252Fdirection%25252525253Adesc%25252525252Fcountry_id%25252525253A1%25252525253Fsort_type%25252525253D%2525252525252Fcategory%2525252525252Fschools%2525252525252Fielts%2525252525252Fdirection%2525252525253Aasc%2525252525252Fcountry_id%2525252525253A1%2525252525252Fsort%2525252525253Alowest_fee_per_month%2525252525253Fsort_type%2525252525253D%252525252525252Fcategory%252525252525252Fschools%252525252525252Fielts%252525252525252Fdirection%252525252525253Aasc%252525252525252Fcountry_id%252525252525253A1%252525252525252Fsort%252525252525253Alowest_fee_per_month%252525252525253Fsort_type%252525252525253D%25252525252525252Fcategory%25252525252525252Fschools%25252525252525252Fielts%25252525252525252Fsort%25252525252525253Alowest_fee_per_month%25252525252525252Fdirection%25252525252525253Aasc%25252525252525252Fcountry_id%25252525252525253A1,dup_no_user_canonical,2026-09-18,2026-09-21T20:26:15,2026-09-21T20:26:15
https://schoolwith.me/category/schools/ielts/direction:asc/sort:lowest_fee_per_month/country_id:1/page:2?sort_type=/category/schools/ielts/direction:desc/country_id:1?sort_type%3D%252Fcategory%252Fschools%252Fielts%252Fdirection%253Aasc%252Fcountry_id%253A1%252Fsort%253Alowest_fee_per_month%253Fsort_type%253D%25252Fcategory%25252Fschools%25252Fielts%25252Fdirection%25253Adesc%25252Fcountry_id%25253A1%25253Fsort_type%25253D%2525252Fcategory%2525252Fschools%2525252Fielts%2525252Fdirection%2525253Aasc%2525252Fcountry_id%2525253A1%2525252Fsort%2525253Alowest_fee_per_month%2525253Fsort_type%2525253D%252525252Fcategory%252525252Fschools%252525252Fielts%252525252Fdirection%252525253Aasc%252525252Fcountry_id%252525253A1%252525252Fsort%252525253Alowest_fee_per_month%252525253Fsort_type%252525253D%25252525252Fcategory%25252525252Fschools%25252525252Fielts%25252525252Fsort%25252525253Alowest_fee_per_month%25252525252Fdirection%25252525253Aasc%25252525252Fcountry_id%25252525253A1,dup_no_user_canonical,2026-09-18,2026-09-21T20:26:15,2026-09-21T20:26:15
https://schoolwith.me/category/schools/ielts/direction:asc/sort:lowest_fee_per_month/country_id:1/page:2?sort_type=/category/schools/ielts/direction:desc/country_id:1?sort_type%3D%252Fcategory%252Fschools%252Fielts%252Fdirection%253Aasc%252Fsort%253Alowest_fee_per_month%252Fcountry_id%253A1%253Fsort_type%253D%25252Fcategory%25252Fschools%25252Fielts%25252Fdirection%25253Adesc%25252Fcountry_id%25253A1%25253Fsort_type%25253D%2525252Fcategory%2525252Fschools%2525252Fielts%2525252Fdirection%2525253Aasc%2525252Fcountry_id%2525253A1%2525252Fsort%2525253Alowest_fee_per_month%2525253Fsort_type%2525253D%252525252Fcategory%252525252Fschools%252525252Fielts%252525252Fdirection%252525253Aasc%252525252Fcountry_id%252525253A1%252525252Fsort%252525253Alowest_fee_per_month%252525253Fsort_type%252525253D%25252525252Fcategory%25252525252Fschools%25252525252Fielts%25252525252Fdirection%25252525253Adesc%25252525252Fcountry_id%25252525253A1%25252525253Fsort_type%25252525253D%2525252525252Fcategory%2525252525252Fschools%2525252525252Fielts%2525252525252Fdirection%2525252525253Aasc%2525252525252Fcountry_id%2525252525253A1%2525252525252Fsort%2525252525253Alowest_fee_per_month%2525252525253Fsort_type%2525252525253D%252525252525252Fcategory%252525252525252Fschools%252525252525252Fielts%252525252525252Fsort%252525252525253Alowest_fee_per_month%252525252525252Fdirection%252525252525253Aasc%252525252525252Fcountry_id%252525252525253A1,dup_no_user_canonical,2026-09-18,2026-09-21T20:26:15,2026-09-21T20:26:15
https://schoolwith.me/category/schools/ielts/direction:asc/sort:lowest_fee_per_month/country_id:1/page:2?sort_type=/category/schools/ielts/direction:desc/country_id:1?sort_type%3D%252Fcategory%252Fschools%252Fielts%252Fdirection%253Adesc%252Fcountry_id%253A1%253Fsort_type%253D%25252Fcategory%25252Fschools%25252Fielts%25252Fdirection%25253Aasc%25252Fsort%25253Alowest_fee_per_month%25252Fcountry_id%25253A1%25253Fsort_type%25253D%2525252Fcategory%2525252Fschools%2525252Fielts%2525252Fdirection%2525253Adesc%2525252Fcountry_id%2525253A1%2525253Fsort_type%2525253D%252525252Fcategory%252525252Fschools%252525252Fielts%252525252Fdirection%252525253Aasc%252525252Fcountry_id%252525253A1%252525252Fsort%252525253Alowest_fee_per_month%252525253Fsort_type%252525253D%25252525252Fcategory%25252525252Fschools%25252525252Fielts%25252525252Fdirection%25252525253Aasc%25252525252Fcountry_id%25252525253A1%25252525252Fsort%25252525253Alowest_fee_per_month%25252525253Fsort_type%25252525253D%2525252525252Fcategory%2525252525252Fschools%2525252525252Fielts%2525252525252Fdirection%2525252525253Adesc%2525252525252Fcountry_id%2525252525253A1%2525252525253Fsort_type%2525252525253D%252525252525252Fcategory%252525252525252Fschools%252525252525252Fielts%252525252525252Fdirection%252525252525253Aasc%252525252525252Fcountry_id%252525252525253A1%252525252525252Fsort%252525252525253Alowest_fee_per_month%252525252525253Fsort_type%252525252525253D%25252525252525252Fcategory%25252525252525252Fschools%25252525252525252Fielts%25252525252525252Fsort%25252525252525253Alowest_fee_per_month%25252525252525252Fdirection%25252525252525253Aasc%25252525252525252Fcountry_id%25252525252525253A1,dup_no_user_canonical,2026-09-18,2026-09-21T20:26:15,2026-09-21T20:26:15
https://schoolwith.me/category/schools/ielts/direction:asc/sort:lowest_fee_per_month/country_id:4/page:2?sort_type=/category/schools/ielts/direction:asc/country_id:4/sort:lowest_fee_per_month?sort_type%3D%252Fcategory%252Fschools%252Fielts%252Fdirection%253Aasc%252Fsort%253Alowest_fee_per_month%252Fcountry_id%253A4%253Fsort_type%253D%25252Fcategory%25252Fschools%25252Fielts%25252Fdirection%25253Aasc%25252Fcountry_id%25253A4%25252Fsort%25253Alowest_fee_per_month%25253Fsort_type%25253D%2525252Fcategory%2525252Fschools%2525252Fielts%2525252Fdirection%2525253Aasc%2525252Fsort%2525253Alowest_fee_per_month%2525252Fcountry_id%2525253A4%2525253Fsort_type%2525253D%252525252Fcategory%252525252Fschools%252525252Fielts%252525252Fdirection%252525253Aasc%252525252Fcountry_id%252525253A4%252525252Fsort%252525253Alowest_fee_per_month,crawled_not_indexed,2026-09-18,2026-09-21T20:26:15,2026-09-21T20:26:15
https://schoolwith.me/category/schools/ielts/direction:asc/sort:lowest_fee_per_month/country_id:5/area_id:5001/page:2?sort_type=/category/schools/ielts/direction:asc/sort:lowest_fee_per_month/country_id:5/area_id:5001?sort_type%3D%252Fcategory%252Fschools%252Fielts%252Fdirection%253Adesc%252Fcountry_id%253A5%252Farea_id%253A5001%253Fsort_type%253D%25252Fcategory%25252Fschools%25252Fielts%25252Fdirection%25253Aasc%25252Fcountry_id%25253A5%25252Farea_id%25253A5001%25252Fsort%25253Alowest_fee_per_month%25253Fsort_type%25253D%2525252Fcategory%2525252Fschools%2525252Fielts%2525252Fdirection%2525253Adesc%2525252Fcountry_id%2525253A5%2525252Farea_id%2525253A5001%2525253Fsort_type%2525253D%252525252Fcategory%252525252Fschools%252525252Fielts%252525252Fdirection%252525253Aasc%252525252Fsort%252525253Alowest_fee_per_month%252525252Fcountry_id%252525253A5%252525252Farea_id%252525253A5001,dup_no_user_canonical,2026-09-18,2026-09-21T20:26:15,2026-09-21T20:26:15
https://schoolwith.me/category/schools/ielts/direction:asc/sort:lowest_fee_per_month/country_id:5/area_id:5001/page:2?sort_type=/category/schools/ielts/direction:desc/country_id:5/area_id:5001?sort_type%3D%252Fcategory%252Fschools%252Fielts%252Fdirection%253Aasc%252Fsort%253Alowest_fee_per_month%252Fcountry_id%253A5%252Farea_id%253A5001%253Fsort_type%253D%25252Fcategory%25252Fschools%25252Fielts%25252Fdirection%25253Adesc%25252Fcountry_id%25253A5%25252Farea_id%25253A5001%25253Fsort_type%25253D%2525252Fcategory%2525252Fschools%2525252Fielts%2525252Fdirection%2525253Aasc%2525252Fsort%2525253Alowest_fee_per_month%2525252Fcountry_id%2525253A5%2525252Farea_id%2525253A5001%2525253Fsort_type%2525253D%252525252Fcategory%252525252Fschools%252525252Fielts%252525252Fcountry_id%252525253A5%252525252Farea_id%252525253A5001%252525253Fsort_type%252525253D%25252525252Fcategory%25252525252Fschools%25252525252Fielts%25252525252Fcountry_id%25252525253A5%25252525252Farea_id%25252525253A5001,dup_no_user_canonical,2026-09-18,2026-09-21T20:26:15,2026-09-21T20:26:15
https://schoolwith.me/category/schools/ielts/direction:asc/sort:lowest_fee_per_month/country_id:5?sort_type=/category/schools/ielts/direction:desc/country_id:5?sort_type%3D%252Fcategory%252Fschools%252Fielts%252Fdirection%253Aasc%252Fcountry_id%253A5%252Fsort%253Alowest_fee_per_month,crawled_not_indexed,2026-09-18,2026-09-21T20:26:15,2026-09-21T20:26:15
https://schoolwith.me/category/schools/ielts/direction:desc/country_id:2?sort_type=/category/schools/ielts/direction:asc/country_id:2/sort:lowest_fee_per_month?sort_type%3D%252Fcategory%252Fschools%252Fielts%252Fdirection%253Aasc%252Fcountry_id%253A2%252Fsort%253Alowest_fee_per_month%253Fsort_type%253D%25252Fcategory%25252Fschools%25252Fielts%25252Fdirection%25253Aasc%25252Fcountry_id%25253A2%25252Fsort%25253Alowest_fee_per_month%25253Fsort_type%25253D%2525252Fcategory%2525252Fschools%2525252Fielts%2525252Fsort%2525253Alowest_fee_per_month%2525252Fdirection%2525253Aasc%2525252Fcountry_id%2525253A2,dup_no_user_canonical,2026-09-18,2026-09-21T20:26:15,2026-09-21T20:26:15
https://schoolwith.me/category/schools/ielts/direction:desc/country_id:2?sort_type=/category/schools/ielts/direction:asc/country_id:2/sort:lowest_fee_per_month?sort_type%3D%252Fcategory%252Fschools%252Fielts%252Fdirection%253Adesc%252Fcountry_id%253A2%253Fsort_type%253D%25252Fcategory%25252Fschools%25252Fielts%25252Fcountry_id%25253A2%25252Fdirection%25253Adesc%25253Fsort_type%25253D%2525252Fcategory%2525252Fschools%2525252Fielts%2525252Fcountry_id%2525253A2%2525252Fdirection%2525253Adesc,dup_no_user_canonical,2026-09-18,2026-09-21T20:26:15,2026-09-21T20:26:15
https://schoolwith.me/category/schools/ielts/direction:desc/country_id:2?sort_type=/category/schools/ielts/direction:asc/country_id:2/sort:lowest_fee_per_month?sort_type%3D%252Fcategory%252Fschools%252Fielts%252Fdirection%253Adesc%252Fcountry_id%253A2%253Fsort_type%253D%25252Fcategory%25252Fschools%25252Fielts%25252Fdirection%25253Aasc%25252Fcountry_id%25253A2%25252Fsort%25253Alowest_fee_per_month%25253Fsort_type%25253D%2525252Fcategory%2525252Fschools%2525252Fielts%2525252Fsort%2525253Alowest_fee_per_month%2525252Fdirection%2525253Aasc%2525252Fcountry_id%2525253A2,dup_no_user_canonical,2026-09-18,2026-09-21T20:26:15,2026-09-21T20:26:15
https://schoolwith.me/category/schools/ielts/direction:desc/country_id:2?sort_type=/category/schools/ielts/direction:asc/country_id:2/sort:lowest_fee_per_month?sort_type%3D%252Fcategory%252Fschools%252Fielts%252Fsort%253Alowest_fee_per_month%252Fdirection%253Aasc%252Fcountry_id%253A2,dup_no_user_canonical,2026-09-18,2026-09-21T20:26:15,2026-09-21T20:26:15
https://schoolwith.me/category/schools/ielts/direction:desc/country_id:2?sort_type=/category/schools/ielts/direction:desc/country_id:2?sort_type%3D%252Fcategory%252Fschools%252Fielts%252Fdirection%253Aasc%252Fcountry_id%253A2%252Fsort%253Alowest_fee_per_month%253Fsort_type%253D%25252Fcategory%25252Fschools%25252Fielts%25252Fdirection%25253Aasc%25252Fcountry_id%25253A2%25252Fsort%25253Alowest_fee_per_month%25253Fsort_type%25253D%2525252Fcategory%2525252Fschools%2525252Fielts%2525252Fsort%2525253Alowest_fee_per_month%2525252Fdirection%2525253Aasc%2525252Fcountry_id%2525253A2,dup_no_user_canonical,2026-09-18,2026-09-21T20:26:15,2026-09-21T20:26:15
https://schoolwith.me/category/schools/ielts/direction:desc/country_id:2?sort_type=/category/schools/ielts/direction:desc/country_id:2?sort_type%3D%252Fcategory%252Fschools%252Fielts%252Fdirection%253Aasc%252Fcountry_id%253A2%252Fsort%253Alowest_fee_per_month%253Fsort_type%253D%25252Fcategory%25252Fschools%25252Fielts%25252Fdirection%25253Adesc%25252Fcountry_id%25253A2%25253Fsort_type%25253D%2525252Fcategory%2525252Fschools%2525252Fielts%2525252Fdirection%2525253Aasc%2525252Fcountry_id%2525253A2%2525252Fsort%2525253Alowest_fee_per_month%2525253Fsort_type%2525253D%252525252Fcategory%252525252Fschools%252525252Fielts%252525252Fsort%252525253Alowest_fee_per_month%252525252Fdirection%252525253Aasc%252525252Fcountry_id%252525253A2,dup_no_user_canonical,2026-09-18,2026-09-21T20:26:15,2026-09-21T20:26:15
https://schoolwith.me/category/schools/ielts/direction:desc/country_id:2?sort_type=/category/schools/ielts/direction:desc/country_id:2?sort_type%3D%252Fcategory%252Fschools%252Fielts%252Fdirection%253Aasc%252Fcountry_id%253A2%252Fsort%253Alowest_fee_per_month%253Fsort_type%253D%25252Fcategory%25252Fschools%25252Fielts%25252Fsort%25253Alowest_fee_per_month%25252Fdirection%25253Aasc%25252Fcountry_id%25253A2,dup_no_user_canonical,2026-09-18,2026-09-21T20:26:15,2026-09-21T20:26:15
https://schoolwith.me/category/schools/ielts/direction:desc/country_id:2?sort_type=/category/schools/ielts/direction:desc/country_id:2?sort_type%3D%252Fcategory%252Fschools%252Fielts%252Fdirection%253Adesc%252Fcountry_id%253A2%253Fsort_type%253D%25252Fcategory%25252Fschools%25252Fielts%25252Fdirection%25253Aasc%25252Fcountry_id%25253A2%25252Fsort%25253Alowest_fee_per_month%25253Fsort_type%25253D%2525252Fcategory%2525252Fschools%2525252Fielts%2525252Fsort%2525253Alowest_fee_per_month%2525252Fdirection%2525253Aasc%2525252Fcountry_id%2525253A2,dup_no_user_canonical,2026-09-18,2026-09-21T20:26:15,2026-09-21T20:26:15
https://schoolwith.me/category/schools/ielts/direction:desc/country_id:2?sort_type=/category/schools/ielts/direction:desc/country_id:2?sort_type%3D%252Fcategory%252Fschools%252Fielts%252Fsort%253Alowest_fee_per_month%252Fdirection%253Aasc%252Fcountry_id%253A2,dup_no_user_canonical,2026-09-18,2026-09-21T20:26:15,2026-09-21T20:26:15
https://schoolwith.me/category/schools/ielts/direction:desc/country_id:3/area_id:3001?sort_type=/category/schools/ielts/direction:asc/country_id:3/area_id:3001/sort:lowest_fee_per_month?sort_type%3D%252Fcategory%252Fschools%252Fielts%252Fdirection%253Aasc%252Fcountry_id%253A3%252Farea_id%253A3001%252Fsort%253Alowest_fee_per_month%253Fsort_type%253D%25252Fcategory%25252Fschools%25252Fielts%25252Fdirection%25253Aasc%25252Fcountry_id%25253A3%25252Farea_id%25253A3001%25252Fsort%25253Alowest_fee_per_month%25253Fsort_type%25253D%2525252Fcategory%2525252Fschools%2525252Fielts%2525252Fdirection%2525253Aasc%2525252Fsort%2525253Alowest_fee_per_month%2525252Fcountry_id%2525253A3%2525252Farea_id%2525253A3001,dup_no_user_canonical,2026-09-18,2026-09-21T20:26:15,2026-09-21T20:26:15
https://schoolwith.me/category/schools/ielts/direction:desc/country_id:3/area_id:3001?sort_type=/category/schools/ielts/direction:asc/country_id:3/area_id:3001/sort:lowest_fee_per_month?sort_type%3D%252Fcategory%252Fschools%252Fielts%252Fdirection%253Aasc%252Fcountry_id%253A3%252Farea_id%253A3001%252Fsort%253Alowest_fee_per_month%253Fsort_type%253D%25252Fcategory%25252Fschools%25252Fielts%25252Fdirection%25253Adesc%25252Fcountry_id%25253A3%25252Farea_id%25253A3001%25253Fsort_type%25253D%2525252Fcategory%2525252Fschools%2525252Fielts%2525252Fdirection%2525253Aasc%2525252Fcountry_id%2525253A3%2525252Farea_id%2525253A3001%2525252Fsort%2525253Alowest_fee_per_month%2525253Fsort_type%2525253D%252525252Fcategory%252525252Fschools%252525252Fielts%252525252Fdirection%252525253Aasc%252525252Fsort%252525253Alowest_fee_per_month%252525252Fcountry_id%252525253A3%252525252Farea_id%252525253A3001,dup_no_user_canonical,2026-09-18,2026-09-21T20:26:15,2026-09-21T20:26:15
https://schoolwith.me/category/schools/ielts/direction:desc/country_id:3/area_id:3001?sort_type=/category/schools/ielts/direction:asc/country_id:3/area_id:3001/sort:lowest_fee_per_month?sort_type%3D%252Fcategory%252Fschools%252Fielts%252Fdirection%253Adesc%252Fcountry_id%253A3%252Farea_id%253A3001%253Fsort_type%253D%25252Fcategory%25252Fschools%25252Fielts%25252Fdirection%25253Aasc%25252Fcountry_id%25253A3%25252Farea_id%25253A3001%25252Fsort%25253Alowest_fee_per_month%25253Fsort_type%25253D%2525252Fcategory%2525252Fschools%2525252Fielts%2525252Fdirection%2525253Adesc%2525252Fcountry_id%2525253A3%2525252Farea_id%2525253A3001%2525253Fsort_type%2525253D%252525252Fcategory%252525252Fschools%252525252Fielts%252525252Fdirection%252525253Aasc%252525252Fcountry_id%252525253A3%252525252Farea_id%252525253A3001%252525252Fsort%252525253Alowest_fee_per_month%252525253Fsort_type%252525253D%25252525252Fcategory%25252525252Fschools%25252525252Fielts%25252525252Fdirection%25252525253Aasc%25252525252Fsort%25252525253Alowest_fee_per_month%25252525252Fcountry_id%25252525253A3%25252525252Farea_id%25252525253A3001,dup_no_user_canonical,2026-09-18,2026-09-21T20:26:15,2026-09-21T20:26:15
https://schoolwith.me/category/schools/ielts/direction:desc/country_id:3/area_id:3001?sort_type=/category/schools/ielts/direction:asc/country_id:3/area_id:3001/sort:lowest_fee_per_month?sort_type%3D%252Fcategory%252Fschools%252Fielts%252Fdirection%253Adesc%252Fcountry_id%253A3%252Farea_id%253A3001%253Fsort_type%253D%25252Fcategory%25252Fschools%25252Fielts%25252Fdirection%25253Aasc%25252Fsort%25253Alowest_fee_per_month%25252Fcountry_id%25253A3%25252Farea_id%25253A3001,dup_no_user_canonical,2026-09-18,2026-09-21T20:26:15,2026-09-21T20:26:15
https://schoolwith.me/category/schools/ielts/direction:desc/country_id:3/area_id:3001?sort_type=/category/schools/ielts/direction:asc/country_id:3/area_id:3001/sort:lowest_fee_per_month?sort_type%3D%252Fcategory%252Fschools%252Fielts%252Fdirection%253Adesc%252Fcountry_id%253A3%252Farea_id%253A3001%253Fsort_type%253D%25252Fcategory%25252Fschools%25252Fielts%25252Fdirection%25253Adesc%25252Fcountry_id%25253A3%25252Farea_id%25253A3001%25253Fsort_type%25253D%2525252Fcategory%2525252Fschools%2525252Fielts%2525252Fdirection%2525253Aasc%2525252Fcountry_id%2525253A3%2525252Farea_id%2525253A3001%2525252Fsort%2525253Alowest_fee_per_month%2525253Fsort_type%2525253D%252525252Fcategory%252525252Fschools%252525252Fielts%252525252Fdirection%252525253Aasc%252525252Fcountry_id%252525253A3%252525252Farea_id%252525253A3001%252525252Fsort%252525253Alowest_fee_per_month%252525253Fsort_type%252525253D%25252525252Fcategory%25252525252Fschools%25252525252Fielts%25252525252Fdirection%25252525253Aasc%25252525252Fsort%25252525253Alowest_fee_per_month%25252525252Fcountry_id%25252525253A3%25252525252Farea_id%25252525253A3001,dup_no_user_canonical,2026-09-18,2026-09-21T20:26:15,2026-09-21T20:26:15
https://schoolwith.me/category/schools/ielts/direction:desc/country_id:3/area_id:3001?sort_type=/category/schools/ielts/direction:desc/country_id:3/area_id:3001?sort_type%3D%252Fcategory%252Fschools%252Fielts%252Fdirection%253Aasc%252Fcountry_id%253A3%252Farea_id%253A3001%252Fsort%253Alowest_fee_per_month%253Fsort_type%253D%25252Fcategory%25252Fschools%25252Fielts%25252Fdirection%25253Aasc%25252Fcountry_id%25253A3%25252Farea_id%25253A3001%25252Fsort%25253Alowest_fee_per_month%25253Fsort_type%25253D%2525252Fcategory%2525252Fschools%2525252Fielts%2525252Fdirection%2525253Aasc%2525252Fsort%2525253Alowest_fee_per_month%2525252Fcountry_id%2525253A3%2525252Farea_id%2525253A3001,dup_no_user_canonical,2026-09-18,2026-09-21T20:26:15,2026-09-21T20:26:15
https://schoolwith.me/category/schools/ielts/direction:desc/country_id:3/area_id:3001?sort_type=/category/schools/ielts/direction:desc/country_id:3/area_id:3001?sort_type%3D%252Fcategory%252Fschools%252Fielts%252Fdirection%253Aasc%252Fcountry_id%253A3%252Farea_id%253A3001%252Fsort%253Alowest_fee_per_month%253Fsort_type%253D%25252Fcategory%25252Fschools%25252Fielts%25252Fdirection%25253Aasc%25252Fcountry_id%25253A3%25252Farea_id%25253A3001%25252Fsort%25253Alowest_fee_per_month%25253Fsort_type%25253D%2525252Fcategory%2525252Fschools%2525252Fielts%2525252Fdirection%2525253Adesc%2525252Fcountry_id%2525253A3%2525252Farea_id%2525253A3001%2525253Fsort_type%2525253D%252525252Fcategory%252525252Fschools%252525252Fielts%252525252Fdirection%252525253Aasc%252525252Fcountry_id%252525253A3%252525252Farea_id%252525253A3001%252525252Fsort%252525253Alowest_fee_per_month%252525253Fsort_type%252525253D%25252525252Fcategory%25252525252Fschools%25252525252Fielts%25252525252Fdirection%25252525253Aasc%25252525252Fsort%25252525253Alowest_fee_per_month%25252525252Fcountry_id%25252525253A3%25252525252Farea_id%25252525253A3001,dup_no_user_canonical,2026-09-18,2026-09-21T20:26:15,2026-09-21T20:26:15
https://schoolwith.me/category/schools/ielts/direction:desc/country_id:3/area_id:3001?sort_type=/category/schools/ielts/direction:desc/country_id:3/area_id:3001?sort_type%3D%252Fcategory%252Fschools%252Fielts%252Fdirection%253Aasc%252Fcountry_id%253A3%252Farea_id%253A3001%252Fsort%253Alowest_fee_per_month%253Fsort_type%253D%25252Fcategory%25252Fschools%25252Fielts%25252Fdirection%25253Adesc%25252Fcountry_id%25253A3%25252Farea_id%25253A3001%25253Fsort_type%25253D%2525252Fcategory%2525252Fschools%2525252Fielts%2525252Fdirection%2525253Aasc%2525252Fcountry_id%2525253A3%2525252Farea_id%2525253A3001%2525252Fsort%2525253Alowest_fee_per_month%2525253Fsort_type%2525253D%252525252Fcategory%252525252Fschools%252525252Fielts%252525252Fdirection%252525253Aasc%252525252Fsort%252525253Alowest_fee_per_month%252525252Fcountry_id%252525253A3%252525252Farea_id%252525253A3001,dup_no_user_canonical,2026-09-18,2026-09-21T20:26:15,2026-09-21T20:26:15
https://schoolwith.me/category/schools/ielts/direction:desc/country_id:3/area_id:3001?sort_type=/category/schools/ielts/direction:desc/country_id:3/area_id:3001?sort_type%3D%252Fcategory%252Fschools%252Fielts%252Fdirection%253Adesc%252Fcountry_id%253A3%252Farea_id%253A3001%253Fsort_type%253D%25252Fcategory%25252Fschools%25252Fielts%25252Fdirection%25253Aasc%25252Fcountry_id%25253A3%25252Farea_id%25253A3001%25252Fsort%25253Alowest_fee_per_month%25253Fsort_type%25253D%2525252Fcategory%2525252Fschools%2525252Fielts%2525252Fdirection%2525253Aasc%2525252Fcountry_id%2525253A3%2525252Farea_id%2525253A3001%2525252Fsort%2525253Alowest_fee_per_month%2525253Fsort_type%2525253D%252525252Fcategory%252525252Fschools%252525252Fielts%252525252Fdirection%252525253Aasc%252525252Fsort%252525253Alowest_fee_per_month%252525252Fcountry_id%252525253A3%252525252Farea_id%252525253A3001,dup_no_user_canonical,2026-09-18,2026-09-21T20:26:15,2026-09-21T20:26:15
https://schoolwith.me/category/schools/ielts/direction:desc/country_id:3/area_id:3001?sort_type=/category/schools/ielts/direction:desc/country_id:3/area_id:3001?sort_type%3D%252Fcategory%252Fschools%252Fielts%252Fdirection%253Adesc%252Fcountry_id%253A3%252Farea_id%253A3001%253Fsort_type%253D%25252Fcategory%25252Fschools%25252Fielts%25252Fdirection%25253Adesc%25252Fcountry_id%25253A3%25252Farea_id%25253A3001%25253Fsort_type%25253D%2525252Fcategory%2525252Fschools%2525252Fielts%2525252Fdirection%2525253Aasc%2525252Fcountry_id%2525253A3%2525252Farea_id%2525253A3001%2525252Fsort%2525253Alowest_fee_per_month%2525253Fsort_type%2525253D%252525252Fcategory%252525252Fschools%252525252Fielts%252525252Fdirection%252525253Aasc%252525252Fcountry_id%252525253A3%252525252Farea_id%252525253A3001%252525252Fsort%252525253Alowest_fee_per_month%252525253Fsort_type%252525253D%25252525252Fcategory%25252525252Fschools%25252525252Fielts%25252525252Fdirection%25252525253Aasc%25252525252Fsort%25252525253Alowest_fee_per_month%25252525252Fcountry_id%25252525253A3%25252525252Farea_id%25252525253A3001,dup_no_user_canonical,2026-09-18,2026-09-21T20:26:15,2026-09-21T20:26:15
https://schoolwith.me/category/schools/ielts/direction:desc/country_id:3/area_id:3003,discovered_not_indexed,2026-09-18,2026-09-21T20:26:15,2026-09-21T20:26:15
https://schoolwith.me/category/schools/ielts/direction:desc/country_id:4?sort_type=/category/schools/ielts/direction:asc/country_id:4/sort:lowest_fee_per_month?sort_type%3D%252Fcategory%252Fschools%252Fielts%252Fdirection%253Adesc%252Fcountry_id%253A4%253Fsort_type%253D%25252Fcategory%25252Fschools%25252Fielts%25252Fdirection%25253Aasc%25252Fcountry_id%25253A4%25252Fsort%25253Alowest_fee_per_month%25253Fsort_type%25253D%2525252Fcategory%2525252Fschools%2525252Fielts%2525252Fdirection%2525253Aasc%2525252Fsort%2525253Alowest_fee_per_month%2525252Fcountry_id%2525253A4%2525253Fsort_type%2525253D%252525252Fcategory%252525252Fschools%252525252Fielts%252525252Fdirection%252525253Aasc%252525252Fcountry_id%252525253A4%252525252Fsort%252525253Alowest_fee_per_month%252525253Fsort_type%252525253D%25252525252Fcategory%25252525252Fschools%25252525252Fielts%25252525252Fdirection%25252525253Aasc%25252525252Fcountry_id%25252525253A4%25252525252Fsort%25252525253Alowest_fee_per_month,dup_no_user_canonical,2026-09-18,2026-09-21T20:26:15,2026-09-21T20:26:15
https://schoolwith.me/category/schools/ielts/direction:desc/country_id:4?sort_type=/category/schools/ielts/direction:asc/country_id:4/sort:lowest_fee_per_month?sort_type%3D%252Fcategory%252Fschools%252Fielts%252Fdirection%253Adesc%252Fcountry_id%253A4%253Fsort_type%253D%25252Fcategory%25252Fschools%25252Fielts%25252Fdirection%25253Aasc%25252Fsort%25253Alowest_fee_per_month%25252Fcountry_id%25253A4%25253Fsort_type%25253D%2525252Fcategory%2525252Fschools%2525252Fielts%2525252Fcountry_id%2525253A4%2525252Fdirection%2525253Adesc%2525253Fsort_type%2525253D%252525252Fcategory%252525252Fschools%252525252Fielts%252525252Fcountry_id%252525253A4%252525252Fdirection%252525253Adesc%252525253Fsort_type%252525253D%25252525252Fcategory%25252525252Fschools%25252525252Fielts%25252525252Fcountry_id%25252525253A4%25252525252Fsort%25252525253Alowest_fee_per_month%25252525252Fdirection%25252525253Aasc,dup_no_user_canonical,2026-09-18,2026-09-21T20:26:15,2026-09-21T20:26:15
https://schoolwith.me/category/schools/ielts/direction:desc/country_id:5/area_id:5001/page:2?a8=KrA0DrUo2L8pjzgCZjBMppIMq.zJ8oIsAj_CszIFMF4o2LAX79TKcLTLGLZsasTBcFbMIvAycrA01s00000024868001,dup_no_user_canonical,2026-09-18,2026-09-21T20:26:15,2026-09-21T20:26:15
https://schoolwith.me/category/schools/ielts/direction:desc/country_id:5/area_id:5005,discovered_not_indexed,2026-09-18,2026-09-21T20:26:15,2026-09-21T20:26:15
https://schoolwith.me/category/schools/ielts/direction:desc/country_id:5/page:2,discovered_not_indexed,2026-09-18,2026-09-21T20:26:15,2026-09-21T20:26:15
https://schoolwith.me/category/schools/ielts/direction:desc/country_id:5?sort_type=/category/schools/ielts/direction:asc/country_id:5/sort:lowest_fee_per_month?sort_type%3D%252Fcategory%252Fschools%252Fielts%252Fcountry_id%253A5%252Fsort%253Alowest_fee_per_month%252Fdirection%253Aasc%253Fsort_type%253D%25252Fcategory%25252Fschools%25252Fielts%25252Fcountry_id%25253A5%25252Fsort%25253Alowest_fee_per_month%25252Fdirection%25253Aasc,dup_no_user_canonical,2026-09-18,2026-09-21T20:26:15,2026-09-21T20:26:15
https://schoolwith.me/category/schools/ielts/direction:desc/country_id:5?sort_type=/category/schools/ielts/direction:asc/country_id:5/sort:lowest_fee_per_month?sort_type%3D%252Fcategory%252Fschools%252Fielts%252Fdirection%253Adesc%252Fcountry_id%253A5%253Fsort_type%253D%25252Fcategory%25252Fschools%25252Fielts%25252Fdirection%25253Aasc%25252Fcountry_id%25253A5%25252Fsort%25253Alowest_fee_per_month,dup_no_user_canonical,2026-09-18,2026-09-21T20:26:15,2026-09-21T20:26:15
https://schoolwith.me/category/schools/ielts/direction:desc/country_id:5?sort_type=/category/schools/ielts/direction:desc/country_id:5?sort_type%3D%252Fcategory%252Fschools%252Fielts%252Fdirection%253Aasc%252Fsort%253Alowest_fee_per_month%252Fcountry_id%253A5%253Fsort_type%253D%25252Fcategory%25252Fschools%25252Fielts%25252Fdirection%25253Adesc%25252Fcountry_id%25253A5%25253Fsort_type%25253D%2525252Fcategory%2525252Fschools%2525252Fielts%2525252Fsort%2525253Alowest_fee_per_month%2525252Fdirection%2525253Aasc%2525252Fcountry_id%2525253A5,dup_no_user_canonical,2026-09-18,2026-09-21T20:26:15,2026-09-21T20:26:15
https://schoolwith.me/category/schools/ielts/direction:desc/country_id:5?sort_type=/category/schools/ielts/direction:desc/country_id:5?sort_type%3D%252Fcategory%252Fschools%252Fielts%252Fdirection%253Adesc%252Fcountry_id%253A5%253Fsort_type%253D%25252Fcategory%25252Fschools%25252Fielts%25252Fdirection%25253Adesc%25252Fcountry_id%25253A5%25253Fsort_type%25253D%2525252Fcategory%2525252Fschools%2525252Fielts%2525252Fsort%2525253Alowest_fee_per_month%2525252Fdirection%2525253Aasc%2525252Fcountry_id%2525253A5,dup_no_user_canonical,2026-09-18,2026-09-21T20:26:15,2026-09-21T20:26:15
https://schoolwith.me/category/schools/ielts/direction:desc/country_id:5?sort_type=/category/schools/ielts/direction:desc/country_id:5?sort_type%3D%252Fcategory%252Fschools%252Fielts%252Fdirection%253Adesc%252Fcountry_id%253A5%253Fsort_type%253D%25252Fcategory%25252Fschools%25252Fielts%25252Fsort%25253Alowest_fee_per_month%25252Fdirection%25253Aasc%25252Fcountry_id%25253A5,dup_no_user_canonical,2026-09-18,2026-09-21T20:26:15,2026-09-21T20:26:15
https://schoolwith.me/category/schools/ielts/direction:desc/country_id:5?sort_type=/category/schools/ielts/direction:desc/country_id:5?sort_type%3D%252Fcategory%252Fschools%252Fielts%252Fsort%253Alowest_fee_per_month%252Fdirection%253Aasc%252Fcountry_id%253A5%253Fsort_type%253D%25252Fcategory%25252Fschools%25252Fielts%25252Fcountry_id%25253A5%25252Fsort%25253Alowest_fee_per_month%25252Fdirection%25253Aasc,dup_no_user_canonical,2026-09-18,2026-09-21T20:26:15,2026-09-21T20:26:15
https://schoolwith.me/category/schools/ielts/direction:desc/country_id:5?sort_type=/category/schools/ielts/sort:lowest_fee_per_month/direction:asc/country_id:5?sort_type%3D%252Fcategory%252Fschools%252Fielts%252Fcountry_id%253A5%252Fsort%253Alowest_fee_per_month%252Fdirection%253Aasc%253Fsort_type%253D%25252Fcategory%25252Fschools%25252Fielts%25252Fcountry_id%25253A5%25252Fsort%25253Alowest_fee_per_month%25252Fdirection%25253Aasc,dup_no_user_canonical,2026-09-18,2026-09-21T20:26:15,2026-09-21T20:26:15
https://schoolwith.me/category/schools/ielts/direction:desc/country_id:6?sort_type=/category/schools/ielts/direction:asc/country_id:6/sort:lowest_fee_per_month?sort_type%3D%252Fcategory%252Fschools%252Fielts%252Fdirection%253Aasc%252Fcountry_id%253A6%252Fsort%253Alowest_fee_per_month%253Fsort_type%253D%25252Fcategory%25252Fschools%25252Fielts%25252Fdirection%25253Adesc%25252Fcountry_id%25253A6%25253Fsort_type%25253D%2525252Fcategory%2525252Fschools%2525252Fielts%2525252Fdirection%2525253Adesc%2525252Fcountry_id%2525253A6%2525253Fsort_type%2525253D%252525252Fcategory%252525252Fschools%252525252Fielts%252525252Fdirection%252525253Adesc%252525252Fcountry_id%252525253A6%252525253Fsort_type%252525253D%25252525252Fcategory%25252525252Fschools%25252525252Fielts%25252525252Fdirection%25252525253Adesc%25252525252Fcountry_id%25252525253A6%25252525253Fsort_type%25252525253D%2525252525252Fcategory%2525252525252Fschools%2525252525252Fielts%2525252525252Fcountry_id%2525252525253A6%2525252525253Fsort_type%2525252525253D%252525252525252Fcategory%252525252525252Fschools%252525252525252Fielts%252525252525252Fsort%252525252525253Alowest_fee_per_month%252525252525252Fdirection%252525252525253AASC%252525252525252Fcountry_id%252525252525253A6,dup_no_user_canonical,2026-09-18,2026-09-21T20:26:15,2026-09-21T20:26:15
https://schoolwith.me/category/schools/ielts/direction:desc/country_id:6?sort_type=/category/schools/ielts/direction:desc/country_id:6?sort_type%3D%252Fcategory%252Fschools%252Fielts%252Fdirection%253Aasc%252Fcountry_id%253A6%252Fsort%253Alowest_fee_per_month%253Fsort_type%253D%25252Fcategory%25252Fschools%25252Fielts%25252Fdirection%25253Aasc%25252Fcountry_id%25253A6%25252Fsort%25253Alowest_fee_per_month%25253Fsort_type%25253D%2525252Fcategory%2525252Fschools%2525252Fielts%2525252Fdirection%2525253Adesc%2525252Fcountry_id%2525253A6%2525253Fsort_type%2525253D%252525252Fcategory%252525252Fschools%252525252Fielts%252525252Fdirection%252525253Adesc%252525252Fcountry_id%252525253A6%252525253Fsort_type%252525253D%25252525252Fcategory%25252525252Fschools%25252525252Fielts%25252525252Fdirection%25252525253Adesc%25252525252Fcountry_id%25252525253A6%25252525253Fsort_type%25252525253D%2525252525252Fcategory%2525252525252Fschools%2525252525252Fielts%2525252525252Fdirection%2525252525253Adesc%2525252525252Fcountry_id%2525252525253A6%2525252525253Fsort_type%2525252525253D%252525252525252Fcategory%252525252525252Fschools%252525252525252Fielts%252525252525252Fcountry_id%252525252525253A6%252525252525253Fsort_type%252525252525253D%25252525252525252Fcategory%25252525252525252Fschools%25252525252525252Fielts%25252525252525252Fsort%25252525252525253Alowest_fee_per_month%25252525252525252Fdirection%25252525252525253AASC%25252525252525252Fcountry_id%25252525252525253A6,dup_no_user_canonical,2026-09-18,2026-09-21T20:26:15,2026-09-21T20:26:15
https://schoolwith.me/category/schools/ielts/direction:desc/country_id:6?sort_type=/category/schools/ielts/direction:desc/country_id:6?sort_type%3D%252Fcategory%252Fschools%252Fielts%252Fdirection%253Adesc%252Fcountry_id%253A6%253Fsort_type%253D%25252Fcategory%25252Fschools%25252Fielts%25252Fdirection%25253Aasc%25252Fcountry_id%25253A6%25252Fsort%25253Alowest_fee_per_month%25253Fsort_type%25253D%2525252Fcategory%2525252Fschools%2525252Fielts%2525252Fdirection%2525253Adesc%2525252Fcountry_id%2525253A6%2525253Fsort_type%2525253D%252525252Fcategory%252525252Fschools%252525252Fielts%252525252Fdirection%252525253Adesc%252525252Fcountry_id%252525253A6%252525253Fsort_type%252525253D%25252525252Fcategory%25252525252Fschools%25252525252Fielts%25252525252Fdirection%25252525253Adesc%25252525252Fcountry_id%25252525253A6%25252525253Fsort_type%25252525253D%2525252525252Fcategory%2525252525252Fschools%2525252525252Fielts%2525252525252Fdirection%2525252525253Adesc%2525252525252Fcountry_id%2525252525253A6%2525252525253Fsort_type%2525252525253D%252525252525252Fcategory%252525252525252Fschools%252525252525252Fielts%252525252525252Fcountry_id%252525252525253A6%252525252525253Fsort_type%252525252525253D%25252525252525252Fcategory%25252525252525252Fschools%25252525252525252Fielts%25252525252525252Fsort%25252525252525253Alowest_fee_per_month%25252525252525252Fdirection%25252525252525253AASC%25252525252525252Fcountry_id%25252525252525253A6,dup_no_user_canonical,2026-09-18,2026-09-21T20:26:15,2026-09-21T20:26:15
https://schoolwith.me/category/schools/ielts/direction:desc/country_id:6?sort_type=/category/schools/ielts/direction:desc/country_id:6?sort_type%3D%252Fcategory%252Fschools%252Fielts%252Fsort%253Alowest_fee_per_month%252Fdirection%253Aasc%252Fcountry_id%253A6%253Fsort_type%253D%25252Fcategory%25252Fschools%25252Fielts%25252Fcountry_id%25253A6%25252Fdirection%25253Adesc%25253Fsort_type%25253D%2525252Fcategory%2525252Fschools%2525252Fielts%2525252Fcountry_id%2525253A6%2525252Fdirection%2525253Adesc%2525253Fsort_type%2525253D%252525252Fcategory%252525252Fschools%252525252Fielts%252525252Fcountry_id%252525253A6%252525252Fdirection%252525253Adesc%252525253Fsort_type%252525253D%25252525252Fcategory%25252525252Fschools%25252525252Fielts%25252525252Fcountry_id%25252525253A6%25252525252Fsort%25252525253Alowest_fee_per_month%25252525252Fdirection%25252525253Aasc%25252525253Fsort_type%25252525253D%2525252525252Fcategory%2525252525252Fschools%2525252525252Fielts%2525252525252Fcountry_id%2525252525253A6%2525252525252Fsort%2525252525253Alowest_fee_per_month%2525252525252Fdirection%2525252525253Aasc%2525252525253Fsort_type%2525252525253D%252525252525252Fcategory%252525252525252Fschools%252525252525252Fielts%252525252525252Fcountry_id%252525252525253A6%252525252525252Fsort%252525252525253Alowest_fee_per_month%252525252525252Fdirection%252525252525253Aasc,dup_no_user_canonical,2026-09-18,2026-09-21T20:26:15,2026-09-21T20:26:15
https://schoolwith.me/category/schools/ielts/direction:desc/country_id:6?sort_type=/category/schools/ielts/sort:lowest_fee_per_month/direction:asc/country_id:6?sort_type%3D%252Fcategory%252Fschools%252Fielts%252Fcountry_id%253A6%252Fdirection%253Adesc%253Fsort_type%253D%25252Fcategory%25252Fschools%25252Fielts%25252Fcountry_id%25253A6%25252Fdirection%25253Adesc%25253Fsort_type%25253D%2525252Fcategory%2525252Fschools%2525252Fielts%2525252Fcountry_id%2525253A6%2525252Fsort%2525253Alowest_fee_per_month%2525252Fdirection%2525253Aasc%2525253Fsort_type%2525253D%252525252Fcategory%252525252Fschools%252525252Fielts%252525252Fcountry_id%252525253A6%252525252Fsort%252525253Alowest_fee_per_month%252525252Fdirection%252525253Aasc%252525253Fsort_type%252525253D%25252525252Fcategory%25252525252Fschools%25252525252Fielts%25252525252Fcountry_id%25252525253A6%25252525252Fdirection%25252525253Adesc%25252525253Fsort_type%25252525253D%2525252525252Fcategory%2525252525252Fschools%2525252525252Fielts%2525252525252Fcountry_id%2525252525253A6%2525252525252Fdirection%2525252525253Adesc%2525252525253Fsort_type%2525252525253D%252525252525252Fcategory%252525252525252Fschools%252525252525252Fielts%252525252525252Fcountry_id%252525252525253A6%252525252525252Fsort%252525252525253Alowest_fee_per_month%252525252525252Fdirection%252525252525253Aasc,dup_no_user_canonical,2026-09-18,2026-09-21T20:26:15,2026-09-21T20:26:15
https://schoolwith.me/category/schools/ielts/direction:desc/country_id:7/area_id:7002,discovered_not_indexed,2026-09-18,2026-09-21T20:26:15,2026-09-21T20:26:15
https://schoolwith.me/category/schools/ielts/direction:desc/country_id:7/page:2,discovered_not_indexed,2026-09-18,2026-09-21T20:26:15,2026-09-21T20:26:15
https://schoolwith.me/category/schools/ielts/direction:desc?sort_type=/category/schools/ielts/direction:asc/sort:lowest_fee_per_month?utm_content%3Dbufferb2bf9%26amp;amp%253Bamp%253Bamp%253Bamp%253Butm_medium%3Dsocial%26amp;amp%253Bamp%253Bamp%253Bamp%253Butm_source%3Dtwitter.com%26amp;amp%253Bamp%253Bamp%253Bamp%253Butm_campaign%3Dbuffer,dup_no_user_canonical,2026-09-18,2026-09-21T20:26:15,2026-09-21T20:26:15
https://schoolwith.me/category/schools/ielts/direction:desc?sort_type=/category/schools/ielts/direction:desc?utm_content%3Dbufferb2bf9%26amp;amp%253Bamp%253Bamp%253Bamp%253Butm_medium%3Dsocial%26amp;amp%253Bamp%253Bamp%253Bamp%253Butm_source%3Dtwitter.com%26amp;amp%253Bamp%253Bamp%253Bamp%253Butm_campaign%3Dbuffer,dup_no_user_canonical,2026-09-18,2026-09-21T20:26:15,2026-09-21T20:26:15
https://schoolwith.me/category/schools/ielts/page:11?utm_content=bufferb2bf9&amp;amp;amp;amp;amp;amp;utm_medium=social&amp;amp;amp;amp;amp;amp;utm_source=twitter.com&amp;amp;amp;amp;amp;amp;utm_campaign=buffer,crawled_not_indexed,2026-09-18,2026-09-21T20:26:15,2026-09-21T20:26:15
https://schoolwith.me/category/schools/ielts/page:14?sort_type=/category/schools/ielts/direction:desc?sort_type%3D%252Fcategory%252Fschools%252Fielts%252Fsort%253Alowest_fee_per_month%252Fdirection%253Aasc%253Fsort_type%253D%25252Fcategory%25252Fschools%25252Fielts%25252Fdirection%25253Adesc%25253Fsort_type%25253D%2525252Fcategory%2525252Fschools%2525252Fielts%2525252Fsort%2525253Alowest_fee_per_month%2525252Fdirection%2525253Aasc%2525253Fsort_type%2525253D%252525252Fcategory%252525252Fschools%252525252Fielts%252525252Fdirection%252525253Adesc%252525253Fsort_type%252525253D%25252525252Fcategory%25252525252Fschools%25252525252Fielts%25252525252Fdirection%25252525253Adesc%25252525253Fsort_type%25252525253D%2525252525252Fcategory%2525252525252Fschools%2525252525252Fielts%2525252525252Fdirection%2525252525253Adesc%2525252525253Fsort_type%2525252525253D%252525252525252Fcategory%252525252525252Fschools%252525252525252Fielts%252525252525252Fdirection%252525252525253Adesc%252525252525253Fsort_type%252525252525253D%25252525252525252Fcategory%25252525252525252Fschools%25252525252525252Fielts%25252525252525252Fdirection%25252525252525253Adesc%25252525252525253Fsort_type%25252525252525253D%2525252525252525252Fcategory%2525252525252525252Fschools%2525252525252525252Fielts%2525252525252525252Fdirection%2525252525252525253Adesc%2525252525252525253Fsort_type%2525252525252525253D%252525252525252525252Fcategory%252525252525252525252Fschools%252525252525252525252Fielts%252525252525252525252Fdirection%252525252525252525253Adesc,crawled_not_indexed,2026-09-18,2026-09-21T20:26:15,2026-09-21T20:26:15
https://schoolwith.me/category/schools/ielts/page:16/direction:asc/sort:lowest_fee_per_month?utm_content=bufferb2bf9&amp;amp;amp;utm_medium=social&amp;amp;amp;utm_source=twitter.com&amp;amp;amp;utm_campaign=buffer,dup_no_user_canonical,2026-09-18,2026-09-21T20:26:15,2026-09-21T20:26:15
https://schoolwith.me/category/schools/ielts/page:16/direction:asc/sort:lowest_fee_per_month?utm_content=bufferb2bf9&amp;amp;utm_medium=social&amp;amp;utm_source=twitter.com&amp;amp;utm_campaign=buffer,dup_no_user_canonical,2026-09-18,2026-09-21T20:26:15,2026-09-21T20:26:15
https://schoolwith.me/category/schools/ielts/page:16/sort:lowest_fee_per_month/direction:asc?utm_content=bufferb2bf9&amp;amp;amp;amp;amp;utm_medium=social&amp;amp;amp;amp;amp;utm_source=twitter.com&amp;amp;amp;amp;amp;utm_campaign=buffer,crawled_not_indexed,2026-09-18,2026-09-21T20:26:15,2026-09-21T20:26:15
https://schoolwith.me/category/schools/ielts/page:16?utm_content=bufferb2bf9&amp;amp;amp;amp;amp;amp;utm_medium=social&amp;amp;amp;amp;amp;amp;utm_source=twitter.com&amp;amp;amp;amp;amp;amp;utm_campaign=buffer,crawled_not_indexed,2026-09-18,2026-09-21T20:26:15,2026-09-21T20:26:15
https://schoolwith.me/category/schools/ielts/page:17/sort:lowest_fee_per_month/direction:asc?utm_content=bufferb2bf9&amp;amp;amp;amp;amp;utm_medium=social&amp;amp;amp;amp;amp;utm_source=twitter.com&amp;amp;amp;amp;amp;utm_campaign=buffer,crawled_not_indexed,2026-09-18,2026-09-21T20:26:15,2026-09-21T20:26:15
https://schoolwith.me/category/schools/ielts/page:17?utm_content=bufferb2bf9&amp;amp;amp;amp;amp;amp;utm_medium=social&amp;amp;amp;amp;amp;amp;utm_source=twitter.com&amp;amp;amp;amp;amp;amp;utm_campaign=buffer,crawled_not_indexed,2026-09-18,2026-09-21T20:26:15,2026-09-21T20:26:15
https://schoolwith.me/category/schools/ielts/page:19/sort:lowest_fee_per_month/direction:asc?utm_content=bufferb2bf9&amp;amp;amp;amp;amp;utm_medium=social&amp;amp;amp;amp;amp;utm_source=twitter.com&amp;amp;amp;amp;amp;utm_campaign=buffer,crawled_not_indexed,2026-09-18,2026-09-21T20:26:15,2026-09-21T20:26:15
https://schoolwith.me/category/schools/ielts/page:19?utm_content=bufferb2bf9&amp;amp;amp;amp;amp;amp;utm_medium=social&amp;amp;amp;amp;amp;amp;utm_source=twitter.com&amp;amp;amp;amp;amp;amp;utm_campaign=buffer,crawled_not_indexed,2026-09-18,2026-09-21T20:26:15,2026-09-21T20:26:15
https://schoolwith.me/category/schools/ielts/page:2/country_id:1/area_id:1,discovered_not_indexed,2026-09-18,2026-09-21T20:26:15,2026-09-21T20:26:15
https://schoolwith.me/category/schools/ielts/page:2/direction:asc/sort:lowest_fee_per_month/country_id:5/area_id:5001?sort_type=/category/schools/ielts/direction:asc/sort:lowest_fee_per_month/country_id:5/area_id:5001?sort_type%3D%252Fcategory%252Fschools%252Fielts%252Fdirection%253Aasc%252Fsort%253Alowest_fee_per_month%252Fcountry_id%253A5%252Farea_id%253A5001%253Fsort_type%253D%25252Fcategory%25252Fschools%25252Fielts%25252Fcountry_id%25253A5%25252Farea_id%25253A5001%25253Fsort_type%25253D%2525252Fcategory%2525252Fschools%2525252Fielts%2525252Fcountry_id%2525253A5%2525252Farea_id%2525253A5001,dup_no_user_canonical,2026-09-18,2026-09-21T20:26:15,2026-09-21T20:26:15
https://schoolwith.me/category/schools/ielts/page:20/sort:lowest_fee_per_month/direction:asc?utm_content=bufferb2bf9&amp;amp;amp;amp;amp;utm_medium=social&amp;amp;amp;amp;amp;utm_source=twitter.com&amp;amp;amp;amp;amp;utm_campaign=buffer,crawled_not_indexed,2026-09-18,2026-09-21T20:26:15,2026-09-21T20:26:15
https://schoolwith.me/category/schools/ielts/page:20?utm_content=bufferb2bf9&amp;amp;amp;amp;amp;amp;utm_medium=social&amp;amp;amp;amp;amp;amp;utm_source=twitter.com&amp;amp;amp;amp;amp;amp;utm_campaign=buffer,crawled_not_indexed,2026-09-18,2026-09-21T20:26:15,2026-09-21T20:26:15
https://schoolwith.me/category/schools/ielts/page:23/sort:lowest_fee_per_month/direction:asc?utm_content=bufferb2bf9&amp;amp;amp;amp;amp;utm_medium=social&amp;amp;amp;amp;amp;utm_source=twitter.com&amp;amp;amp;amp;amp;utm_campaign=buffer,crawled_not_indexed,2026-09-18,2026-09-21T20:26:15,2026-09-21T20:26:15
https://schoolwith.me/category/schools/ielts/page:23?utm_content=bufferb2bf9&amp;amp;amp;amp;amp;amp;utm_medium=social&amp;amp;amp;amp;amp;amp;utm_source=twitter.com&amp;amp;amp;amp;amp;amp;utm_campaign=buffer,crawled_not_indexed,2026-09-18,2026-09-21T20:26:15,2026-09-21T20:26:15
https://schoolwith.me/category/schools/ielts/page:4/sort:lowest_fee_per_month/direction:asc?utm_content=bufferb2bf9&amp;amp;amp;amp;amp;utm_medium=social&amp;amp;amp;amp;amp;utm_source=twitter.com&amp;amp;amp;amp;amp;utm_campaign=buffer,crawled_not_indexed,2026-09-18,2026-09-21T20:26:15,2026-09-21T20:26:15
https://schoolwith.me/category/schools/ielts/page:4?utm_content=bufferb2bf9&amp;amp;amp;amp;amp;amp;utm_medium=social&amp;amp;amp;amp;amp;amp;utm_source=twitter.com&amp;amp;amp;amp;amp;amp;utm_campaign=buffer,crawled_not_indexed,2026-09-18,2026-09-21T20:26:15,2026-09-21T20:26:15
https://schoolwith.me/category/schools/ielts/page:7/direction:asc/sort:lowest_fee_per_month?sort_type=/category/schools/ielts/direction:asc/sort:lowest_fee_per_month?sort_type%3D%252Fcategory%252Fschools%252Fielts%252Fdirection%253Aasc%252Fsort%253Alowest_fee_per_month%253Fsort_type%253D%25252Fcategory%25252Fschools%25252Fielts%25252Fdirection%25253Aasc%25252Fsort%25253Alowest_fee_per_month%25253Fsort_type%25253D%2525252Fcategory%2525252Fschools%2525252Fielts%2525252Fdirection%2525253Aasc%2525252Fsort%2525253Alowest_fee_per_month%2525253Fsort_type%2525253D%252525252Fcategory%252525252Fschools%252525252Fielts,dup_no_user_canonical,2026-09-18,2026-09-21T20:26:15,2026-09-21T20:26:15
https://schoolwith.me/category/schools/ielts/page:7/direction:asc/sort:lowest_fee_per_month?sort_type=/category/schools/ielts/direction:asc/sort:lowest_fee_per_month?sort_type%3D%252Fcategory%252Fschools%252Fielts%252Fdirection%253Adesc%253Fsort_type%253D%25252Fcategory%25252Fschools%25252Fielts%25252Fdirection%25253Adesc,dup_no_user_canonical,2026-09-18,2026-09-21T20:26:15,2026-09-21T20:26:15
https://schoolwith.me/category/schools/ielts/page:7/direction:asc/sort:lowest_fee_per_month?sort_type=/category/schools/ielts/direction:desc?sort_type%3D%252Fcategory%252Fschools%252Fielts%252Fdirection%253Adesc%253Fsort_type%253D%25252Fcategory%25252Fschools%25252Fielts%25252Fdirection%25253Adesc%25253Fsort_type%25253D%2525252Fcategory%2525252Fschools%2525252Fielts%2525252Fdirection%2525253Aasc%2525252Fsort%2525253Alowest_fee_per_month%2525253Fsort_type%2525253D%252525252Fcategory%252525252Fschools%252525252Fielts%252525252Fdirection%252525253Aasc%252525252Fsort%252525253Alowest_fee_per_month%252525253Fsort_type%252525253D%25252525252Fcategory%25252525252Fschools%25252525252Fielts%25252525252Fdirection%25252525253Aasc%25252525252Fsort%25252525253Alowest_fee_per_month%25252525253Fsort_type%25252525253D%2525252525252Fcategory%2525252525252Fschools%2525252525252Fielts%2525252525252Fdirection%2525252525253Adesc%2525252525253Fsort_type%2525252525253D%252525252525252Fcategory%252525252525252Fschools%252525252525252Fielts%252525252525252Fsort%252525252525253Alowest_fee_per_month%252525252525252Fdirection%252525252525253Aasc%252525252525253Fsort_type%252525252525253D%25252525252525252Fcategory%25252525252525252Fschools%25252525252525252Fielts%25252525252525252Fsort%25252525252525253Alowest_fee_per_month%25252525252525252Fdirection%25252525252525253Aasc%25252525252525253Fsort_type%25252525252525253D%2525252525252525252Fcategory%2525252525252525252Fschools%2525252525252525252Fielts%2525252525252525252Fsort%2525252525252525253Alowest_fee_per_month%2525252525252525252Fdirection%2525252525252525253Aasc,dup_no_user_canonical,2026-09-18,2026-09-21T20:26:15,2026-09-21T20:26:15
https://schoolwith.me/category/schools/ielts/page:7/direction:asc/sort:lowest_fee_per_month?sort_type=/category/schools/ielts/direction:desc?sort_type%3D%252Fcategory%252Fschools%252Fielts%252Fdirection%253Adesc%253Fsort_type%253D%25252Fcategory%25252Fschools%25252Fielts%25252Fdirection%25253Adesc%25253Fsort_type%25253D%2525252Fcategory%2525252Fschools%2525252Fielts%2525252Fsort%2525253Alowest_fee_per_month%2525252Fdirection%2525253Aasc%2525253Fsort_type%2525253D%252525252Fcategory%252525252Fschools%252525252Fielts%252525252Fdirection%252525253Adesc%252525253Fsort_type%252525253D%25252525252Fcategory%25252525252Fschools%25252525252Fielts%25252525252Fsort%25252525253Alowest_fee_per_month%25252525252Fdirection%25252525253Aasc%25252525253Fsort_type%25252525253D%2525252525252Fcategory%2525252525252Fschools%2525252525252Fielts%2525252525252Fdirection%2525252525253Adesc%2525252525253Fsort_type%2525252525253D%252525252525252Fcategory%252525252525252Fschools%252525252525252Fielts%252525252525252Fdirection%252525252525253Adesc%252525252525253Fsort_type%252525252525253D%25252525252525252Fcategory%25252525252525252Fschools%25252525252525252Fielts%25252525252525252Fsort%25252525252525253Alowest_fee_per_month%25252525252525252Fdirection%25252525252525253Aasc,dup_no_user_canonical,2026-09-18,2026-09-21T20:26:15,2026-09-21T20:26:15
https://schoolwith.me/category/schools/ielts/page:7/sort:lowest_fee_per_month/direction:asc?utm_content=bufferb2bf9&amp;amp;amp;amp;amp;utm_medium=social&amp;amp;amp;amp;amp;utm_source=twitter.com&amp;amp;amp;amp;amp;utm_campaign=buffer,crawled_not_indexed,2026-09-18,2026-09-21T20:26:15,2026-09-21T20:26:15
https://schoolwith.me/category/schools/ielts/page:7?utm_content=bufferb2bf9&amp;amp;amp;amp;amp;amp;utm_medium=social&amp;amp;amp;amp;amp;amp;utm_source=twitter.com&amp;amp;amp;amp;amp;amp;utm_campaign=buffer,crawled_not_indexed,2026-09-18,2026-09-21T20:26:15,2026-09-21T20:26:15
https://schoolwith.me/category/schools/ielts/page:8/sort:lowest_fee_per_month/direction:asc,crawled_not_indexed,2026-09-18,2026-09-21T20:26:15,2026-09-21T20:26:15
https://schoolwith.me/category/schools/ielts/page:9/sort:lowest_fee_per_month/direction:asc?utm_content=bufferb2bf9&amp;amp;amp;amp;amp;utm_medium=social&amp;amp;amp;amp;amp;utm_source=twitter.com&amp;amp;amp;amp;amp;utm_campaign=buffer,crawled_not_indexed,2026-09-18,2026-09-21T20:26:15,2026-09-21T20:26:15
https://schoolwith.me/category/schools/ielts/page:9?utm_content=bufferb2bf9&amp;amp;amp;amp;amp;amp;utm_medium=social&amp;amp;amp;amp;amp;amp;utm_source=twitter.com&amp;amp;amp;amp;amp;amp;utm_campaign=buffer,crawled_not_indexed,2026-09-18,2026-09-21T20:26:15,2026-09-21T20:26:15
https://schoolwith.me/category/schools/ielts/reviews/34471/reviews/34468/page:16/direction:asc/sort:lowest_fee_per_month?sort_type=/category/schools/ielts/reviews/34471/reviews/34468/direction:desc?sort_type%3D%252Fcategory%252Fschools%252Fielts%252Freviews%252F34471%252Freviews%252F34468%252Fsort%253Alowest_fee_per_month%252Fdirection%253AASC,dup_no_user_canonical,2026-09-18,2026-09-21T20:26:15,2026-09-21T20:26:15
https://schoolwith.me/category/schools/ielts/reviews/34471/reviews/34468/page:4/direction:desc/sort:School.application_cnt?sort_type=/category/schools/ielts/reviews/34471/reviews/34468/direction:desc?sort_type%3D%252Fcategory%252Fschools%252Fielts%252Freviews%252F34471%252Freviews%252F34468%252Fsort%253Alowest_fee_per_month%252Fdirection%253AASC,dup_no_user_canonical,2026-09-18,2026-09-21T20:26:15,2026-09-21T20:26:15
https://schoolwith.me/category/schools/ielts/sort:lowest_fee_per_month/direction:ASC/country_id:1,discovered_not_indexed,2026-09-18,2026-09-21T20:26:15,2026-09-21T20:26:15
https://schoolwith.me/category/schools/ielts/sort:lowest_fee_per_month/direction:ASC/country_id:5/area_id:5005,discovered_not_indexed,2026-09-18,2026-09-21T20:26:15,2026-09-21T20:26:15
https://schoolwith.me/category/schools/ielts/sort:lowest_fee_per_month/direction:asc/country_id:1/page:2?sort_type=/category/schools/ielts/sort:lowest_fee_per_month/direction:asc/country_id:1,dup_no_user_canonical,2026-09-18,2026-09-21T20:26:15,2026-09-21T20:26:15
https://schoolwith.me/category/schools/ielts/sort:lowest_fee_per_month/direction:asc/country_id:2/supports/line,dup_no_user_canonical,2026-09-18,2026-09-21T20:26:15,2026-09-21T20:26:15
https://schoolwith.me/category/schools/ielts/sort:lowest_fee_per_month/direction:asc?sort_type=/category/schools/ielts?sort_type%3D%252Fcategory%252Fschools%252Fielts%252Fsort%253Alowest_fee_per_month%252Fdirection%253AASC,crawled_not_indexed,2026-09-18,2026-09-21T20:26:15,2026-09-21T20:26:15
https://schoolwith.me/category/schools/ielts/sort:lowest_fee_per_month/direction:asc?utm_content=bufferb2bf9&amp;amp;amp;amp;amp;amp;amp;utm_medium=social&amp;amp;amp;amp;amp;amp;amp;utm_source=twitter.com&amp;amp;amp;amp;amp;amp;amp;utm_campaign=buffer,crawled_not_indexed,2026-09-18,2026-09-21T20:26:15,2026-09-21T20:26:15
https://schoolwith.me/category/schools/ielts/sort:lowest_fee_per_month/direction:asc?utm_content=bufferb2bf9&amp;amp;amp;amp;amp;utm_medium=social&amp;amp;amp;amp;amp;utm_source=twitter.com&amp;amp;amp;amp;amp;utm_campaign=buffer,crawled_not_indexed,2026-09-18,2026-09-21T20:26:15,2026-09-21T20:26:15
https://schoolwith.me/category/schools/ielts/sort:tmp_overall_score/direction:desc/country_id:5/page:2,dup_no_user_canonical,2026-09-18,2026-09-21T20:26:15,2026-09-21T20:26:15
https://schoolwith.me/category/schools/ielts/supports/line/country_id:2/sort:lowest_fee_per_month/direction:asc,dup_no_user_canonical,2026-09-18,2026-09-21T20:26:15,2026-09-21T20:26:15
https://schoolwith.me/category/schools/ielts/supports/line/page:16/direction:asc/sort:lowest_fee_per_month?sort_type=/category/schools/ielts/supports/line/direction:asc/sort:lowest_fee_per_month,dup_no_user_canonical,2026-09-18,2026-09-21T20:26:15,2026-09-21T20:26:15
https://schoolwith.me/category/schools/ielts?utm_content=bufferb2bf9&amp;amp;amp;amp;amp;amp;utm_medium=social&amp;amp;amp;amp;amp;amp;utm_source=twitter.com&amp;amp;amp;amp;amp;amp;utm_campaign=buffer,crawled_not_indexed,2026-09-18,2026-09-21T20:26:15,2026-09-21T20:26:15
https://schoolwith.me/category/schools/internship/country_id:2,discovered_not_indexed,2026-09-18,2026-09-21T20:26:15,2026-09-21T20:26:15
https://schoolwith.me/category/schools/it/direction:asc/country_id:1/sort:lowest_fee_per_month?sort_type=/category/schools/it/direction:desc/country_id:1?sort_type%3D%252Fcategory%252Fschools%252Fit%252Fsort%253Alowest_fee_per_month%252Fdirection%253Aasc%252Fcountry_id%253A1,crawled_not_indexed,2026-09-18,2026-09-21T20:26:15,2026-09-21T20:26:15
https://schoolwith.me/category/schools/it/direction:desc/country_id:1?sort_type=/category/schools/it/direction:asc/country_id:1/sort:lowest_fee_per_month?sort_type%3D%252Fcategory%252Fschools%252Fit%252Fdirection%253Aasc%252Fcountry_id%253A1%252Fsort%253Alowest_fee_per_month%253Fsort_type%253D%25252Fcategory%25252Fschools%25252Fit%25252Fdirection%25253Adesc%25252Fcountry_id%25253A1%25253Fsort_type%25253D%2525252Fcategory%2525252Fschools%2525252Fit%2525252Fsort%2525253Alowest_fee_per_month%2525252Fdirection%2525253Aasc%2525252Fcountry_id%2525253A1,dup_no_user_canonical,2026-09-18,2026-09-21T20:26:15,2026-09-21T20:26:15
https://schoolwith.me/category/schools/it/direction:desc/country_id:1?sort_type=/category/schools/it/direction:asc/country_id:1/sort:lowest_fee_per_month?sort_type%3D%252Fcategory%252Fschools%252Fit%252Fdirection%253Adesc%252Fcountry_id%253A1%253Fsort_type%253D%25252Fcategory%25252Fschools%25252Fit%25252Fdirection%25253Adesc%25252Fcountry_id%25253A1%25253Fsort_type%25253D%2525252Fcategory%2525252Fschools%2525252Fit%2525252Fsort%2525253Alowest_fee_per_month%2525252Fdirection%2525253Aasc%2525252Fcountry_id%2525253A1,dup_no_user_canonical,2026-09-18,2026-09-21T20:26:15,2026-09-21T20:26:15
https://schoolwith.me/category/schools/it/direction:desc/country_id:1?sort_type=/category/schools/it/direction:asc/country_id:1/sort:lowest_fee_per_month?sort_type%3D%252Fcategory%252Fschools%252Fit%252Fdirection%253Adesc%252Fcountry_id%253A1%253Fsort_type%253D%25252Fcategory%25252Fschools%25252Fit%25252Fsort%25253Alowest_fee_per_month%25252Fdirection%25253Aasc%25252Fcountry_id%25253A1,dup_no_user_canonical,2026-09-18,2026-09-21T20:26:15,2026-09-21T20:26:15
https://schoolwith.me/category/schools/it/direction:desc/country_id:1?sort_type=/category/schools/it/direction:desc/country_id:1?sort_type%3D%252Fcategory%252Fschools%252Fit%252Fdirection%253Aasc%252Fcountry_id%253A1%252Fsort%253Alowest_fee_per_month%253Fsort_type%253D%25252Fcategory%25252Fschools%25252Fit%25252Fsort%25253Alowest_fee_per_month%25252Fdirection%25253Aasc%25252Fcountry_id%25253A1%25253Fsort_type%25253D%2525252Fcategory%2525252Fschools%2525252Fit%2525252Fsort%2525253Alowest_fee_per_month%2525252Fdirection%2525253Aasc%2525252Fcountry_id%2525253A1,dup_no_user_canonical,2026-09-18,2026-09-21T20:26:15,2026-09-21T20:26:15
https://schoolwith.me/category/schools/it/direction:desc/country_id:1?sort_type=/category/schools/it/direction:desc/country_id:1?sort_type%3D%252Fcategory%252Fschools%252Fit%252Fdirection%253Adesc%252Fcountry_id%253A1%253Fsort_type%253D%25252Fcategory%25252Fschools%25252Fit%25252Fdirection%25253Adesc%25252Fcountry_id%25253A1%25253Fsort_type%25253D%2525252Fcategory%2525252Fschools%2525252Fit%2525252Fsort%2525253Alowest_fee_per_month%2525252Fdirection%2525253Aasc%2525252Fcountry_id%2525253A1,dup_no_user_canonical,2026-09-18,2026-09-21T20:26:15,2026-09-21T20:26:15
https://schoolwith.me/category/schools/it/direction:desc/country_id:1?sort_type=/category/schools/it/direction:desc/country_id:1?sort_type%3D%252Fcategory%252Fschools%252Fit%252Fsort%253Alowest_fee_per_month%252Fdirection%253Aasc%252Fcountry_id%253A1%253Fsort_type%253D%25252Fcategory%25252Fschools%25252Fit%25252Fsort%25253Alowest_fee_per_month%25252Fdirection%25253Aasc%25252Fcountry_id%25253A1,dup_no_user_canonical,2026-09-18,2026-09-21T20:26:15,2026-09-21T20:26:15
https://schoolwith.me/category/schools/japanese_management/direction:asc/sort:lowest_fee_per_month?sort_type=/category/schools/japanese_management/direction:asc/sort:lowest_fee_per_month?sort_type%3D%252Fcategory%252Fschools%252Fjapanese_management%252Fdirection%253Adesc%253Fsort_type%253D%25252Fcategory%25252Fschools%25252Fjapanese_management%25252Fdirection%25253Aasc%25252Fsort%25253Alowest_fee_per_month%25253Fsort_type%25253D%2525252Fcategory%2525252Fschools%2525252Fjapanese_management%2525252Fdirection%2525253Aasc%2525252Fsort%2525253Alowest_fee_per_month%2525253Fsort_type%2525253D%252525252Fcategory%252525252Fschools%252525252Fjapanese_management%252525252Fsort%252525253Alowest_fee_per_month%252525252Fdirection%252525253Aasc%252525253Fsort_type%252525253D%25252525252Fcategory%25252525252Fschools%25252525252Fjapanese_management%25252525252Fdirection%25252525253Adesc,dup_no_user_canonical,2026-09-18,2026-09-21T20:26:15,2026-09-21T20:26:15
https://schoolwith.me/category/schools/japanese_management/direction:asc/sort:lowest_fee_per_month?sort_type=/category/schools/japanese_management/direction:desc?sort_type%3D%252Fcategory%252Fschools%252Fjapanese_management%252Fdirection%253Aasc%252Fsort%253Alowest_fee_per_month%253Fsort_type%253D%25252Fcategory%25252Fschools%25252Fjapanese_management%25252Fdirection%25253Adesc%25253Fsort_type%25253D%2525252Fcategory%2525252Fschools%2525252Fjapanese_management%2525252Fdirection%2525253Adesc%2525253Fsort_type%2525253D%252525252Fcategory%252525252Fschools%252525252Fjapanese_management%252525252Fsort%252525253Alowest_fee_per_month%252525252Fdirection%252525253Aasc%252525253Fsort_type%252525253D%25252525252Fcategory%25252525252Fschools%25252525252Fjapanese_management%25252525252Fsort%25252525253Alowest_fee_per_month%25252525252Fdirection%25252525253Aasc%25252525253Fsort_type%25252525253D%2525252525252Fcategory%2525252525252Fschools%2525252525252Fjapanese_management%2525252525252Fdirection%2525252525253Adesc,dup_no_user_canonical,2026-09-18,2026-09-21T20:26:15,2026-09-21T20:26:15
https://schoolwith.me/category/schools/korean_management/country_id:1/area_id:7/sort:lowest_fee_per_month/direction:asc,crawled_not_indexed,2026-09-18,2026-09-21T20:26:15,2026-09-21T20:26:15
https://schoolwith.me/category/schools/korean_management/page:3/country_id:1/area_id:1,crawled_not_indexed,2026-09-18,2026-09-21T20:26:15,2026-09-21T20:26:15
https://schoolwith.me/category/schools/medical/country_id:5/area_id:5001,discovered_not_indexed,2026-09-18,2026-09-21T20:26:15,2026-09-21T20:26:15
https://schoolwith.me/category/schools/medical/direction:desc?sort_type=/category/schools/medical/direction:desc?sort_type%3D%252Fcategory%252Fschools%252Fmedical%252Fdirection%253Aasc%252Fsort%253Alowest_fee_per_month%253Fsort_type%253D%25252Fcategory%25252Fschools%25252Fmedical%25252Fdirection%25253Adesc%25253Fsort_type%25253D%2525252Fcategory%2525252Fschools%2525252Fmedical%2525252Fdirection%2525253Adesc%2525253Fsort_type%2525253D%252525252Fcategory%252525252Fschools%252525252Fmedical%252525252Fdirection%252525253Adesc%252525253Fsort_type%252525253D%25252525252Fcategory%25252525252Fschools%25252525252Fmedical%25252525253Fsort_type%25252525253D%2525252525252Fcategory%2525252525252Fschools%2525252525252Fmedical%2525252525252Fsort%2525252525253Alowest_fee_per_month%2525252525252Fdirection%2525252525253AASC%2525252525253Fsort_type%2525252525253D%252525252525252Fcategory%252525252525252Fschools%252525252525252Fmedical,crawled_not_indexed,2026-09-18,2026-09-21T20:26:15,2026-09-21T20:26:15
https://schoolwith.me/category/schools/medical/direction:desc?sort_type=/category/schools/medical/direction:desc?sort_type%3D%252Fcategory%252Fschools%252Fmedical%252Fdirection%253Adesc%253Fsort_type%253D%25252Fcategory%25252Fschools%25252Fmedical%25252Fdirection%25253Adesc%25253Fsort_type%25253D%2525252Fcategory%2525252Fschools%2525252Fmedical%2525252Fsort%2525253Alowest_fee_per_month%2525252Fdirection%2525253Aasc%2525253Fsort_type%2525253D%252525252Fcategory%252525252Fschools%252525252Fmedical%252525252Fdirection%252525253Adesc%252525253Fsort_type%252525253D%25252525252Fcategory%25252525252Fschools%25252525252Fmedical%25252525253Fsort_type%25252525253D%2525252525252Fcategory%2525252525252Fschools%2525252525252Fmedical%2525252525252Fsort%2525252525253Alowest_fee_per_month%2525252525252Fdirection%2525252525253AASC%2525252525253Fsort_type%2525252525253D%252525252525252Fcategory%252525252525252Fschools%252525252525252Fmedical,crawled_not_indexed,2026-09-18,2026-09-21T20:26:15,2026-09-21T20:26:15
https://schoolwith.me/category/schools/native/country_id:2/area_id:2002,discovered_not_indexed,2026-09-18,2026-09-21T20:26:15,2026-09-21T20:26:15
https://schoolwith.me/category/schools/native/country_id:2/area_id:2003,discovered_not_indexed,2026-09-18,2026-09-21T20:26:15,2026-09-21T20:26:15
https://schoolwith.me/category/schools/native/country_id:2/area_id:2008,discovered_not_indexed,2026-09-18,2026-09-21T20:26:15,2026-09-21T20:26:15
https://schoolwith.me/category/schools/native/country_id:3/area_id:3005,discovered_not_indexed,2026-09-18,2026-09-21T20:26:15,2026-09-21T20:26:15
https://schoolwith.me/category/schools/native/country_id:3/area_id:3007,discovered_not_indexed,2026-09-18,2026-09-21T20:26:15,2026-09-21T20:26:15
https://schoolwith.me/category/schools/native/country_id:5/area_id:5020,discovered_not_indexed,2026-09-18,2026-09-21T20:26:15,2026-09-21T20:26:15
https://schoolwith.me/category/schools/native/country_id:5/page:4,crawled_not_indexed,2026-09-18,2026-09-21T20:26:15,2026-09-21T20:26:15
https://schoolwith.me/category/schools/native/country_id:6/area_id:6001,discovered_not_indexed,2026-09-18,2026-09-21T20:26:15,2026-09-21T20:26:15
https://schoolwith.me/category/schools/native/page:24,crawled_not_indexed,2026-09-18,2026-09-21T20:26:15,2026-09-21T20:26:15
https://schoolwith.me/category/schools/native/page:3/country_id:2,crawled_not_indexed,2026-09-18,2026-09-21T20:26:15,2026-09-21T20:26:15
https://schoolwith.me/category/schools/native/page:4/direction:asc/sort:lowest_fee_per_month?sort_type=/category/schools/native/direction:desc?sort_type%3D%252Fcategory%252Fschools%252Fnative%252Fsort%253Alowest_fee_per_month%252Fdirection%253Aasc%253Fsort_type%253D%25252Fcategory%25252Fschools%25252Fnative%25252Fdirection%25253Adesc%25253Fsort_type%25253D%2525252Fcategory%2525252Fschools%2525252Fnative%2525252Fsort%2525253Alowest_fee_per_month%2525252Fdirection%2525253Aasc%2525253Fsort_type%2525253D%252525252Fcategory%252525252Fschools%252525252Fnative%252525252Fdirection%252525253Adesc%252525253Fsort_type%252525253D%25252525252Fcategory%25252525252Fschools%25252525252Fnative%25252525252Fsort%25252525253Alowest_fee_per_month%25252525252Fdirection%25252525253Aasc%25252525253Fsort_type%25252525253D%2525252525252Fcategory%2525252525252Fschools%2525252525252Fnative%2525252525252Fdirection%2525252525253Adesc%2525252525253Fsort_type%2525252525253D%252525252525252Fcategory%252525252525252Fschools%252525252525252Fnative%252525252525252Fdirection%252525252525253Adesc,crawled_not_indexed,2026-09-18,2026-09-21T20:26:15,2026-09-21T20:26:15
https://schoolwith.me/category/schools/native/page:4/direction:desc?sort_type=/category/schools/native/direction:desc?sort_type%3D%252Fcategory%252Fschools%252Fnative%252Fdirection%253Aasc%252Fsort%253Alowest_fee_per_month%253Fsort_type%253D%25252Fcategory%25252Fschools%25252Fnative%25252Fdirection%25253Adesc,crawled_not_indexed,2026-09-18,2026-09-21T20:26:15,2026-09-21T20:26:15
https://schoolwith.me/category/schools/native/page:9/direction:desc?sort_type=/category/schools/native/direction:desc,crawled_not_indexed,2026-09-18,2026-09-21T20:26:15,2026-09-21T20:26:15
https://schoolwith.me/category/schools/non_japanese/country_id:2/area_id:2005/sort:lowest_fee_per_month/direction:asc,crawled_not_indexed,2026-09-18,2026-09-21T20:26:15,2026-09-21T20:26:15
https://schoolwith.me/category/schools/non_japanese/country_id:2/area_id:2012/sort:lowest_fee_per_month/direction:asc,crawled_not_indexed,2026-09-18,2026-09-21T20:26:15,2026-09-21T20:26:15
https://schoolwith.me/category/schools/non_japanese/country_id:3/area_id:3001,discovered_not_indexed,2026-09-18,2026-09-21T20:26:15,2026-09-21T20:26:15
https://schoolwith.me/category/schools/non_japanese/country_id:3/area_id:3002/page:2,crawled_not_indexed,2026-09-18,2026-09-21T20:26:15,2026-09-21T20:26:15
https://schoolwith.me/category/schools/non_japanese/country_id:3/area_id:3012,discovered_not_indexed,2026-09-18,2026-09-21T20:26:15,2026-09-21T20:26:15
https://schoolwith.me/category/schools/non_japanese/country_id:4/area_id:4007/sort:lowest_fee_per_month/direction:asc?sort_type=/category/schools/non_japanese/country_id:4/area_id:4007/direction:desc?sort_type%3D%252Fcategory%252Fschools%252Fnon_japanese%252Fcountry_id%253A4%252Farea_id%253A4007%252Fdirection%253Adesc%253Fsort_type%253D%25252Fcategory%25252Fschools%25252Fnon_japanese%25252Fcountry_id%25253A4%25252Farea_id%25253A4007%25252Fdirection%25253Adesc%25253Fsort_type%25253D%2525252Fcategory%2525252Fschools%2525252Fnon_japanese%2525252Fcountry_id%2525253A4%2525252Farea_id%2525253A4007%2525252Fsort%2525253Alowest_fee_per_month%2525252Fdirection%2525253Aasc%2525253Fsort_type%2525253D%252525252Fcategory%252525252Fschools%252525252Fnon_japanese%252525252Fcountry_id%252525253A4%252525252Farea_id%252525253A4007%252525252Fdirection%252525253Adesc,dup_no_user_canonical,2026-09-18,2026-09-21T20:26:15,2026-09-21T20:26:15
https://schoolwith.me/category/schools/non_japanese/country_id:5/area_id:5001/page:2,crawled_not_indexed,2026-09-18,2026-09-21T20:26:15,2026-09-21T20:26:15
https://schoolwith.me/category/schools/non_japanese/country_id:5/area_id:5021,crawled_not_indexed,2026-09-18,2026-09-21T20:26:15,2026-09-21T20:26:15
https://schoolwith.me/category/schools/non_japanese/country_id:6/area_id:6002,discovered_not_indexed,2026-09-18,2026-09-21T20:26:15,2026-09-21T20:26:15
https://schoolwith.me/category/schools/non_japanese/country_id:8/area_id:8002,discovered_not_indexed,2026-09-18,2026-09-21T20:26:15,2026-09-21T20:26:15
https://schoolwith.me/category/schools/non_japanese/direction:asc/country_id:1/sort:lowest_fee_per_month?sort_type=/category/schools/non_japanese/direction:asc/country_id:1/sort:lowest_fee_per_month?sort_type%3D%252Fcategory%252Fschools%252Fnon_japanese%252Fdirection%253Aasc%252Fcountry_id%253A1%252Fsort%253Alowest_fee_per_month%253Fsort_type%253D%25252Fcategory%25252Fschools%25252Fnon_japanese%25252Fdirection%25253Adesc%25252Fcountry_id%25253A1%25253Fsort_type%25253D%2525252Fcategory%2525252Fschools%2525252Fnon_japanese%2525252Fdirection%2525253Aasc%2525252Fcountry_id%2525253A1%2525252Fsort%2525253Alowest_fee_per_month%2525253Fsort_type%2525253D%252525252Fcategory%252525252Fschools%252525252Fnon_japanese%252525252Fdirection%252525253Adesc%252525252Fcountry_id%252525253A1%252525253Fsort_type%252525253D%25252525252Fcategory%25252525252Fschools%25252525252Fnon_japanese%25252525252Fcountry_id%25252525253A1%25252525252Fsort%25252525253Alowest_fee_per_month%25252525252Fdirection%25252525253Aasc%25252525253Fsort_type%25252525253D%2525252525252Fcategory%2525252525252Fschools%2525252525252Fnon_japanese%2525252525252Fcountry_id%2525252525253A1%2525252525252Fdirection%2525252525253Adesc%2525252525253Fsort_type%2525252525253D%252525252525252Fcategory%252525252525252Fschools%252525252525252Fnon_japanese%252525252525252Fcountry_id%252525252525253A1%252525252525252Fdirection%252525252525253Adesc%252525252525253Fsort_type%252525252525253D%25252525252525252Fcategory%25252525252525252Fschools%25252525252525252Fnon_japanese%25252525252525252Fcountry_id%25252525252525253A1%25252525252525252Fdirection%25252525252525253Adesc,dup_no_user_canonical,2026-09-18,2026-09-21T20:26:15,2026-09-21T20:26:15
https://schoolwith.me/category/schools/non_japanese/direction:asc/country_id:1/sort:lowest_fee_per_month?sort_type=/category/schools/non_japanese/direction:asc/sort:lowest_fee_per_month/country_id:1?sort_type%3D%252Fcategory%252Fschools%252Fnon_japanese%252Fdirection%253Adesc%252Fcountry_id%253A1%253Fsort_type%253D%25252Fcategory%25252Fschools%25252Fnon_japanese%25252Fdirection%25253Adesc%25252Fcountry_id%25253A1%25253Fsort_type%25253D%2525252Fcategory%2525252Fschools%2525252Fnon_japanese%2525252Fdirection%2525253Aasc%2525252Fcountry_id%2525253A1%2525252Fsort%2525253Alowest_fee_per_month%2525253Fsort_type%2525253D%252525252Fcategory%252525252Fschools%252525252Fnon_japanese%252525252Fdirection%252525253Adesc%252525252Fcountry_id%252525253A1%252525253Fsort_type%252525253D%25252525252Fcategory%25252525252Fschools%25252525252Fnon_japanese%25252525252Fcountry_id%25252525253A1%25252525252Fsort%25252525253Alowest_fee_per_month%25252525252Fdirection%25252525253Aasc%25252525253Fsort_type%25252525253D%2525252525252Fcategory%2525252525252Fschools%2525252525252Fnon_japanese%2525252525252Fcountry_id%2525252525253A1%2525252525252Fdirection%2525252525253Adesc%2525252525253Fsort_type%2525252525253D%252525252525252Fcategory%252525252525252Fschools%252525252525252Fnon_japanese%252525252525252Fcountry_id%252525252525253A1%252525252525252Fdirection%252525252525253Adesc%252525252525253Fsort_type%252525252525253D%25252525252525252Fcategory%25252525252525252Fschools%25252525252525252Fnon_japanese%25252525252525252Fcountry_id%25252525252525253A1%25252525252525252Fdirection%25252525252525253Adesc,dup_no_user_canonical,2026-09-18,2026-09-21T20:26:15,2026-09-21T20:26:15
https://schoolwith.me/category/schools/non_japanese/direction:asc/country_id:1/sort:lowest_fee_per_month?sort_type=/category/schools/non_japanese/direction:desc/country_id:1?sort_type%3D%252Fcategory%252Fschools%252Fnon_japanese%252Fdirection%253Aasc%252Fsort%253Alowest_fee_per_month%252Fcountry_id%253A1,dup_no_user_canonical,2026-09-18,2026-09-21T20:26:15,2026-09-21T20:26:15
https://schoolwith.me/category/schools/non_japanese/direction:asc/country_id:1/sort:lowest_fee_per_month?sort_type=/category/schools/non_japanese/direction:desc/country_id:1?sort_type%3D%252Fcategory%252Fschools%252Fnon_japanese%252Fdirection%253Adesc%252Fcountry_id%253A1%253Fsort_type%253D%25252Fcategory%25252Fschools%25252Fnon_japanese%25252Fdirection%25253Aasc%25252Fcountry_id%25253A1%25252Fsort%25253Alowest_fee_per_month%25253Fsort_type%25253D%2525252Fcategory%2525252Fschools%2525252Fnon_japanese%2525252Fdirection%2525253Adesc%2525252Fcountry_id%2525253A1%2525253Fsort_type%2525253D%252525252Fcategory%252525252Fschools%252525252Fnon_japanese%252525252Fcountry_id%252525253A1%252525252Fsort%252525253Alowest_fee_per_month%252525252Fdirection%252525253Aasc%252525253Fsort_type%252525253D%25252525252Fcategory%25252525252Fschools%25252525252Fnon_japanese%25252525252Fcountry_id%25252525253A1%25252525252Fdirection%25252525253Adesc%25252525253Fsort_type%25252525253D%2525252525252Fcategory%2525252525252Fschools%2525252525252Fnon_japanese%2525252525252Fcountry_id%2525252525253A1%2525252525252Fdirection%2525252525253Adesc%2525252525253Fsort_type%2525252525253D%252525252525252Fcategory%252525252525252Fschools%252525252525252Fnon_japanese%252525252525252Fcountry_id%252525252525253A1%252525252525252Fdirection%252525252525253Adesc,dup_no_user_canonical,2026-09-18,2026-09-21T20:26:15,2026-09-21T20:26:15
https://schoolwith.me/category/schools/non_japanese/direction:asc/country_id:1/sort:lowest_fee_per_month?sort_type=/category/schools/non_japanese/direction:desc/country_id:1?sort_type%3D%252Fcategory%252Fschools%252Fnon_japanese%252Fdirection%253Adesc%252Fcountry_id%253A1%253Fsort_type%253D%25252Fcategory%25252Fschools%25252Fnon_japanese%25252Fdirection%25253Adesc%25252Fcountry_id%25253A1%25253Fsort_type%25253D%2525252Fcategory%2525252Fschools%2525252Fnon_japanese%2525252Fdirection%2525253Adesc%2525252Fcountry_id%2525253A1%2525253Fsort_type%2525253D%252525252Fcategory%252525252Fschools%252525252Fnon_japanese%252525252Fdirection%252525253Aasc%252525252Fcountry_id%252525253A1%252525252Fsort%252525253Alowest_fee_per_month%252525253Fsort_type%252525253D%25252525252Fcategory%25252525252Fschools%25252525252Fnon_japanese%25252525252Fdirection%25252525253Adesc%25252525252Fcountry_id%25252525253A1%25252525253Fsort_type%25252525253D%2525252525252Fcategory%2525252525252Fschools%2525252525252Fnon_japanese%2525252525252Fcountry_id%2525252525253A1%2525252525252Fsort%2525252525253Alowest_fee_per_month%2525252525252Fdirection%2525252525253Aasc%2525252525253Fsort_type%2525252525253D%252525252525252Fcategory%252525252525252Fschools%252525252525252Fnon_japanese%252525252525252Fcountry_id%252525252525253A1%252525252525252Fdirection%252525252525253Adesc%252525252525253Fsort_type%252525252525253D%25252525252525252Fcategory%25252525252525252Fschools%25252525252525252Fnon_japanese%25252525252525252Fcountry_id%25252525252525253A1%25252525252525252Fdirection%25252525252525253Adesc%25252525252525253Fsort_type%25252525252525253D%2525252525252525252Fcategory%2525252525252525252Fschools%2525252525252525252Fnon_japanese%2525252525252525252Fcountry_id%2525252525252525253A1%2525252525252525252Fdirection%2525252525252525253Adesc,dup_no_user_canonical,2026-09-18,2026-09-21T20:26:15,2026-09-21T20:26:15
https://schoolwith.me/category/schools/non_japanese/direction:asc/country_id:6/sort:lowest_fee_per_month?sort_type=/category/schools/non_japanese/direction:asc/sort:lowest_fee_per_month/country_id:6?sort_type%3D%252Fcategory%252Fschools%252Fnon_japanese%252Fdirection%253Adesc%252Fcountry_id%253A6%253Fsort_type%253D%25252Fcategory%25252Fschools%25252Fnon_japanese%25252Fdirection%25253Aasc%25252Fcountry_id%25253A6%25252Fsort%25253Alowest_fee_per_month%25253Fsort_type%25253D%2525252Fcategory%2525252Fschools%2525252Fnon_japanese%2525252Fdirection%2525253Aasc%2525252Fcountry_id%2525253A6%2525252Fsort%2525253Alowest_fee_per_month%2525253Fsort_type%2525253D%252525252Fcategory%252525252Fschools%252525252Fnon_japanese%252525252Fdirection%252525253Aasc%252525252Fcountry_id%252525253A6%252525252Fsort%252525253Alowest_fee_per_month%252525253Fsort_type%252525253D%25252525252Fcategory%25252525252Fschools%25252525252Fnon_japanese%25252525252Fdirection%25252525253Adesc%25252525252Fcountry_id%25252525253A6%25252525253Fsort_type%25252525253D%2525252525252Fcategory%2525252525252Fschools%2525252525252Fnon_japanese%2525252525252Fdirection%2525252525253Adesc%2525252525252Fcountry_id%2525252525253A6%2525252525253Fsort_type%2525252525253D%252525252525252Fcategory%252525252525252Fschools%252525252525252Fnon_japanese%252525252525252Fdirection%252525252525253Adesc%252525252525252Fcountry_id%252525252525253A6,crawled_not_indexed,2026-09-18,2026-09-21T20:26:15,2026-09-21T20:26:15
https://schoolwith.me/category/schools/non_japanese/direction:asc/country_id:8/sort:lowest_fee_per_month,discovered_not_indexed,2026-09-18,2026-09-21T20:26:15,2026-09-21T20:26:15
https://schoolwith.me/category/schools/non_japanese/direction:asc/sort:lowest_fee_per_month/page:2?sort_type=/category/schools/non_japanese/direction:desc?sort_type%3D%252Fcategory%252Fschools%252Fnon_japanese%252Fdirection%253Adesc%253Fsort_type%253D%25252Fcategory%25252Fschools%25252Fnon_japanese%25252Fdirection%25253Adesc%25253Fsort_type%25253D%2525252Fcategory%2525252Fschools%2525252Fnon_japanese%2525252Fdirection%2525253Adesc%2525253Fsort_type%2525253D%252525252Fcategory%252525252Fschools%252525252Fnon_japanese%252525252Fdirection%252525253Aasc%252525252Fsort%252525253Alowest_fee_per_month%252525253Fsort_type%252525253D%25252525252Fcategory%25252525252Fschools%25252525252Fnon_japanese%25252525252Fdirection%25252525253Adesc%25252525253Fsort_type%25252525253D%2525252525252Fcategory%2525252525252Fschools%2525252525252Fnon_japanese%2525252525252Fdirection%2525252525253Adesc%2525252525253Fsort_type%2525252525253D%252525252525252Fcategory%252525252525252Fschools%252525252525252Fnon_japanese%252525252525252Fdirection%252525252525253Adesc%252525252525253Fsort_type%252525252525253D%25252525252525252Fcategory%25252525252525252Fschools%25252525252525252Fnon_japanese%25252525252525252Fdirection%25252525252525253Adesc%25252525252525253Fsort_type%25252525252525253D%2525252525252525252Fcategory%2525252525252525252Fschools%2525252525252525252Fnon_japanese%2525252525252525252Fsort%2525252525252525253Alowest_fee_per_month%2525252525252525252Fdirection%2525252525252525253Aasc%2525252525252525253Fsort_type%2525252525252525253D%252525252525252525252Fcategory%252525252525252525252Fschools%252525252525252525252Fnon_japanese%252525252525252525252Fsort%252525252525252525253Alowest_fee_per_month%252525252525252525252Fdirection%252525252525252525253Aasc%252525252525252525253Fsrc_user%252525252525252525253Dtop_main_ctgry_pc,crawled_not_indexed,2026-09-18,2026-09-21T20:26:15,2026-09-21T20:26:15
https://schoolwith.me/category/schools/non_japanese/direction:desc/country_id:2?sort_type=/category/schools/non_japanese/direction:desc/country_id:2?sort_type%3D%252Fcategory%252Fschools%252Fnon_japanese%252Fdirection%253Aasc%252Fcountry_id%253A2%252Fsort%253Alowest_fee_per_month%253Fsort_type%253D%25252Fcategory%25252Fschools%25252Fnon_japanese%25252Fdirection%25253Adesc%25252Fcountry_id%25253A2%25253Fsort_type%25253D%2525252Fcategory%2525252Fschools%2525252Fnon_japanese%2525252Fcountry_id%2525253A2%2525252Fdirection%2525253Adesc,crawled_not_indexed,2026-09-18,2026-09-21T20:26:15,2026-09-21T20:26:15
https://schoolwith.me/category/schools/non_japanese/direction:desc/country_id:4?sort_type=/category/schools/non_japanese/direction:asc/country_id:4/sort:lowest_fee_per_month?sort_type%3D%252Fcategory%252Fschools%252Fnon_japanese%252Fdirection%253Adesc%252Fcountry_id%253A4%253Fsort_type%253D%25252Fcategory%25252Fschools%25252Fnon_japanese%25252Fdirection%25253Adesc%25252Fcountry_id%25253A4%25253Fsort_type%25253D%2525252Fcategory%2525252Fschools%2525252Fnon_japanese%2525252Fdirection%2525253Aasc%2525252Fsort%2525253Alowest_fee_per_month%2525252Fcountry_id%2525253A4%2525253Fsort_type%2525253D%252525252Fcategory%252525252Fschools%252525252Fnon_japanese%252525252Fdirection%252525253Aasc%252525252Fsort%252525253Alowest_fee_per_month%252525252Fcountry_id%252525253A4%252525253Fsort_type%252525253D%25252525252Fcategory%25252525252Fschools%25252525252Fnon_japanese%25252525252Fsort%25252525253Alowest_fee_per_month%25252525252Fdirection%25252525253AASC%25252525252Fcountry_id%25252525253A4,dup_no_user_canonical,2026-09-18,2026-09-21T20:26:15,2026-09-21T20:26:15
https://schoolwith.me/category/schools/non_japanese/direction:desc/country_id:4?sort_type=/category/schools/non_japanese/direction:asc/country_id:4/sort:lowest_fee_per_month?sort_type%3D%252Fcategory%252Fschools%252Fnon_japanese%252Fdirection%253Adesc%252Fcountry_id%253A4%253Fsort_type%253D%25252Fcategory%25252Fschools%25252Fnon_japanese%25252Fdirection%25253Adesc%25252Fcountry_id%25253A4%25253Fsort_type%25253D%2525252Fcategory%2525252Fschools%2525252Fnon_japanese%2525252Fdirection%2525253Adesc%2525252Fcountry_id%2525253A4%2525253Fsort_type%2525253D%252525252Fcategory%252525252Fschools%252525252Fnon_japanese%252525252Fdirection%252525253Aasc%252525252Fcountry_id%252525253A4%252525252Fsort%252525253Alowest_fee_per_month%252525253Fsort_type%252525253D%25252525252Fcategory%25252525252Fschools%25252525252Fnon_japanese%25252525252Fdirection%25252525253Adesc%25252525252Fcountry_id%25252525253A4%25252525253Fsort_type%25252525253D%2525252525252Fcategory%2525252525252Fschools%2525252525252Fnon_japanese%2525252525252Fsort%2525252525253Alowest_fee_per_month%2525252525252Fdirection%2525252525253AASC%2525252525252Fcountry_id%2525252525253A4,dup_no_user_canonical,2026-09-18,2026-09-21T20:26:15,2026-09-21T20:26:15
https://schoolwith.me/category/schools/non_japanese/direction:desc/country_id:6?sort_type=/category/schools/non_japanese/direction:asc/country_id:6/sort:lowest_fee_per_month?sort_type%3D%252Fcategory%252Fschools%252Fnon_japanese%252Fdirection%253Adesc%252Fcountry_id%253A6%253Fsort_type%253D%25252Fcategory%25252Fschools%25252Fnon_japanese%25252Fcountry_id%25253A6%25252Fsort%25253Alowest_fee_per_month%25252Fdirection%25253Aasc%25253Fsort_type%25253D%2525252Fcategory%2525252Fschools%2525252Fnon_japanese%2525252Fcountry_id%2525253A6%2525252Fdirection%2525253Adesc%2525253Fsort_type%2525253D%252525252Fcategory%252525252Fschools%252525252Fnon_japanese%252525252Fcountry_id%252525253A6%252525252Fdirection%252525253Adesc,dup_no_user_canonical,2026-09-18,2026-09-21T20:26:15,2026-09-21T20:26:15
https://schoolwith.me/category/schools/non_japanese/direction:desc/country_id:6?sort_type=/category/schools/non_japanese/direction:asc/country_id:6/sort:lowest_fee_per_month?sort_type%3D%252Fcategory%252Fschools%252Fnon_japanese%252Fdirection%253Adesc%252Fcountry_id%253A6%253Fsort_type%253D%25252Fcategory%25252Fschools%25252Fnon_japanese%25252Fsort%25253Alowest_fee_per_month%25252Fdirection%25253Aasc%25252Fcountry_id%25253A6%25253Fsort_type%25253D%2525252Fcategory%2525252Fschools%2525252Fnon_japanese%2525252Fdirection%2525253Adesc%2525252Fcountry_id%2525253A6%2525253Fsort_type%2525253D%252525252Fcategory%252525252Fschools%252525252Fnon_japanese%252525252Fsort%252525253Alowest_fee_per_month%252525252Fdirection%252525253Aasc%252525252Fcountry_id%252525253A6,dup_no_user_canonical,2026-09-18,2026-09-21T20:26:15,2026-09-21T20:26:15
https://schoolwith.me/category/schools/non_japanese/direction:desc/country_id:6?sort_type=/category/schools/non_japanese/direction:asc/sort:lowest_fee_per_month/country_id:6?sort_type%3D%252Fcategory%252Fschools%252Fnon_japanese%252Fdirection%253Adesc%252Fcountry_id%253A6%253Fsort_type%253D%25252Fcategory%25252Fschools%25252Fnon_japanese%25252Fdirection%25253Adesc%25252Fcountry_id%25253A6%25253Fsort_type%25253D%2525252Fcategory%2525252Fschools%2525252Fnon_japanese%2525252Fdirection%2525253Adesc%2525252Fcountry_id%2525253A6%2525253Fsort_type%2525253D%252525252Fcategory%252525252Fschools%252525252Fnon_japanese%252525252Fsort%252525253Alowest_fee_per_month%252525252Fdirection%252525253Aasc%252525252Fcountry_id%252525253A6,dup_no_user_canonical,2026-09-18,2026-09-21T20:26:15,2026-09-21T20:26:15
https://schoolwith.me/category/schools/non_japanese/direction:desc/country_id:8,discovered_not_indexed,2026-09-18,2026-09-21T20:26:15,2026-09-21T20:26:15
https://schoolwith.me/category/schools/non_japanese/direction:desc?sort_type=/category/schools/non_japanese/direction:asc/sort:lowest_fee_per_month?sort_type%3D%252Fcategory%252Fschools%252Fnon_japanese%252Fdirection%253Adesc%253Fsort_type%253D%25252Fcategory%25252Fschools%25252Fnon_japanese%25252Fsort%25253Alowest_fee_per_month%25252Fdirection%25253Aasc%25253Fsrc_user%25253Dtop_main_ctgry_pc,dup_no_user_canonical,2026-09-18,2026-09-21T20:26:15,2026-09-21T20:26:15
https://schoolwith.me/category/schools/non_japanese/direction:desc?sort_type=/category/schools/non_japanese/direction:desc?sort_type%3D%252Fcategory%252Fschools%252Fnon_japanese%252Fdirection%253Adesc%253Fsort_type%253D%25252Fcategory%25252Fschools%25252Fnon_japanese%25252Fdirection%25253Adesc%25253Fsort_type%25253D%2525252Fcategory%2525252Fschools%2525252Fnon_japanese%2525252Fdirection%2525253Adesc%2525253Fsort_type%2525253D%252525252Fcategory%252525252Fschools%252525252Fnon_japanese%252525252Fsort%252525253Alowest_fee_per_month%252525252Fdirection%252525253AASC,dup_no_user_canonical,2026-09-18,2026-09-21T20:26:15,2026-09-21T20:26:15
https://schoolwith.me/category/schools/non_japanese/direction:desc?sort_type=/category/schools/non_japanese/sort:lowest_fee_per_month/direction:asc?sort_type%3D%252Fcategory%252Fschools%252Fnon_japanese%252Fdirection%253Adesc%253Futm_content%253Dbuffer5a412%2526amp%253Bamp%25253Bamp%25253Butm_medium%253Dsocial%2526amp%253Bamp%25253Bamp%25253Butm_source%253Dtwitter.com%2526amp%253Bamp%25253Bamp%25253Butm_campaign%253Dbuffer,dup_no_user_canonical,2026-09-18,2026-09-21T20:26:15,2026-09-21T20:26:15
https://schoolwith.me/category/schools/non_japanese/page:10/sort:lowest_fee_per_month/direction:asc?a8=KrA0DrUo2L8pjzgCZjBMppIMq.zJ8oIsAj_CszIFMF4o2LAX79TKcLTLGLZsasTBcFbMIvAycrA01s00000024868001,dup_no_user_canonical,2026-09-18,2026-09-21T20:26:15,2026-09-21T20:26:15
https://schoolwith.me/category/schools/non_japanese/page:16/direction:asc/sort:lowest_fee_per_month?sort_type=/category/schools/non_japanese/direction:desc?sort_type%3D%252Fcategory%252Fschools%252Fnon_japanese%252Fdirection%253Aasc%252Fsort%253Alowest_fee_per_month%253Fsort_type%253D%25252Fcategory%25252Fschools%25252Fnon_japanese%25252Fdirection%25253Adesc%25253Fsort_type%25253D%2525252Fcategory%2525252Fschools%2525252Fnon_japanese%2525252Fdirection%2525253Adesc%2525253Fsort_type%2525253D%252525252Fcategory%252525252Fschools%252525252Fnon_japanese%252525252Fdirection%252525253Adesc%252525253Fsort_type%252525253D%25252525252Fcategory%25252525252Fschools%25252525252Fnon_japanese%25252525252Fdirection%25252525253Adesc%25252525253Fsort_type%25252525253D%2525252525252Fcategory%2525252525252Fschools%2525252525252Fnon_japanese%2525252525252Fdirection%2525252525253Adesc%2525252525253Fsort_type%2525252525253D%252525252525252Fcategory%252525252525252Fschools%252525252525252Fnon_japanese%252525252525252Fdirection%252525252525253Aasc%252525252525252Fsort%252525252525253Alowest_fee_per_month%252525252525253Fsort_type%252525252525253D%25252525252525252Fcategory%25252525252525252Fschools%25252525252525252Fnon_japanese%25252525252525252Fdirection%25252525252525253Adesc%25252525252525253Fsrc_user%25252525252525253Dtop_main_ctgry_pc,crawled_not_indexed,2026-09-18,2026-09-21T20:26:15,2026-09-21T20:26:15
https://schoolwith.me/category/schools/non_japanese/page:17/direction:asc/sort:lowest_fee_per_month?sort_type=/category/schools/non_japanese/direction:desc?sort_type%3D%252Fcategory%252Fschools%252Fnon_japanese%252Fdirection%253Aasc%252Fsort%253Alowest_fee_per_month%253Fsort_type%253D%25252Fcategory%25252Fschools%25252Fnon_japanese%25252Fdirection%25253Adesc%25253Fsort_type%25253D%2525252Fcategory%2525252Fschools%2525252Fnon_japanese%2525252Fdirection%2525253Adesc%2525253Fsort_type%2525253D%252525252Fcategory%252525252Fschools%252525252Fnon_japanese%252525252Fsort%252525253Alowest_fee_per_month%252525252Fdirection%252525253Aasc%252525253Fsort_type%252525253D%25252525252Fcategory%25252525252Fschools%25252525252Fnon_japanese%25252525252Fsort%25252525253Alowest_fee_per_month%25252525252Fdirection%25252525253Aasc%25252525253Fsort_type%25252525253D%2525252525252Fcategory%2525252525252Fschools%2525252525252Fnon_japanese%2525252525252Fsort%2525252525253Alowest_fee_per_month%2525252525252Fdirection%2525252525253Aasc%2525252525253Fsort_type%2525252525253D%252525252525252Fcategory%252525252525252Fschools%252525252525252Fnon_japanese%252525252525252Fsort%252525252525253Alowest_fee_per_month%252525252525252Fdirection%252525252525253Aasc%252525252525253Fsort_type%252525252525253D%25252525252525252Fcategory%25252525252525252Fschools%25252525252525252Fnon_japanese%25252525252525252Fdirection%25252525252525253Adesc%25252525252525253Fsrc_user%25252525252525253Dtop_main_ctgry_pc,crawled_not_indexed,2026-09-18,2026-09-21T20:26:15,2026-09-21T20:26:15
https://schoolwith.me/category/schools/non_japanese/page:21/sort:lowest_fee_per_month/direction:asc?sort_type=/category/schools/non_japanese/sort:lowest_fee_per_month/direction:asc?sort_type%3D%252Fcategory%252Fschools%252Fnon_japanese%252Fdirection%253Adesc%253Futm_content%253Dbuffer5a412%2526amp%253Bamp%25253Bamp%25253Butm_medium%253Dsocial%2526amp%253Bamp%25253Bamp%25253Butm_source%253Dtwitter.com%2526amp%253Bamp%25253Bamp%25253Butm_campaign%253Dbuffer,crawled_not_indexed,2026-09-18,2026-09-21T20:26:15,2026-09-21T20:26:15
https://schoolwith.me/category/schools/non_japanese/page:23/sort:lowest_fee_per_month/direction:asc,crawled_not_indexed,2026-09-18,2026-09-21T20:26:15,2026-09-21T20:26:15
https://schoolwith.me/category/schools/non_japanese/page:27,crawled_not_indexed,2026-09-18,2026-09-21T20:26:15,2026-09-21T20:26:15
https://schoolwith.me/category/schools/non_japanese/page:8?src_user=top_main_ctgry_pc,crawled_not_indexed,2026-09-18,2026-09-21T20:26:15,2026-09-21T20:26:15
https://schoolwith.me/category/schools/non_japanese/sort:School.application_cnt/direction:desc?sort_type=/category/schools/non_japanese/sort:lowest_fee_per_month/direction:asc?sort_type%3D%252Fcategory%252Fschools%252Fnon_japanese%252Fsort%253Alowest_fee_per_month%252Fdirection%253Aasc%253Fsort_type%253D%25252Fcategory%25252Fschools%25252Fnon_japanese%25252Fdirection%25253Adesc%25253Fsort_type%25253D%2525252Fcategory%2525252Fschools%2525252Fnon_japanese%2525252Fdirection%2525253Adesc%2525253Fsort_type%2525253D%252525252Fcategory%252525252Fschools%252525252Fnon_japanese%252525252Fsort%252525253Alowest_fee_per_month%252525252Fdirection%252525253Aasc%252525253Fsort_type%252525253D%25252525252Fcategory%25252525252Fschools%25252525252Fnon_japanese%25252525252Fdirection%25252525253Adesc%25252525253Fsort_type%25252525253D%2525252525252Fcategory%2525252525252Fschools%2525252525252Fnon_japanese%2525252525252Fdirection%2525252525253Adesc%2525252525253Fsort_type%2525252525253D%252525252525252Fcategory%252525252525252Fschools%252525252525252Fnon_japanese%252525252525252Fsort%252525252525253Alowest_fee_per_month%252525252525252Fdirection%252525252525253Aasc%252525252525253Fsort_type%252525252525253D%25252525252525252Fcategory%25252525252525252Fschools%25252525252525252Fnon_japanese%25252525252525252Fdirection%25252525252525253Adesc%25252525252525253Fsort_type%25252525252525253D%2525252525252525252Fcategory%2525252525252525252Fschools%2525252525252525252Fnon_japanese%2525252525252525252Fdirection%2525252525252525253Adesc,dup_no_user_canonical,2026-09-18,2026-09-21T20:26:15,2026-09-21T20:26:15
https://schoolwith.me/category/schools/non_japanese/sort:lowest_fee_per_month/direction:asc?sort_type=/category/schools/non_japanese/direction:desc?sort_type%3D%252Fcategory%252Fschools%252Fnon_japanese%252Fsort%253Alowest_fee_per_month%252Fdirection%253Aasc%253Fsrc_user%253Dtop_main_ctgry_pc,dup_no_user_canonical,2026-09-18,2026-09-21T20:26:15,2026-09-21T20:26:15
https://schoolwith.me/category/schools/on_campus/country_id:2/area_id:2006,crawled_not_indexed,2026-09-18,2026-09-21T20:26:15,2026-09-21T20:26:15
https://schoolwith.me/category/schools/on_campus/country_id:3/area_id:3071?a8=I2Ghz2Y8u7rmQ7jZwns2sQEZBdlpsQreVnrmeljVQVL8u7GNX752-_GNs7leEe5sCVqQjBGFC2Ghos00000019593001,crawled_not_indexed,2026-09-18,2026-09-21T20:26:15,2026-09-21T20:26:15
https://schoolwith.me/category/schools/on_campus/country_id:5/area_id:5022,crawled_not_indexed,2026-09-18,2026-09-21T20:26:15,2026-09-21T20:26:15
https://schoolwith.me/category/schools/on_campus/country_id:8,crawled_not_indexed,2026-09-18,2026-09-21T20:26:15,2026-09-21T20:26:15
https://schoolwith.me/category/schools/on_campus/direction:desc/country_id:2?sort_type=/category/schools/on_campus/direction:asc/country_id:2/sort:lowest_fee_per_month?sort_type%3D%252Fcategory%252Fschools%252Fon_campus%252Fdirection%253Aasc%252Fsort%253Alowest_fee_per_month%252Fcountry_id%253A2,dup_no_user_canonical,2026-09-18,2026-09-21T20:26:15,2026-09-21T20:26:15
https://schoolwith.me/category/schools/on_campus/direction:desc/country_id:2?sort_type=/category/schools/on_campus/direction:asc/country_id:2/sort:lowest_fee_per_month?sort_type%3D%252Fcategory%252Fschools%252Fon_campus%252Fdirection%253Adesc%252Fcountry_id%253A2,dup_no_user_canonical,2026-09-18,2026-09-21T20:26:15,2026-09-21T20:26:15
https://schoolwith.me/category/schools/on_campus/direction:desc/country_id:2?sort_type=/category/schools/on_campus/direction:asc/country_id:2/sort:lowest_fee_per_month?sort_type%3D%252Fcategory%252Fschools%252Fon_campus%252Fdirection%253Adesc%252Fcountry_id%253A2%253Fsort_type%253D%25252Fcategory%25252Fschools%25252Fon_campus%25252Fdirection%25253Aasc%25252Fcountry_id%25253A2%25252Fsort%25253Alowest_fee_per_month%25253Fsort_type%25253D%2525252Fcategory%2525252Fschools%2525252Fon_campus%2525252Fdirection%2525253Adesc%2525252Fcountry_id%2525253A2,dup_no_user_canonical,2026-09-18,2026-09-21T20:26:15,2026-09-21T20:26:15
https://schoolwith.me/category/schools/on_campus/direction:desc/country_id:2?sort_type=/category/schools/on_campus/direction:asc/country_id:2/sort:lowest_fee_per_month?sort_type%3D%252Fcategory%252Fschools%252Fon_campus%252Fdirection%253Adesc%252Fcountry_id%253A2%253Fsort_type%253D%25252Fcategory%25252Fschools%25252Fon_campus%25252Fdirection%25253Adesc%25252Fcountry_id%25253A2,dup_no_user_canonical,2026-09-18,2026-09-21T20:26:15,2026-09-21T20:26:15
https://schoolwith.me/category/schools/on_campus/direction:desc/country_id:2?sort_type=/category/schools/on_campus/direction:desc/country_id:2,dup_no_user_canonical,2026-09-18,2026-09-21T20:26:15,2026-09-21T20:26:15
https://schoolwith.me/category/schools/on_campus/direction:desc/country_id:2?sort_type=/category/schools/on_campus/direction:desc/country_id:2?sort_type%3D%252Fcategory%252Fschools%252Fon_campus%252Fdirection%253Aasc%252Fcountry_id%253A2%252Fsort%253Alowest_fee_per_month%253Fsort_type%253D%25252Fcategory%25252Fschools%25252Fon_campus%25252Fdirection%25253Aasc%25252Fsort%25253Alowest_fee_per_month%25252Fcountry_id%25253A2,dup_no_user_canonical,2026-09-18,2026-09-21T20:26:15,2026-09-21T20:26:15
https://schoolwith.me/category/schools/on_campus/direction:desc/country_id:2?sort_type=/category/schools/on_campus/direction:desc/country_id:2?sort_type%3D%252Fcategory%252Fschools%252Fon_campus%252Fdirection%253Aasc%252Fcountry_id%253A2%252Fsort%253Alowest_fee_per_month%253Fsort_type%253D%25252Fcategory%25252Fschools%25252Fon_campus%25252Fdirection%25253Adesc%25252Fcountry_id%25253A2,dup_no_user_canonical,2026-09-18,2026-09-21T20:26:15,2026-09-21T20:26:15
https://schoolwith.me/category/schools/on_campus/direction:desc/country_id:2?sort_type=/category/schools/on_campus/direction:desc/country_id:2?sort_type%3D%252Fcategory%252Fschools%252Fon_campus%252Fdirection%253Aasc%252Fsort%253Alowest_fee_per_month%252Fcountry_id%253A2,dup_no_user_canonical,2026-09-18,2026-09-21T20:26:15,2026-09-21T20:26:15
https://schoolwith.me/category/schools/on_campus/direction:desc/country_id:2?sort_type=/category/schools/on_campus/direction:desc/country_id:2?sort_type%3D%252Fcategory%252Fschools%252Fon_campus%252Fdirection%253Adesc%252Fcountry_id%253A2%253Fsort_type%253D%25252Fcategory%25252Fschools%25252Fon_campus%25252Fdirection%25253Aasc%25252Fcountry_id%25253A2%25252Fsort%25253Alowest_fee_per_month%25253Fsort_type%25253D%2525252Fcategory%2525252Fschools%2525252Fon_campus%2525252Fdirection%2525253Adesc%2525252Fcountry_id%2525253A2,dup_no_user_canonical,2026-09-18,2026-09-21T20:26:15,2026-09-21T20:26:15
https://schoolwith.me/category/schools/on_campus/direction:desc/country_id:2?sort_type=/category/schools/on_campus/direction:desc/country_id:2?sort_type%3D%252Fcategory%252Fschools%252Fon_campus%252Fdirection%253Adesc%252Fcountry_id%253A2%253Fsort_type%253D%25252Fcategory%25252Fschools%25252Fon_campus%25252Fdirection%25253Aasc%25252Fsort%25253Alowest_fee_per_month%25252Fcountry_id%25253A2,dup_no_user_canonical,2026-09-18,2026-09-21T20:26:15,2026-09-21T20:26:15
https://schoolwith.me/category/schools/on_campus/direction:desc/country_id:2?sort_type=/category/schools/on_campus/direction:desc/country_id:2?sort_type%3D%252Fcategory%252Fschools%252Fon_campus%252Fdirection%253Adesc%252Fcountry_id%253A2%253Fsort_type%253D%25252Fcategory%25252Fschools%25252Fon_campus%25252Fdirection%25253Adesc%25252Fcountry_id%25253A2%25253Fsort_type%25253D%2525252Fcategory%2525252Fschools%2525252Fon_campus%2525252Fdirection%2525253Adesc%2525252Fcountry_id%2525253A2,dup_no_user_canonical,2026-09-18,2026-09-21T20:26:15,2026-09-21T20:26:15
https://schoolwith.me/category/schools/online_english/country_id:1/area_id:2,discovered_not_indexed,2026-09-18,2026-09-21T20:26:15,2026-09-21T20:26:15
https://schoolwith.me/category/schools/online_english/direction:asc/sort:lowest_fee_per_month?sort_type=/category/schools/online_english/direction:desc?sort_type%3D%252Fcategory%252Fschools%252Fonline_english%252Fdirection%253Adesc%253Fsort_type%253D%25252Fcategory%25252Fschools%25252Fonline_english%25252Fsort%25253Alowest_fee_per_month%25252Fdirection%25253AASC,dup_no_user_canonical,2026-09-18,2026-09-21T20:26:15,2026-09-21T20:26:15
https://schoolwith.me/category/schools/online_english/direction:asc/sort:lowest_fee_per_month?sort_type=/category/schools/online_english/direction:desc?sort_type%3D%252Fcategory%252Fschools%252Fonline_english%252Fsort%253Alowest_fee_per_month%252Fdirection%253Aasc%253Fsort_type%253D%25252Fcategory%25252Fschools%25252Fonline_english%25252Fsort%25253Alowest_fee_per_month%25252Fdirection%25253AASC,dup_no_user_canonical,2026-09-18,2026-09-21T20:26:15,2026-09-21T20:26:15
https://schoolwith.me/category/schools/parent_child/direction:asc/country_id:1/area_id:14/sort:lowest_fee_per_month?sort_type=/category/schools/parent_child/direction:asc/country_id:1/area_id:14/sort:lowest_fee_per_month?sort_type%3D%252Fcategory%252Fschools%252Fparent_child%252Fdirection%253Adesc%252Fcountry_id%253A1%252Farea_id%253A14%253Fsort_type%253D%25252Fcategory%25252Fschools%25252Fparent_child%25252Fdirection%25253Adesc%25252Fcountry_id%25253A1%25252Farea_id%25253A14%25253Fsort_type%25253D%2525252Fcategory%2525252Fschools%2525252Fparent_child%2525252Fdirection%2525253Aasc%2525252Fsort%2525253Alowest_fee_per_month%2525252Fcountry_id%2525253A1%2525252Farea_id%2525253A14,crawled_not_indexed,2026-09-18,2026-09-21T20:26:15,2026-09-21T20:26:15
https://schoolwith.me/category/schools/parent_child/direction:asc/sort:lowest_fee_per_month,discovered_not_indexed,2026-09-18,2026-09-21T20:26:15,2026-09-21T20:26:15
https://schoolwith.me/category/schools/parent_child/direction:asc/sort:lowest_fee_per_month?sort_type=/category/schools/parent_child/direction:asc/sort:lowest_fee_per_month?sort_type%3D%252Fcategory%252Fschools%252Fparent_child%252Fdirection%253Aasc%252Fsort%253Alowest_fee_per_month%253Fsort_type%253D%25252Fcategory%25252Fschools%25252Fparent_child%25252Fsort%25253Alowest_fee_per_month%25252Fdirection%25253AASC%25253Futm_source%25253Dmedia%252526amp%25253Bamp%2525253Butm_medium%25253Dwebsite%252526amp%25253Bamp%2525253Butm_campaign%25253Dlifehacker,crawled_not_indexed,2026-09-18,2026-09-21T20:26:15,2026-09-21T20:26:15
https://schoolwith.me/category/schools/parent_child/direction:asc/sort:lowest_fee_per_month?sort_type=/category/schools/parent_child/direction:desc?sort_type%3D%252Fcategory%252Fschools%252Fparent_child%252Fdirection%253Aasc%252Fsort%253Alowest_fee_per_month%253Fsort_type%253D%25252Fcategory%25252Fschools%25252Fparent_child%25252Fsort%25253Alowest_fee_per_month%25252Fdirection%25253Aasc%25253Fsort_type%25253D%2525252Fcategory%2525252Fschools%2525252Fparent_child%2525252Fsort%2525253Alowest_fee_per_month%2525252Fdirection%2525253AASC,dup_no_user_canonical,2026-09-18,2026-09-21T20:26:15,2026-09-21T20:26:15
https://schoolwith.me/category/schools/parent_child/direction:desc/country_id:1?sort_type=/category/schools/parent_child/direction:asc/country_id:1/sort:lowest_fee_per_month?sort_type%3D%252Fcategory%252Fschools%252Fparent_child%252Fdirection%253Aasc%252Fcountry_id%253A1%252Fsort%253Alowest_fee_per_month%253Fsort_type%253D%25252Fcategory%25252Fschools%25252Fparent_child%25252Fcountry_id%25253A1%25252Fdirection%25253Adesc%25253Fsort_type%25253D%2525252Fcategory%2525252Fschools%2525252Fparent_child%2525252Fcountry_id%2525253A1%2525252Fsort%2525253Alowest_fee_per_month%2525252Fdirection%2525253Aasc%2525253Fsort_type%2525253D%252525252Fcategory%252525252Fschools%252525252Fparent_child%252525252Fcountry_id%252525253A1%252525252Fdirection%252525253Adesc%252525253Fsort_type%252525253D%25252525252Fcategory%25252525252Fschools%25252525252Fparent_child%25252525252Fcountry_id%25252525253A1%25252525252Fsort%25252525253Alowest_fee_per_month%25252525252Fdirection%25252525253Aasc%25252525253Fsort_type%25252525253D%2525252525252Fcategory%2525252525252Fschools%2525252525252Fparent_child%2525252525252Fcountry_id%2525252525253A1%2525252525252Fdirection%2525252525253Adesc%2525252525253Fsort_type%2525252525253D%252525252525252Fcategory%252525252525252Fschools%252525252525252Fparent_child%252525252525252Fcountry_id%252525252525253A1%252525252525252Fsort%252525252525253Alowest_fee_per_month%252525252525252Fdirection%252525252525253Aasc,dup_no_user_canonical,2026-09-18,2026-09-21T20:26:15,2026-09-21T20:26:15
https://schoolwith.me/category/schools/parent_child/direction:desc?sort_type=/category/schools/parent_child/direction:asc/sort:lowest_fee_per_month?sort_type%3D%252Fcategory%252Fschools%252Fparent_child%252Fdirection%253Aasc%252Fsort%253Alowest_fee_per_month%253Fsort_type%253D%25252Fcategory%25252Fschools%25252Fparent_child%25252Fsort%25253Alowest_fee_per_month%25252Fdirection%25253AASC%25253Futm_source%25253Dmedia%252526amp%25253Bamp%2525253Butm_medium%25253Dwebsite%252526amp%25253Bamp%2525253Butm_campaign%25253Dlifehacker,dup_no_user_canonical,2026-09-18,2026-09-21T20:26:15,2026-09-21T20:26:15
https://schoolwith.me/category/schools/parent_child/direction:desc?sort_type=/category/schools/parent_child/direction:asc/sort:lowest_fee_per_month?sort_type%3D%252Fcategory%252Fschools%252Fparent_child%252Fdirection%253Adesc%253Fsort_type%253D%25252Fcategory%25252Fschools%25252Fparent_child%25252Fdirection%25253Adesc%25253Fsort_type%25253D%2525252Fcategory%2525252Fschools%2525252Fparent_child%2525252Fsort%2525253Alowest_fee_per_month%2525252Fdirection%2525253AASC%2525253Futm_source%2525253Dmedia%25252526amp%2525253Bamp%252525253Butm_medium%2525253Dwebsite%25252526amp%2525253Bamp%252525253Butm_campaign%2525253Dlifehacker,dup_no_user_canonical,2026-09-18,2026-09-21T20:26:15,2026-09-21T20:26:15
https://schoolwith.me/category/schools/parent_child/direction:desc?sort_type=/category/schools/parent_child/direction:asc/sort:lowest_fee_per_month?sort_type%3D%252Fcategory%252Fschools%252Fparent_child%252Fdirection%253Adesc%253Fsort_type%253D%25252Fcategory%25252Fschools%25252Fparent_child%25252Fsort%25253Alowest_fee_per_month%25252Fdirection%25253AASC%25253Futm_source%25253Dmedia%252526amp%25253Bamp%2525253Butm_medium%25253Dwebsite%252526amp%25253Bamp%2525253Butm_campaign%25253Dlifehacker,dup_no_user_canonical,2026-09-18,2026-09-21T20:26:15,2026-09-21T20:26:15
https://schoolwith.me/category/schools/parent_child/direction:desc?sort_type=/category/schools/parent_child/direction:asc/sort:lowest_fee_per_month?sort_type%3D%252Fcategory%252Fschools%252Fparent_child%252Fsort%253Alowest_fee_per_month%252Fdirection%253Aasc%253Fsort_type%253D%25252Fcategory%25252Fschools%25252Fparent_child%25252Fsort%25253Alowest_fee_per_month%25252Fdirection%25253AASC,dup_no_user_canonical,2026-09-18,2026-09-21T20:26:15,2026-09-21T20:26:15
https://schoolwith.me/category/schools/parent_child/direction:desc?sort_type=/category/schools/parent_child/direction:desc?sort_type%3D%252Fcategory%252Fschools%252Fparent_child%252Fdirection%253Adesc%253Fsort_type%253D%25252Fcategory%25252Fschools%25252Fparent_child%25252Fdirection%25253Aasc%25252Fsort%25253Alowest_fee_per_month%25253Fsort_type%25253D%2525252Fcategory%2525252Fschools%2525252Fparent_child%2525252Fdirection%2525253Aasc%2525252Fsort%2525253Alowest_fee_per_month%2525253Fsort_type%2525253D%252525252Fcategory%252525252Fschools%252525252Fparent_child%252525252Fdirection%252525253Adesc,dup_no_user_canonical,2026-09-18,2026-09-21T20:26:15,2026-09-21T20:26:15
https://schoolwith.me/category/schools/parent_child/direction:desc?sort_type=/category/schools/parent_child/direction:desc?sort_type%3D%252Fcategory%252Fschools%252Fparent_child%252Fdirection%253Adesc%253Fsort_type%253D%25252Fcategory%25252Fschools%25252Fparent_child%25252Fdirection%25253Adesc%25253Fsort_type%25253D%2525252Fcategory%2525252Fschools%2525252Fparent_child%2525252Fsort%2525253Alowest_fee_per_month%2525252Fdirection%2525253AASC%2525253Futm_source%2525253Dmedia%25252526amp%2525253Bamp%252525253Butm_medium%2525253Dwebsite%25252526amp%2525253Bamp%252525253Butm_campaign%2525253Dlifehacker,dup_no_user_canonical,2026-09-18,2026-09-21T20:26:15,2026-09-21T20:26:15
https://schoolwith.me/category/schools/parent_child/direction:desc?sort_type=/category/schools/parent_child/direction:desc?sort_type%3D%252Fcategory%252Fschools%252Fparent_child%252Fsort%253Alowest_fee_per_month%252Fdirection%253AASC%253Futm_source%253Dmedia%2526amp%253Bamp%25253Butm_medium%253Dwebsite%2526amp%253Bamp%25253Butm_campaign%253Dlifehacker,dup_no_user_canonical,2026-09-18,2026-09-21T20:26:15,2026-09-21T20:26:15
https://schoolwith.me/category/schools/parent_child/direction:desc?sort_type=/category/schools/parent_child/sort:lowest_fee_per_month/direction:ASC?utm_source%3Dmedia%26amp;amp%253Butm_medium%3Dwebsite%26amp;amp%253Butm_campaign%3Dlifehacker,dup_no_user_canonical,2026-09-18,2026-09-21T20:26:15,2026-09-21T20:26:15
https://schoolwith.me/category/schools/parent_child/direction:desc?sort_type=/category/schools/parent_child/sort:lowest_fee_per_month/direction:asc?sort_type%3D%252Fcategory%252Fschools%252Fparent_child%253Fsrc_user%253Dtop_main_ctgry_pc,crawled_not_indexed,2026-09-18,2026-09-21T20:26:15,2026-09-21T20:26:15
https://schoolwith.me/category/schools/parent_child/sort:lowest_fee_per_month/direction:asc?a8=I2Ghz2Y8u7rmQ7jZwns2sQEZBdlpsQreVnrmeljVQVL8u7GNX752-_GNs7leEe5sCVqQjBGFC2Ghos00000019593001,crawled_not_indexed,2026-09-18,2026-09-21T20:26:15,2026-09-21T20:26:15
https://schoolwith.me/category/schools/parent_child/sort:lowest_fee_per_month/direction:asc?a8=cETptEiKDYIKbfRwQmafTTCB4TZXIeBCFmyN8eBCKN.CRYTIpYTgSe_B4e_gSe_Y.M_y02ARb2TLb2TK5N.2RHTc.EbgDeT7pekXxs00000024433001,crawled_not_indexed,2026-09-18,2026-09-21T20:26:15,2026-09-21T20:26:15
https://schoolwith.me/category/schools/parent_child/sort:lowest_fee_per_month/direction:asc?sort_type=/category/schools/parent_child/direction:asc/sort:lowest_fee_per_month?sort_type%3D%252Fcategory%252Fschools%252Fparent_child%252Fdirection%253Aasc%252Fsort%253Alowest_fee_per_month%253Fsort_type%253D%25252Fcategory%25252Fschools%25252Fparent_child%25252Fsort%25253Alowest_fee_per_month%25252Fdirection%25253AASC%25253Futm_source%25253Dmedia%252526amp%25253Bamp%2525253Butm_medium%25253Dwebsite%252526amp%25253Bamp%2525253Butm_campaign%25253Dlifehacker,crawled_not_indexed,2026-09-18,2026-09-21T20:26:15,2026-09-21T20:26:15
https://schoolwith.me/category/schools/parent_child?sort_type=/category/schools/parent_child/direction:asc/sort:lowest_fee_per_month?sort_type%3D%252Fcategory%252Fschools%252Fparent_child%252Fdirection%253Aasc%252Fsort%253Alowest_fee_per_month%253Fsort_type%253D%25252Fcategory%25252Fschools%25252Fparent_child%25252Fsort%25253Alowest_fee_per_month%25252Fdirection%25253AASC%25253Futm_source%25253Dmedia%252526amp%25253Bamp%2525253Butm_medium%25253Dwebsite%252526amp%25253Bamp%2525253Butm_campaign%25253Dlifehacker,crawled_not_indexed,2026-09-18,2026-09-21T20:26:15,2026-09-21T20:26:15
https://schoolwith.me/category/schools/parent_child?utm_source=media&amp;amp;utm_medium=website&amp;amp;utm_campaign=lifehacker,crawled_not_indexed,2026-09-18,2026-09-21T20:26:15,2026-09-21T20:26:15
https://schoolwith.me/category/schools/senior/direction:desc?sort_type=/category/schools/senior/direction:desc?sort_type%3D%252Fcategory%252Fschools%252Fsenior%252Fdirection%253Aasc%252Fsort%253Alowest_fee_per_month%253Fsort_type%253D%25252Fcategory%25252Fschools%25252Fsenior%25252Fdirection%25253Adesc%25253Fsort_type%25253D%2525252Fcategory%2525252Fschools%2525252Fsenior%2525252Fdirection%2525253Adesc%2525253Fsort_type%2525253D%252525252Fcategory%252525252Fschools%252525252Fsenior%252525252Fsort%252525253Alowest_fee_per_month%252525252Fdirection%252525253Aasc%252525253Fsort_type%252525253D%25252525252Fcategory%25252525252Fschools%25252525252Fsenior%25252525252Fdirection%25252525253Adesc%25252525253Fsort_type%25252525253D%2525252525252Fcategory%2525252525252Fschools%2525252525252Fsenior,dup_no_user_canonical,2026-09-18,2026-09-21T20:26:15,2026-09-21T20:26:15
https://schoolwith.me/category/schools/short_term/country_id:1/area_id:14/sort:lowest_fee_per_month/direction:ASC?sort_type=/category/schools/short_term/country_id:1/area_id:14/sort:lowest_fee_per_month/direction:ASC,dup_no_user_canonical,2026-09-18,2026-09-21T20:26:15,2026-09-21T20:26:15
https://schoolwith.me/category/schools/short_term/country_id:1/area_id:4/sort:lowest_fee_per_month/direction:asc?sort_type=/category/schools/short_term/country_id:1/area_id:4/sort:lowest_fee_per_month/direction:asc?sort_type%3D%252Fcategory%252Fschools%252Fshort_term%252Fcountry_id%253A1%252Farea_id%253A4%252Fsort%253Alowest_fee_per_month%252Fdirection%253Aasc%253Fsort_type%253D%25252Fcategory%25252Fschools%25252Fshort_term%25252Fcountry_id%25253A1%25252Farea_id%25253A4%25252Fsort%25253Alowest_fee_per_month%25252Fdirection%25253Aasc%25253Fsort_type%25253D%2525252Fcategory%2525252Fschools%2525252Fshort_term%2525252Fcountry_id%2525253A1%2525252Farea_id%2525253A4%2525252Fsort%2525253Alowest_fee_per_month%2525252Fdirection%2525253Aasc%2525253Fsort_type%2525253D%252525252Fcategory%252525252Fschools%252525252Fshort_term%252525252Fcountry_id%252525253A1%252525252Farea_id%252525253A4%252525252Fdirection%252525253Adesc%252525253Fsort_type%252525253D%25252525252Fcategory%25252525252Fschools%25252525252Fshort_term%25252525252Fcountry_id%25252525253A1%25252525252Farea_id%25252525253A4%25252525252Fdirection%25252525253Adesc,dup_no_user_canonical,2026-09-18,2026-09-21T20:26:15,2026-09-21T20:26:15
https://schoolwith.me/category/schools/short_term/country_id:1/area_id:4/sort:lowest_fee_per_month/direction:asc?sort_type=/category/schools/short_term/direction:desc/country_id:1/area_id:4?sort_type%3D%252Fcategory%252Fschools%252Fshort_term%252Fcountry_id%253A1%252Farea_id%253A4%252Fsort%253Alowest_fee_per_month%252Fdirection%253Aasc%253Fsort_type%253D%25252Fcategory%25252Fschools%25252Fshort_term%25252Fcountry_id%25253A1%25252Farea_id%25253A4%25252Fdirection%25253Adesc%25253Fsort_type%25253D%2525252Fcategory%2525252Fschools%2525252Fshort_term%2525252Fcountry_id%2525253A1%2525252Farea_id%2525253A4%2525252Fdirection%2525253Adesc%2525253Fsort_type%2525253D%252525252Fcategory%252525252Fschools%252525252Fshort_term%252525252Fcountry_id%252525253A1%252525252Farea_id%252525253A4%252525252Fsort%252525253Alowest_fee_per_month%252525252Fdirection%252525253Aasc%252525253Fsort_type%252525253D%25252525252Fcategory%25252525252Fschools%25252525252Fshort_term%25252525252Fcountry_id%25252525253A1%25252525252Farea_id%25252525253A4%25252525252Fdirection%25252525253Adesc%25252525253Fsort_type%25252525253D%2525252525252Fcategory%2525252525252Fschools%2525252525252Fshort_term%2525252525252Fcountry_id%2525252525253A1%2525252525252Farea_id%2525252525253A4%2525252525252Fsort%2525252525253Alowest_fee_per_month%2525252525252Fdirection%2525252525253Aasc,dup_no_user_canonical,2026-09-18,2026-09-21T20:26:15,2026-09-21T20:26:15
https://schoolwith.me/category/schools/short_term/country_id:2/area_id:2004/sort:lowest_fee_per_month/direction:asc?sort_type=/category/schools/short_term/sort:lowest_fee_per_month/direction:asc/country_id:2/area_id:2004?sort_type%3D%252Fcategory%252Fschools%252Fshort_term%252Fcountry_id%253A2%252Farea_id%253A2004%252Fdirection%253Adesc%253Fsort_type%253D%25252Fcategory%25252Fschools%25252Fshort_term%25252Fcountry_id%25253A2%25252Farea_id%25253A2004%25252Fdirection%25253Adesc%25253Fsort_type%25253D%2525252Fcategory%2525252Fschools%2525252Fshort_term%2525252Fcountry_id%2525253A2%2525252Farea_id%2525253A2004%2525252Fdirection%2525253Adesc%2525253Fsort_type%2525253D%252525252Fcategory%252525252Fschools%252525252Fshort_term%252525252Fcountry_id%252525253A2%252525252Farea_id%252525253A2004%252525252Fsort%252525253Alowest_fee_per_month%252525252Fdirection%252525253Aasc%252525253Fsort_type%252525253D%25252525252Fcategory%25252525252Fschools%25252525252Fshort_term%25252525252Fcountry_id%25252525253A2%25252525252Farea_id%25252525253A2004%25252525252Fdirection%25252525253Adesc%25252525253Fsort_type%25252525253D%2525252525252Fcategory%2525252525252Fschools%2525252525252Fshort_term%2525252525252Fcountry_id%2525252525253A2%2525252525252Farea_id%2525252525253A2004%2525252525252Fsort%2525252525253Alowest_fee_per_month%2525252525252Fdirection%2525252525253Aasc%2525252525253Fsort_type%2525252525253D%252525252525252Fcategory%252525252525252Fschools%252525252525252Fshort_term%252525252525252Fcountry_id%252525252525253A2%252525252525252Farea_id%252525252525253A2004%252525252525252Fsort%252525252525253Alowest_fee_per_month%252525252525252Fdirection%252525252525253Aasc,dup_no_user_canonical,2026-09-18,2026-09-21T20:26:15,2026-09-21T20:26:15
https://schoolwith.me/category/schools/short_term/country_id:4/page:5,crawled_not_indexed,2026-09-18,2026-09-21T20:26:15,2026-09-21T20:26:15
https://schoolwith.me/category/schools/short_term/country_id:5/area_id:5003/type:short_term/sort:lowest_fee_per_month/direction:ASC?sort_type=/category/schools/short_term/country_id:5/area_id:5003/type:short_term/sort:lowest_fee_per_month/direction:ASC,dup_no_user_canonical,2026-09-18,2026-09-21T20:26:15,2026-09-21T20:26:15
https://schoolwith.me/category/schools/short_term/country_id:5/area_id:5003?sort_type=/category/schools/short_term/direction:desc/country_id:5/area_id:5003,crawled_not_indexed,2026-09-18,2026-09-21T20:26:15,2026-09-21T20:26:15
https://schoolwith.me/category/schools/short_term/country_id:5/area_id:5045,crawled_not_indexed,2026-09-18,2026-09-21T20:26:15,2026-09-21T20:26:15
https://schoolwith.me/category/schools/short_term/country_id:7/area_id:7001/sort:lowest_fee_per_month/direction:asc,crawled_not_indexed,2026-09-18,2026-09-21T20:26:15,2026-09-21T20:26:15
https://schoolwith.me/category/schools/short_term/direction:asc/country_id:1/area_id:2/sort:lowest_fee_per_month?sort_type=/category/schools/short_term/country_id:1/area_id:2/direction:desc?sort_type%3D%252Fcategory%252Fschools%252Fshort_term%252Fcountry_id%253A1%252Farea_id%253A2%252Fsort%253Alowest_fee_per_month%252Fdirection%253Aasc%253Fsort_type%253D%25252Fcategory%25252Fschools%25252Fshort_term%25252Fcountry_id%25253A1%25252Farea_id%25253A2%25252Fdirection%25253Adesc%25253Fsort_type%25253D%2525252Fcategory%2525252Fschools%2525252Fshort_term%2525252Fcountry_id%2525253A1%2525252Farea_id%2525253A2%2525252Fsort%2525253Alowest_fee_per_month%2525252Fdirection%2525253Aasc%2525253Fsort_type%2525253D%252525252Fcategory%252525252Fschools%252525252Fshort_term%252525252Fcountry_id%252525253A1%252525252Farea_id%252525253A2%252525252Fsort%252525253Alowest_fee_per_month%252525252Fdirection%252525253Aasc%252525253Fsort_type%252525253D%25252525252Fcategory%25252525252Fschools%25252525252Fshort_term%25252525252Fcountry_id%25252525253A1%25252525252Farea_id%25252525253A2%25252525252Fdirection%25252525253Adesc,dup_no_user_canonical,2026-09-18,2026-09-21T20:26:15,2026-09-21T20:26:15
https://schoolwith.me/category/schools/short_term/direction:asc/country_id:2/area_id:2057/sort:lowest_fee_per_month?sort_type=/category/schools/short_term/direction:asc/country_id:2/area_id:2057/sort:lowest_fee_per_month?sort_type%3D%252Fcategory%252Fschools%252Fshort_term%252Fcountry_id%253A2%252Farea_id%253A2057%252Fdirection%253Adesc%253Fsort_type%253D%25252Fcategory%25252Fschools%25252Fshort_term%25252Fcountry_id%25253A2%25252Farea_id%25253A2057%25252Fdirection%25253Adesc%25253Fsort_type%25253D%2525252Fcategory%2525252Fschools%2525252Fshort_term%2525252Fcountry_id%2525253A2%2525252Farea_id%2525253A2057%2525252Fsort%2525253Alowest_fee_per_month%2525252Fdirection%2525253Aasc%2525253Fsort_type%2525253D%252525252Fcategory%252525252Fschools%252525252Fshort_term%252525252Fcountry_id%252525253A2%252525252Farea_id%252525253A2057%252525252Fsort%252525253Alowest_fee_per_month%252525252Fdirection%252525253Aasc,crawled_not_indexed,2026-09-18,2026-09-21T20:26:15,2026-09-21T20:26:15
https://schoolwith.me/category/schools/short_term/direction:asc/country_id:4/area_id:4004/sort:lowest_fee_per_month?sort_type=/category/schools/short_term/country_id:4/area_id:4004/direction:desc?sort_type%3D%252Fcategory%252Fschools%252Fshort_term%252Fcountry_id%253A4%252Farea_id%253A4004%252Fsort%253Alowest_fee_per_month%252Fdirection%253Aasc%253Fsort_type%253D%25252Fcategory%25252Fschools%25252Fshort_term%25252Fcountry_id%25253A4%25252Farea_id%25253A4004%25252Fdirection%25253Adesc%25253Fsort_type%25253D%2525252Fcategory%2525252Fschools%2525252Fshort_term%2525252Fcountry_id%2525253A4%2525252Farea_id%2525253A4004%2525252Fsort%2525253Alowest_fee_per_month%2525252Fdirection%2525253Aasc%2525253Fsort_type%2525253D%252525252Fcategory%252525252Fschools%252525252Fshort_term%252525252Fcountry_id%252525253A4%252525252Farea_id%252525253A4004%252525252Fsort%252525253Alowest_fee_per_month%252525252Fdirection%252525253Aasc,dup_no_user_canonical,2026-09-18,2026-09-21T20:26:15,2026-09-21T20:26:15
https://schoolwith.me/category/schools/short_term/direction:asc/country_id:4/area_id:4004/sort:lowest_fee_per_month?sort_type=/category/schools/short_term/direction:desc/country_id:4/area_id:4004?sort_type%3D%252Fcategory%252Fschools%252Fshort_term%252Fcountry_id%253A4%252Farea_id%253A4004%252Fsort%253Alowest_fee_per_month%252Fdirection%253Aasc%253Fsort_type%253D%25252Fcategory%25252Fschools%25252Fshort_term%25252Fcountry_id%25253A4%25252Farea_id%25253A4004%25252Fsort%25253Alowest_fee_per_month%25252Fdirection%25253Aasc%25253Fsort_type%25253D%2525252Fcategory%2525252Fschools%2525252Fshort_term%2525252Fcountry_id%2525253A4%2525252Farea_id%2525253A4004%2525252Fsort%2525253Alowest_fee_per_month%2525252Fdirection%2525253Aasc,dup_no_user_canonical,2026-09-18,2026-09-21T20:26:15,2026-09-21T20:26:15
https://schoolwith.me/category/schools/short_term/direction:asc/country_id:5/area_id:5004/sort:lowest_fee_per_month?sort_type=/category/schools/short_term/direction:desc/country_id:5/area_id:5004?sort_type%3D%252Fcategory%252Fschools%252Fshort_term%252Fdirection%253Aasc%252Fcountry_id%253A5%252Farea_id%253A5004%252Fsort%253Alowest_fee_per_month%253Fsort_type%253D%25252Fcategory%25252Fschools%25252Fshort_term%25252Fdirection%25253Aasc%25252Fcountry_id%25253A5%25252Farea_id%25253A5004%25252Fsort%25253Alowest_fee_per_month%25253Fsort_type%25253D%2525252Fcategory%2525252Fschools%2525252Fshort_term%2525252Fsort%2525253Alowest_fee_per_month%2525252Fdirection%2525253Aasc%2525252Fcountry_id%2525253A5%2525252Farea_id%2525253A5004%2525253Fsort_type%2525253D%252525252Fcategory%252525252Fschools%252525252Fshort_term%252525252Fdirection%252525253Adesc%252525252Fcountry_id%252525253A5%252525252Farea_id%252525253A5004,crawled_not_indexed,2026-09-18,2026-09-21T20:26:15,2026-09-21T20:26:15
https://schoolwith.me/category/schools/short_term/direction:asc/sort:lowest_fee_per_month/page:7?sort_type=/category/schools/short_term/direction:desc?sort_type%3D%252Fcategory%252Fschools%252Fshort_term%252Fdirection%253Adesc%253Fsort_type%253D%25252Fcategory%25252Fschools%25252Fshort_term%25252Fdirection%25253Adesc%25253Fsort_type%25253D%2525252Fcategory%2525252Fschools%2525252Fshort_term%2525252Fdirection%2525253Adesc%2525253Fsort_type%2525253D%252525252Fcategory%252525252Fschools%252525252Fshort_term%252525252Fdirection%252525253Aasc%252525252Fsort%252525253Alowest_fee_per_month%252525253Fsort_type%252525253D%25252525252Fcategory%25252525252Fschools%25252525252Fshort_term%25252525252Fdirection%25252525253Adesc%25252525253Fsort_type%25252525253D%2525252525252Fcategory%2525252525252Fschools%2525252525252Fshort_term%2525252525252Fdirection%2525252525253Aasc%2525252525252Fsort%2525252525253Alowest_fee_per_month%2525252525253Fsort_type%2525252525253D%252525252525252Fcategory%252525252525252Fschools%252525252525252Fshort_term%252525252525252Fdirection%252525252525253Adesc%252525252525253Fsrc_user%252525252525253Dtop_main_ctgry_pc,crawled_not_indexed,2026-09-18,2026-09-21T20:26:15,2026-09-21T20:26:15
https://schoolwith.me/category/schools/short_term/direction:desc/country_id:1,discovered_not_indexed,2026-09-18,2026-09-21T20:26:15,2026-09-21T20:26:15
https://schoolwith.me/category/schools/short_term/direction:desc/country_id:2/area_id:2003?sort_type=/category/schools/short_term/country_id:2/area_id:2003/sort:lowest_fee_per_month/direction:ASC,crawled_not_indexed,2026-09-18,2026-09-21T20:26:15,2026-09-21T20:26:15
https://schoolwith.me/category/schools/short_term/direction:desc/country_id:2/area_id:2006,discovered_not_indexed,2026-09-18,2026-09-21T20:26:15,2026-09-21T20:26:15
https://schoolwith.me/category/schools/short_term/direction:desc/country_id:2/area_id:2009,discovered_not_indexed,2026-09-18,2026-09-21T20:26:15,2026-09-21T20:26:15
https://schoolwith.me/category/schools/short_term/direction:desc/country_id:2/area_id:2010?sort_type=/category/schools/short_term/direction:desc/country_id:2/area_id:2010,dup_no_user_canonical,2026-09-18,2026-09-21T20:26:15,2026-09-21T20:26:15
https://schoolwith.me/category/schools/short_term/direction:desc/country_id:2/area_id:2057?sort_type=/category/schools/short_term/country_id:2/area_id:2057/direction:desc?sort_type%3D%252Fcategory%252Fschools%252Fshort_term%252Fcountry_id%253A2%252Farea_id%253A2057%252Fsort%253Alowest_fee_per_month%252Fdirection%253Aasc%253Fsort_type%253D%25252Fcategory%25252Fschools%25252Fshort_term%25252Fcountry_id%25253A2%25252Farea_id%25253A2057%25252Fsort%25253Alowest_fee_per_month%25252Fdirection%25253Aasc%25253Fsort_type%25253D%2525252Fcategory%2525252Fschools%2525252Fshort_term%2525252Fcountry_id%2525253A2%2525252Farea_id%2525253A2057%2525252Fsort%2525253Alowest_fee_per_month%2525252Fdirection%2525253Aasc%2525253Fsort_type%2525253D%252525252Fcategory%252525252Fschools%252525252Fshort_term%252525252Fcountry_id%252525253A2%252525252Farea_id%252525253A2057%252525252Fdirection%252525253Adesc%252525253Fsort_type%252525253D%25252525252Fcategory%25252525252Fschools%25252525252Fshort_term%25252525252Fcountry_id%25252525253A2%25252525252Farea_id%25252525253A2057%25252525252Fsort%25252525253Alowest_fee_per_month%25252525252Fdirection%25252525253Aasc%25252525253Fsort_type%25252525253D%2525252525252Fcategory%2525252525252Fschools%2525252525252Fshort_term%2525252525252Fcountry_id%2525252525253A2%2525252525252Farea_id%2525252525253A2057%2525252525252Fdirection%2525252525253Adesc%2525252525253Fsort_type%2525252525253D%252525252525252Fcategory%252525252525252Fschools%252525252525252Fshort_term%252525252525252Fcountry_id%252525252525253A2%252525252525252Farea_id%252525252525253A2057%252525252525252Fsort%252525252525253Alowest_fee_per_month%252525252525252Fdirection%252525252525253Aasc,dup_no_user_canonical,2026-09-18,2026-09-21T20:26:15,2026-09-21T20:26:15
https://schoolwith.me/category/schools/short_term/direction:desc/country_id:2/area_id:2057?sort_type=/category/schools/short_term/direction:asc/country_id:2/area_id:2057/sort:lowest_fee_per_month?sort_type%3D%252Fcategory%252Fschools%252Fshort_term%252Fcountry_id%253A2%252Farea_id%253A2057%252Fdirection%253Adesc%253Fsort_type%253D%25252Fcategory%25252Fschools%25252Fshort_term%25252Fcountry_id%25253A2%25252Farea_id%25253A2057%25252Fdirection%25253Adesc%25253Fsort_type%25253D%2525252Fcategory%2525252Fschools%2525252Fshort_term%2525252Fcountry_id%2525253A2%2525252Farea_id%2525253A2057%2525252Fsort%2525253Alowest_fee_per_month%2525252Fdirection%2525253Aasc%2525253Fsort_type%2525253D%252525252Fcategory%252525252Fschools%252525252Fshort_term%252525252Fcountry_id%252525253A2%252525252Farea_id%252525253A2057%252525252Fsort%252525253Alowest_fee_per_month%252525252Fdirection%252525253Aasc,dup_no_user_canonical,2026-09-18,2026-09-21T20:26:15,2026-09-21T20:26:15
https://schoolwith.me/category/schools/short_term/direction:desc/country_id:2/area_id:2057?sort_type=/category/schools/short_term/direction:desc/country_id:2/area_id:2057?sort_type%3D%252Fcategory%252Fschools%252Fshort_term%252Fcountry_id%253A2%252Farea_id%253A2057%252Fdirection%253Adesc%253Fsort_type%253D%25252Fcategory%25252Fschools%25252Fshort_term%25252Fcountry_id%25253A2%25252Farea_id%25253A2057%25252Fsort%25253Alowest_fee_per_month%25252Fdirection%25253Aasc%25253Fsort_type%25253D%2525252Fcategory%2525252Fschools%2525252Fshort_term%2525252Fcountry_id%2525253A2%2525252Farea_id%2525253A2057%2525252Fdirection%2525253Adesc%2525253Fsort_type%2525253D%252525252Fcategory%252525252Fschools%252525252Fshort_term%252525252Fcountry_id%252525253A2%252525252Farea_id%252525253A2057%252525252Fsort%252525253Alowest_fee_per_month%252525252Fdirection%252525253Aasc,dup_no_user_canonical,2026-09-18,2026-09-21T20:26:15,2026-09-21T20:26:15
https://schoolwith.me/category/schools/short_term/direction:desc/country_id:4?sort_type=/category/schools/short_term/direction:asc/country_id:4/sort:lowest_fee_per_month?sort_type%3D%252Fcategory%252Fschools%252Fshort_term%252Fdirection%253Adesc%252Fcountry_id%253A4%253Fsort_type%253D%25252Fcategory%25252Fschools%25252Fshort_term%25252Fdirection%25253Adesc%25252Fcountry_id%25253A4%25253Fsort_type%25253D%2525252Fcategory%2525252Fschools%2525252Fshort_term%2525252Fsort%2525253Alowest_fee_per_month%2525252Fdirection%2525253Aasc%2525252Fcountry_id%2525253A4,dup_no_user_canonical,2026-09-18,2026-09-21T20:26:15,2026-09-21T20:26:15
https://schoolwith.me/category/schools/short_term/direction:desc/country_id:4?sort_type=/category/schools/short_term/direction:desc/country_id:4?sort_type%3D%252Fcategory%252Fschools%252Fshort_term%252Fdirection%253Aasc%252Fcountry_id%253A4%252Fsort%253Alowest_fee_per_month%253Fsort_type%253D%25252Fcategory%25252Fschools%25252Fshort_term%25252Fdirection%25253Adesc%25252Fcountry_id%25253A4%25253Fsort_type%25253D%2525252Fcategory%2525252Fschools%2525252Fshort_term%2525252Fcountry_id%2525253A4%2525252Fsort%2525253Alowest_fee_per_month%2525252Fdirection%2525253AASC,dup_no_user_canonical,2026-09-18,2026-09-21T20:26:15,2026-09-21T20:26:15
https://schoolwith.me/category/schools/short_term/direction:desc/country_id:4?sort_type=/category/schools/short_term/direction:desc/country_id:4?sort_type%3D%252Fcategory%252Fschools%252Fshort_term%252Fdirection%253Aasc%252Fcountry_id%253A4%252Fsort%253Alowest_fee_per_month%253Fsort_type%253D%25252Fcategory%25252Fschools%25252Fshort_term%25252Fdirection%25253Adesc%25252Fcountry_id%25253A4%25253Fsort_type%25253D%2525252Fcategory%2525252Fschools%2525252Fshort_term%2525252Fsort%2525253Alowest_fee_per_month%2525252Fdirection%2525253Aasc%2525252Fcountry_id%2525253A4,dup_no_user_canonical,2026-09-18,2026-09-21T20:26:15,2026-09-21T20:26:15
https://schoolwith.me/category/schools/short_term/direction:desc/country_id:4?sort_type=/category/schools/short_term/direction:desc/country_id:4?sort_type%3D%252Fcategory%252Fschools%252Fshort_term%252Fdirection%253Aasc%252Fsort%253Alowest_fee_per_month%252Fcountry_id%253A4%253Fsort_type%253D%25252Fcategory%25252Fschools%25252Fshort_term%25252Fsort%25253Alowest_fee_per_month%25252Fdirection%25253Aasc%25252Fcountry_id%25253A4,dup_no_user_canonical,2026-09-18,2026-09-21T20:26:15,2026-09-21T20:26:15
https://schoolwith.me/category/schools/short_term/direction:desc/country_id:4?sort_type=/category/schools/short_term/direction:desc/country_id:4?sort_type%3D%252Fcategory%252Fschools%252Fshort_term%252Fdirection%253Adesc%252Fcountry_id%253A4%253Fsort_type%253D%25252Fcategory%25252Fschools%25252Fshort_term%25252Fdirection%25253Adesc%25252Fcountry_id%25253A4%25253Fsort_type%25253D%2525252Fcategory%2525252Fschools%2525252Fshort_term%2525252Fsort%2525253Alowest_fee_per_month%2525252Fdirection%2525253Aasc%2525252Fcountry_id%2525253A4,dup_no_user_canonical,2026-09-18,2026-09-21T20:26:15,2026-09-21T20:26:15
https://schoolwith.me/category/schools/short_term/direction:desc/country_id:5/area_id:5004?sort_type=/category/schools/short_term/country_id:5/area_id:5004/sort:lowest_fee_per_month/direction:asc?sort_type%3D%252Fcategory%252Fschools%252Fshort_term%252Fcountry_id%253A5%252Farea_id%253A5004%252Fsort%253Alowest_fee_per_month%252Fdirection%253Aasc%253Fsort_type%253D%25252Fcategory%25252Fschools%25252Fshort_term%25252Fcountry_id%25253A5%25252Farea_id%25253A5004%25252Fsort%25253Alowest_fee_per_month%25252Fdirection%25253Aasc,dup_no_user_canonical,2026-09-18,2026-09-21T20:26:15,2026-09-21T20:26:15
https://schoolwith.me/category/schools/short_term/direction:desc/country_id:5/area_id:5004?sort_type=/category/schools/short_term/direction:asc/country_id:5/area_id:5004/sort:lowest_fee_per_month?sort_type%3D%252Fcategory%252Fschools%252Fshort_term%252Fcountry_id%253A5%252Farea_id%253A5004%252Fsort%253Alowest_fee_per_month%252Fdirection%253Aasc%253Fsort_type%253D%25252Fcategory%25252Fschools%25252Fshort_term%25252Fcountry_id%25253A5%25252Farea_id%25253A5004%25252Fsort%25253Alowest_fee_per_month%25252Fdirection%25253Aasc%25253Fsort_type%25253D%2525252Fcategory%2525252Fschools%2525252Fshort_term%2525252Fcountry_id%2525253A5%2525252Farea_id%2525253A5004%2525252Fsort%2525253Alowest_fee_per_month%2525252Fdirection%2525253Aasc,dup_no_user_canonical,2026-09-18,2026-09-21T20:26:15,2026-09-21T20:26:15
https://schoolwith.me/category/schools/short_term/direction:desc/country_id:5/area_id:5004?sort_type=/category/schools/short_term/direction:asc/country_id:5/area_id:5004/sort:lowest_fee_per_month?sort_type%3D%252Fcategory%252Fschools%252Fshort_term%252Fdirection%253Aasc%252Fcountry_id%253A5%252Farea_id%253A5004%252Fsort%253Alowest_fee_per_month%253Fsort_type%253D%25252Fcategory%25252Fschools%25252Fshort_term%25252Fdirection%25253Aasc%25252Fcountry_id%25253A5%25252Farea_id%25253A5004%25252Fsort%25253Alowest_fee_per_month%25253Fsort_type%25253D%2525252Fcategory%2525252Fschools%2525252Fshort_term%2525252Fsort%2525253Alowest_fee_per_month%2525252Fdirection%2525253Aasc%2525252Fcountry_id%2525253A5%2525252Farea_id%2525253A5004%2525253Fsort_type%2525253D%252525252Fcategory%252525252Fschools%252525252Fshort_term%252525252Fdirection%252525253Adesc%252525252Fcountry_id%252525253A5%252525252Farea_id%252525253A5004,dup_no_user_canonical,2026-09-18,2026-09-21T20:26:15,2026-09-21T20:26:15
https://schoolwith.me/category/schools/short_term/direction:desc/country_id:5/area_id:5004?sort_type=/category/schools/short_term/direction:asc/country_id:5/area_id:5004/sort:lowest_fee_per_month?sort_type%3D%252Fcategory%252Fschools%252Fshort_term%252Fdirection%253Adesc%252Fcountry_id%253A5%252Farea_id%253A5004%253Fsort_type%253D%25252Fcategory%25252Fschools%25252Fshort_term%25252Fdirection%25253Adesc%25252Fcountry_id%25253A5%25252Farea_id%25253A5004%25253Fsort_type%25253D%2525252Fcategory%2525252Fschools%2525252Fshort_term%2525252Fdirection%2525253Adesc%2525252Fcountry_id%2525253A5%2525252Farea_id%2525253A5004,dup_no_user_canonical,2026-09-18,2026-09-21T20:26:15,2026-09-21T20:26:15
https://schoolwith.me/category/schools/short_term/direction:desc/country_id:5/area_id:5004?sort_type=/category/schools/short_term/direction:desc/country_id:5/area_id:5004?sort_type%3D%252Fcategory%252Fschools%252Fshort_term%252Fcountry_id%253A5%252Farea_id%253A5004%252Fsort%253Alowest_fee_per_month%252Fdirection%253Aasc%253Fsort_type%253D%25252Fcategory%25252Fschools%25252Fshort_term%25252Fcountry_id%25253A5%25252Farea_id%25253A5004%25252Fsort%25253Alowest_fee_per_month%25252Fdirection%25253Aasc%25253Fsort_type%25253D%2525252Fcategory%2525252Fschools%2525252Fshort_term%2525252Fcountry_id%2525253A5%2525252Farea_id%2525253A5004%2525252Fsort%2525253Alowest_fee_per_month%2525252Fdirection%2525253Aasc,dup_no_user_canonical,2026-09-18,2026-09-21T20:26:15,2026-09-21T20:26:15
https://schoolwith.me/category/schools/short_term/direction:desc/country_id:5/area_id:5004?sort_type=/category/schools/short_term/direction:desc/country_id:5/area_id:5004?sort_type%3D%252Fcategory%252Fschools%252Fshort_term%252Fdirection%253Aasc%252Fcountry_id%253A5%252Farea_id%253A5004%252Fsort%253Alowest_fee_per_month%253Fsort_type%253D%25252Fcategory%25252Fschools%25252Fshort_term%25252Fdirection%25253Aasc%25252Fcountry_id%25253A5%25252Farea_id%25253A5004%25252Fsort%25253Alowest_fee_per_month%25253Fsort_type%25253D%2525252Fcategory%2525252Fschools%2525252Fshort_term%2525252Fsort%2525253Alowest_fee_per_month%2525252Fdirection%2525253Aasc%2525252Fcountry_id%2525253A5%2525252Farea_id%2525253A5004%2525253Fsort_type%2525253D%252525252Fcategory%252525252Fschools%252525252Fshort_term%252525252Fdirection%252525253Adesc%252525252Fcountry_id%252525253A5%252525252Farea_id%252525253A5004,dup_no_user_canonical,2026-09-18,2026-09-21T20:26:15,2026-09-21T20:26:15
https://schoolwith.me/category/schools/short_term/direction:desc/country_id:5/area_id:5004?sort_type=/category/schools/short_term/direction:desc/country_id:5/area_id:5004?sort_type%3D%252Fcategory%252Fschools%252Fshort_term%252Fdirection%253Aasc%252Fcountry_id%253A5%252Farea_id%253A5004%252Fsort%253Alowest_fee_per_month%253Fsort_type%253D%25252Fcategory%25252Fschools%25252Fshort_term%25252Fsort%25253Alowest_fee_per_month%25252Fdirection%25253Aasc%25252Fcountry_id%25253A5%25252Farea_id%25253A5004%25253Fsort_type%25253D%2525252Fcategory%2525252Fschools%2525252Fshort_term%2525252Fdirection%2525253Adesc%2525252Fcountry_id%2525253A5%2525252Farea_id%2525253A5004,dup_no_user_canonical,2026-09-18,2026-09-21T20:26:15,2026-09-21T20:26:15
https://schoolwith.me/category/schools/short_term/direction:desc/country_id:5/area_id:5004?sort_type=/category/schools/short_term/direction:desc/country_id:5/area_id:5004?sort_type%3D%252Fcategory%252Fschools%252Fshort_term%252Fdirection%253Adesc%252Fcountry_id%253A5%252Farea_id%253A5004%253Fsort_type%253D%25252Fcategory%25252Fschools%25252Fshort_term%25252Fdirection%25253Adesc%25252Fcountry_id%25253A5%25252Farea_id%25253A5004%25253Fsort_type%25253D%2525252Fcategory%2525252Fschools%2525252Fshort_term%2525252Fdirection%2525253Adesc%2525252Fcountry_id%2525253A5%2525252Farea_id%2525253A5004,dup_no_user_canonical,2026-09-18,2026-09-21T20:26:15,2026-09-21T20:26:15
https://schoolwith.me/category/schools/short_term/direction:desc/country_id:5/area_id:5045,discovered_not_indexed,2026-09-18,2026-09-21T20:26:15,2026-09-21T20:26:15
https://schoolwith.me/category/schools/short_term/direction:desc/sort:School.application_cnt/country_id:4?sort_type=/category/schools/short_term/direction:asc/country_id:4/sort:lowest_fee_per_month?sort_type%3D%252Fcategory%252Fschools%252Fshort_term%252Fdirection%253Adesc%252Fcountry_id%253A4%253Fsort_type%253D%25252Fcategory%25252Fschools%25252Fshort_term%25252Fsort%25253Alowest_fee_per_month%25252Fdirection%25253Aasc%25252Fcountry_id%25253A4,dup_no_user_canonical,2026-09-18,2026-09-21T20:26:15,2026-09-21T20:26:15
https://schoolwith.me/category/schools/short_term/direction:desc/sort:School.application_cnt/country_id:4?sort_type=/category/schools/short_term/direction:asc/sort:lowest_fee_per_month/country_id:4?sort_type%3D%252Fcategory%252Fschools%252Fshort_term%252Fdirection%253Adesc%252Fcountry_id%253A4%253Fsort_type%253D%25252Fcategory%25252Fschools%25252Fshort_term%25252Fdirection%25253Adesc%25252Fcountry_id%25253A4%25253Fsort_type%25253D%2525252Fcategory%2525252Fschools%2525252Fshort_term%2525252Fcountry_id%2525253A4%2525252Fsort%2525253Alowest_fee_per_month%2525252Fdirection%2525253AASC,dup_no_user_canonical,2026-09-18,2026-09-21T20:26:15,2026-09-21T20:26:15
https://schoolwith.me/category/schools/short_term/page:17/direction:asc/sort:lowest_fee_per_month?sort_type=/category/schools/short_term/direction:desc?sort_type%3D%252Fcategory%252Fschools%252Fshort_term%252Fdirection%253Aasc%252Fsort%253Alowest_fee_per_month%253Fsort_type%253D%25252Fcategory%25252Fschools%25252Fshort_term%25252Fdirection%25253Aasc%25252Fsort%25253Alowest_fee_per_month%25253Fsort_type%25253D%2525252Fcategory%2525252Fschools%2525252Fshort_term%2525252Fdirection%2525253Adesc%2525253Fsort_type%2525253D%252525252Fcategory%252525252Fschools%252525252Fshort_term%252525252Fdirection%252525253Adesc%252525253Fsort_type%252525253D%25252525252Fcategory%25252525252Fschools%25252525252Fshort_term%25252525252Fdirection%25252525253Adesc%25252525253Fsort_type%25252525253D%2525252525252Fcategory%2525252525252Fschools%2525252525252Fshort_term%2525252525252Fsort%2525252525253Alowest_fee_per_month%2525252525252Fdirection%2525252525253Aasc%2525252525253Fsrc_user%2525252525253Dtop_main_ctgry_pc,crawled_not_indexed,2026-09-18,2026-09-21T20:26:15,2026-09-21T20:26:15
https://schoolwith.me/category/schools/short_term/page:2/country_id:5,discovered_not_indexed,2026-09-18,2026-09-21T20:26:15,2026-09-21T20:26:15
https://schoolwith.me/category/schools/short_term/page:2/sort:lowest_fee_per_month/direction:asc/country_id:2,discovered_not_indexed,2026-09-18,2026-09-21T20:26:15,2026-09-21T20:26:15
https://schoolwith.me/category/schools/short_term/page:3/country_id:2?sort_type=/category/schools/short_term/direction:desc/country_id:2?sort_type%3D%252Fcategory%252Fschools%252Fshort_term%252Fdirection%253Adesc%252Fcountry_id%253A2%253Fsort_type%253D%25252Fcategory%25252Fschools%25252Fshort_term%25252Fdirection%25253Aasc%25252Fcountry_id%25253A2%25252Fsort%25253Alowest_fee_per_month%25253Fsort_type%25253D%2525252Fcategory%2525252Fschools%2525252Fshort_term%2525252Fdirection%2525253Adesc%2525252Fcountry_id%2525253A2%2525253Fsort_type%2525253D%252525252Fcategory%252525252Fschools%252525252Fshort_term%252525252Fdirection%252525253Adesc%252525252Fcountry_id%252525253A2,crawled_not_indexed,2026-09-18,2026-09-21T20:26:15,2026-09-21T20:26:15
https://schoolwith.me/category/schools/short_term/page:4/country_id:2?sort_type=/category/schools/short_term/direction:desc/country_id:2?sort_type%3D%252Fcategory%252Fschools%252Fshort_term%252Fdirection%253Aasc%252Fcountry_id%253A2%252Fsort%253Alowest_fee_per_month%253Fsort_type%253D%25252Fcategory%25252Fschools%25252Fshort_term%25252Fdirection%25253Aasc%25252Fcountry_id%25253A2%25252Fsort%25253Alowest_fee_per_month%25253Fsort_type%25253D%2525252Fcategory%2525252Fschools%2525252Fshort_term%2525252Fdirection%2525253Aasc%2525252Fcountry_id%2525253A2%2525252Fsort%2525253Alowest_fee_per_month%2525253Fsort_type%2525253D%252525252Fcategory%252525252Fschools%252525252Fshort_term%252525252Fdirection%252525253Aasc%252525252Fcountry_id%252525253A2%252525252Fsort%252525253Alowest_fee_per_month%252525253Fsort_type%252525253D%25252525252Fcategory%25252525252Fschools%25252525252Fshort_term%25252525252Fdirection%25252525253Aasc%25252525252Fcountry_id%25252525253A2%25252525252Fsort%25252525253Alowest_fee_per_month%25252525253Fsort_type%25252525253D%2525252525252Fcategory%2525252525252Fschools%2525252525252Fshort_term%2525252525252Fdirection%2525252525253Adesc%2525252525252Fcountry_id%2525252525253A2,crawled_not_indexed,2026-09-18,2026-09-21T20:26:15,2026-09-21T20:26:15
https://schoolwith.me/category/schools/short_term/page:4/direction:asc/sort:lowest_fee_per_month?sort_type=/category/schools/short_term/sort:lowest_fee_per_month/direction:asc?sort_type%3D%252Fcategory%252Fschools%252Fshort_term%252Fsort%253Alowest_fee_per_month%252Fdirection%253Aasc%253Fsort_type%253D%25252Fcategory%25252Fschools%25252Fshort_term%25252Fsort%25253Alowest_fee_per_month%25252Fdirection%25253Aasc%25253Fsort_type%25253D%2525252Fcategory%2525252Fschools%2525252Fshort_term%2525253Fsort_type%2525253D%252525252Fcategory%252525252Fschools%252525252Fshort_term%252525253Fsrc_user%252525253Dtop_main_ctgry_pc,crawled_not_indexed,2026-09-18,2026-09-21T20:26:15,2026-09-21T20:26:15
https://schoolwith.me/category/schools/short_term/page:4/sort:School.application_cnt/direction:DESC,dup_no_user_canonical,2026-09-18,2026-09-21T20:26:15,2026-09-21T20:26:15
https://schoolwith.me/category/schools/short_term/page:9/sort:lowest_fee_per_month/direction:asc,crawled_not_indexed,2026-09-18,2026-09-21T20:26:15,2026-09-21T20:26:15
https://schoolwith.me/category/schools/short_term/page:9/sort:lowest_fee_per_month/direction:asc?utm_source=bing&amp;amp;amp;utm_medium=ppc&amp;amp;amp;utm_campaign=SW_2022%E5%B9%B49%E6%9C%88_%E5%85%A8%E8%88%AC&amp;amp;amp;utm_term=%E7%95%99%E5%AD%A6&amp;amp;amp;hsa_acc=4332353937&amp;amp;amp;hsa_cam=18254588843&amp;amp;amp;hsa_grp=1328212405176718&amp;amp;amp;hsa_ad&amp;amp;amp;hsa_src=o&amp;amp;amp;hsa_tgt=kwd-83014283287522:loc-138321&amp;amp;amp;hsa_kw=%E7%95%99%E5%AD%A6&amp;amp;amp;hsa_mt=p&amp;amp;amp;hsa_net=adwords&amp;amp;amp;hsa_ver=3&amp;amp;amp;msclkid=82b4aebffc271c7b32d9c82360cffe99,crawled_not_indexed,2026-09-18,2026-09-21T20:26:15,2026-09-21T20:26:15
https://schoolwith.me/category/schools/short_term/sort:lowest_fee_per_month/direction:ASC/country_id:3/area_id:3071,discovered_not_indexed,2026-09-18,2026-09-21T20:26:15,2026-09-21T20:26:15
https://schoolwith.me/category/schools/short_term/sort:lowest_fee_per_month/direction:asc/country_id:2/area_id:2071,discovered_not_indexed,2026-09-18,2026-09-21T20:26:15,2026-09-21T20:26:15
https://schoolwith.me/category/schools/toefl/country_id:5/area_id:5016,crawled_not_indexed,2026-09-18,2026-09-21T20:26:15,2026-09-21T20:26:15
https://schoolwith.me/category/schools/toefl/country_id:5/area_id:5052,crawled_not_indexed,2026-09-18,2026-09-21T20:26:15,2026-09-21T20:26:15
https://schoolwith.me/category/schools/toefl/country_id:52/area_id:52001/sort:lowest_fee_per_month/direction:asc,crawled_not_indexed,2026-09-18,2026-09-21T20:26:15,2026-09-21T20:26:15
https://schoolwith.me/category/schools/toefl/direction:asc/country_id:8/area_id:8002/sort:lowest_fee_per_month,discovered_not_indexed,2026-09-18,2026-09-21T20:26:15,2026-09-21T20:26:15
https://schoolwith.me/category/schools/toefl/direction:asc/sort:lowest_fee_per_month?sort_type=/category/schools/toefl/direction:desc?sort_type%3D%252Fcategory%252Fschools%252Ftoefl%252Fdirection%253Adesc%253Fsort_type%253D%25252Fcategory%25252Fschools%25252Ftoefl%25252Fdirection%25253Aasc%25252Fsort%25253Alowest_fee_per_month%25253Fsort_type%25253D%2525252Fcategory%2525252Fschools%2525252Ftoefl%2525252Fdirection%2525253Adesc%2525253Fsort_type%2525253D%252525252Fcategory%252525252Fschools%252525252Ftoefl%252525252Fsort%252525253Alowest_fee_per_month%252525252Fdirection%252525253Aasc%252525253Fsort_type%252525253D%25252525252Fcategory%25252525252Fschools%25252525252Ftoefl%25252525252Fdirection%25252525253Adesc%25252525253Fsort_type%25252525253D%2525252525252Fcategory%2525252525252Fschools%2525252525252Ftoefl%2525252525252Fdirection%2525252525253Adesc%2525252525253Fsort_type%2525252525253D%252525252525252Fcategory%252525252525252Fschools%252525252525252Ftoefl%252525252525252Fdirection%252525252525253Adesc%252525252525253Fsort_type%252525252525253D%25252525252525252Fcategory%25252525252525252Fschools%25252525252525252Ftoefl%25252525252525252Fdirection%25252525252525253Adesc%25252525252525253Fsort_type%25252525252525253D%2525252525252525252Fcategory%2525252525252525252Fschools%2525252525252525252Ftoefl%2525252525252525252Fsort%2525252525252525253Alowest_fee_per_month%2525252525252525252Fdirection%2525252525252525253Aasc%2525252525252525253Fsort_type%2525252525252525253D%252525252525252525252Fcategory%252525252525252525252Fschools%252525252525252525252Ftoefl%252525252525252525253Fsrc_user%252525252525252525253Dtop_main_ctgry_pc,crawled_not_indexed,2026-09-18,2026-09-21T20:26:15,2026-09-21T20:26:15
https://schoolwith.me/category/schools/toefl/direction:desc/country_id:2/area_id:2009,discovered_not_indexed,2026-09-18,2026-09-21T20:26:15,2026-09-21T20:26:15
https://schoolwith.me/category/schools/toefl/direction:desc/country_id:3/area_id:3001,discovered_not_indexed,2026-09-18,2026-09-21T20:26:15,2026-09-21T20:26:15
https://schoolwith.me/category/schools/toefl/direction:desc/country_id:3/page:2,discovered_not_indexed,2026-09-18,2026-09-21T20:26:15,2026-09-21T20:26:15
https://schoolwith.me/category/schools/toefl/direction:desc/country_id:4?sort_type=/category/schools/toefl/direction:asc/country_id:4/sort:lowest_fee_per_month?sort_type%3D%252Fcategory%252Fschools%252Ftoefl%252Fsort%253Alowest_fee_per_month%252Fdirection%253Aasc%252Fcountry_id%253A4%253Fsort_type%253D%25252Fcategory%25252Fschools%25252Ftoefl%25252Fdirection%25253Adesc%25252Fcountry_id%25253A4%25253Fsort_type%25253D%2525252Fcategory%2525252Fschools%2525252Ftoefl%2525252Fsort%2525253Alowest_fee_per_month%2525252Fdirection%2525253Aasc%2525252Fcountry_id%2525253A4%2525253Fsort_type%2525253D%252525252Fcategory%252525252Fschools%252525252Ftoefl%252525252Fdirection%252525253Adesc%252525252Fcountry_id%252525253A4,dup_no_user_canonical,2026-09-18,2026-09-21T20:26:15,2026-09-21T20:26:15
https://schoolwith.me/category/schools/toefl/direction:desc/country_id:4?sort_type=/category/schools/toefl/direction:desc/country_id:4?sort_type%3D%252Fcategory%252Fschools%252Ftoefl%252Fsort%253Alowest_fee_per_month%252Fdirection%253Aasc%252Fcountry_id%253A4%253Fsort_type%253D%25252Fcategory%25252Fschools%25252Ftoefl%25252Fdirection%25253Adesc%25252Fcountry_id%25253A4%25253Fsort_type%25253D%2525252Fcategory%2525252Fschools%2525252Ftoefl%2525252Fsort%2525253Alowest_fee_per_month%2525252Fdirection%2525253Aasc%2525252Fcountry_id%2525253A4%2525253Fsort_type%2525253D%252525252Fcategory%252525252Fschools%252525252Ftoefl%252525252Fdirection%252525253Adesc%252525252Fcountry_id%252525253A4,dup_no_user_canonical,2026-09-18,2026-09-21T20:26:15,2026-09-21T20:26:15
https://schoolwith.me/category/schools/toefl/direction:desc/country_id:5?sort_type=/category/schools/toefl/direction:asc/country_id:5/sort:lowest_fee_per_month?sort_type%3D%252Fcategory%252Fschools%252Ftoefl%252Fdirection%253Adesc%252Fcountry_id%253A5%253Fsort_type%253D%25252Fcategory%25252Fschools%25252Ftoefl%25252Fdirection%25253Adesc%25252Fcountry_id%25253A5%25253Fsort_type%25253D%2525252Fcategory%2525252Fschools%2525252Ftoefl%2525252Fdirection%2525253Aasc%2525252Fcountry_id%2525253A5%2525252Fsort%2525253Alowest_fee_per_month%2525253Fsort_type%2525253D%252525252Fcategory%252525252Fschools%252525252Ftoefl%252525252Fdirection%252525253Adesc%252525252Fcountry_id%252525253A5,dup_no_user_canonical,2026-09-18,2026-09-21T20:26:15,2026-09-21T20:26:15
https://schoolwith.me/category/schools/toefl/direction:desc/country_id:5?sort_type=/category/schools/toefl/direction:desc/country_id:5?sort_type%3D%252Fcategory%252Fschools%252Ftoefl%252Fdirection%253Adesc%252Fcountry_id%253A5%253Fsort_type%253D%25252Fcategory%25252Fschools%25252Ftoefl%25252Fdirection%25253Aasc%25252Fcountry_id%25253A5%25252Fsort%25253Alowest_fee_per_month%25253Fsort_type%25253D%2525252Fcategory%2525252Fschools%2525252Ftoefl%2525252Fdirection%2525253Aasc%2525252Fsort%2525253Alowest_fee_per_month%2525252Fcountry_id%2525253A5%2525253Fsort_type%2525253D%252525252Fcategory%252525252Fschools%252525252Ftoefl%252525252Fdirection%252525253Adesc%252525252Fcountry_id%252525253A5%252525253Fsort_type%252525253D%25252525252Fcategory%25252525252Fschools%25252525252Ftoefl%25252525252Fdirection%25252525253Adesc%25252525252Fcountry_id%25252525253A5,dup_no_user_canonical,2026-09-18,2026-09-21T20:26:15,2026-09-21T20:26:15
https://schoolwith.me/category/schools/toefl/direction:desc/country_id:6?sort_type=/category/schools/toefl/direction:asc/country_id:6/sort:lowest_fee_per_month?sort_type%3D%252Fcategory%252Fschools%252Ftoefl%252Fcountry_id%253A6%252Fsort%253Alowest_fee_per_month%252Fdirection%253Aasc,dup_no_user_canonical,2026-09-18,2026-09-21T20:26:15,2026-09-21T20:26:15
https://schoolwith.me/category/schools/toefl/direction:desc/country_id:6?sort_type=/category/schools/toefl/direction:asc/country_id:6/sort:lowest_fee_per_month?sort_type%3D%252Fcategory%252Fschools%252Ftoefl%252Fdirection%253Aasc%252Fcountry_id%253A6%252Fsort%253Alowest_fee_per_month%253Fsort_type%253D%25252Fcategory%25252Fschools%25252Ftoefl%25252Fdirection%25253Aasc%25252Fcountry_id%25253A6%25252Fsort%25253Alowest_fee_per_month%25253Fsort_type%25253D%2525252Fcategory%2525252Fschools%2525252Ftoefl%2525252Fdirection%2525253Adesc%2525252Fcountry_id%2525253A6%2525253Fsort_type%2525253D%252525252Fcategory%252525252Fschools%252525252Ftoefl%252525252Fcountry_id%252525253A6%252525252Fsort%252525253Alowest_fee_per_month%252525252Fdirection%252525253Aasc,dup_no_user_canonical,2026-09-18,2026-09-21T20:26:15,2026-09-21T20:26:15
https://schoolwith.me/category/schools/toefl/direction:desc/country_id:6?sort_type=/category/schools/toefl/direction:asc/country_id:6/sort:lowest_fee_per_month?sort_type%3D%252Fcategory%252Fschools%252Ftoefl%252Fdirection%253Aasc%252Fcountry_id%253A6%252Fsort%253Alowest_fee_per_month%253Fsort_type%253D%25252Fcategory%25252Fschools%25252Ftoefl%25252Fdirection%25253Adesc%25252Fcountry_id%25253A6%25253Fsort_type%25253D%2525252Fcategory%2525252Fschools%2525252Ftoefl%2525252Fcountry_id%2525253A6%2525252Fsort%2525253Alowest_fee_per_month%2525252Fdirection%2525253Aasc,dup_no_user_canonical,2026-09-18,2026-09-21T20:26:15,2026-09-21T20:26:15
https://schoolwith.me/category/schools/toefl/direction:desc/country_id:6?sort_type=/category/schools/toefl/direction:asc/country_id:6/sort:lowest_fee_per_month?sort_type%3D%252Fcategory%252Fschools%252Ftoefl%252Fdirection%253Aasc%252Fcountry_id%253A6%252Fsort%253Alowest_fee_per_month%253Fsort_type%253D%25252Fcategory%25252Fschools%25252Ftoefl%25252Fdirection%25253Adesc%25252Fcountry_id%25253A6%25253Fsort_type%25253D%2525252Fcategory%2525252Fschools%2525252Ftoefl%2525252Fdirection%2525253Adesc%2525252Fcountry_id%2525253A6%2525253Fsort_type%2525253D%252525252Fcategory%252525252Fschools%252525252Ftoefl%252525252Fcountry_id%252525253A6%252525252Fsort%252525253Alowest_fee_per_month%252525252Fdirection%252525253Aasc,dup_no_user_canonical,2026-09-18,2026-09-21T20:26:15,2026-09-21T20:26:15
https://schoolwith.me/category/schools/toefl/direction:desc/country_id:6?sort_type=/category/schools/toefl/direction:asc/country_id:6/sort:lowest_fee_per_month?sort_type%3D%252Fcategory%252Fschools%252Ftoefl%252Fdirection%253Adesc%252Fcountry_id%253A6%253Fsort_type%253D%25252Fcategory%25252Fschools%25252Ftoefl%25252Fcountry_id%25253A6%25252Fsort%25253Alowest_fee_per_month%25252Fdirection%25253Aasc,dup_no_user_canonical,2026-09-18,2026-09-21T20:26:15,2026-09-21T20:26:15
https://schoolwith.me/category/schools/toefl/direction:desc/country_id:6?sort_type=/category/schools/toefl/direction:asc/country_id:6/sort:lowest_fee_per_month?sort_type%3D%252Fcategory%252Fschools%252Ftoefl%252Fdirection%253Adesc%252Fcountry_id%253A6%253Fsort_type%253D%25252Fcategory%25252Fschools%25252Ftoefl%25252Fdirection%25253Aasc%25252Fcountry_id%25253A6%25252Fsort%25253Alowest_fee_per_month%25253Fsort_type%25253D%2525252Fcategory%2525252Fschools%2525252Ftoefl%2525252Fdirection%2525253Adesc%2525252Fcountry_id%2525253A6%2525253Fsort_type%2525253D%252525252Fcategory%252525252Fschools%252525252Ftoefl%252525252Fcountry_id%252525253A6%252525252Fsort%252525253Alowest_fee_per_month%252525252Fdirection%252525253Aasc,dup_no_user_canonical,2026-09-18,2026-09-21T20:26:15,2026-09-21T20:26:15
https://schoolwith.me/category/schools/toefl/direction:desc/country_id:6?sort_type=/category/schools/toefl/direction:asc/country_id:6/sort:lowest_fee_per_month?sort_type%3D%252Fcategory%252Fschools%252Ftoefl%252Fdirection%253Adesc%252Fcountry_id%253A6%253Fsort_type%253D%25252Fcategory%25252Fschools%25252Ftoefl%25252Fdirection%25253Adesc%25252Fcountry_id%25253A6%25253Fsort_type%25253D%2525252Fcategory%2525252Fschools%2525252Ftoefl%2525252Fdirection%2525253Aasc%2525252Fcountry_id%2525253A6%2525252Fsort%2525253Alowest_fee_per_month%2525253Fsort_type%2525253D%252525252Fcategory%252525252Fschools%252525252Ftoefl%252525252Fcountry_id%252525253A6%252525252Fsort%252525253Alowest_fee_per_month%252525252Fdirection%252525253Aasc,dup_no_user_canonical,2026-09-18,2026-09-21T20:26:15,2026-09-21T20:26:15
https://schoolwith.me/category/schools/toefl/direction:desc/country_id:6?sort_type=/category/schools/toefl/direction:desc/country_id:6?sort_type%3D%252Fcategory%252Fschools%252Ftoefl%252Fdirection%253Aasc%252Fcountry_id%253A6%252Fsort%253Alowest_fee_per_month%253Fsort_type%253D%25252Fcategory%25252Fschools%25252Ftoefl%25252Fcountry_id%25253A6%25252Fsort%25253Alowest_fee_per_month%25252Fdirection%25253Aasc,dup_no_user_canonical,2026-09-18,2026-09-21T20:26:15,2026-09-21T20:26:15
https://schoolwith.me/category/schools/toefl/direction:desc/country_id:6?sort_type=/category/schools/toefl/direction:desc/country_id:6?sort_type%3D%252Fcategory%252Fschools%252Ftoefl%252Fdirection%253Aasc%252Fcountry_id%253A6%252Fsort%253Alowest_fee_per_month%253Fsort_type%253D%25252Fcategory%25252Fschools%25252Ftoefl%25252Fdirection%25253Adesc%25252Fcountry_id%25253A6%25253Fsort_type%25253D%2525252Fcategory%2525252Fschools%2525252Ftoefl%2525252Fdirection%2525253Adesc%2525252Fcountry_id%2525253A6%2525253Fsort_type%2525253D%252525252Fcategory%252525252Fschools%252525252Ftoefl%252525252Fcountry_id%252525253A6%252525252Fsort%252525253Alowest_fee_per_month%252525252Fdirection%252525253Aasc,dup_no_user_canonical,2026-09-18,2026-09-21T20:26:15,2026-09-21T20:26:15
https://schoolwith.me/category/schools/toefl/direction:desc/country_id:6?sort_type=/category/schools/toefl/direction:desc/country_id:6?sort_type%3D%252Fcategory%252Fschools%252Ftoefl%252Fdirection%253Adesc%252Fcountry_id%253A6%253Fsort_type%253D%25252Fcategory%25252Fschools%25252Ftoefl%25252Fcountry_id%25253A6%25252Fsort%25253Alowest_fee_per_month%25252Fdirection%25253Aasc,dup_no_user_canonical,2026-09-18,2026-09-21T20:26:15,2026-09-21T20:26:15
https://schoolwith.me/category/schools/toefl/direction:desc/country_id:6?sort_type=/category/schools/toefl/direction:desc/country_id:6?sort_type%3D%252Fcategory%252Fschools%252Ftoefl%252Fdirection%253Adesc%252Fcountry_id%253A6%253Fsort_type%253D%25252Fcategory%25252Fschools%25252Ftoefl%25252Fdirection%25253Aasc%25252Fcountry_id%25253A6%25252Fsort%25253Alowest_fee_per_month%25253Fsort_type%25253D%2525252Fcategory%2525252Fschools%2525252Ftoefl%2525252Fcountry_id%2525253A6%2525252Fsort%2525253Alowest_fee_per_month%2525252Fdirection%2525253Aasc,dup_no_user_canonical,2026-09-18,2026-09-21T20:26:15,2026-09-21T20:26:15
https://schoolwith.me/category/schools/toefl/direction:desc?sort_type=/category/schools/toefl/direction:asc/sort:lowest_fee_per_month?sort_type%3D%252Fcategory%252Fschools%252Ftoefl%252Fdirection%253Aasc%252Fsort%253Alowest_fee_per_month%253Fsort_type%253D%25252Fcategory%25252Fschools%25252Ftoefl%25252Fdirection%25253Adesc%25253Fsort_type%25253D%2525252Fcategory%2525252Fschools%2525252Ftoefl%2525252Fdirection%2525253Aasc%2525252Fsort%2525253Alowest_fee_per_month%2525253Fsort_type%2525253D%252525252Fcategory%252525252Fschools%252525252Ftoefl%252525252Fdirection%252525253Aasc%252525252Fsort%252525253Alowest_fee_per_month%252525253Fsort_type%252525253D%25252525252Fcategory%25252525252Fschools%25252525252Ftoefl%25252525252Fdirection%25252525253Aasc%25252525252Fsort%25252525253Alowest_fee_per_month%25252525253Fsort_type%25252525253D%2525252525252Fcategory%2525252525252Fschools%2525252525252Ftoefl%2525252525252Fdirection%2525252525253Adesc%2525252525253Fsort_type%2525252525253D%252525252525252Fcategory%252525252525252Fschools%252525252525252Ftoefl%252525252525252Fdirection%252525252525253Adesc%252525252525253Fsort_type%252525252525253D%25252525252525252Fcategory%25252525252525252Fschools%25252525252525252Ftoefl%25252525252525252Fdirection%25252525252525253Adesc%25252525252525253Fsort_type%25252525252525253D%2525252525252525252Fcategory%2525252525252525252Fschools%2525252525252525252Ftoefl%2525252525252525252Fsort%2525252525252525253Alowest_fee_per_month%2525252525252525252Fdirection%2525252525252525253Aasc%2525252525252525253Fsort_type%2525252525252525253D%252525252525252525252Fcategory%252525252525252525252Fschools%252525252525252525252Ftoefl%252525252525252525252Fdirection%252525252525252525253Adesc%252525252525252525253Fsort_type%252525252525252525253D%25252525252525252525252Fcategory%25252525252525252525252Fschools%25252525252525252525252Ftoefl%25252525252525252525252Fdirection%25252525252525252525253Adesc%25252525252525252525253Fsrc_user%25252525252525252525253Dtop_main_ctgry_pc,crawled_not_indexed,2026-09-18,2026-09-21T20:26:15,2026-09-21T20:26:15
https://schoolwith.me/category/schools/toefl/page:2/direction:asc/sort:lowest_fee_per_month,discovered_not_indexed,2026-09-18,2026-09-21T20:26:15,2026-09-21T20:26:15
https://schoolwith.me/category/schools/toefl/page:2/direction:asc/sort:lowest_fee_per_month?sort_type=/category/schools/toefl/direction:desc?sort_type%3D%252Fcategory%252Fschools%252Ftoefl%252Fdirection%253Adesc%253Fsort_type%253D%25252Fcategory%25252Fschools%25252Ftoefl%25252Fsort%25253Alowest_fee_per_month%25252Fdirection%25253Aasc%25253Fsort_type%25253D%2525252Fcategory%2525252Fschools%2525252Ftoefl%2525252Fsort%2525253Alowest_fee_per_month%2525252Fdirection%2525253Aasc%2525253Fsort_type%2525253D%252525252Fcategory%252525252Fschools%252525252Ftoefl%252525252Fsort%252525253Alowest_fee_per_month%252525252Fdirection%252525253Aasc%252525253Fsort_type%252525253D%25252525252Fcategory%25252525252Fschools%25252525252Ftoefl%25252525252Fdirection%25252525253Adesc%25252525253Fsort_type%25252525253D%2525252525252Fcategory%2525252525252Fschools%2525252525252Ftoefl%2525252525252Fdirection%2525252525253Adesc%2525252525253Fsort_type%2525252525253D%252525252525252Fcategory%252525252525252Fschools%252525252525252Ftoefl%252525252525252Fsort%252525252525253Alowest_fee_per_month%252525252525252Fdirection%252525252525253Aasc%252525252525253Fsrc_user%252525252525253Dtop_main_ctgry_pc,crawled_not_indexed,2026-09-18,2026-09-21T20:26:15,2026-09-21T20:26:15
https://schoolwith.me/category/schools/toefl/page:3/direction:asc/sort:lowest_fee_per_month?sort_type=/category/schools/toefl/direction:desc?sort_type%3D%252Fcategory%252Fschools%252Ftoefl%252Fdirection%253Adesc%253Fsort_type%253D%25252Fcategory%25252Fschools%25252Ftoefl%25252Fsort%25253Alowest_fee_per_month%25252Fdirection%25253Aasc%25253Fsort_type%25253D%2525252Fcategory%2525252Fschools%2525252Ftoefl%2525252Fsort%2525253Alowest_fee_per_month%2525252Fdirection%2525253Aasc%2525253Fsort_type%2525253D%252525252Fcategory%252525252Fschools%252525252Ftoefl%252525252Fsort%252525253Alowest_fee_per_month%252525252Fdirection%252525253Aasc%252525253Fsort_type%252525253D%25252525252Fcategory%25252525252Fschools%25252525252Ftoefl%25252525252Fdirection%25252525253Adesc%25252525253Fsort_type%25252525253D%2525252525252Fcategory%2525252525252Fschools%2525252525252Ftoefl%2525252525252Fdirection%2525252525253Adesc%2525252525253Fsort_type%2525252525253D%252525252525252Fcategory%252525252525252Fschools%252525252525252Ftoefl%252525252525252Fdirection%252525252525253Adesc%252525252525253Fsort_type%252525252525253D%25252525252525252Fcategory%25252525252525252Fschools%25252525252525252Ftoefl%25252525252525252Fdirection%25252525252525253Adesc%25252525252525253Fsort_type%25252525252525253D%2525252525252525252Fcategory%2525252525252525252Fschools%2525252525252525252Ftoefl%2525252525252525252Fdirection%2525252525252525253Adesc%2525252525252525253Fsort_type%2525252525252525253D%252525252525252525252Fcategory%252525252525252525252Fschools%252525252525252525252Ftoefl%252525252525252525252Fsort%252525252525252525253Alowest_fee_per_month%252525252525252525252Fdirection%252525252525252525253Aasc%252525252525252525253Fsort_type%252525252525252525253D%25252525252525252525252Fcategory%25252525252525252525252Fschools%25252525252525252525252Ftoefl%25252525252525252525253Fsrc_user%25252525252525252525253Dtop_main_ctgry_pc,crawled_not_indexed,2026-09-18,2026-09-21T20:26:15,2026-09-21T20:26:15
https://schoolwith.me/category/schools/toefl/page:4/direction:asc/sort:lowest_fee_per_month?sort_type=/category/schools/toefl/direction:desc?sort_type%3D%252Fcategory%252Fschools%252Ftoefl%252Fdirection%253Adesc%253Fsort_type%253D%25252Fcategory%25252Fschools%25252Ftoefl%25252Fdirection%25253Aasc%25252Fsort%25253Alowest_fee_per_month%25253Fsort_type%25253D%2525252Fcategory%2525252Fschools%2525252Ftoefl%2525252Fdirection%2525253Aasc%2525252Fsort%2525253Alowest_fee_per_month%2525253Fsort_type%2525253D%252525252Fcategory%252525252Fschools%252525252Ftoefl%252525252Fdirection%252525253Aasc%252525252Fsort%252525253Alowest_fee_per_month%252525253Fsort_type%252525253D%25252525252Fcategory%25252525252Fschools%25252525252Ftoefl%25252525252Fdirection%25252525253Aasc%25252525252Fsort%25252525253Alowest_fee_per_month%25252525253Fsort_type%25252525253D%2525252525252Fcategory%2525252525252Fschools%2525252525252Ftoefl%2525252525252Fdirection%2525252525253Aasc%2525252525252Fsort%2525252525253Alowest_fee_per_month%2525252525253Fsort_type%2525252525253D%252525252525252Fcategory%252525252525252Fschools%252525252525252Ftoefl%252525252525252Fdirection%252525252525253Adesc%252525252525253Fsort_type%252525252525253D%25252525252525252Fcategory%25252525252525252Fschools%25252525252525252Ftoefl%25252525252525252Fsort%25252525252525253Alowest_fee_per_month%25252525252525252Fdirection%25252525252525253Aasc%25252525252525253Fsort_type%25252525252525253D%2525252525252525252Fcategory%2525252525252525252Fschools%2525252525252525252Ftoefl%2525252525252525252Fsort%2525252525252525253Alowest_fee_per_month%2525252525252525252Fdirection%2525252525252525253Aasc%2525252525252525253Fsrc_user%2525252525252525253Dtop_main_ctgry_pc,crawled_not_indexed,2026-09-18,2026-09-21T20:26:15,2026-09-21T20:26:15
https://schoolwith.me/category/schools/toefl/page:4/direction:desc?sort_type=/category/schools/toefl/direction:asc/sort:lowest_fee_per_month?sort_type%3D%252Fcategory%252Fschools%252Ftoefl%252Fdirection%253Aasc%252Fsort%253Alowest_fee_per_month%253Fsort_type%253D%25252Fcategory%25252Fschools%25252Ftoefl%25252Fdirection%25253Adesc%25253Fsort_type%25253D%2525252Fcategory%2525252Fschools%2525252Ftoefl,crawled_not_indexed,2026-09-18,2026-09-21T20:26:15,2026-09-21T20:26:15
https://schoolwith.me/category/schools/toefl/page:4?sort_type=/category/schools/toefl/direction:asc/sort:lowest_fee_per_month?sort_type%3D%252Fcategory%252Fschools%252Ftoefl%252Fdirection%253Adesc%253Fsort_type%253D%25252Fcategory%25252Fschools%25252Ftoefl%25252Fdirection%25253Aasc%25252Fsort%25253Alowest_fee_per_month%25253Fsort_type%25253D%2525252Fcategory%2525252Fschools%2525252Ftoefl%2525252Fsort%2525253Alowest_fee_per_month%2525252Fdirection%2525253Aasc%2525253Fsort_type%2525253D%252525252Fcategory%252525252Fschools%252525252Ftoefl%252525252Fsort%252525253Alowest_fee_per_month%252525252Fdirection%252525253Aasc%252525253Fsort_type%252525253D%25252525252Fcategory%25252525252Fschools%25252525252Ftoefl%25252525252Fdirection%25252525253Adesc%25252525253Fsort_type%25252525253D%2525252525252Fcategory%2525252525252Fschools%2525252525252Ftoefl%2525252525252Fsort%2525252525253Alowest_fee_per_month%2525252525252Fdirection%2525252525253Aasc%2525252525253Fsrc_user%2525252525253Dtop_main_ctgry_pc,crawled_not_indexed,2026-09-18,2026-09-21T20:26:15,2026-09-21T20:26:15
https://schoolwith.me/category/schools/toefl/sort:lowest_fee_per_month/direction:ASC/country_id:2/area_id:2002,discovered_not_indexed,2026-09-18,2026-09-21T20:26:15,2026-09-21T20:26:15
https://schoolwith.me/category/schools/toefl/sort:lowest_fee_per_month/direction:ASC/country_id:5/area_id:5002,discovered_not_indexed,2026-09-18,2026-09-21T20:26:15,2026-09-21T20:26:15
https://schoolwith.me/category/schools/toefl?sort_type=/category/schools/toefl/direction:desc?sort_type%3D%252Fcategory%252Fschools%252Ftoefl%252Fdirection%253Adesc%253Fsort_type%253D%25252Fcategory%25252Fschools%25252Ftoefl%25252Fdirection%25253Adesc%25253Fsort_type%25253D%2525252Fcategory%2525252Fschools%2525252Ftoefl%2525252Fdirection%2525253Adesc%2525253Fsort_type%2525253D%252525252Fcategory%252525252Fschools%252525252Ftoefl%252525252Fsort%252525253Alowest_fee_per_month%252525252Fdirection%252525253Aasc%252525253Fsort_type%252525253D%25252525252Fcategory%25252525252Fschools%25252525252Ftoefl%25252525252Fdirection%25252525253Adesc%25252525253Fsort_type%25252525253D%2525252525252Fcategory%2525252525252Fschools%2525252525252Ftoefl%2525252525252Fsort%2525252525253Alowest_fee_per_month%2525252525252Fdirection%2525252525253Aasc%2525252525253Fsort_type%2525252525253D%252525252525252Fcategory%252525252525252Fschools%252525252525252Ftoefl%252525252525252Fsort%252525252525253Alowest_fee_per_month%252525252525252Fdirection%252525252525253Aasc%252525252525253Fsort_type%252525252525253D%25252525252525252Fcategory%25252525252525252Fschools%25252525252525252Ftoefl%25252525252525252Fdirection%25252525252525253Adesc%25252525252525253Fsort_type%25252525252525253D%2525252525252525252Fcategory%2525252525252525252Fschools%2525252525252525252Ftoefl%2525252525252525252Fdirection%2525252525252525253Adesc%2525252525252525253Fsort_type%2525252525252525253D%252525252525252525252Fcategory%252525252525252525252Fschools%252525252525252525252Ftoefl%252525252525252525253Fsrc_user%252525252525252525253Dtop_main_ctgry_pc,crawled_not_indexed,2026-09-18,2026-09-21T20:26:15,2026-09-21T20:26:15
https://schoolwith.me/category/schools/toeic/country_id:1/area_id:4/sort:lowest_fee_per_month/direction:asc?a8=KrA0DrUo2L8pjzgCZjBMppIMq.zJ8oIsAj_CszIFMF4o2LAX79TKcLTLGLZsasTBcFbMIvAycrA01s00000024868001,dup_no_user_canonical,2026-09-18,2026-09-21T20:26:15,2026-09-21T20:26:15
https://schoolwith.me/category/schools/toeic/country_id:2/area_id:2006/sort:lowest_fee_per_month/direction:asc?sort_type=/category/schools/toeic/country_id:2/area_id:2006/sort:lowest_fee_per_month/direction:asc,dup_no_user_canonical,2026-09-18,2026-09-21T20:26:15,2026-09-21T20:26:15
https://schoolwith.me/category/schools/toeic/country_id:2/area_id:2006/sort:lowest_fee_per_month/direction:asc?sort_type=/category/schools/toeic/direction:desc/country_id:2/area_id:2006,dup_no_user_canonical,2026-09-18,2026-09-21T20:26:15,2026-09-21T20:26:15
https://schoolwith.me/category/schools/toeic/country_id:2/area_id:2006/sort:lowest_fee_per_month/direction:asc?sort_type=/category/schools/toeic/direction:desc/country_id:2/area_id:2006?sort_type%3D%252Fcategory%252Fschools%252Ftoeic%252Fcountry_id%253A2%252Farea_id%253A2006%252Fsort%253Alowest_fee_per_month%252Fdirection%253Aasc,dup_no_user_canonical,2026-09-18,2026-09-21T20:26:15,2026-09-21T20:26:15
https://schoolwith.me/category/schools/toeic/country_id:2/area_id:2037/sort:lowest_fee_per_month/direction:asc,crawled_not_indexed,2026-09-18,2026-09-21T20:26:15,2026-09-21T20:26:15
https://schoolwith.me/category/schools/toeic/country_id:5/area_id:5002?sort_type=/category/schools/toeic/country_id:5/area_id:5002/direction:desc?sort_type%3D%252Fcategory%252Fschools%252Ftoeic%252Fcountry_id%253A5%252Farea_id%253A5002%252Fdirection%253Adesc%253Fsort_type%253D%25252Fcategory%25252Fschools%25252Ftoeic%25252Fcountry_id%25253A5%25252Farea_id%25253A5002%25252Fsort%25253Alowest_fee_per_month%25252Fdirection%25253Aasc%25253Fsort_type%25253D%2525252Fcategory%2525252Fschools%2525252Ftoeic%2525252Fcountry_id%2525253A5%2525252Farea_id%2525253A5002%2525252Fsort%2525253Alowest_fee_per_month%2525252Fdirection%2525253Aasc,dup_no_user_canonical,2026-09-18,2026-09-21T20:26:15,2026-09-21T20:26:15
https://schoolwith.me/category/schools/toeic/country_id:5/area_id:5002?sort_type=/category/schools/toeic/country_id:5/area_id:5002/direction:desc?sort_type%3D%252Fcategory%252Fschools%252Ftoeic%252Fcountry_id%253A5%252Farea_id%253A5002%252Fdirection%253Adesc%253Fsort_type%253D%25252Fcategory%25252Fschools%25252Ftoeic%25252Fcountry_id%25253A5%25252Farea_id%25253A5002%25252Fsort%25253Alowest_fee_per_month%25252Fdirection%25253Aasc%25253Fsort_type%25253D%2525252Fcategory%2525252Fschools%2525252Ftoeic%2525252Fcountry_id%2525253A5%2525252Farea_id%2525253A5002%2525252Fsort%2525253Alowest_fee_per_month%2525252Fdirection%2525253Aasc%2525253Fsort_type%2525253D%252525252Fcategory%252525252Fschools%252525252Ftoeic%252525252Fcountry_id%252525253A5%252525252Farea_id%252525253A5002%252525252Fsort%252525253Alowest_fee_per_month%252525252Fdirection%252525253Aasc,dup_no_user_canonical,2026-09-18,2026-09-21T20:26:15,2026-09-21T20:26:15
https://schoolwith.me/category/schools/toeic/country_id:5/area_id:5002?sort_type=/category/schools/toeic/country_id:5/area_id:5002/direction:desc?sort_type%3D%252Fcategory%252Fschools%252Ftoeic%252Fcountry_id%253A5%252Farea_id%253A5002%252Fsort%253Alowest_fee_per_month%252Fdirection%253Aasc%253Fsort_type%253D%25252Fcategory%25252Fschools%25252Ftoeic%25252Fcountry_id%25253A5%25252Farea_id%25253A5002%25252Fsort%25253Alowest_fee_per_month%25252Fdirection%25253Aasc%25253Fsort_type%25253D%2525252Fcategory%2525252Fschools%2525252Ftoeic%2525252Fcountry_id%2525253A5%2525252Farea_id%2525253A5002%2525252Fsort%2525253Alowest_fee_per_month%2525252Fdirection%2525253Aasc,dup_no_user_canonical,2026-09-18,2026-09-21T20:26:15,2026-09-21T20:26:15
https://schoolwith.me/category/schools/toeic/country_id:5/area_id:5002?sort_type=/category/schools/toeic/country_id:5/area_id:5002/sort:lowest_fee_per_month/direction:asc?sort_type%3D%252Fcategory%252Fschools%252Ftoeic%252Fcountry_id%253A5%252Farea_id%253A5002%252Fdirection%253Adesc%253Fsort_type%253D%25252Fcategory%25252Fschools%25252Ftoeic%25252Fcountry_id%25253A5%25252Farea_id%25253A5002%25252Fdirection%25253Adesc%25253Fsort_type%25253D%2525252Fcategory%2525252Fschools%2525252Ftoeic%2525252Fcountry_id%2525253A5%2525252Farea_id%2525253A5002%2525252Fsort%2525253Alowest_fee_per_month%2525252Fdirection%2525253Aasc%2525253Fsort_type%2525253D%252525252Fcategory%252525252Fschools%252525252Ftoeic%252525252Fcountry_id%252525253A5%252525252Farea_id%252525253A5002%252525252Fsort%252525253Alowest_fee_per_month%252525252Fdirection%252525253Aasc%252525253Fsort_type%252525253D%25252525252Fcategory%25252525252Fschools%25252525252Ftoeic%25252525252Fcountry_id%25252525253A5%25252525252Farea_id%25252525253A5002%25252525252Fsort%25252525253Alowest_fee_per_month%25252525252Fdirection%25252525253Aasc,dup_no_user_canonical,2026-09-18,2026-09-21T20:26:15,2026-09-21T20:26:15
https://schoolwith.me/category/schools/toeic/country_id:5/area_id:5002?sort_type=/category/schools/toeic/country_id:5/area_id:5002/sort:lowest_fee_per_month/direction:asc?sort_type%3D%252Fcategory%252Fschools%252Ftoeic%252Fcountry_id%253A5%252Farea_id%253A5002%252Fsort%253Alowest_fee_per_month%252Fdirection%253Aasc%253Fsort_type%253D%25252Fcategory%25252Fschools%25252Ftoeic%25252Fcountry_id%25253A5%25252Farea_id%25253A5002%25252Fsort%25253Alowest_fee_per_month%25252Fdirection%25253Aasc,dup_no_user_canonical,2026-09-18,2026-09-21T20:26:15,2026-09-21T20:26:15
https://schoolwith.me/category/schools/toeic/country_id:5/area_id:5002?sort_type=/category/schools/toeic/country_id:5/area_id:5002/sort:lowest_fee_per_month/direction:asc?sort_type%3D%252Fcategory%252Fschools%252Ftoeic%252Fcountry_id%253A5%252Farea_id%253A5002%252Fsort%253Alowest_fee_per_month%252Fdirection%253Aasc%253Fsort_type%253D%25252Fcategory%25252Fschools%25252Ftoeic%25252Fcountry_id%25253A5%25252Farea_id%25253A5002%25252Fsort%25253Alowest_fee_per_month%25252Fdirection%25253Aasc%25253Fsort_type%25253D%2525252Fcategory%2525252Fschools%2525252Ftoeic%2525252Fcountry_id%2525253A5%2525252Farea_id%2525253A5002%2525252Fsort%2525253Alowest_fee_per_month%2525252Fdirection%2525253Aasc,dup_no_user_canonical,2026-09-18,2026-09-21T20:26:15,2026-09-21T20:26:15
https://schoolwith.me/category/schools/toeic/country_id:5/area_id:5002?sort_type=/category/schools/toeic/country_id:5/area_id:5002/sort:lowest_fee_per_month/direction:asc?sort_type%3D%252Fcategory%252Fschools%252Ftoeic%252Fcountry_id%253A5%252Farea_id%253A5002%252Fsort%253Alowest_fee_per_month%252Fdirection%253Aasc%253Fsort_type%253D%25252Fcategory%25252Fschools%25252Ftoeic%25252Fcountry_id%25253A5%25252Farea_id%25253A5002%25252Fsort%25253Alowest_fee_per_month%25252Fdirection%25253Aasc%25253Fsort_type%25253D%2525252Fcategory%2525252Fschools%2525252Ftoeic%2525252Fcountry_id%2525253A5%2525252Farea_id%2525253A5002%2525252Fsort%2525253Alowest_fee_per_month%2525252Fdirection%2525253Aasc%2525253Fsort_type%2525253D%252525252Fcategory%252525252Fschools%252525252Ftoeic%252525252Fcountry_id%252525253A5%252525252Farea_id%252525253A5002%252525252Fsort%252525253Alowest_fee_per_month%252525252Fdirection%252525253Aasc,dup_no_user_canonical,2026-09-18,2026-09-21T20:26:15,2026-09-21T20:26:15
https://schoolwith.me/category/schools/toeic/country_id:6/area_id:6001/sort:lowest_fee_per_month/direction:asc?a8=KrA0DrUo2L8pjzgCZjBMppIMq.zJ8oIsAj_CszIFMF4o2LAX79TKcLTLGLZsasTBcFbMIvAycrA01s00000024868001,dup_no_user_canonical,2026-09-18,2026-09-21T20:26:15,2026-09-21T20:26:15
https://schoolwith.me/category/schools/toeic/country_id:6/area_id:6001/sort:lowest_fee_per_month/direction:asc?sort_type=/category/schools/toeic/country_id:6/area_id:6001/direction:desc?sort_type%3D%252Fcategory%252Fschools%252Ftoeic%252Fcountry_id%253A6%252Farea_id%253A6001%252Fdirection%253Adesc%253Fsort_type%253D%25252Fcategory%25252Fschools%25252Ftoeic%25252Fcountry_id%25253A6%25252Farea_id%25253A6001%25252Fsort%25253Alowest_fee_per_month%25252Fdirection%25253Aasc%25253Fsort_type%25253D%2525252Fcategory%2525252Fschools%2525252Ftoeic%2525252Fcountry_id%2525253A6%2525252Farea_id%2525253A6001%2525252Fdirection%2525253Adesc%2525253Fsort_type%2525253D%252525252Fcategory%252525252Fschools%252525252Ftoeic%252525252Fcountry_id%252525253A6%252525252Farea_id%252525253A6001%252525252Fsort%252525253Alowest_fee_per_month%252525252Fdirection%252525253Aasc%252525253Fsort_type%252525253D%25252525252Fcategory%25252525252Fschools%25252525252Ftoeic%25252525252Fcountry_id%25252525253A6%25252525252Farea_id%25252525253A6001%25252525252Fdirection%25252525253Adesc,dup_no_user_canonical,2026-09-18,2026-09-21T20:26:15,2026-09-21T20:26:15
https://schoolwith.me/category/schools/toeic/country_id:6/area_id:6001/sort:lowest_fee_per_month/direction:asc?sort_type=/category/schools/toeic/country_id:6/area_id:6001/sort:lowest_fee_per_month/direction:asc?sort_type%3D%252Fcategory%252Fschools%252Ftoeic%252Fcountry_id%253A6%252Farea_id%253A6001%252Fdirection%253Adesc%253Fsort_type%253D%25252Fcategory%25252Fschools%25252Ftoeic%25252Fcountry_id%25253A6%25252Farea_id%25253A6001%25252Fsort%25253Alowest_fee_per_month%25252Fdirection%25253Aasc%25253Fsort_type%25253D%2525252Fcategory%2525252Fschools%2525252Ftoeic%2525252Fcountry_id%2525253A6%2525252Farea_id%2525253A6001%2525252Fdirection%2525253Adesc,dup_no_user_canonical,2026-09-18,2026-09-21T20:26:15,2026-09-21T20:26:15
https://schoolwith.me/category/schools/toeic/country_id:8/area_id:8002,discovered_not_indexed,2026-09-18,2026-09-21T20:26:15,2026-09-21T20:26:15
https://schoolwith.me/category/schools/toeic/country_id:8/sort:lowest_fee_per_month/direction:asc?sort_type=/category/schools/toeic/country_id:8,crawled_not_indexed,2026-09-18,2026-09-21T20:26:15,2026-09-21T20:26:15
https://schoolwith.me/category/schools/toeic/direction:asc/country_id:5/area_id:5004/sort:lowest_fee_per_month?a8=KrA0DrUo2L8pjzgCZjBMppIMq.zJ8oIsAj_CszIFMF4o2LAX79TKcLTLGLZsasTBcFbMIvAycrA01s00000024868001,dup_no_user_canonical,2026-09-18,2026-09-21T20:26:15,2026-09-21T20:26:15
https://schoolwith.me/category/schools/toeic/direction:asc/country_id:52/area_id:52001/sort:lowest_fee_per_month?a8=KrA0DrUo2L8pjzgCZjBMppIMq.zJ8oIsAj_CszIFMF4o2LAX79TKcLTLGLZsasTBcFbMIvAycrA01s00000024868001,dup_no_user_canonical,2026-09-18,2026-09-21T20:26:15,2026-09-21T20:26:15
https://schoolwith.me/category/schools/toeic/direction:asc/country_id:8/sort:lowest_fee_per_month?sort_type=/category/schools/toeic/direction:asc/country_id:8/sort:lowest_fee_per_month?sort_type%3D%252Fcategory%252Fschools%252Ftoeic%252Fdirection%253Adesc%252Fcountry_id%253A8%253Fsort_type%253D%25252Fcategory%25252Fschools%25252Ftoeic%25252Fdirection%25253Adesc%25252Fcountry_id%25253A8%25253Fsort_type%25253D%2525252Fcategory%2525252Fschools%2525252Ftoeic%2525252Fcountry_id%2525253A8%2525252Fsort%2525253Alowest_fee_per_month%2525252Fdirection%2525253Aasc%2525253Fsort_type%2525253D%252525252Fcategory%252525252Fschools%252525252Ftoeic%252525252Fcountry_id%252525253A8%252525252Fsort%252525253Alowest_fee_per_month%252525252Fdirection%252525253Aasc%252525253Fsort_type%252525253D%25252525252Fcategory%25252525252Fschools%25252525252Ftoeic%25252525252Fcountry_id%25252525253A8%25252525252Fsort%25252525253Alowest_fee_per_month%25252525252Fdirection%25252525253Aasc%25252525253Fsort_type%25252525253D%2525252525252Fcategory%2525252525252Fschools%2525252525252Ftoeic%2525252525252Fcountry_id%2525252525253A8%2525252525252Fsort%2525252525253Alowest_fee_per_month%2525252525252Fdirection%2525252525253Aasc,crawled_not_indexed,2026-09-18,2026-09-21T20:26:15,2026-09-21T20:26:15
https://schoolwith.me/category/schools/toeic/direction:asc/sort:lowest_fee_per_month/page:2?sort_type=/category/schools/toeic/direction:desc?sort_type%3D%252Fcategory%252Fschools%252Ftoeic%252Fdirection%253Aasc%252Fsort%253Alowest_fee_per_month%253Fsort_type%253D%25252Fcategory%25252Fschools%25252Ftoeic%25252Fdirection%25253Aasc%25252Fsort%25253Alowest_fee_per_month%25253Fsort_type%25253D%2525252Fcategory%2525252Fschools%2525252Ftoeic%2525252Fdirection%2525253Aasc%2525252Fsort%2525253Alowest_fee_per_month%2525253Fsort_type%2525253D%252525252Fcategory%252525252Fschools%252525252Ftoeic%252525252Fdirection%252525253Adesc%252525253Fsort_type%252525253D%25252525252Fcategory%25252525252Fschools%25252525252Ftoeic%25252525252Fdirection%25252525253Adesc%25252525253Fsort_type%25252525253D%2525252525252Fcategory%2525252525252Fschools%2525252525252Ftoeic%2525252525253Fsrc_user%2525252525253Dtop_main_ctgry_pc,crawled_not_indexed,2026-09-18,2026-09-21T20:26:15,2026-09-21T20:26:15
https://schoolwith.me/category/schools/toeic/direction:desc/country_id:1?sort_type=/category/schools/toeic/sort:lowest_fee_per_month/direction:asc/country_id:1?sort_type%3D%252Fcategory%252Fschools%252Ftoeic%252Fsort%253Alowest_fee_per_month%252Fdirection%253Aasc%252Fcountry_id%253A1%253Fsort_type%253D%25252Fcategory%25252Fschools%25252Ftoeic%25252Fcountry_id%25253A1%25252Fsort%25253Alowest_fee_per_month%25252Fdirection%25253Aasc%25253Fsort_type%25253D%2525252Fcategory%2525252Fschools%2525252Ftoeic%2525252Fcountry_id%2525253A1%2525252Fsort%2525253Alowest_fee_per_month%2525252Fdirection%2525253Aasc%2525253Fsort_type%2525253D%252525252Fcategory%252525252Fschools%252525252Ftoeic%252525252Fcountry_id%252525253A1%252525252Fsort%252525253Alowest_fee_per_month%252525252Fdirection%252525253Aasc%252525253Fsort_type%252525253D%25252525252Fcategory%25252525252Fschools%25252525252Ftoeic%25252525252Fcountry_id%25252525253A1%25252525252Fsort%25252525253Alowest_fee_per_month%25252525252Fdirection%25252525253Aasc%25252525253Fsort_type%25252525253D%2525252525252Fcategory%2525252525252Fschools%2525252525252Ftoeic%2525252525252Fcountry_id%2525252525253A1%2525252525252Fdirection%2525252525253Adesc%2525252525253Fsort_type%2525252525253D%252525252525252Fcategory%252525252525252Fschools%252525252525252Ftoeic%252525252525252Fcountry_id%252525252525253A1%252525252525252Fsort%252525252525253Alowest_fee_per_month%252525252525252Fdirection%252525252525253Aasc%252525252525253Fsort_type%252525252525253D%25252525252525252Fcategory%25252525252525252Fschools%25252525252525252Ftoeic%25252525252525252Fcountry_id%25252525252525253A1%25252525252525252Fdirection%25252525252525253Adesc,dup_no_user_canonical,2026-09-18,2026-09-21T20:26:15,2026-09-21T20:26:15
https://schoolwith.me/category/schools/toeic/direction:desc/country_id:6/area_id:6001?sort_type=/category/schools/toeic/direction:asc/country_id:6/area_id:6001/sort:lowest_fee_per_month?sort_type%3D%252Fcategory%252Fschools%252Ftoeic%252Fcountry_id%253A6%252Farea_id%253A6001%252Fdirection%253Adesc,dup_no_user_canonical,2026-09-18,2026-09-21T20:26:15,2026-09-21T20:26:15
https://schoolwith.me/category/schools/toeic/direction:desc/country_id:6/area_id:6001?sort_type=/category/schools/toeic/direction:asc/sort:lowest_fee_per_month/country_id:6/area_id:6001?sort_type%3D%252Fcategory%252Fschools%252Ftoeic%252Fdirection%253Adesc%252Fcountry_id%253A6%252Farea_id%253A6001%253Fsort_type%253D%25252Fcategory%25252Fschools%25252Ftoeic%25252Fdirection%25253Aasc%25252Fcountry_id%25253A6%25252Farea_id%25253A6001%25252Fsort%25253Alowest_fee_per_month%25253Fsort_type%25253D%2525252Fcategory%2525252Fschools%2525252Ftoeic%2525252Fcountry_id%2525253A6%2525252Farea_id%2525253A6001%2525252Fdirection%2525253Adesc,dup_no_user_canonical,2026-09-18,2026-09-21T20:26:15,2026-09-21T20:26:15
https://schoolwith.me/category/schools/toeic/direction:desc/country_id:6/area_id:6001?sort_type=/category/schools/toeic/direction:desc/country_id:6/area_id:6001?sort_type%3D%252Fcategory%252Fschools%252Ftoeic%252Fcountry_id%253A6%252Farea_id%253A6001%252Fdirection%253Adesc,dup_no_user_canonical,2026-09-18,2026-09-21T20:26:15,2026-09-21T20:26:15
https://schoolwith.me/category/schools/toeic/direction:desc/country_id:6/area_id:6001?sort_type=/category/schools/toeic/direction:desc/country_id:6/area_id:6001?sort_type%3D%252Fcategory%252Fschools%252Ftoeic%252Fcountry_id%253A6%252Farea_id%253A6001%252Fsort%253Alowest_fee_per_month%252Fdirection%253Aasc%253Fsort_type%253D%25252Fcategory%25252Fschools%25252Ftoeic%25252Fcountry_id%25253A6%25252Farea_id%25253A6001%25252Fdirection%25253Adesc%25253Fsort_type%25253D%2525252Fcategory%2525252Fschools%2525252Ftoeic%2525252Fcountry_id%2525253A6%2525252Farea_id%2525253A6001%2525252Fsort%2525253Alowest_fee_per_month%2525252Fdirection%2525253Aasc%2525253Fsort_type%2525253D%252525252Fcategory%252525252Fschools%252525252Ftoeic%252525252Fcountry_id%252525253A6%252525252Farea_id%252525253A6001%252525252Fdirection%252525253Adesc,dup_no_user_canonical,2026-09-18,2026-09-21T20:26:15,2026-09-21T20:26:15
https://schoolwith.me/category/schools/toeic/direction:desc/country_id:6/area_id:6001?sort_type=/category/schools/toeic/direction:desc/country_id:6/area_id:6001?sort_type%3D%252Fcategory%252Fschools%252Ftoeic%252Fsort%253Alowest_fee_per_month%252Fdirection%253Aasc%252Fcountry_id%253A6%252Farea_id%253A6001,dup_no_user_canonical,2026-09-18,2026-09-21T20:26:15,2026-09-21T20:26:15
https://schoolwith.me/category/schools/toeic/direction:desc/country_id:6/area_id:6001?sort_type=/category/schools/toeic/sort:lowest_fee_per_month/direction:asc/country_id:6/area_id:6001?sort_type%3D%252Fcategory%252Fschools%252Ftoeic%252Fsort%253Alowest_fee_per_month%252Fdirection%253Aasc%252Fcountry_id%253A6%252Farea_id%253A6001,dup_no_user_canonical,2026-09-18,2026-09-21T20:26:15,2026-09-21T20:26:15
https://schoolwith.me/category/schools/toeic/direction:desc/country_id:8?sort_type=/category/schools/toeic/country_id:8/direction:desc?sort_type%3D%252Fcategory%252Fschools%252Ftoeic%252Fcountry_id%253A8%252Fdirection%253Adesc%253Fsort_type%253D%25252Fcategory%25252Fschools%25252Ftoeic%25252Fcountry_id%25253A8%25252Fsort%25253Alowest_fee_per_month%25252Fdirection%25253Aasc%25253Fsort_type%25253D%2525252Fcategory%2525252Fschools%2525252Ftoeic%2525252Fcountry_id%2525253A8%2525252Fdirection%2525253Adesc%2525253Fsort_type%2525253D%252525252Fcategory%252525252Fschools%252525252Ftoeic%252525252Fcountry_id%252525253A8%252525252Fsort%252525253Alowest_fee_per_month%252525252Fdirection%252525253Aasc%252525253Fsort_type%252525253D%25252525252Fcategory%25252525252Fschools%25252525252Ftoeic%25252525252Fcountry_id%25252525253A8%25252525252Fsort%25252525253Alowest_fee_per_month%25252525252Fdirection%25252525253Aasc%25252525253Fsort_type%25252525253D%2525252525252Fcategory%2525252525252Fschools%2525252525252Ftoeic%2525252525252Fcountry_id%2525252525253A8%2525252525252Fsort%2525252525253Alowest_fee_per_month%2525252525252Fdirection%2525252525253Aasc,dup_no_user_canonical,2026-09-18,2026-09-21T20:26:15,2026-09-21T20:26:15
https://schoolwith.me/category/schools/toeic/direction:desc/country_id:8?sort_type=/category/schools/toeic/country_id:8/direction:desc?sort_type%3D%252Fcategory%252Fschools%252Ftoeic%252Fcountry_id%253A8%252Fsort%253Alowest_fee_per_month%252Fdirection%253Aasc%253Fsort_type%253D%25252Fcategory%25252Fschools%25252Ftoeic%25252Fcountry_id%25253A8%25252Fsort%25253Alowest_fee_per_month%25252Fdirection%25253Aasc%25253Fsort_type%25253D%2525252Fcategory%2525252Fschools%2525252Ftoeic%2525252Fcountry_id%2525253A8%2525252Fsort%2525253Alowest_fee_per_month%2525252Fdirection%2525253Aasc%2525253Fsort_type%2525253D%252525252Fcategory%252525252Fschools%252525252Ftoeic%252525252Fcountry_id%252525253A8%252525252Fsort%252525253Alowest_fee_per_month%252525252Fdirection%252525253Aasc%252525253Fsort_type%252525253D%25252525252Fcategory%25252525252Fschools%25252525252Ftoeic%25252525252Fcountry_id%25252525253A8%25252525252Fdirection%25252525253Adesc%25252525253Fsort_type%25252525253D%2525252525252Fcategory%2525252525252Fschools%2525252525252Ftoeic%2525252525252Fcountry_id%2525252525253A8%2525252525252Fsort%2525252525253Alowest_fee_per_month%2525252525252Fdirection%2525252525253Aasc%2525252525253Fsort_type%2525252525253D%252525252525252Fcategory%252525252525252Fschools%252525252525252Ftoeic%252525252525252Fcountry_id%252525252525253A8%252525252525252Fsort%252525252525253Alowest_fee_per_month%252525252525252Fdirection%252525252525253Aasc,dup_no_user_canonical,2026-09-18,2026-09-21T20:26:15,2026-09-21T20:26:15
https://schoolwith.me/category/schools/toeic/direction:desc/country_id:8?sort_type=/category/schools/toeic/direction:asc/country_id:8/sort:lowest_fee_per_month?sort_type%3D%252Fcategory%252Fschools%252Ftoeic%252Fdirection%253Aasc%252Fcountry_id%253A8%252Fsort%253Alowest_fee_per_month%253Fsort_type%253D%25252Fcategory%25252Fschools%25252Ftoeic%25252Fcountry_id%25253A8%25252Fsort%25253Alowest_fee_per_month%25252Fdirection%25253Aasc%25253Fsort_type%25253D%2525252Fcategory%2525252Fschools%2525252Ftoeic%2525252Fcountry_id%2525253A8%2525252Fdirection%2525253Adesc%2525253Fsort_type%2525253D%252525252Fcategory%252525252Fschools%252525252Ftoeic%252525252Fcountry_id%252525253A8%252525252Fdirection%252525253Adesc%252525253Fsort_type%252525253D%25252525252Fcategory%25252525252Fschools%25252525252Ftoeic%25252525252Fcountry_id%25252525253A8%25252525252Fsort%25252525253Alowest_fee_per_month%25252525252Fdirection%25252525253Aasc%25252525253Fsort_type%25252525253D%2525252525252Fcategory%2525252525252Fschools%2525252525252Ftoeic%2525252525252Fcountry_id%2525252525253A8%2525252525252Fsort%2525252525253Alowest_fee_per_month%2525252525252Fdirection%2525252525253Aasc%2525252525253Fsort_type%2525252525253D%252525252525252Fcategory%252525252525252Fschools%252525252525252Ftoeic%252525252525252Fcountry_id%252525252525253A8%252525252525252Fsort%252525252525253Alowest_fee_per_month%252525252525252Fdirection%252525252525253Aasc,dup_no_user_canonical,2026-09-18,2026-09-21T20:26:15,2026-09-21T20:26:15
https://schoolwith.me/category/schools/toeic/direction:desc/country_id:8?sort_type=/category/schools/toeic/direction:asc/country_id:8/sort:lowest_fee_per_month?sort_type%3D%252Fcategory%252Fschools%252Ftoeic%252Fdirection%253Adesc%252Fcountry_id%253A8%253Fsort_type%253D%25252Fcategory%25252Fschools%25252Ftoeic%25252Fdirection%25253Adesc%25252Fcountry_id%25253A8%25253Fsort_type%25253D%2525252Fcategory%2525252Fschools%2525252Ftoeic%2525252Fcountry_id%2525253A8%2525252Fsort%2525253Alowest_fee_per_month%2525252Fdirection%2525253Aasc%2525253Fsort_type%2525253D%252525252Fcategory%252525252Fschools%252525252Ftoeic%252525252Fcountry_id%252525253A8%252525252Fsort%252525253Alowest_fee_per_month%252525252Fdirection%252525253Aasc%252525253Fsort_type%252525253D%25252525252Fcategory%25252525252Fschools%25252525252Ftoeic%25252525252Fcountry_id%25252525253A8%25252525252Fsort%25252525253Alowest_fee_per_month%25252525252Fdirection%25252525253Aasc%25252525253Fsort_type%25252525253D%2525252525252Fcategory%2525252525252Fschools%2525252525252Ftoeic%2525252525252Fcountry_id%2525252525253A8%2525252525252Fsort%2525252525253Alowest_fee_per_month%2525252525252Fdirection%2525252525253Aasc,dup_no_user_canonical,2026-09-18,2026-09-21T20:26:15,2026-09-21T20:26:15
https://schoolwith.me/category/schools/toeic/direction:desc/country_id:8?sort_type=/category/schools/toeic/direction:desc/country_id:8,crawled_not_indexed,2026-09-18,2026-09-21T20:26:15,2026-09-21T20:26:15
https://schoolwith.me/category/schools/toeic/direction:desc/country_id:8?sort_type=/category/schools/toeic/direction:desc/country_id:8?sort_type%3D%252Fcategory%252Fschools%252Ftoeic%252Fcountry_id%253A8%252Fdirection%253Adesc%253Fsort_type%253D%25252Fcategory%25252Fschools%25252Ftoeic%25252Fcountry_id%25253A8%25252Fdirection%25253Adesc%25253Fsort_type%25253D%2525252Fcategory%2525252Fschools%2525252Ftoeic%2525252Fcountry_id%2525253A8%2525252Fsort%2525253Alowest_fee_per_month%2525252Fdirection%2525253Aasc%2525253Fsort_type%2525253D%252525252Fcategory%252525252Fschools%252525252Ftoeic%252525252Fcountry_id%252525253A8%252525252Fdirection%252525253Adesc%252525253Fsort_type%252525253D%25252525252Fcategory%25252525252Fschools%25252525252Ftoeic%25252525252Fcountry_id%25252525253A8%25252525252Fsort%25252525253Alowest_fee_per_month%25252525252Fdirection%25252525253Aasc%25252525253Fsort_type%25252525253D%2525252525252Fcategory%2525252525252Fschools%2525252525252Ftoeic%2525252525252Fcountry_id%2525252525253A8%2525252525252Fsort%2525252525253Alowest_fee_per_month%2525252525252Fdirection%2525252525253Aasc%2525252525253Fsort_type%2525252525253D%252525252525252Fcategory%252525252525252Fschools%252525252525252Ftoeic%252525252525252Fcountry_id%252525252525253A8%252525252525252Fsort%252525252525253Alowest_fee_per_month%252525252525252Fdirection%252525252525253Aasc,dup_no_user_canonical,2026-09-18,2026-09-21T20:26:15,2026-09-21T20:26:15
https://schoolwith.me/category/schools/toeic/direction:desc/country_id:8?sort_type=/category/schools/toeic/direction:desc/country_id:8?sort_type%3D%252Fcategory%252Fschools%252Ftoeic%252Fdirection%253Aasc%252Fcountry_id%253A8%252Fsort%253Alowest_fee_per_month%253Fsort_type%253D%25252Fcategory%25252Fschools%25252Ftoeic%25252Fdirection%25253Adesc%25252Fcountry_id%25253A8%25253Fsort_type%25253D%2525252Fcategory%2525252Fschools%2525252Ftoeic%2525252Fdirection%2525253Adesc%2525252Fcountry_id%2525253A8%2525253Fsort_type%2525253D%252525252Fcategory%252525252Fschools%252525252Ftoeic%252525252Fcountry_id%252525253A8%252525252Fsort%252525253Alowest_fee_per_month%252525252Fdirection%252525253Aasc%252525253Fsort_type%252525253D%25252525252Fcategory%25252525252Fschools%25252525252Ftoeic%25252525252Fcountry_id%25252525253A8%25252525252Fsort%25252525253Alowest_fee_per_month%25252525252Fdirection%25252525253Aasc%25252525253Fsort_type%25252525253D%2525252525252Fcategory%2525252525252Fschools%2525252525252Ftoeic%2525252525252Fcountry_id%2525252525253A8%2525252525252Fsort%2525252525253Alowest_fee_per_month%2525252525252Fdirection%2525252525253Aasc%2525252525253Fsort_type%2525252525253D%252525252525252Fcategory%252525252525252Fschools%252525252525252Ftoeic%252525252525252Fcountry_id%252525252525253A8%252525252525252Fsort%252525252525253Alowest_fee_per_month%252525252525252Fdirection%252525252525253Aasc,dup_no_user_canonical,2026-09-18,2026-09-21T20:26:15,2026-09-21T20:26:15
https://schoolwith.me/category/schools/toeic/direction:desc/country_id:8?sort_type=/category/schools/toeic/direction:desc/country_id:8?sort_type%3D%252Fcategory%252Fschools%252Ftoeic%252Fdirection%253Adesc%252Fcountry_id%253A8%253Fsort_type%253D%25252Fcategory%25252Fschools%25252Ftoeic%25252Fdirection%25253Adesc%25252Fcountry_id%25253A8%25253Fsort_type%25253D%2525252Fcategory%2525252Fschools%2525252Ftoeic%2525252Fcountry_id%2525253A8%2525252Fsort%2525253Alowest_fee_per_month%2525252Fdirection%2525253Aasc%2525253Fsort_type%2525253D%252525252Fcategory%252525252Fschools%252525252Ftoeic%252525252Fcountry_id%252525253A8%252525252Fsort%252525253Alowest_fee_per_month%252525252Fdirection%252525253Aasc%252525253Fsort_type%252525253D%25252525252Fcategory%25252525252Fschools%25252525252Ftoeic%25252525252Fcountry_id%25252525253A8%25252525252Fsort%25252525253Alowest_fee_per_month%25252525252Fdirection%25252525253Aasc%25252525253Fsort_type%25252525253D%2525252525252Fcategory%2525252525252Fschools%2525252525252Ftoeic%2525252525252Fcountry_id%2525252525253A8%2525252525252Fsort%2525252525253Alowest_fee_per_month%2525252525252Fdirection%2525252525253Aasc,dup_no_user_canonical,2026-09-18,2026-09-21T20:26:15,2026-09-21T20:26:15
https://schoolwith.me/category/schools/toeic/direction:desc/country_id:8?sort_type=/category/schools/toeic/direction:desc/country_id:8?sort_type%3D%252Fcategory%252Fschools%252Ftoeic%252Fdirection%253Adesc%252Fcountry_id%253A8%253Fsort_type%253D%25252Fcategory%25252Fschools%25252Ftoeic%25252Fdirection%25253Adesc%25252Fcountry_id%25253A8%25253Fsort_type%25253D%2525252Fcategory%2525252Fschools%2525252Ftoeic%2525252Fdirection%2525253Adesc%2525252Fcountry_id%2525253A8%2525253Fsort_type%2525253D%252525252Fcategory%252525252Fschools%252525252Ftoeic%252525252Fcountry_id%252525253A8%252525252Fsort%252525253Alowest_fee_per_month%252525252Fdirection%252525253Aasc%252525253Fsort_type%252525253D%25252525252Fcategory%25252525252Fschools%25252525252Ftoeic%25252525252Fcountry_id%25252525253A8%25252525252Fsort%25252525253Alowest_fee_per_month%25252525252Fdirection%25252525253Aasc%25252525253Fsort_type%25252525253D%2525252525252Fcategory%2525252525252Fschools%2525252525252Ftoeic%2525252525252Fcountry_id%2525252525253A8%2525252525252Fsort%2525252525253Alowest_fee_per_month%2525252525252Fdirection%2525252525253Aasc%2525252525253Fsort_type%2525252525253D%252525252525252Fcategory%252525252525252Fschools%252525252525252Ftoeic%252525252525252Fcountry_id%252525252525253A8%252525252525252Fsort%252525252525253Alowest_fee_per_month%252525252525252Fdirection%252525252525253Aasc,dup_no_user_canonical,2026-09-18,2026-09-21T20:26:15,2026-09-21T20:26:15
https://schoolwith.me/category/schools/toeic/direction:desc?sort_type=/category/schools/toeic/direction:asc/sort:lowest_fee_per_month?sort_type%3D%252Fcategory%252Fschools%252Ftoeic%252Fdirection%253Aasc%252Fsort%253Alowest_fee_per_month%253Fsort_type%253D%25252Fcategory%25252Fschools%25252Ftoeic%25252Fdirection%25253Adesc%25253Fsort_type%25253D%2525252Fcategory%2525252Fschools%2525252Ftoeic%2525252Fdirection%2525253Adesc%2525253Fsort_type%2525253D%252525252Fcategory%252525252Fschools%252525252Ftoeic%252525252Fdirection%252525253Aasc%252525252Fsort%252525253Alowest_fee_per_month%252525253Fsort_type%252525253D%25252525252Fcategory%25252525252Fschools%25252525252Ftoeic%25252525252Fdirection%25252525253Adesc%25252525253Fsort_type%25252525253D%2525252525252Fcategory%2525252525252Fschools%2525252525252Ftoeic%2525252525252Fdirection%2525252525253Aasc%2525252525252Fsort%2525252525253Alowest_fee_per_month%2525252525253Fsort_type%2525252525253D%252525252525252Fcategory%252525252525252Fschools%252525252525252Ftoeic%252525252525252Fdirection%252525252525253Adesc%252525252525253Fsort_type%252525252525253D%25252525252525252Fcategory%25252525252525252Fschools%25252525252525252Ftoeic%25252525252525252Fdirection%25252525252525253Adesc%25252525252525253Fsrc_user%25252525252525253Dtop_main_ctgry_pc,crawled_not_indexed,2026-09-18,2026-09-21T20:26:15,2026-09-21T20:26:15
https://schoolwith.me/category/schools/toeic/direction:desc?sort_type=/category/schools/toeic/direction:desc?sort_type%3D%252Fcategory%252Fschools%252Ftoeic%252Fdirection%253Adesc%253Fsort_type%253D%25252Fcategory%25252Fschools%25252Ftoeic%25252Fdirection%25253Aasc%25252Fsort%25253Alowest_fee_per_month%25253Fsort_type%25253D%2525252Fcategory%2525252Fschools%2525252Ftoeic%2525252Fdirection%2525253Adesc%2525253Fsort_type%2525253D%252525252Fcategory%252525252Fschools%252525252Ftoeic%252525252Fdirection%252525253Adesc%252525253Fsort_type%252525253D%25252525252Fcategory%25252525252Fschools%25252525252Ftoeic%25252525252Fdirection%25252525253Adesc%25252525253Fsort_type%25252525253D%2525252525252Fcategory%2525252525252Fschools%2525252525252Ftoeic%2525252525252Fsort%2525252525253Alowest_fee_per_month%2525252525252Fdirection%2525252525253Aasc%2525252525253Fsrc_user%2525252525253Dtop_main_ctgry_pc,dup_no_user_canonical,2026-09-18,2026-09-21T20:26:15,2026-09-21T20:26:15
https://schoolwith.me/category/schools/toeic/direction:desc?sort_type=/category/schools/toeic/direction:desc?sort_type%3D%252Fcategory%252Fschools%252Ftoeic%252Fdirection%253Adesc%253Fsort_type%253D%25252Fcategory%25252Fschools%25252Ftoeic%25252Fdirection%25253Adesc%25253Fsort_type%25253D%2525252Fcategory%2525252Fschools%2525252Ftoeic%2525252Fsort%2525253Alowest_fee_per_month%2525252Fdirection%2525253Aasc%2525253Fsort_type%2525253D%252525252Fcategory%252525252Fschools%252525252Ftoeic%252525252Fdirection%252525253Adesc%252525253Fsort_type%252525253D%25252525252Fcategory%25252525252Fschools%25252525252Ftoeic%25252525252Fdirection%25252525253Adesc%25252525253Fsort_type%25252525253D%2525252525252Fcategory%2525252525252Fschools%2525252525252Ftoeic%2525252525252Fsort%2525252525253Alowest_fee_per_month%2525252525252Fdirection%2525252525253Aasc%2525252525253Fsrc_user%2525252525253Dtop_main_ctgry_pc,dup_no_user_canonical,2026-09-18,2026-09-21T20:26:15,2026-09-21T20:26:15
https://schoolwith.me/category/schools/toeic/page:2/direction:asc/sort:lowest_fee_per_month?sort_type=/category/schools/toeic/direction:desc?sort_type%3D%252Fcategory%252Fschools%252Ftoeic%252Fdirection%253Aasc%252Fsort%253Alowest_fee_per_month%253Fsort_type%253D%25252Fcategory%25252Fschools%25252Ftoeic%25252Fdirection%25253Adesc%25253Fsort_type%25253D%2525252Fcategory%2525252Fschools%2525252Ftoeic%2525252Fdirection%2525253Aasc%2525252Fsort%2525253Alowest_fee_per_month%2525253Fsort_type%2525253D%252525252Fcategory%252525252Fschools%252525252Ftoeic%252525252Fdirection%252525253Adesc%252525253Fsort_type%252525253D%25252525252Fcategory%25252525252Fschools%25252525252Ftoeic%25252525252Fsort%25252525253Alowest_fee_per_month%25252525252Fdirection%25252525253Aasc%25252525253Fsort_type%25252525253D%2525252525252Fcategory%2525252525252Fschools%2525252525252Ftoeic%2525252525252Fdirection%2525252525253Adesc%2525252525253Fsort_type%2525252525253D%252525252525252Fcategory%252525252525252Fschools%252525252525252Ftoeic%252525252525252Fsort%252525252525253Alowest_fee_per_month%252525252525252Fdirection%252525252525253Aasc%252525252525253Fsort_type%252525252525253D%25252525252525252Fcategory%25252525252525252Fschools%25252525252525252Ftoeic%25252525252525252Fdirection%25252525252525253Adesc%25252525252525253Fsort_type%25252525252525253D%2525252525252525252Fcategory%2525252525252525252Fschools%2525252525252525252Ftoeic%2525252525252525252Fdirection%2525252525252525253Adesc%2525252525252525253Fsort_type%2525252525252525253D%252525252525252525252Fcategory%252525252525252525252Fschools%252525252525252525252Ftoeic%252525252525252525253Fsrc_user%252525252525252525253Dtop_main_ctgry_pc,crawled_not_indexed,2026-09-18,2026-09-21T20:26:15,2026-09-21T20:26:15
https://schoolwith.me/category/schools/toeic/page:3/country_id:1/sort:School.application_cnt/direction:DESC?sort_type=/category/schools/toeic/country_id:1,dup_no_user_canonical,2026-09-18,2026-09-21T20:26:15,2026-09-21T20:26:15
https://schoolwith.me/category/schools/toeic/sort:lowest_fee_per_month/direction:ASC/country_id:6/area_id:6001?sort_type=/category/schools/toeic/country_id:6/area_id:6001,dup_no_user_canonical,2026-09-18,2026-09-21T20:26:15,2026-09-21T20:26:15
https://schoolwith.me/category/schools/toeic/sort:lowest_fee_per_month/direction:asc/country_id:1/area_id:1?sort_type=/category/schools/toeic/country_id:1/area_id:1,dup_no_user_canonical,2026-09-18,2026-09-21T20:26:15,2026-09-21T20:26:15
https://schoolwith.me/category/schools/toeic/sort:lowest_fee_per_month/direction:asc/country_id:1/area_id:1?sort_type=/category/schools/toeic/country_id:1/area_id:1?sort_type%3D%252Fcategory%252Fschools%252Ftoeic%252Fsort%253Alowest_fee_per_month%252Fdirection%253AASC%252Fcountry_id%253A1%252Farea_id%253A1%253Fsort_type%253D%25252Fcategory%25252Fschools%25252Ftoeic%25252Fsort%25253Alowest_fee_per_month%25252Fdirection%25253AASC%25252Fcountry_id%25253A1%25252Farea_id%25253A1,dup_no_user_canonical,2026-09-18,2026-09-21T20:26:15,2026-09-21T20:26:15
https://schoolwith.me/category/schools/toeic/sort:lowest_fee_per_month/direction:asc/country_id:1/area_id:1?sort_type=/category/schools/toeic/sort:lowest_fee_per_month/direction:ASC/country_id:1/area_id:1?sort_type%3D%252Fcategory%252Fschools%252Ftoeic%252Fsort%253Alowest_fee_per_month%252Fdirection%253AASC%252Fcountry_id%253A1%252Farea_id%253A1,dup_no_user_canonical,2026-09-18,2026-09-21T20:26:15,2026-09-21T20:26:15
https://schoolwith.me/category/schools/toeic/sort:lowest_fee_per_month/direction:asc/country_id:1/area_id:1?sort_type=/category/schools/toeic/sort:lowest_fee_per_month/direction:ASC/country_id:1/area_id:1?sort_type%3D%252Fcategory%252Fschools%252Ftoeic%252Fsort%253Alowest_fee_per_month%252Fdirection%253AASC%252Fcountry_id%253A1%252Farea_id%253A1%253Fsort_type%253D%25252Fcategory%25252Fschools%25252Ftoeic%25252Fsort%25253Alowest_fee_per_month%25252Fdirection%25253AASC%25252Fcountry_id%25253A1%25252Farea_id%25253A1,dup_no_user_canonical,2026-09-18,2026-09-21T20:26:15,2026-09-21T20:26:15
https://schoolwith.me/category/schools/traveller/sort:lowest_fee_per_month/direction:asc?sort_type=/category/schools/traveller/direction:desc?sort_type%3D%252Fcategory%252Fschools%252Ftraveller%252Fdirection%253Adesc%253Fsort_type%253D%25252Fcategory%25252Fschools%25252Ftraveller%25252Fdirection%25253Adesc,dup_no_user_canonical,2026-09-18,2026-09-21T20:26:15,2026-09-21T20:26:15
https://schoolwith.me/category/schools/univ_going/country_id:2/area_id:2004/sort:lowest_fee_per_month/direction:asc,crawled_not_indexed,2026-09-18,2026-09-21T20:26:15,2026-09-21T20:26:15
https://schoolwith.me/category/schools/univ_going/country_id:3/area_id:3005,discovered_not_indexed,2026-09-18,2026-09-21T20:26:15,2026-09-21T20:26:15
https://schoolwith.me/category/schools/univ_going/country_id:4/area_id:4001,discovered_not_indexed,2026-09-18,2026-09-21T20:26:15,2026-09-21T20:26:15
https://schoolwith.me/category/schools/univ_going/country_id:4/area_id:4003,discovered_not_indexed,2026-09-18,2026-09-21T20:26:15,2026-09-21T20:26:15
https://schoolwith.me/category/schools/univ_going/country_id:5/area_id:5003/sort:lowest_fee_per_month/direction:asc,crawled_not_indexed,2026-09-18,2026-09-21T20:26:15,2026-09-21T20:26:15
https://schoolwith.me/category/schools/univ_going/country_id:6,discovered_not_indexed,2026-09-18,2026-09-21T20:26:15,2026-09-21T20:26:15
https://schoolwith.me/category/schools/univ_going/country_id:7/area_id:7001,discovered_not_indexed,2026-09-18,2026-09-21T20:26:15,2026-09-21T20:26:15
https://schoolwith.me/category/schools/univ_going/direction:asc/sort:lowest_fee_per_month?sort_type=/category/schools/univ_going/direction:desc?sort_type%3D%252Fcategory%252Fschools%252Funiv_going%252Fsort%253Alowest_fee_per_month%252Fdirection%253Aasc%253Fsort_type%253D%25252Fcategory%25252Fschools%25252Funiv_going%25252Fdirection%25253Adesc%25253Fsort_type%25253D%2525252Fcategory%2525252Fschools%2525252Funiv_going%2525252Fsort%2525253Atmp_overall_score%2525252Fdirection%2525253ADESC,dup_no_user_canonical,2026-09-18,2026-09-21T20:26:15,2026-09-21T20:26:15
https://schoolwith.me/category/schools/univ_going/direction:asc/sort:lowest_fee_per_month?sort_type=/category/schools/univ_going/sort:lowest_fee_per_month/direction:asc?sort_type%3D%252Fcategory%252Fschools%252Funiv_going%252Fdirection%253Adesc%253Fsort_type%253D%25252Fcategory%25252Fschools%25252Funiv_going%25252Fdirection%25253Adesc%25253Fsort_type%25253D%2525252Fcategory%2525252Fschools%2525252Funiv_going%2525252Fdirection%2525253Adesc%2525253Fsort_type%2525253D%252525252Fcategory%252525252Fschools%252525252Funiv_going%252525252Fsort%252525253Alowest_fee_per_month%252525252Fdirection%252525253Aasc,dup_no_user_canonical,2026-09-18,2026-09-21T20:26:15,2026-09-21T20:26:15
https://schoolwith.me/category/schools/univ_going/direction:desc/country_id:2,dup_no_user_canonical,2026-09-18,2026-09-21T20:26:15,2026-09-21T20:26:15
https://schoolwith.me/category/schools/univ_going/direction:desc/country_id:2?sort_type=/category/schools/univ_going/country_id:2/direction:desc?sort_type%3D%252Fcategory%252Fschools%252Funiv_going%252Fcountry_id%253A2%252Fdirection%253Adesc%253Fsort_type%253D%25252Fcategory%25252Fschools%25252Funiv_going%25252Fcountry_id%25253A2%25252Fsort%25253Alowest_fee_per_month%25252Fdirection%25253Aasc%25253Fsort_type%25253D%2525252Fcategory%2525252Fschools%2525252Funiv_going%2525252Fcountry_id%2525253A2%2525252Fdirection%2525253Adesc%2525253Fsort_type%2525253D%252525252Fcategory%252525252Fschools%252525252Funiv_going%252525252Fcountry_id%252525253A2%252525252Fdirection%252525253Adesc%252525253Fsort_type%252525253D%25252525252Fcategory%25252525252Fschools%25252525252Funiv_going%25252525252Fcountry_id%25252525253A2%25252525252Fsort%25252525253Alowest_fee_per_month%25252525252Fdirection%25252525253Aasc%25252525253Fsort_type%25252525253D%2525252525252Fcategory%2525252525252Fschools%2525252525252Funiv_going%2525252525252Fcountry_id%2525252525253A2%2525252525252Fsort%2525252525253Alowest_fee_per_month%2525252525252Fdirection%2525252525253Aasc,dup_no_user_canonical,2026-09-18,2026-09-21T20:26:15,2026-09-21T20:26:15
https://schoolwith.me/category/schools/univ_going/direction:desc/country_id:2?sort_type=/category/schools/univ_going/country_id:2/sort:lowest_fee_per_month/direction:asc?sort_type%3D%252Fcategory%252Fschools%252Funiv_going%252Fcountry_id%253A2%252Fdirection%253Adesc%253Fsort_type%253D%25252Fcategory%25252Fschools%25252Funiv_going%25252Fcountry_id%25253A2%25252Fdirection%25253Adesc%25253Fsort_type%25253D%2525252Fcategory%2525252Fschools%2525252Funiv_going%2525252Fcountry_id%2525253A2%2525252Fsort%2525253Alowest_fee_per_month%2525252Fdirection%2525253Aasc%2525253Fsort_type%2525253D%252525252Fcategory%252525252Fschools%252525252Funiv_going%252525252Fcountry_id%252525253A2%252525252Fdirection%252525253Adesc%252525253Fsort_type%252525253D%25252525252Fcategory%25252525252Fschools%25252525252Funiv_going%25252525252Fcountry_id%25252525253A2%25252525252Fsort%25252525253Alowest_fee_per_month%25252525252Fdirection%25252525253Aasc%25252525253Fsort_type%25252525253D%2525252525252Fcategory%2525252525252Fschools%2525252525252Funiv_going%2525252525252Fcountry_id%2525252525253A2%2525252525252Fsort%2525252525253Alowest_fee_per_month%2525252525252Fdirection%2525252525253Aasc,dup_no_user_canonical,2026-09-18,2026-09-21T20:26:15,2026-09-21T20:26:15
https://schoolwith.me/category/schools/univ_going/direction:desc/country_id:2?sort_type=/category/schools/univ_going/direction:asc/country_id:2/sort:lowest_fee_per_month?sort_type%3D%252Fcategory%252Fschools%252Funiv_going%252Fcountry_id%253A2%252Fsort%253Alowest_fee_per_month%252Fdirection%253Aasc%253Fsort_type%253D%25252Fcategory%25252Fschools%25252Funiv_going%25252Fcountry_id%25253A2%25252Fsort%25253Alowest_fee_per_month%25252Fdirection%25253Aasc%25253Fsort_type%25253D%2525252Fcategory%2525252Fschools%2525252Funiv_going%2525252Fcountry_id%2525253A2%2525252Fsort%2525253Alowest_fee_per_month%2525252Fdirection%2525253Aasc%2525253Fsort_type%2525253D%252525252Fcategory%252525252Fschools%252525252Funiv_going%252525252Fcountry_id%252525253A2%252525252Fsort%252525253Alowest_fee_per_month%252525252Fdirection%252525253Aasc%252525253Fsort_type%252525253D%25252525252Fcategory%25252525252Fschools%25252525252Funiv_going%25252525252Fcountry_id%25252525253A2%25252525252Fsort%25252525253Alowest_fee_per_month%25252525252Fdirection%25252525253Aasc,dup_no_user_canonical,2026-09-18,2026-09-21T20:26:15,2026-09-21T20:26:15
https://schoolwith.me/category/schools/univ_going/direction:desc/country_id:2?sort_type=/category/schools/univ_going/direction:asc/country_id:2/sort:lowest_fee_per_month?sort_type%3D%252Fcategory%252Fschools%252Funiv_going%252Fdirection%253Aasc%252Fcountry_id%253A2%252Fsort%253Alowest_fee_per_month%253Fsort_type%253D%25252Fcategory%25252Fschools%25252Funiv_going%25252Fdirection%25253Aasc%25252Fcountry_id%25253A2%25252Fsort%25253Alowest_fee_per_month%25253Fsort_type%25253D%2525252Fcategory%2525252Fschools%2525252Funiv_going%2525252Fdirection%2525253Aasc%2525252Fcountry_id%2525253A2%2525252Fsort%2525253Alowest_fee_per_month%2525253Fsort_type%2525253D%252525252Fcategory%252525252Fschools%252525252Funiv_going%252525252Fdirection%252525253Adesc%252525252Fcountry_id%252525253A2%252525253Fsort_type%252525253D%25252525252Fcategory%25252525252Fschools%25252525252Funiv_going%25252525252Fdirection%25252525253Aasc%25252525252Fsort%25252525253Alowest_fee_per_month%25252525252Fcountry_id%25252525253A2,dup_no_user_canonical,2026-09-18,2026-09-21T20:26:15,2026-09-21T20:26:15
https://schoolwith.me/category/schools/univ_going/direction:desc/country_id:2?sort_type=/category/schools/univ_going/direction:asc/country_id:2/sort:lowest_fee_per_month?sort_type%3D%252Fcategory%252Fschools%252Funiv_going%252Fdirection%253Aasc%252Fcountry_id%253A2%252Fsort%253Alowest_fee_per_month%253Fsort_type%253D%25252Fcategory%25252Fschools%25252Funiv_going%25252Fdirection%25253Aasc%25252Fcountry_id%25253A2%25252Fsort%25253Alowest_fee_per_month%25253Fsort_type%25253D%2525252Fcategory%2525252Fschools%2525252Funiv_going%2525252Fdirection%2525253Adesc%2525252Fcountry_id%2525253A2%2525253Fsort_type%2525253D%252525252Fcategory%252525252Fschools%252525252Funiv_going%252525252Fdirection%252525253Aasc%252525252Fsort%252525253Alowest_fee_per_month%252525252Fcountry_id%252525253A2,dup_no_user_canonical,2026-09-18,2026-09-21T20:26:15,2026-09-21T20:26:15
https://schoolwith.me/category/schools/univ_going/direction:desc/country_id:2?sort_type=/category/schools/univ_going/direction:asc/country_id:2/sort:lowest_fee_per_month?sort_type%3D%252Fcategory%252Fschools%252Funiv_going%252Fdirection%253Adesc%252Fcountry_id%253A2,dup_no_user_canonical,2026-09-18,2026-09-21T20:26:15,2026-09-21T20:26:15
https://schoolwith.me/category/schools/univ_going/direction:desc/country_id:2?sort_type=/category/schools/univ_going/direction:asc/country_id:2/sort:lowest_fee_per_month?sort_type%3D%252Fcategory%252Fschools%252Funiv_going%252Fdirection%253Adesc%252Fcountry_id%253A2%253Fsort_type%253D%25252Fcategory%25252Fschools%25252Funiv_going%25252Fdirection%25253Aasc%25252Fcountry_id%25253A2%25252Fsort%25253Alowest_fee_per_month%25253Fsort_type%25253D%2525252Fcategory%2525252Fschools%2525252Funiv_going%2525252Fdirection%2525253Aasc%2525252Fcountry_id%2525253A2%2525252Fsort%2525253Alowest_fee_per_month%2525253Fsort_type%2525253D%252525252Fcategory%252525252Fschools%252525252Funiv_going%252525252Fdirection%252525253Aasc%252525252Fcountry_id%252525253A2%252525252Fsort%252525253Alowest_fee_per_month%252525253Fsort_type%252525253D%25252525252Fcategory%25252525252Fschools%25252525252Funiv_going%25252525252Fdirection%25252525253Adesc%25252525252Fcountry_id%25252525253A2%25252525253Fsort_type%25252525253D%2525252525252Fcategory%2525252525252Fschools%2525252525252Funiv_going%2525252525252Fdirection%2525252525253Aasc%2525252525252Fsort%2525252525253Alowest_fee_per_month%2525252525252Fcountry_id%2525252525253A2,dup_no_user_canonical,2026-09-18,2026-09-21T20:26:15,2026-09-21T20:26:15
https://schoolwith.me/category/schools/univ_going/direction:desc/country_id:2?sort_type=/category/schools/univ_going/direction:asc/country_id:2/sort:lowest_fee_per_month?sort_type%3D%252Fcategory%252Fschools%252Funiv_going%252Fdirection%253Adesc%252Fcountry_id%253A2%253Fsort_type%253D%25252Fcategory%25252Fschools%25252Funiv_going%25252Fdirection%25253Aasc%25252Fcountry_id%25253A2%25252Fsort%25253Alowest_fee_per_month%25253Fsort_type%25253D%2525252Fcategory%2525252Fschools%2525252Funiv_going%2525252Fdirection%2525253Aasc%2525252Fcountry_id%2525253A2%2525252Fsort%2525253Alowest_fee_per_month%2525253Fsort_type%2525253D%252525252Fcategory%252525252Fschools%252525252Funiv_going%252525252Fdirection%252525253Adesc%252525252Fcountry_id%252525253A2%252525253Fsort_type%252525253D%25252525252Fcategory%25252525252Fschools%25252525252Funiv_going%25252525252Fdirection%25252525253Aasc%25252525252Fsort%25252525253Alowest_fee_per_month%25252525252Fcountry_id%25252525253A2,dup_no_user_canonical,2026-09-18,2026-09-21T20:26:15,2026-09-21T20:26:15
https://schoolwith.me/category/schools/univ_going/direction:desc/country_id:2?sort_type=/category/schools/univ_going/direction:desc/country_id:2?sort_type%3D%252Fcategory%252Fschools%252Funiv_going%252Fdirection%253Aasc%252Fcountry_id%253A2%252Fsort%253Alowest_fee_per_month%253Fsort_type%253D%25252Fcategory%25252Fschools%25252Funiv_going%25252Fdirection%25253Aasc%25252Fcountry_id%25253A2%25252Fsort%25253Alowest_fee_per_month%25253Fsort_type%25253D%2525252Fcategory%2525252Fschools%2525252Funiv_going%2525252Fdirection%2525253Aasc%2525252Fcountry_id%2525253A2%2525252Fsort%2525253Alowest_fee_per_month%2525253Fsort_type%2525253D%252525252Fcategory%252525252Fschools%252525252Funiv_going%252525252Fdirection%252525253Adesc%252525252Fcountry_id%252525253A2%252525253Fsort_type%252525253D%25252525252Fcategory%25252525252Fschools%25252525252Funiv_going%25252525252Fdirection%25252525253Aasc%25252525252Fsort%25252525253Alowest_fee_per_month%25252525252Fcountry_id%25252525253A2,dup_no_user_canonical,2026-09-18,2026-09-21T20:26:15,2026-09-21T20:26:15
https://schoolwith.me/category/schools/univ_going/direction:desc/country_id:2?sort_type=/category/schools/univ_going/direction:desc/country_id:2?sort_type%3D%252Fcategory%252Fschools%252Funiv_going%252Fdirection%253Aasc%252Fcountry_id%253A2%252Fsort%253Alowest_fee_per_month%253Fsort_type%253D%25252Fcategory%25252Fschools%25252Funiv_going%25252Fdirection%25253Aasc%25252Fcountry_id%25253A2%25252Fsort%25253Alowest_fee_per_month%25253Fsort_type%25253D%2525252Fcategory%2525252Fschools%2525252Funiv_going%2525252Fdirection%2525253Adesc%2525252Fcountry_id%2525253A2%2525253Fsort_type%2525253D%252525252Fcategory%252525252Fschools%252525252Funiv_going%252525252Fdirection%252525253Aasc%252525252Fsort%252525253Alowest_fee_per_month%252525252Fcountry_id%252525253A2,dup_no_user_canonical,2026-09-18,2026-09-21T20:26:15,2026-09-21T20:26:15
https://schoolwith.me/category/schools/univ_going/direction:desc/country_id:2?sort_type=/category/schools/univ_going/direction:desc/country_id:2?sort_type%3D%252Fcategory%252Fschools%252Funiv_going%252Fdirection%253Aasc%252Fcountry_id%253A2%252Fsort%253Alowest_fee_per_month%253Fsort_type%253D%25252Fcategory%25252Fschools%25252Funiv_going%25252Fdirection%25253Adesc%25252Fcountry_id%25253A2%25253Fsort_type%25253D%2525252Fcategory%2525252Fschools%2525252Funiv_going%2525252Fdirection%2525253Aasc%2525252Fcountry_id%2525253A2%2525252Fsort%2525253Alowest_fee_per_month%2525253Fsort_type%2525253D%252525252Fcategory%252525252Fschools%252525252Funiv_going%252525252Fdirection%252525253Aasc%252525252Fcountry_id%252525253A2%252525252Fsort%252525253Alowest_fee_per_month%252525253Fsort_type%252525253D%25252525252Fcategory%25252525252Fschools%25252525252Funiv_going%25252525252Fdirection%25252525253Adesc%25252525252Fcountry_id%25252525253A2%25252525253Fsort_type%25252525253D%2525252525252Fcategory%2525252525252Fschools%2525252525252Funiv_going%2525252525252Fdirection%2525252525253Aasc%2525252525252Fsort%2525252525253Alowest_fee_per_month%2525252525252Fcountry_id%2525252525253A2,dup_no_user_canonical,2026-09-18,2026-09-21T20:26:15,2026-09-21T20:26:15
https://schoolwith.me/category/schools/univ_going/direction:desc/country_id:2?sort_type=/category/schools/univ_going/direction:desc/country_id:2?sort_type%3D%252Fcategory%252Fschools%252Funiv_going%252Fdirection%253Adesc%252Fcountry_id%253A2,dup_no_user_canonical,2026-09-18,2026-09-21T20:26:15,2026-09-21T20:26:15
https://schoolwith.me/category/schools/univ_going/direction:desc/country_id:3,discovered_not_indexed,2026-09-18,2026-09-21T20:26:15,2026-09-21T20:26:15
https://schoolwith.me/category/schools/univ_going/direction:desc/country_id:4?sort_type=/category/schools/univ_going/direction:asc/sort:lowest_fee_per_month/country_id:4?sort_type%3D%252Fcategory%252Fschools%252Funiv_going%252Fdirection%253Aasc%252Fcountry_id%253A4%252Fsort%253Alowest_fee_per_month,dup_no_user_canonical,2026-09-18,2026-09-21T20:26:15,2026-09-21T20:26:15
https://schoolwith.me/category/schools/univ_going/direction:desc/page:2?a8=KrA0DrUo2L8pjzgCZjBMppIMq.zJ8oIsAj_CszIFMF4o2LAX79TKcLTLGLZsasTBcFbMIvAycrA01s00000024868001,dup_no_user_canonical,2026-09-18,2026-09-21T20:26:15,2026-09-21T20:26:15
https://schoolwith.me/category/schools/univ_going/direction:desc?sort_type=/category/schools/univ_going/direction:asc/sort:lowest_fee_per_month?sort_type%3D%252Fcategory%252Fschools%252Funiv_going%252Fdirection%253Adesc%253Fsort_type%253D%25252Fcategory%25252Fschools%25252Funiv_going%25252Fdirection%25253Aasc%25252Fsort%25253Alowest_fee_per_month%25253Fsort_type%25253D%2525252Fcategory%2525252Fschools%2525252Funiv_going%2525252Fsort%2525253Alowest_fee_per_month%2525252Fdirection%2525253AASC,dup_no_user_canonical,2026-09-18,2026-09-21T20:26:15,2026-09-21T20:26:15
https://schoolwith.me/category/schools/univ_going/direction:desc?sort_type=/category/schools/univ_going/direction:desc?sort_type%3D%252Fcategory%252Fschools%252Funiv_going%252Fdirection%253Aasc%252Fsort%253Alowest_fee_per_month%253Fsort_type%253D%25252Fcategory%25252Fschools%25252Funiv_going%25252Fdirection%25253Aasc%25252Fsort%25253Alowest_fee_per_month%25253Fsort_type%25253D%2525252Fcategory%2525252Fschools%2525252Funiv_going%2525252Fdirection%2525253Aasc%2525252Fsort%2525253Alowest_fee_per_month%2525253Fsort_type%2525253D%252525252Fcategory%252525252Fschools%252525252Funiv_going%252525252Fdirection%252525253Adesc,dup_no_user_canonical,2026-09-18,2026-09-21T20:26:15,2026-09-21T20:26:15
https://schoolwith.me/category/schools/univ_going/direction:desc?sort_type=/category/schools/univ_going/direction:desc?sort_type%3D%252Fcategory%252Fschools%252Funiv_going%252Fdirection%253Aasc%252Fsort%253Alowest_fee_per_month%253Fsort_type%253D%25252Fcategory%25252Fschools%25252Funiv_going%25252Fdirection%25253Aasc%25252Fsort%25253Alowest_fee_per_month%25253Fsort_type%25253D%2525252Fcategory%2525252Fschools%2525252Funiv_going%2525252Fdirection%2525253Adesc%2525253Fsort_type%2525253D%252525252Fcategory%252525252Fschools%252525252Funiv_going%252525252Fsort%252525253Alowest_fee_per_month%252525252Fdirection%252525253AASC,dup_no_user_canonical,2026-09-18,2026-09-21T20:26:15,2026-09-21T20:26:15
https://schoolwith.me/category/schools/univ_going/direction:desc?sort_type=/category/schools/univ_going/direction:desc?sort_type%3D%252Fcategory%252Fschools%252Funiv_going%252Fdirection%253Aasc%252Fsort%253Alowest_fee_per_month%253Fsort_type%253D%25252Fcategory%25252Fschools%25252Funiv_going%25252Fdirection%25253Adesc%25253Fsort_type%25253D%2525252Fcategory%2525252Fschools%2525252Funiv_going%2525253Fsort_type%2525253D%252525252Fcategory%252525252Fschools%252525252Funiv_going%252525252Fsort%252525253Alowest_fee_per_month%252525252Fdirection%252525253AASC,dup_no_user_canonical,2026-09-18,2026-09-21T20:26:15,2026-09-21T20:26:15
https://schoolwith.me/category/schools/univ_going/direction:desc?sort_type=/category/schools/univ_going/direction:desc?sort_type%3D%252Fcategory%252Fschools%252Funiv_going%252Fdirection%253Adesc%253Fsort_type%253D%25252Fcategory%25252Fschools%25252Funiv_going%25252Fdirection%25253Aasc%25252Fsort%25253Alowest_fee_per_month%25253Fsort_type%25253D%2525252Fcategory%2525252Fschools%2525252Funiv_going%2525252Fdirection%2525253Adesc,dup_no_user_canonical,2026-09-18,2026-09-21T20:26:15,2026-09-21T20:26:15
https://schoolwith.me/category/schools/univ_going/direction:desc?sort_type=/category/schools/univ_going/direction:desc?sort_type%3D%252Fcategory%252Fschools%252Funiv_going%252Fdirection%253Adesc%253Fsort_type%253D%25252Fcategory%25252Fschools%25252Funiv_going%25252Fdirection%25253Adesc%25253Fsort_type%25253D%2525252Fcategory%2525252Fschools%2525252Funiv_going%2525252Fdirection%2525253Aasc%2525252Fsort%2525253Alowest_fee_per_month%2525253Fsort_type%2525253D%252525252Fcategory%252525252Fschools%252525252Funiv_going%252525252Fdirection%252525253Adesc,dup_no_user_canonical,2026-09-18,2026-09-21T20:26:15,2026-09-21T20:26:15
https://schoolwith.me/category/schools/univ_going/direction:desc?sort_type=/category/schools/univ_going/direction:desc?sort_type%3D%252Fcategory%252Fschools%252Funiv_going%252Fdirection%253Adesc%253Fsort_type%253D%25252Fcategory%25252Fschools%25252Funiv_going%25252Fdirection%25253Adesc%25253Fsort_type%25253D%2525252Fcategory%2525252Fschools%2525252Funiv_going%2525252Fdirection%2525253Aasc%2525252Fsort%2525253Alowest_fee_per_month%2525253Fsort_type%2525253D%252525252Fcategory%252525252Fschools%252525252Funiv_going%252525252Fsort%252525253Alowest_fee_per_month%252525252Fdirection%252525253AASC,dup_no_user_canonical,2026-09-18,2026-09-21T20:26:15,2026-09-21T20:26:15
https://schoolwith.me/category/schools/univ_going/page:2/direction:desc?a8=KrA0DrUo2L8pjzgCZjBMppIMq.zJ8oIsAj_CszIFMF4o2LAX79TKcLTLGLZsasTBcFbMIvAycrA01s00000024868001,dup_no_user_canonical,2026-09-18,2026-09-21T20:26:15,2026-09-21T20:26:15
https://schoolwith.me/category/schools/vacation/country_id:1,discovered_not_indexed,2026-09-18,2026-09-21T20:26:15,2026-09-21T20:26:15
https://schoolwith.me/category/schools/vacation/country_id:2/area_id:2003,discovered_not_indexed,2026-09-18,2026-09-21T20:26:15,2026-09-21T20:26:15
https://schoolwith.me/category/schools/vacation/direction:asc/sort:lowest_fee_per_month?sort_type=/category/schools/vacation/direction:asc/sort:lowest_fee_per_month?sort_type%3D%252Fcategory%252Fschools%252Fvacation%252Fdirection%253Aasc%252Fsort%253Alowest_fee_per_month%253Fsort_type%253D%25252Fcategory%25252Fschools%25252Fvacation%25252Fdirection%25253Aasc%25252Fsort%25253Alowest_fee_per_month%25253Fsort_type%25253D%2525252Fcategory%2525252Fschools%2525252Fvacation%2525252Fdirection%2525253Adesc%2525253Fsort_type%2525253D%252525252Fcategory%252525252Fschools%252525252Fvacation%252525252Fdirection%252525253Adesc%252525253Fsort_type%252525253D%25252525252Fcategory%25252525252Fschools%25252525252Fvacation%25252525252Fsort%25252525253Alowest_fee_per_month%25252525252Fdirection%25252525253Aasc%25252525253Fsort_type%25252525253D%2525252525252Fcategory%2525252525252Fschools%2525252525252Fvacation%2525252525252Fdirection%2525252525253Adesc,dup_no_user_canonical,2026-09-18,2026-09-21T20:26:15,2026-09-21T20:26:15
https://schoolwith.me/category/schools/vacation/direction:asc/sort:lowest_fee_per_month?sort_type=/category/schools/vacation/direction:asc/sort:lowest_fee_per_month?sort_type%3D%252Fcategory%252Fschools%252Fvacation%252Fdirection%253Aasc%252Fsort%253Alowest_fee_per_month%253Fsort_type%253D%25252Fcategory%25252Fschools%25252Fvacation%25252Fdirection%25253Aasc%25252Fsort%25253Alowest_fee_per_month%25253Fsort_type%25253D%2525252Fcategory%2525252Fschools%2525252Fvacation%2525252Fsort%2525253Alowest_fee_per_month%2525252Fdirection%2525253Aasc%2525253Fsort_type%2525253D%252525252Fcategory%252525252Fschools%252525252Fvacation%252525252Fsort%252525253Alowest_fee_per_month%252525252Fdirection%252525253Aasc%252525253Fsort_type%252525253D%25252525252Fcategory%25252525252Fschools%25252525252Fvacation%25252525252Fsort%25252525253Alowest_fee_per_month%25252525252Fdirection%25252525253Aasc%25252525253Fsort_type%25252525253D%2525252525252Fcategory%2525252525252Fschools%2525252525252Fvacation%2525252525252Fdirection%2525252525253Adesc,dup_no_user_canonical,2026-09-18,2026-09-21T20:26:15,2026-09-21T20:26:15
https://schoolwith.me/category/schools/vacation/direction:asc/sort:lowest_fee_per_month?sort_type=/category/schools/vacation/direction:asc/sort:lowest_fee_per_month?sort_type%3D%252Fcategory%252Fschools%252Fvacation%252Fdirection%253Aasc%252Fsort%253Alowest_fee_per_month%253Fsort_type%253D%25252Fcategory%25252Fschools%25252Fvacation%25252Fdirection%25253Adesc%25253Fsort_type%25253D%2525252Fcategory%2525252Fschools%2525252Fvacation%2525252Fdirection%2525253Aasc%2525252Fsort%2525253Alowest_fee_per_month%2525253Fsort_type%2525253D%252525252Fcategory%252525252Fschools%252525252Fvacation%252525252Fdirection%252525253Adesc%252525253Fsort_type%252525253D%25252525252Fcategory%25252525252Fschools%25252525252Fvacation%25252525252Fdirection%25252525253Adesc%25252525253Fsort_type%25252525253D%2525252525252Fcategory%2525252525252Fschools%2525252525252Fvacation%2525252525253Fsort_type%2525252525253D%252525252525252Fcategory%252525252525252Fschools%252525252525252Fvacation%252525252525252Fsort%252525252525253Alowest_fee_per_month%252525252525252Fdirection%252525252525253AASC,dup_no_user_canonical,2026-09-18,2026-09-21T20:26:15,2026-09-21T20:26:15
https://schoolwith.me/category/schools/vacation/direction:asc/sort:lowest_fee_per_month?sort_type=/category/schools/vacation/direction:desc?sort_type%3D%252Fcategory%252Fschools%252Fvacation%252Fdirection%253Adesc%253Fsort_type%253D%25252Fcategory%25252Fschools%25252Fvacation%25252Fdirection%25253Aasc%25252Fsort%25253Alowest_fee_per_month%25253Fsort_type%25253D%2525252Fcategory%2525252Fschools%2525252Fvacation%2525252Fdirection%2525253Adesc%2525253Fsort_type%2525253D%252525252Fcategory%252525252Fschools%252525252Fvacation%252525252Fdirection%252525253Adesc%252525253Fsort_type%252525253D%25252525252Fcategory%25252525252Fschools%25252525252Fvacation%25252525252Fsort%25252525253Alowest_fee_per_month%25252525252Fdirection%25252525253Aasc%25252525253Fsort_type%25252525253D%2525252525252Fcategory%2525252525252Fschools%2525252525252Fvacation%2525252525252Fdirection%2525252525253Adesc,dup_no_user_canonical,2026-09-18,2026-09-21T20:26:15,2026-09-21T20:26:15
https://schoolwith.me/category/schools/vacation/direction:desc?sort_type=/category/schools/vacation/direction:asc/sort:lowest_fee_per_month?sort_type%3D%252Fcategory%252Fschools%252Fvacation%252Fsort%253Alowest_fee_per_month%252Fdirection%253Aasc%253Fsort_type%253D%25252Fcategory%25252Fschools%25252Fvacation%25252Fdirection%25253Adesc%25253Fsort_type%25253D%2525252Fcategory%2525252Fschools%2525252Fvacation%2525252Fsort%2525253Alowest_fee_per_month%2525252Fdirection%2525253Aasc,dup_no_user_canonical,2026-09-18,2026-09-21T20:26:15,2026-09-21T20:26:15
https://schoolwith.me/category/schools/vacation/direction:desc?sort_type=/category/schools/vacation/direction:asc/sort:lowest_fee_per_month?sort_type%3D%252Fcategory%252Fschools%252Fvacation%252Fsort%253Alowest_fee_per_month%252Fdirection%253Aasc%253Fsort_type%253D%25252Fcategory%25252Fschools%25252Fvacation%25252Fsort%25253Alowest_fee_per_month%25252Fdirection%25253Aasc,dup_no_user_canonical,2026-09-18,2026-09-21T20:26:15,2026-09-21T20:26:15
https://schoolwith.me/category/schools/vacation/direction:desc?sort_type=/category/schools/vacation/direction:desc?sort_type%3D%252Fcategory%252Fschools%252Fvacation%252Fdirection%253Aasc%252Fsort%253Alowest_fee_per_month%253Fsort_type%253D%25252Fcategory%25252Fschools%25252Fvacation%25252Fsort%25253Alowest_fee_per_month%25252Fdirection%25253Aasc%25253Fsort_type%25253D%2525252Fcategory%2525252Fschools%2525252Fvacation%2525252Fsort%2525253Alowest_fee_per_month%2525252Fdirection%2525253Aasc,dup_no_user_canonical,2026-09-18,2026-09-21T20:26:15,2026-09-21T20:26:15
https://schoolwith.me/category/schools/vacation/direction:desc?sort_type=/category/schools/vacation/direction:desc?sort_type%3D%252Fcategory%252Fschools%252Fvacation%252Fdirection%253Adesc%253Fsort_type%253D%25252Fcategory%25252Fschools%25252Fvacation%25252Fsort%25253Alowest_fee_per_month%25252Fdirection%25253Aasc%25253Fsort_type%25253D%2525252Fcategory%2525252Fschools%2525252Fvacation%2525252Fsort%2525253Alowest_fee_per_month%2525252Fdirection%2525253Aasc,dup_no_user_canonical,2026-09-18,2026-09-21T20:26:15,2026-09-21T20:26:15
https://schoolwith.me/category/schools/vacation/direction:desc?sort_type=/category/schools/vacation/direction:desc?sort_type%3D%252Fcategory%252Fschools%252Fvacation%252Fsort%253Alowest_fee_per_month%252Fdirection%253Aasc%253Fsort_type%253D%25252Fcategory%25252Fschools%25252Fvacation%25252Fdirection%25253Adesc%25253Fsort_type%25253D%2525252Fcategory%2525252Fschools%2525252Fvacation%2525252Fsort%2525253Alowest_fee_per_month%2525252Fdirection%2525253Aasc,dup_no_user_canonical,2026-09-18,2026-09-21T20:26:15,2026-09-21T20:26:15
https://schoolwith.me/category/schools/vacation/direction:desc?sort_type=/category/schools/vacation/direction:desc?sort_type%3D%252Fcategory%252Fschools%252Fvacation%252Fsort%253Alowest_fee_per_month%252Fdirection%253Aasc%253Fsort_type%253D%25252Fcategory%25252Fschools%25252Fvacation%25252Fsort%25253Alowest_fee_per_month%25252Fdirection%25253Aasc,dup_no_user_canonical,2026-09-18,2026-09-21T20:26:15,2026-09-21T20:26:15
https://schoolwith.me/category/schools/vacation/direction:desc?sort_type=/category/schools/vacation/sort:lowest_fee_per_month/direction:asc?sort_type%3D%252Fcategory%252Fschools%252Fvacation%252Fdirection%253Adesc%253Fsort_type%253D%25252Fcategory%25252Fschools%25252Fvacation%25252Fdirection%25253Adesc%25253Fsort_type%25253D%2525252Fcategory%2525252Fschools%2525252Fvacation%2525252Fsort%2525253Alowest_fee_per_month%2525252Fdirection%2525253Aasc,dup_no_user_canonical,2026-09-18,2026-09-21T20:26:15,2026-09-21T20:26:15
https://schoolwith.me/category/schools/vacation/direction:desc?sort_type=/category/schools/vacation/sort:lowest_fee_per_month/direction:asc?sort_type%3D%252Fcategory%252Fschools%252Fvacation%252Fdirection%253Adesc%253Fsort_type%253D%25252Fcategory%25252Fschools%25252Fvacation%25252Fsort%25253Alowest_fee_per_month%25252Fdirection%25253Aasc,dup_no_user_canonical,2026-09-18,2026-09-21T20:26:15,2026-09-21T20:26:15
https://schoolwith.me/category/schools/vacation/direction:desc?sort_type=/category/schools/vacation/sort:lowest_fee_per_month/direction:asc?sort_type%3D%252Fcategory%252Fschools%252Fvacation%252Fsort%253Alowest_fee_per_month%252Fdirection%253Aasc%253Fsort_type%253D%25252Fcategory%25252Fschools%25252Fvacation%25252Fdirection%25253Adesc%25253Fsort_type%25253D%2525252Fcategory%2525252Fschools%2525252Fvacation%2525252Fsort%2525253Alowest_fee_per_month%2525252Fdirection%2525253Aasc,dup_no_user_canonical,2026-09-18,2026-09-21T20:26:15,2026-09-21T20:26:15
https://schoolwith.me/category/schools/vacation/sort:lowest_fee_per_month/direction:ASC?sort_type=/category/schools/vacation/sort:lowest_fee_per_month/direction:asc?sort_type%3D%252Fcategory%252Fschools%252Fvacation%252Fdirection%253Adesc%253Fsort_type%253D%25252Fcategory%25252Fschools%25252Fvacation%25252Fdirection%25253Adesc%25253Fsort_type%25253D%2525252Fcategory%2525252Fschools%2525252Fvacation%2525253Fsort_type%2525253D%252525252Fcategory%252525252Fschools%252525252Fvacation%252525252Fsort%252525253Alowest_fee_per_month%252525252Fdirection%252525253AASC,dup_no_user_canonical,2026-09-18,2026-09-21T20:26:15,2026-09-21T20:26:15
https://schoolwith.me/category/schools/vacation/sort:lowest_fee_per_month/direction:asc?sort_type=/category/schools/vacation/direction:desc?sort_type%3D%252Fcategory%252Fschools%252Fvacation%252Fdirection%253Adesc,dup_no_user_canonical,2026-09-18,2026-09-21T20:26:15,2026-09-21T20:26:15
https://schoolwith.me/category/schools/vacation/sort:lowest_fee_per_month/direction:asc?sort_type=/category/schools/vacation/direction:desc?sort_type%3D%252Fcategory%252Fschools%252Fvacation%252Fsort%253Alowest_fee_per_month%252Fdirection%253Aasc,dup_no_user_canonical,2026-09-18,2026-09-21T20:26:15,2026-09-21T20:26:15
https://schoolwith.me/category/schools/working_holiday/country_id:5/area_id:5021,discovered_not_indexed,2026-09-18,2026-09-21T20:26:15,2026-09-21T20:26:15
https://schoolwith.me/category/schools/working_holiday/direction:asc/country_id:0/sort:lowest_fee_per_month,discovered_not_indexed,2026-09-18,2026-09-21T20:26:15,2026-09-21T20:26:15
https://schoolwith.me/category/schools/working_holiday/direction:asc/sort:lowest_fee_per_month?sort_type=/category/schools/working_holiday/direction:asc/sort:lowest_fee_per_month?sort_type%3D%252Fcategory%252Fschools%252Fworking_holiday%252Fsort%253Alowest_fee_per_month%252Fdirection%253Aasc%253Fsort_type%253D%25252Fcategory%25252Fschools%25252Fworking_holiday%25252Fdirection%25253Adesc%25253Fsort_type%25253D%2525252Fcategory%2525252Fschools%2525252Fworking_holiday%2525252Fsort%2525253Alowest_fee_per_month%2525252Fdirection%2525253AASC,crawled_not_indexed,2026-09-18,2026-09-21T20:26:15,2026-09-21T20:26:15
https://schoolwith.me/category/schools/working_holiday/direction:desc?sort_type=/category/schools/working_holiday/direction:desc?sort_type%3D%252Fcategory%252Fschools%252Fworking_holiday%252Fsort%253Alowest_fee_per_month%252Fdirection%253Aasc%253Fsort_type%253D%25252Fcategory%25252Fschools%25252Fworking_holiday%25252Fdirection%25253Adesc%25253Fsort_type%25253D%2525252Fcategory%2525252Fschools%2525252Fworking_holiday%2525252Fsort%2525253Alowest_fee_per_month%2525252Fdirection%2525253AASC,dup_no_user_canonical,2026-09-18,2026-09-21T20:26:15,2026-09-21T20:26:15
https://schoolwith.me/category/schools/working_holiday/page:19?sort_type=/category/schools/working_holiday/direction:desc?sort_type%3D%252Fcategory%252Fschools%252Fworking_holiday%252Fsort%253Alowest_fee_per_month%252Fdirection%253Aasc%253Fsort_type%253D%25252Fcategory%25252Fschools%25252Fworking_holiday%25252Fdirection%25253Adesc%25253Fsort_type%25253D%2525252Fcategory%2525252Fschools%2525252Fworking_holiday%2525252Fsort%2525253Alowest_fee_per_month%2525252Fdirection%2525253AASC,crawled_not_indexed,2026-09-18,2026-09-21T20:26:15,2026-09-21T20:26:15
https://schoolwith.me/category/schools/working_holiday/page:3/sort:lowest_fee_per_month/direction:asc?sort_type=/category/schools/working_holiday/direction:desc?sort_type%3D%252Fcategory%252Fschools%252Fworking_holiday%252Fsort%253Alowest_fee_per_month%252Fdirection%253Aasc%253Fsort_type%253D%25252Fcategory%25252Fschools%25252Fworking_holiday%25252Fdirection%25253Adesc%25253Fsort_type%25253D%2525252Fcategory%2525252Fschools%2525252Fworking_holiday%2525252Fsort%2525253Alowest_fee_per_month%2525252Fdirection%2525253AASC,crawled_not_indexed,2026-09-18,2026-09-21T20:26:15,2026-09-21T20:26:15
https://schoolwith.me/category/schools/working_holiday/page:3/sort:lowest_fee_per_month/direction:asc?sort_type=/category/schools/working_holiday/sort:lowest_fee_per_month/direction:asc?sort_type%3D%252Fcategory%252Fschools%252Fworking_holiday%252Fdirection%253Adesc%253Fsort_type%253D%25252Fcategory%25252Fschools%25252Fworking_holiday%25252Fsort%25253Alowest_fee_per_month%25252Fdirection%25253Aasc%25253Fsort_type%25253D%2525252Fcategory%2525252Fschools%2525252Fworking_holiday%2525252Fsort%2525253Alowest_fee_per_month%2525252Fdirection%2525253Aasc%2525253Fsort_type%2525253D%252525252Fcategory%252525252Fschools%252525252Fworking_holiday%252525252Fdirection%252525253Adesc%252525253Fsort_type%252525253D%25252525252Fcategory%25252525252Fschools%25252525252Fworking_holiday%25252525252Fsort%25252525253Alowest_fee_per_month%25252525252Fdirection%25252525253Aasc,crawled_not_indexed,2026-09-18,2026-09-21T20:26:15,2026-09-21T20:26:15
https://schoolwith.me/category/schools/working_holiday/page:3?sort_type=/category/schools/working_holiday/direction:desc?sort_type%3D%252Fcategory%252Fschools%252Fworking_holiday%252Fsort%253Alowest_fee_per_month%252Fdirection%253Aasc%253Fsort_type%253D%25252Fcategory%25252Fschools%25252Fworking_holiday%25252Fdirection%25253Adesc%25253Fsort_type%25253D%2525252Fcategory%2525252Fschools%2525252Fworking_holiday%2525252Fsort%2525253Alowest_fee_per_month%2525252Fdirection%2525253AASC,crawled_not_indexed,2026-09-18,2026-09-21T20:26:15,2026-09-21T20:26:15
https://schoolwith.me/category/schools/working_holiday/page:3?sort_type=/category/schools/working_holiday/sort:lowest_fee_per_month/direction:asc?sort_type%3D%252Fcategory%252Fschools%252Fworking_holiday%252Fdirection%253Adesc%253Fsort_type%253D%25252Fcategory%25252Fschools%25252Fworking_holiday%25252Fsort%25253Alowest_fee_per_month%25252Fdirection%25253Aasc%25253Fsort_type%25253D%2525252Fcategory%2525252Fschools%2525252Fworking_holiday%2525252Fsort%2525253Alowest_fee_per_month%2525252Fdirection%2525253Aasc%2525253Fsort_type%2525253D%252525252Fcategory%252525252Fschools%252525252Fworking_holiday%252525252Fdirection%252525253Adesc%252525253Fsort_type%252525253D%25252525252Fcategory%25252525252Fschools%25252525252Fworking_holiday%25252525252Fsort%25252525253Alowest_fee_per_month%25252525252Fdirection%25252525253Aasc,crawled_not_indexed,2026-09-18,2026-09-21T20:26:15,2026-09-21T20:26:15
https://schoolwith.me/category/schools/working_holiday/page:5/direction:desc/country_id:3,discovered_not_indexed,2026-09-18,2026-09-21T20:26:15,2026-09-21T20:26:15
https://schoolwith.me/category/schools/working_holiday/page:8?sort_type=/category/schools/working_holiday/direction:desc?sort_type%3D%252Fcategory%252Fschools%252Fworking_holiday%252Fsort%253Alowest_fee_per_month%252Fdirection%253Aasc%253Fsort_type%253D%25252Fcategory%25252Fschools%25252Fworking_holiday%25252Fdirection%25253Adesc%25253Fsort_type%25253D%2525252Fcategory%2525252Fschools%2525252Fworking_holiday%2525252Fsort%2525253Alowest_fee_per_month%2525252Fdirection%2525253AASC,crawled_not_indexed,2026-09-18,2026-09-21T20:26:15,2026-09-21T20:26:15
https://schoolwith.me/category/schools/working_holiday/sort:School.application_cnt/direction:desc?sort_type=/category/schools/working_holiday/sort:lowest_fee_per_month/direction:asc?sort_type%3D%252Fcategory%252Fschools%252Fworking_holiday%252Fdirection%253Adesc%253Fsort_type%253D%25252Fcategory%25252Fschools%25252Fworking_holiday%25252Fsort%25253Alowest_fee_per_month%25252Fdirection%25253Aasc%25253Fsort_type%25253D%2525252Fcategory%2525252Fschools%2525252Fworking_holiday%2525252Fsort%2525253Alowest_fee_per_month%2525252Fdirection%2525253Aasc%2525253Fsort_type%2525253D%252525252Fcategory%252525252Fschools%252525252Fworking_holiday%252525252Fdirection%252525253Adesc%252525253Fsort_type%252525253D%25252525252Fcategory%25252525252Fschools%25252525252Fworking_holiday%25252525252Fsort%25252525253Alowest_fee_per_month%25252525252Fdirection%25252525253Aasc,dup_no_user_canonical,2026-09-18,2026-09-21T20:26:15,2026-09-21T20:26:15
https://schoolwith.me/category/schools/working_holiday/sort:lowest_fee_per_month/direction:asc?sort_type=/category/schools/working_holiday/direction:desc?sort_type%3D%252Fcategory%252Fschools%252Fworking_holiday%252Fsort%253Alowest_fee_per_month%252Fdirection%253AASC,dup_no_user_canonical,2026-09-18,2026-09-21T20:26:15,2026-09-21T20:26:15
https://schoolwith.me/category/schools/working_holiday_course/country_id:3/area_id:3004,discovered_not_indexed,2026-09-18,2026-09-21T20:26:15,2026-09-21T20:26:15
https://schoolwith.me/columns/31455,crawled_not_indexed,2026-09-18,2026-09-21T20:26:15,2026-09-21T20:26:15
https://schoolwith.me/columns/31686?dejam_ab=oazsRp,crawled_not_indexed,2026-09-18,2026-09-21T20:26:15,2026-09-21T20:26:15
https://schoolwith.me/columns/32222,crawled_not_indexed,2026-09-18,2026-09-21T20:26:15,2026-09-21T20:26:15
https://schoolwith.me/columns/amp/31726,crawled_not_indexed,2026-09-18,2026-09-21T20:26:15,2026-09-21T20:26:15
https://schoolwith.me/columns/amp/32683,crawled_not_indexed,2026-09-18,2026-09-21T20:26:15,2026-09-21T20:26:15
https://schoolwith.me/columns/author/108,discovered_not_indexed,2026-09-18,2026-09-21T20:26:15,2026-09-21T20:26:15
https://schoolwith.me/columns/author/111/supports/line/page:2,discovered_not_indexed,2026-09-18,2026-09-21T20:26:15,2026-09-21T20:26:15
https://schoolwith.me/columns/author/115,discovered_not_indexed,2026-09-18,2026-09-21T20:26:15,2026-09-21T20:26:15
https://schoolwith.me/columns/author/117?a8=cETptEiKDYIKbfRwQmafTTCB4TZXIeBCFmyN8eBCKN.CRYTIpYTgSe_B4e_gSe_Y.M_y02ARb2TLb2TK5N.2RHTc.EbgDeT7pekXxs00000024433001,discovered_not_indexed,2026-09-18,2026-09-21T20:26:15,2026-09-21T20:26:15
https://schoolwith.me/columns/author/118?a8=I2Ghz2Y8u7rmQ7jZwns2sQEZBdlpsQreVnrmeljVQVL8u7GNX752-_GNs7leEe5sCVqQjBGFC2Ghos00000019593001,discovered_not_indexed,2026-09-18,2026-09-21T20:26:15,2026-09-21T20:26:15
https://schoolwith.me/columns/author/121/page:2?a8=cETptEiKDYIKbfRwQmafTTCB4TZXIeBCFmyN8eBCKN.CRYTIpYTgSe_B4e_gSe_Y.M_y02ARb2TLb2TK5N.2RHTc.EbgDeT7pekXxs00000024433001,dup_no_user_canonical,2026-09-18,2026-09-21T20:26:15,2026-09-21T20:26:15
https://schoolwith.me/columns/author/122?a8=KrA0DrUo2L8pjzgCZjBMppIMq.zJ8oIsAj_CszIFMF4o2LAX79TKcLTLGLZsasTBcFbMIvAycrA01s00000024868001,discovered_not_indexed,2026-09-18,2026-09-21T20:26:15,2026-09-21T20:26:15
https://schoolwith.me/columns/author/129,discovered_not_indexed,2026-09-18,2026-09-21T20:26:15,2026-09-21T20:26:15
https://schoolwith.me/columns/author/168,crawled_not_indexed,2026-09-18,2026-09-21T20:26:15,2026-09-21T20:26:15
https://schoolwith.me/columns/author/174/page:5?a8=KrA0DrUo2L8pjzgCZjBMppIMq.zJ8oIsAj_CszIFMF4o2LAX79TKcLTLGLZsasTBcFbMIvAycrA01s00000024868001,dup_no_user_canonical,2026-09-18,2026-09-21T20:26:15,2026-09-21T20:26:15
https://schoolwith.me/columns/author/174/supports/line/page:4,dup_no_user_canonical,2026-09-18,2026-09-21T20:26:15,2026-09-21T20:26:15
https://schoolwith.me/columns/author/193,discovered_not_indexed,2026-09-18,2026-09-21T20:26:15,2026-09-21T20:26:15
https://schoolwith.me/columns/author/203,discovered_not_indexed,2026-09-18,2026-09-21T20:26:15,2026-09-21T20:26:15
https://schoolwith.me/columns/author/218?a8=I2Ghz2Y8u7rmQ7jZwns2sQEZBdlpsQreVnrmeljVQVL8u7GNX752-_GNs7leEe5sCVqQjBGFC2Ghos00000019593001,discovered_not_indexed,2026-09-18,2026-09-21T20:26:15,2026-09-21T20:26:15
https://schoolwith.me/columns/author/219?a8=I2Ghz2Y8u7rmQ7jZwns2sQEZBdlpsQreVnrmeljVQVL8u7GNX752-_GNs7leEe5sCVqQjBGFC2Ghos00000019593001,discovered_not_indexed,2026-09-18,2026-09-21T20:26:15,2026-09-21T20:26:15
https://schoolwith.me/columns/author/230/page:2?a8=KrA0DrUo2L8pjzgCZjBMppIMq.zJ8oIsAj_CszIFMF4o2LAX79TKcLTLGLZsasTBcFbMIvAycrA01s00000024868001,discovered_not_indexed,2026-09-18,2026-09-21T20:26:15,2026-09-21T20:26:15
https://schoolwith.me/columns/author/230/supports/line,discovered_not_indexed,2026-09-18,2026-09-21T20:26:15,2026-09-21T20:26:15
https://schoolwith.me/columns/author/252?a8=KrA0DrUo2L8pjzgCZjBMppIMq.zJ8oIsAj_CszIFMF4o2LAX79TKcLTLGLZsasTBcFbMIvAycrA01s00000024868001,dup_no_user_canonical,2026-09-18,2026-09-21T20:26:15,2026-09-21T20:26:15
https://schoolwith.me/columns/author/265?a8=KrA0DrUo2L8pjzgCZjBMppIMq.zJ8oIsAj_CszIFMF4o2LAX79TKcLTLGLZsasTBcFbMIvAycrA01s00000024868001,discovered_not_indexed,2026-09-18,2026-09-21T20:26:15,2026-09-21T20:26:15
https://schoolwith.me/columns/author/27?a8=KrA0DrUo2L8pjzgCZjBMppIMq.zJ8oIsAj_CszIFMF4o2LAX79TKcLTLGLZsasTBcFbMIvAycrA01s00000024868001,discovered_not_indexed,2026-09-18,2026-09-21T20:26:15,2026-09-21T20:26:15
https://schoolwith.me/columns/author/27?a8=cETptEiKDYIKbfRwQmafTTCB4TZXIeBCFmyN8eBCKN.CRYTIpYTgSe_B4e_gSe_Y.M_y02ARb2TLb2TK5N.2RHTc.EbgDeT7pekXxs00000024433001,discovered_not_indexed,2026-09-18,2026-09-21T20:26:15,2026-09-21T20:26:15
https://schoolwith.me/columns/author/33?a8=cETptEiKDYIKbfRwQmafTTCB4TZXIeBCFmyN8eBCKN.CRYTIpYTgSe_B4e_gSe_Y.M_y02ARb2TLb2TK5N.2RHTc.EbgDeT7pekXxs00000024433001,discovered_not_indexed,2026-09-18,2026-09-21T20:26:15,2026-09-21T20:26:15
https://schoolwith.me/columns/author/49,discovered_not_indexed,2026-09-18,2026-09-21T20:26:15,2026-09-21T20:26:15
https://schoolwith.me/columns/author/54?a8=KrA0DrUo2L8pjzgCZjBMppIMq.zJ8oIsAj_CszIFMF4o2LAX79TKcLTLGLZsasTBcFbMIvAycrA01s00000024868001,discovered_not_indexed,2026-09-18,2026-09-21T20:26:15,2026-09-21T20:26:15
https://schoolwith.me/columns/author/79?a8=cETptEiKDYIKbfRwQmafTTCB4TZXIeBCFmyN8eBCKN.CRYTIpYTgSe_B4e_gSe_Y.M_y02ARb2TLb2TK5N.2RHTc.EbgDeT7pekXxs00000024433001,discovered_not_indexed,2026-09-18,2026-09-21T20:26:15,2026-09-21T20:26:15
https://schoolwith.me/columns/author/8?a8=cETptEiKDYIKbfRwQmafTTCB4TZXIeBCFmyN8eBCKN.CRYTIpYTgSe_B4e_gSe_Y.M_y02ARb2TLb2TK5N.2RHTc.EbgDeT7pekXxs00000024433001,discovered_not_indexed,2026-09-18,2026-09-21T20:26:15,2026-09-21T20:26:15
https://schoolwith.me/columns/author/91?a8=cETptEiKDYIKbfRwQmafTTCB4TZXIeBCFmyN8eBCKN.CRYTIpYTgSe_B4e_gSe_Y.M_y02ARb2TLb2TK5N.2RHTc.EbgDeT7pekXxs00000024433001,dup_no_user_canonical,2026-09-18,2026-09-21T20:26:15,2026-09-21T20:26:15
https://schoolwith.me/columns/author/95,discovered_not_indexed,2026-09-18,2026-09-21T20:26:15,2026-09-21T20:26:15
https://schoolwith.me/columns/author/99?a8=I2Ghz2Y8u7rmQ7jZwns2sQEZBdlpsQreVnrmeljVQVL8u7GNX752-_GNs7leEe5sCVqQjBGFC2Ghos00000019593001,discovered_not_indexed,2026-09-18,2026-09-21T20:26:15,2026-09-21T20:26:15
https://schoolwith.me/columns/author/99?a8=cETptEiKDYIKbfRwQmafTTCB4TZXIeBCFmyN8eBCKN.CRYTIpYTgSe_B4e_gSe_Y.M_y02ARb2TLb2TK5N.2RHTc.EbgDeT7pekXxs00000024433001,discovered_not_indexed,2026-09-18,2026-09-21T20:26:15,2026-09-21T20:26:15
https://schoolwith.me/columns/category/1/supports/line/page:7,crawled_not_indexed,2026-09-18,2026-09-21T20:26:15,2026-09-21T20:26:15
https://schoolwith.me/columns/category/12/page:3?a8=KrA0DrUo2L8pjzgCZjBMppIMq.zJ8oIsAj_CszIFMF4o2LAX79TKcLTLGLZsasTBcFbMIvAycrA01s00000024868001,discovered_not_indexed,2026-09-18,2026-09-21T20:26:15,2026-09-21T20:26:15
https://schoolwith.me/columns/category/3/page:7?a8=I2Ghz2Y8u7rmQ7jZwns2sQEZBdlpsQreVnrmeljVQVL8u7GNX752-_GNs7leEe5sCVqQjBGFC2Ghos00000019593001,discovered_not_indexed,2026-09-18,2026-09-21T20:26:15,2026-09-21T20:26:15
https://schoolwith.me/columns/category/3/page:8?a8=I2Ghz2Y8u7rmQ7jZwns2sQEZBdlpsQreVnrmeljVQVL8u7GNX752-_GNs7leEe5sCVqQjBGFC2Ghos00000019593001,discovered_not_indexed,2026-09-18,2026-09-21T20:26:15,2026-09-21T20:26:15
https://schoolwith.me/columns/category/3/page:8?a8=KrA0DrUo2L8pjzgCZjBMppIMq.zJ8oIsAj_CszIFMF4o2LAX79TKcLTLGLZsasTBcFbMIvAycrA01s00000024868001,discovered_not_indexed,2026-09-18,2026-09-21T20:26:15,2026-09-21T20:26:15
https://schoolwith.me/columns/category/6/page:2?a8=I2Ghz2Y8u7rmQ7jZwns2sQEZBdlpsQreVnrmeljVQVL8u7GNX752-_GNs7leEe5sCVqQjBGFC2Ghos00000019593001,discovered_not_indexed,2026-09-18,2026-09-21T20:26:15,2026-09-21T20:26:15
https://schoolwith.me/columns/category/6/page:2?a8=KrA0DrUo2L8pjzgCZjBMppIMq.zJ8oIsAj_CszIFMF4o2LAX79TKcLTLGLZsasTBcFbMIvAycrA01s00000024868001,discovered_not_indexed,2026-09-18,2026-09-21T20:26:15,2026-09-21T20:26:15
https://schoolwith.me/columns/category/9/page:2?a8=cETptEiKDYIKbfRwQmafTTCB4TZXIeBCFmyN8eBCKN.CRYTIpYTgSe_B4e_gSe_Y.M_y02ARb2TLb2TK5N.2RHTc.EbgDeT7pekXxs00000024433001,dup_no_user_canonical,2026-09-18,2026-09-21T20:26:15,2026-09-21T20:26:15
https://schoolwith.me/columns/country/1/page:2?a8=cETptEiKDYIKbfRwQmafTTCB4TZXIeBCFmyN8eBCKN.CRYTIpYTgSe_B4e_gSe_Y.M_y02ARb2TLb2TK5N.2RHTc.EbgDeT7pekXxs00000024433001,dup_no_user_canonical,2026-09-18,2026-09-21T20:26:15,2026-09-21T20:26:15
https://schoolwith.me/columns/country/2/page:2?a8=I2Ghz2Y8u7rmQ7jZwns2sQEZBdlpsQreVnrmeljVQVL8u7GNX752-_GNs7leEe5sCVqQjBGFC2Ghos00000019593001,discovered_not_indexed,2026-09-18,2026-09-21T20:26:15,2026-09-21T20:26:15
https://schoolwith.me/columns/country/2/supports/line/page:2,discovered_not_indexed,2026-09-18,2026-09-21T20:26:15,2026-09-21T20:26:15
https://schoolwith.me/columns/country/4/page:3?a8=KrA0DrUo2L8pjzgCZjBMppIMq.zJ8oIsAj_CszIFMF4o2LAX79TKcLTLGLZsasTBcFbMIvAycrA01s00000024868001,dup_no_user_canonical,2026-09-18,2026-09-21T20:26:15,2026-09-21T20:26:15
https://schoolwith.me/columns/country/6/page:3?a8=KrA0DrUo2L8pjzgCZjBMppIMq.zJ8oIsAj_CszIFMF4o2LAX79TKcLTLGLZsasTBcFbMIvAycrA01s00000024868001,dup_no_user_canonical,2026-09-18,2026-09-21T20:26:15,2026-09-21T20:26:15
https://schoolwith.me/columns/country/6/page:3?a8=cETptEiKDYIKbfRwQmafTTCB4TZXIeBCFmyN8eBCKN.CRYTIpYTgSe_B4e_gSe_Y.M_y02ARb2TLb2TK5N.2RHTc.EbgDeT7pekXxs00000024433001,dup_no_user_canonical,2026-09-18,2026-09-21T20:26:15,2026-09-21T20:26:15
https://schoolwith.me/columns/tag/イギリス美大留学体験記,crawled_not_indexed,2026-09-18,2026-09-21T20:26:15,2026-09-21T20:26:15
https://schoolwith.me/columns/tag/オススメな観光地情報,crawled_not_indexed,2026-09-18,2026-09-21T20:26:15,2026-09-21T20:26:15
https://schoolwith.me/columns/tag/フリーランスのワーホリ連載,crawled_not_indexed,2026-09-18,2026-09-21T20:26:15,2026-09-21T20:26:15
https://schoolwith.me/columns/tag/新卒美大生のカナダ・ワーホリ連載,crawled_not_indexed,2026-09-18,2026-09-21T20:26:15,2026-09-21T20:26:15
https://schoolwith.me/columns?a8=I2Ghz2Y8u7rmQ7jZwns2sQEZBdlpsQreVnrmeljVQVL8u7GNX752-_GNs7leEe5sCVqQjBGFC2Ghos00000019593001&page=18,discovered_not_indexed,2026-09-18,2026-09-21T20:26:15,2026-09-21T20:26:15
https://schoolwith.me/columns?a8=I2Ghz2Y8u7rmQ7jZwns2sQEZBdlpsQreVnrmeljVQVL8u7GNX752-_GNs7leEe5sCVqQjBGFC2Ghos00000019593001&page=3,discovered_not_indexed,2026-09-18,2026-09-21T20:26:15,2026-09-21T20:26:15
https://schoolwith.me/columns?a8=KrA0DrUo2L8pjzgCZjBMppIMq.zJ8oIsAj_CszIFMF4o2LAX79TKcLTLGLZsasTBcFbMIvAycrA01s00000024868001&page=44,discovered_not_indexed,2026-09-18,2026-09-21T20:26:15,2026-09-21T20:26:15
https://schoolwith.me/columns?a8=KrA0DrUo2L8pjzgCZjBMppIMq.zJ8oIsAj_CszIFMF4o2LAX79TKcLTLGLZsasTBcFbMIvAycrA01s00000024868001&page=76,discovered_not_indexed,2026-09-18,2026-09-21T20:26:15,2026-09-21T20:26:15
https://schoolwith.me/columns?a8=KrA0DrUo2L8pjzgCZjBMppIMq.zJ8oIsAj_CszIFMF4o2LAX79TKcLTLGLZsasTBcFbMIvAycrA01s00000024868001&page=92,discovered_not_indexed,2026-09-18,2026-09-21T20:26:15,2026-09-21T20:26:15
https://schoolwith.me/columns?fbclid=IwAR2LrhPrCFB5-7nIZBWzH2IzpsjQWxFcmjI6I36-2JkSrf6zL6rJsFYo3Ys&page=54,discovered_not_indexed,2026-09-18,2026-09-21T20:26:15,2026-09-21T20:26:15
https://schoolwith.me/columns?fbclid=IwAR2LrhPrCFB5-7nIZBWzH2IzpsjQWxFcmjI6I36-2JkSrf6zL6rJsFYo3Ys&page=67,discovered_not_indexed,2026-09-18,2026-09-21T20:26:15,2026-09-21T20:26:15
https://schoolwith.me/columns?fbclid=IwAR2LrhPrCFB5-7nIZBWzH2IzpsjQWxFcmjI6I36-2JkSrf6zL6rJsFYo3Ys&page=85,discovered_not_indexed,2026-09-18,2026-09-21T20:26:15,2026-09-21T20:26:15
https://schoolwith.me/columns?src=top_pc_fc&page=21,discovered_not_indexed,2026-09-18,2026-09-21T20:26:15,2026-09-21T20:26:15
https://schoolwith.me/columns?src=top_pc_fc&page=59,discovered_not_indexed,2026-09-18,2026-09-21T20:26:15,2026-09-21T20:26:15
https://schoolwith.me/columns?src=top_pc_fc&page=90,discovered_not_indexed,2026-09-18,2026-09-21T20:26:15,2026-09-21T20:26:15
https://schoolwith.me/counsel/register?a8=KrA0DrUo2L8pjzgCZjBMppIMq.zJ8oIsAj_CszIFMF4o2LAX79TKcLTLGLZsasTBcFbMIvAycrA01s00000024868001,discovered_not_indexed,2026-09-18,2026-09-21T20:26:15,2026-09-21T20:26:15
https://schoolwith.me/counsel/register?src=top-sp-footer,discovered_not_indexed,2026-09-18,2026-09-21T20:26:15,2026-09-21T20:26:15
https://schoolwith.me/countries/AU/types/abroad_life/direction:asc/sort:lowest_fee_per_month,discovered_not_indexed,2026-09-18,2026-09-21T20:26:15,2026-09-21T20:26:15
https://schoolwith.me/countries/AU/types/abroad_life/direction:desc,discovered_not_indexed,2026-09-18,2026-09-21T20:26:15,2026-09-21T20:26:15
https://schoolwith.me/countries/AU/types/abroad_life?sort_type=/countries/AU/types/abroad_life,discovered_not_indexed,2026-09-18,2026-09-21T20:26:15,2026-09-21T20:26:15
https://schoolwith.me/countries/IE/types/short_term/sort:lowest_fee_per_month/direction:asc,discovered_not_indexed,2026-09-18,2026-09-21T20:26:15,2026-09-21T20:26:15
https://schoolwith.me/countries/NZ/types/abroad_life?sort_type=/countries/NZ/types/abroad_life/sort:lowest_fee_per_month/direction:asc,discovered_not_indexed,2026-09-18,2026-09-21T20:26:15,2026-09-21T20:26:15
https://schoolwith.me/countries/NZ/types/short_term/direction:desc,discovered_not_indexed,2026-09-18,2026-09-21T20:26:15,2026-09-21T20:26:15
https://schoolwith.me/countries/NZ/types/working_holiday/direction:asc/sort:lowest_fee_per_month,discovered_not_indexed,2026-09-18,2026-09-21T20:26:15,2026-09-21T20:26:15
https://schoolwith.me/countries/PH/types/short_term/direction:asc/sort:lowest_fee_per_month,discovered_not_indexed,2026-09-18,2026-09-21T20:26:15,2026-09-21T20:26:15
https://schoolwith.me/countries/PH/types/short_term/sort:lowest_fee_per_month/direction:asc,discovered_not_indexed,2026-09-18,2026-09-21T20:26:15,2026-09-21T20:26:15
https://schoolwith.me/countries/UK/types/short_term/sort:lowest_fee_per_month/direction:asc,discovered_not_indexed,2026-09-18,2026-09-21T20:26:15,2026-09-21T20:26:15
https://schoolwith.me/countries/school/AU/page:11?sort_type=/countries/school/AU/direction:desc?sort_type%3D%252Fcountries%252Fschool%252FAU%252Fsort%253Alowest_fee_per_month%252Fdirection%253Aasc%253Fsort_type%253D%25252Fcountries%25252Fschool%25252FAU%25252Fdirection%25253Adesc%25253Fsort_type%25253D%2525252Fcountries%2525252Fschool%2525252FAU%2525252Fdirection%2525253Adesc%2525253Fsort_type%2525253D%252525252Fcountries%252525252Fschool%252525252FAU%252525252Fsort%252525253Alowest_fee_per_month%252525252Fdirection%252525253Aasc%252525253Fsort_type%252525253D%25252525252Fcountries%25252525252Fschool%25252525252FAU%25252525252Fdirection%25252525253Adesc%25252525253Fsort_type%25252525253D%2525252525252Fcountries%2525252525252Fschool%2525252525252FAU%2525252525252Fdirection%2525252525253Adesc%2525252525253Fsort_type%2525252525253D%252525252525252Fcountries%252525252525252Fschool%252525252525252FAU%252525252525252Fdirection%252525252525253Adesc%252525252525253Fsort_type%252525252525253D%25252525252525252Fcountries%25252525252525252Fschool%25252525252525252FAU%25252525252525252Fdirection%25252525252525253Adesc%25252525252525253Fsort_type%25252525252525253D%2525252525252525252Fcountries%2525252525252525252Fschool%2525252525252525252FAU%2525252525252525252Fdirection%2525252525252525253Adesc%2525252525252525253Fsort_type%2525252525252525253D%252525252525252525252Fcountries%252525252525252525252Fschool%252525252525252525252FAU%252525252525252525252Fdirection%252525252525252525253Adesc,crawled_not_indexed,2026-09-18,2026-09-21T20:26:15,2026-09-21T20:26:15
https://schoolwith.me/countries/school/AU/page:24?sort_type=/countries/school/AU/sort:tmp_overall_score/direction:DESC?sort_type%3D%252Fcountries%252Fschool%252FAU%253Fsort_type%253D%25252Fcountries%25252Fschool%25252FAU%25252Fsort%25253Atmp_overall_score%25252Fdirection%25253ADESC%25253Fsrc_user%25253Dtop_main_cntry_pc,crawled_not_indexed,2026-09-18,2026-09-21T20:26:15,2026-09-21T20:26:15
https://schoolwith.me/countries/school/AU/page:2?sort_type=/countries/school/AU?sort_type%3D%252Fcountries%252Fschool%252FAU%253Fsrc_user%253Dtop_main_cntry_pc,dup_no_user_canonical,2026-09-18,2026-09-21T20:26:15,2026-09-21T20:26:15
https://schoolwith.me/countries/school/AU/sort:lowest_fee_per_month/direction:asc/page:5,discovered_not_indexed,2026-09-18,2026-09-21T20:26:15,2026-09-21T20:26:15
https://schoolwith.me/countries/school/CA/page:10/sort:lowest_fee_per_month/direction:asc?sort_type=/countries/school/CA?sort_type%3D%252Fcountries%252Fschool%252FCA%252Fsort%253Alowest_fee_per_month%252Fdirection%253AASC%253Fsort_type%253D%25252Fcountries%25252Fschool%25252FCA%25253Fsort_type%25253D%2525252Fcountries%2525252Fschool%2525252FCA%2525253Fsort_type%2525253D%252525252Fcountries%252525252Fschool%252525252FCA%252525252Fsort%252525253Atmp_overall_score%252525252Fdirection%252525253ADESC%252525253Fsort_type%252525253D%25252525252Fcountries%25252525252Fschool%25252525252FCA%25252525252Fsort%25252525253Alowest_fee_per_month%25252525252Fdirection%25252525253AASC%25252525253Fsort_type%25252525253D%2525252525252Fcountries%2525252525252Fschool%2525252525252FCA%2525252525252Fsort%2525252525253Alowest_fee_per_month%2525252525252Fdirection%2525252525253AASC%2525252525253Fsort_type%2525252525253D%252525252525252Fcountries%252525252525252Fschool%252525252525252FCA%252525252525252Fsort%252525252525253Atmp_overall_score%252525252525252Fdirection%252525252525253ADESC,crawled_not_indexed,2026-09-18,2026-09-21T20:26:15,2026-09-21T20:26:15
https://schoolwith.me/countries/school/CA/page:11/sort:lowest_fee_per_month/direction:asc?sort_type=/countries/school/CA?sort_type%3D%252Fcountries%252Fschool%252FCA%252Fsort%253Alowest_fee_per_month%252Fdirection%253AASC%253Fsort_type%253D%25252Fcountries%25252Fschool%25252FCA%25253Fsort_type%25253D%2525252Fcountries%2525252Fschool%2525252FCA%2525253Fsort_type%2525253D%252525252Fcountries%252525252Fschool%252525252FCA%252525252Fsort%252525253Atmp_overall_score%252525252Fdirection%252525253ADESC%252525253Fsort_type%252525253D%25252525252Fcountries%25252525252Fschool%25252525252FCA%25252525252Fsort%25252525253Alowest_fee_per_month%25252525252Fdirection%25252525253AASC%25252525253Fsort_type%25252525253D%2525252525252Fcountries%2525252525252Fschool%2525252525252FCA%2525252525252Fsort%2525252525253Alowest_fee_per_month%2525252525252Fdirection%2525252525253AASC%2525252525253Fsort_type%2525252525253D%252525252525252Fcountries%252525252525252Fschool%252525252525252FCA%252525252525252Fsort%252525252525253Atmp_overall_score%252525252525252Fdirection%252525252525253ADESC,crawled_not_indexed,2026-09-18,2026-09-21T20:26:15,2026-09-21T20:26:15
https://schoolwith.me/countries/school/CA/page:12/sort:lowest_fee_per_month/direction:asc?sort_type=/countries/school/CA/direction:desc?sort_type%3D%252Fcountries%252Fschool%252FCA,crawled_not_indexed,2026-09-18,2026-09-21T20:26:15,2026-09-21T20:26:15
https://schoolwith.me/countries/school/CA/page:12/sort:lowest_fee_per_month/direction:asc?sort_type=/countries/school/CA/sort:lowest_fee_per_month/direction:asc?sort_type%3D%252Fcountries%252Fschool%252FCA%252Fdirection%253Adesc%253Fsort_type%253D%25252Fcountries%25252Fschool%25252FCA,crawled_not_indexed,2026-09-18,2026-09-21T20:26:15,2026-09-21T20:26:15
https://schoolwith.me/countries/school/CA/page:12/sort:lowest_fee_per_month/direction:asc?sort_type=/countries/school/CA?sort_type%3D%252Fcountries%252Fschool%252FCA%252Fsort%253Alowest_fee_per_month%252Fdirection%253AASC%253Fsort_type%253D%25252Fcountries%25252Fschool%25252FCA%25253Fsort_type%25253D%2525252Fcountries%2525252Fschool%2525252FCA%2525253Fsort_type%2525253D%252525252Fcountries%252525252Fschool%252525252FCA%252525252Fsort%252525253Atmp_overall_score%252525252Fdirection%252525253ADESC%252525253Fsort_type%252525253D%25252525252Fcountries%25252525252Fschool%25252525252FCA%25252525252Fsort%25252525253Alowest_fee_per_month%25252525252Fdirection%25252525253AASC%25252525253Fsort_type%25252525253D%2525252525252Fcountries%2525252525252Fschool%2525252525252FCA%2525252525252Fsort%2525252525253Alowest_fee_per_month%2525252525252Fdirection%2525252525253AASC%2525252525253Fsort_type%2525252525253D%252525252525252Fcountries%252525252525252Fschool%252525252525252FCA%252525252525252Fsort%252525252525253Atmp_overall_score%252525252525252Fdirection%252525252525253ADESC,crawled_not_indexed,2026-09-18,2026-09-21T20:26:15,2026-09-21T20:26:15
https://schoolwith.me/countries/school/CA/page:13/sort:lowest_fee_per_month/direction:asc?sort_type=/countries/school/CA/direction:desc?sort_type%3D%252Fcountries%252Fschool%252FCA,crawled_not_indexed,2026-09-18,2026-09-21T20:26:15,2026-09-21T20:26:15
https://schoolwith.me/countries/school/CA/page:13/sort:lowest_fee_per_month/direction:asc?sort_type=/countries/school/CA/sort:lowest_fee_per_month/direction:asc?sort_type%3D%252Fcountries%252Fschool%252FCA%252Fdirection%253Adesc%253Fsort_type%253D%25252Fcountries%25252Fschool%25252FCA,crawled_not_indexed,2026-09-18,2026-09-21T20:26:15,2026-09-21T20:26:15
https://schoolwith.me/countries/school/CA/page:13/sort:lowest_fee_per_month/direction:asc?sort_type=/countries/school/CA?sort_type%3D%252Fcountries%252Fschool%252FCA%252Fsort%253Alowest_fee_per_month%252Fdirection%253AASC%253Fsort_type%253D%25252Fcountries%25252Fschool%25252FCA%25253Fsort_type%25253D%2525252Fcountries%2525252Fschool%2525252FCA%2525253Fsort_type%2525253D%252525252Fcountries%252525252Fschool%252525252FCA%252525252Fsort%252525253Atmp_overall_score%252525252Fdirection%252525253ADESC%252525253Fsort_type%252525253D%25252525252Fcountries%25252525252Fschool%25252525252FCA%25252525252Fsort%25252525253Alowest_fee_per_month%25252525252Fdirection%25252525253AASC%25252525253Fsort_type%25252525253D%2525252525252Fcountries%2525252525252Fschool%2525252525252FCA%2525252525252Fsort%2525252525253Alowest_fee_per_month%2525252525252Fdirection%2525252525253AASC%2525252525253Fsort_type%2525252525253D%252525252525252Fcountries%252525252525252Fschool%252525252525252FCA%252525252525252Fsort%252525252525253Atmp_overall_score%252525252525252Fdirection%252525252525253ADESC,crawled_not_indexed,2026-09-18,2026-09-21T20:26:15,2026-09-21T20:26:15
https://schoolwith.me/countries/school/CA/page:14/sort:lowest_fee_per_month/direction:asc,crawled_not_indexed,2026-09-18,2026-09-21T20:26:15,2026-09-21T20:26:15
https://schoolwith.me/countries/school/CA/page:14/sort:lowest_fee_per_month/direction:asc?sort_type=/countries/school/CA/direction:desc?sort_type%3D%252Fcountries%252Fschool%252FCA,crawled_not_indexed,2026-09-18,2026-09-21T20:26:15,2026-09-21T20:26:15
https://schoolwith.me/countries/school/CA/page:14/sort:lowest_fee_per_month/direction:asc?sort_type=/countries/school/CA?sort_type%3D%252Fcountries%252Fschool%252FCA%252Fsort%253Alowest_fee_per_month%252Fdirection%253AASC%253Fsort_type%253D%25252Fcountries%25252Fschool%25252FCA%25253Fsort_type%25253D%2525252Fcountries%2525252Fschool%2525252FCA%2525253Fsort_type%2525253D%252525252Fcountries%252525252Fschool%252525252FCA%252525252Fsort%252525253Atmp_overall_score%252525252Fdirection%252525253ADESC%252525253Fsort_type%252525253D%25252525252Fcountries%25252525252Fschool%25252525252FCA%25252525252Fsort%25252525253Alowest_fee_per_month%25252525252Fdirection%25252525253AASC%25252525253Fsort_type%25252525253D%2525252525252Fcountries%2525252525252Fschool%2525252525252FCA%2525252525252Fsort%2525252525253Alowest_fee_per_month%2525252525252Fdirection%2525252525253AASC%2525252525253Fsort_type%2525252525253D%252525252525252Fcountries%252525252525252Fschool%252525252525252FCA%252525252525252Fsort%252525252525253Atmp_overall_score%252525252525252Fdirection%252525252525253ADESC,crawled_not_indexed,2026-09-18,2026-09-21T20:26:15,2026-09-21T20:26:15
https://schoolwith.me/countries/school/CA/page:15/sort:lowest_fee_per_month/direction:asc,crawled_not_indexed,2026-09-18,2026-09-21T20:26:15,2026-09-21T20:26:15
https://schoolwith.me/countries/school/CA/page:15/sort:lowest_fee_per_month/direction:asc?sort_type=/countries/school/CA/direction:desc?sort_type%3D%252Fcountries%252Fschool%252FCA,crawled_not_indexed,2026-09-18,2026-09-21T20:26:15,2026-09-21T20:26:15
https://schoolwith.me/countries/school/CA/page:15/sort:lowest_fee_per_month/direction:asc?sort_type=/countries/school/CA?sort_type%3D%252Fcountries%252Fschool%252FCA%252Fsort%253Alowest_fee_per_month%252Fdirection%253AASC%253Fsort_type%253D%25252Fcountries%25252Fschool%25252FCA%25253Fsort_type%25253D%2525252Fcountries%2525252Fschool%2525252FCA%2525253Fsort_type%2525253D%252525252Fcountries%252525252Fschool%252525252FCA%252525252Fsort%252525253Atmp_overall_score%252525252Fdirection%252525253ADESC%252525253Fsort_type%252525253D%25252525252Fcountries%25252525252Fschool%25252525252FCA%25252525252Fsort%25252525253Alowest_fee_per_month%25252525252Fdirection%25252525253AASC%25252525253Fsort_type%25252525253D%2525252525252Fcountries%2525252525252Fschool%2525252525252FCA%2525252525252Fsort%2525252525253Alowest_fee_per_month%2525252525252Fdirection%2525252525253AASC%2525252525253Fsort_type%2525252525253D%252525252525252Fcountries%252525252525252Fschool%252525252525252FCA%252525252525252Fsort%252525252525253Atmp_overall_score%252525252525252Fdirection%252525252525253ADESC,crawled_not_indexed,2026-09-18,2026-09-21T20:26:15,2026-09-21T20:26:15
https://schoolwith.me/countries/school/CA/page:16/sort:lowest_fee_per_month/direction:asc,crawled_not_indexed,2026-09-18,2026-09-21T20:26:15,2026-09-21T20:26:15
https://schoolwith.me/countries/school/CA/page:16/sort:lowest_fee_per_month/direction:asc?sort_type=/countries/school/CA/direction:desc?sort_type%3D%252Fcountries%252Fschool%252FCA,crawled_not_indexed,2026-09-18,2026-09-21T20:26:15,2026-09-21T20:26:15
https://schoolwith.me/countries/school/CA/page:16/sort:lowest_fee_per_month/direction:asc?sort_type=/countries/school/CA?sort_type%3D%252Fcountries%252Fschool%252FCA%252Fsort%253Alowest_fee_per_month%252Fdirection%253AASC%253Fsort_type%253D%25252Fcountries%25252Fschool%25252FCA%25253Fsort_type%25253D%2525252Fcountries%2525252Fschool%2525252FCA%2525253Fsort_type%2525253D%252525252Fcountries%252525252Fschool%252525252FCA%252525252Fsort%252525253Atmp_overall_score%252525252Fdirection%252525253ADESC%252525253Fsort_type%252525253D%25252525252Fcountries%25252525252Fschool%25252525252FCA%25252525252Fsort%25252525253Alowest_fee_per_month%25252525252Fdirection%25252525253AASC%25252525253Fsort_type%25252525253D%2525252525252Fcountries%2525252525252Fschool%2525252525252FCA%2525252525252Fsort%2525252525253Alowest_fee_per_month%2525252525252Fdirection%2525252525253AASC%2525252525253Fsort_type%2525252525253D%252525252525252Fcountries%252525252525252Fschool%252525252525252FCA%252525252525252Fsort%252525252525253Atmp_overall_score%252525252525252Fdirection%252525252525253ADESC,crawled_not_indexed,2026-09-18,2026-09-21T20:26:15,2026-09-21T20:26:15
https://schoolwith.me/countries/school/CA/page:16?sort_type=/countries/school/CA?sort_type%3D%252Fcountries%252Fschool%252FCA%252Fsort%253Alowest_fee_per_month%252Fdirection%253AASC%253Fsort_type%253D%25252Fcountries%25252Fschool%25252FCA%25253Fsort_type%25253D%2525252Fcountries%2525252Fschool%2525252FCA%2525253Fsort_type%2525253D%252525252Fcountries%252525252Fschool%252525252FCA%252525252Fsort%252525253Atmp_overall_score%252525252Fdirection%252525253ADESC%252525253Fsort_type%252525253D%25252525252Fcountries%25252525252Fschool%25252525252FCA%25252525252Fsort%25252525253Alowest_fee_per_month%25252525252Fdirection%25252525253AASC%25252525253Fsort_type%25252525253D%2525252525252Fcountries%2525252525252Fschool%2525252525252FCA%2525252525252Fsort%2525252525253Alowest_fee_per_month%2525252525252Fdirection%2525252525253AASC%2525252525253Fsort_type%2525252525253D%252525252525252Fcountries%252525252525252Fschool%252525252525252FCA%252525252525252Fsort%252525252525253Atmp_overall_score%252525252525252Fdirection%252525252525253ADESC,crawled_not_indexed,2026-09-18,2026-09-21T20:26:15,2026-09-21T20:26:15
https://schoolwith.me/countries/school/CA/page:17/sort:lowest_fee_per_month/direction:asc?sort_type=/countries/school/CA/direction:desc?sort_type%3D%252Fcountries%252Fschool%252FCA,crawled_not_indexed,2026-09-18,2026-09-21T20:26:15,2026-09-21T20:26:15
https://schoolwith.me/countries/school/CA/page:17/sort:lowest_fee_per_month/direction:asc?sort_type=/countries/school/CA?sort_type%3D%252Fcountries%252Fschool%252FCA%252Fsort%253Alowest_fee_per_month%252Fdirection%253AASC%253Fsort_type%253D%25252Fcountries%25252Fschool%25252FCA%25253Fsort_type%25253D%2525252Fcountries%2525252Fschool%2525252FCA%2525253Fsort_type%2525253D%252525252Fcountries%252525252Fschool%252525252FCA%252525252Fsort%252525253Atmp_overall_score%252525252Fdirection%252525253ADESC%252525253Fsort_type%252525253D%25252525252Fcountries%25252525252Fschool%25252525252FCA%25252525252Fsort%25252525253Alowest_fee_per_month%25252525252Fdirection%25252525253AASC%25252525253Fsort_type%25252525253D%2525252525252Fcountries%2525252525252Fschool%2525252525252FCA%2525252525252Fsort%2525252525253Alowest_fee_per_month%2525252525252Fdirection%2525252525253AASC%2525252525253Fsort_type%2525252525253D%252525252525252Fcountries%252525252525252Fschool%252525252525252FCA%252525252525252Fsort%252525252525253Atmp_overall_score%252525252525252Fdirection%252525252525253ADESC,crawled_not_indexed,2026-09-18,2026-09-21T20:26:15,2026-09-21T20:26:15
https://schoolwith.me/countries/school/CA/page:17?sort_type=/countries/school/CA?sort_type%3D%252Fcountries%252Fschool%252FCA%252Fsort%253Alowest_fee_per_month%252Fdirection%253AASC%253Fsort_type%253D%25252Fcountries%25252Fschool%25252FCA%25253Fsort_type%25253D%2525252Fcountries%2525252Fschool%2525252FCA%2525253Fsort_type%2525253D%252525252Fcountries%252525252Fschool%252525252FCA%252525252Fsort%252525253Atmp_overall_score%252525252Fdirection%252525253ADESC%252525253Fsort_type%252525253D%25252525252Fcountries%25252525252Fschool%25252525252FCA%25252525252Fsort%25252525253Alowest_fee_per_month%25252525252Fdirection%25252525253AASC%25252525253Fsort_type%25252525253D%2525252525252Fcountries%2525252525252Fschool%2525252525252FCA%2525252525252Fsort%2525252525253Alowest_fee_per_month%2525252525252Fdirection%2525252525253AASC%2525252525253Fsort_type%2525252525253D%252525252525252Fcountries%252525252525252Fschool%252525252525252FCA%252525252525252Fsort%252525252525253Atmp_overall_score%252525252525252Fdirection%252525252525253ADESC,crawled_not_indexed,2026-09-18,2026-09-21T20:26:15,2026-09-21T20:26:15
https://schoolwith.me/countries/school/CA/page:19/sort:lowest_fee_per_month/direction:asc?sort_type=/countries/school/CA/direction:desc?sort_type%3D%252Fcountries%252Fschool%252FCA,crawled_not_indexed,2026-09-18,2026-09-21T20:26:15,2026-09-21T20:26:15
https://schoolwith.me/countries/school/CA/page:2/sort:lowest_fee_per_month/direction:asc?sort_type=/countries/school/CA/sort:lowest_fee_per_month/direction:asc?sort_type%3D%252Fcountries%252Fschool%252FCA%252Fdirection%253Adesc%253Fsort_type%253D%25252Fcountries%25252Fschool%25252FCA,crawled_not_indexed,2026-09-18,2026-09-21T20:26:15,2026-09-21T20:26:15
https://schoolwith.me/countries/school/CA/page:2/sort:lowest_fee_per_month/direction:asc?sort_type=/countries/school/CA/sort:lowest_fee_per_month/direction:asc?src_user%3Dtop_main_cntry_pc,crawled_not_indexed,2026-09-18,2026-09-21T20:26:15,2026-09-21T20:26:15
https://schoolwith.me/countries/school/CA/page:20/sort:lowest_fee_per_month/direction:asc?sort_type=/countries/school/CA/direction:desc?sort_type%3D%252Fcountries%252Fschool%252FCA,crawled_not_indexed,2026-09-18,2026-09-21T20:26:15,2026-09-21T20:26:15
https://schoolwith.me/countries/school/CA/page:22/sort:lowest_fee_per_month/direction:asc?sort_type=/countries/school/CA/direction:desc?sort_type%3D%252Fcountries%252Fschool%252FCA%252Fsort%253Alowest_fee_per_month%252Fdirection%253Aasc%253Fsort_type%253D%25252Fcountries%25252Fschool%25252FCA%25252Fsort%25253Alowest_fee_per_month%25252Fdirection%25253Aasc%25253Fsort_type%25253D%2525252Fcountries%2525252Fschool%2525252FCA%2525252Fdirection%2525253Adesc%2525253Fsort_type%2525253D%252525252Fcountries%252525252Fschool%252525252FCA%252525252Fdirection%252525253Adesc%252525253Fsort_type%252525253D%25252525252Fcountries%25252525252Fschool%25252525252FCA%25252525252Fdirection%25252525253Adesc%25252525253Fsort_type%25252525253D%2525252525252Fcountries%2525252525252Fschool%2525252525252FCA%2525252525252Fsort%2525252525253Alowest_fee_per_month%2525252525252Fdirection%2525252525253Aasc%2525252525253Fsort_type%2525252525253D%252525252525252Fcountries%252525252525252Fschool%252525252525252FCA%252525252525252Fsort%252525252525253Alowest_fee_per_month%252525252525252Fdirection%252525252525253Aasc%252525252525253Fsort_type%252525252525253D%25252525252525252Fcountries%25252525252525252Fschool%25252525252525252FCA%25252525252525252Fdirection%25252525252525253Adesc,crawled_not_indexed,2026-09-18,2026-09-21T20:26:15,2026-09-21T20:26:15
https://schoolwith.me/countries/school/CA/page:23/sort:lowest_fee_per_month/direction:asc?sort_type=/countries/school/CA/direction:desc?sort_type%3D%252Fcountries%252Fschool%252FCA%252Fsort%253Alowest_fee_per_month%252Fdirection%253Aasc%253Fsort_type%253D%25252Fcountries%25252Fschool%25252FCA%25252Fsort%25253Alowest_fee_per_month%25252Fdirection%25253Aasc%25253Fsort_type%25253D%2525252Fcountries%2525252Fschool%2525252FCA%2525252Fdirection%2525253Adesc%2525253Fsort_type%2525253D%252525252Fcountries%252525252Fschool%252525252FCA%252525252Fdirection%252525253Adesc%252525253Fsort_type%252525253D%25252525252Fcountries%25252525252Fschool%25252525252FCA%25252525252Fdirection%25252525253Adesc%25252525253Fsort_type%25252525253D%2525252525252Fcountries%2525252525252Fschool%2525252525252FCA%2525252525252Fsort%2525252525253Alowest_fee_per_month%2525252525252Fdirection%2525252525253Aasc%2525252525253Fsort_type%2525252525253D%252525252525252Fcountries%252525252525252Fschool%252525252525252FCA%252525252525252Fsort%252525252525253Alowest_fee_per_month%252525252525252Fdirection%252525252525253Aasc%252525252525253Fsort_type%252525252525253D%25252525252525252Fcountries%25252525252525252Fschool%25252525252525252FCA%25252525252525252Fdirection%25252525252525253Adesc,crawled_not_indexed,2026-09-18,2026-09-21T20:26:15,2026-09-21T20:26:15
https://schoolwith.me/countries/school/CA/page:23?sort_type=/countries/school/CA/direction:desc?sort_type%3D%252Fcountries%252Fschool%252FCA,crawled_not_indexed,2026-09-18,2026-09-21T20:26:15,2026-09-21T20:26:15
https://schoolwith.me/countries/school/CA/page:24/sort:lowest_fee_per_month/direction:asc?sort_type=/countries/school/CA/direction:desc?sort_type%3D%252Fcountries%252Fschool%252FCA%252Fsort%253Alowest_fee_per_month%252Fdirection%253Aasc%253Fsort_type%253D%25252Fcountries%25252Fschool%25252FCA%25252Fsort%25253Alowest_fee_per_month%25252Fdirection%25253Aasc%25253Fsort_type%25253D%2525252Fcountries%2525252Fschool%2525252FCA%2525252Fdirection%2525253Adesc%2525253Fsort_type%2525253D%252525252Fcountries%252525252Fschool%252525252FCA%252525252Fdirection%252525253Adesc%252525253Fsort_type%252525253D%25252525252Fcountries%25252525252Fschool%25252525252FCA%25252525252Fdirection%25252525253Adesc%25252525253Fsort_type%25252525253D%2525252525252Fcountries%2525252525252Fschool%2525252525252FCA%2525252525252Fsort%2525252525253Alowest_fee_per_month%2525252525252Fdirection%2525252525253Aasc%2525252525253Fsort_type%2525252525253D%252525252525252Fcountries%252525252525252Fschool%252525252525252FCA%252525252525252Fsort%252525252525253Alowest_fee_per_month%252525252525252Fdirection%252525252525253Aasc%252525252525253Fsort_type%252525252525253D%25252525252525252Fcountries%25252525252525252Fschool%25252525252525252FCA%25252525252525252Fdirection%25252525252525253Adesc,crawled_not_indexed,2026-09-18,2026-09-21T20:26:15,2026-09-21T20:26:15
https://schoolwith.me/countries/school/CA/page:25/sort:lowest_fee_per_month/direction:asc?sort_type=/countries/school/CA/direction:desc?sort_type%3D%252Fcountries%252Fschool%252FCA%252Fsort%253Alowest_fee_per_month%252Fdirection%253Aasc%253Fsort_type%253D%25252Fcountries%25252Fschool%25252FCA%25252Fsort%25253Alowest_fee_per_month%25252Fdirection%25253Aasc%25253Fsort_type%25253D%2525252Fcountries%2525252Fschool%2525252FCA%2525252Fdirection%2525253Adesc%2525253Fsort_type%2525253D%252525252Fcountries%252525252Fschool%252525252FCA%252525252Fdirection%252525253Adesc%252525253Fsort_type%252525253D%25252525252Fcountries%25252525252Fschool%25252525252FCA%25252525252Fdirection%25252525253Adesc%25252525253Fsort_type%25252525253D%2525252525252Fcountries%2525252525252Fschool%2525252525252FCA%2525252525252Fsort%2525252525253Alowest_fee_per_month%2525252525252Fdirection%2525252525253Aasc%2525252525253Fsort_type%2525252525253D%252525252525252Fcountries%252525252525252Fschool%252525252525252FCA%252525252525252Fsort%252525252525253Alowest_fee_per_month%252525252525252Fdirection%252525252525253Aasc%252525252525253Fsort_type%252525252525253D%25252525252525252Fcountries%25252525252525252Fschool%25252525252525252FCA%25252525252525252Fdirection%25252525252525253Adesc,crawled_not_indexed,2026-09-18,2026-09-21T20:26:15,2026-09-21T20:26:15
https://schoolwith.me/countries/school/CA/page:26/sort:lowest_fee_per_month/direction:asc?sort_type=/countries/school/CA/direction:desc?sort_type%3D%252Fcountries%252Fschool%252FCA%252Fsort%253Alowest_fee_per_month%252Fdirection%253Aasc%253Fsort_type%253D%25252Fcountries%25252Fschool%25252FCA%25252Fsort%25253Alowest_fee_per_month%25252Fdirection%25253Aasc%25253Fsort_type%25253D%2525252Fcountries%2525252Fschool%2525252FCA%2525252Fdirection%2525253Adesc%2525253Fsort_type%2525253D%252525252Fcountries%252525252Fschool%252525252FCA%252525252Fdirection%252525253Adesc%252525253Fsort_type%252525253D%25252525252Fcountries%25252525252Fschool%25252525252FCA%25252525252Fdirection%25252525253Adesc%25252525253Fsort_type%25252525253D%2525252525252Fcountries%2525252525252Fschool%2525252525252FCA%2525252525252Fsort%2525252525253Alowest_fee_per_month%2525252525252Fdirection%2525252525253Aasc%2525252525253Fsort_type%2525252525253D%252525252525252Fcountries%252525252525252Fschool%252525252525252FCA%252525252525252Fsort%252525252525253Alowest_fee_per_month%252525252525252Fdirection%252525252525253Aasc%252525252525253Fsort_type%252525252525253D%25252525252525252Fcountries%25252525252525252Fschool%25252525252525252FCA%25252525252525252Fdirection%25252525252525253Adesc,crawled_not_indexed,2026-09-18,2026-09-21T20:26:15,2026-09-21T20:26:15
https://schoolwith.me/countries/school/CA/page:27/sort:lowest_fee_per_month/direction:asc?sort_type=/countries/school/CA/direction:desc?sort_type%3D%252Fcountries%252Fschool%252FCA%252Fsort%253Alowest_fee_per_month%252Fdirection%253Aasc%253Fsort_type%253D%25252Fcountries%25252Fschool%25252FCA%25252Fsort%25253Alowest_fee_per_month%25252Fdirection%25253Aasc%25253Fsort_type%25253D%2525252Fcountries%2525252Fschool%2525252FCA%2525252Fdirection%2525253Adesc%2525253Fsort_type%2525253D%252525252Fcountries%252525252Fschool%252525252FCA%252525252Fdirection%252525253Adesc%252525253Fsort_type%252525253D%25252525252Fcountries%25252525252Fschool%25252525252FCA%25252525252Fdirection%25252525253Adesc%25252525253Fsort_type%25252525253D%2525252525252Fcountries%2525252525252Fschool%2525252525252FCA%2525252525252Fsort%2525252525253Alowest_fee_per_month%2525252525252Fdirection%2525252525253Aasc%2525252525253Fsort_type%2525252525253D%252525252525252Fcountries%252525252525252Fschool%252525252525252FCA%252525252525252Fsort%252525252525253Alowest_fee_per_month%252525252525252Fdirection%252525252525253Aasc%252525252525253Fsort_type%252525252525253D%25252525252525252Fcountries%25252525252525252Fschool%25252525252525252FCA%25252525252525252Fdirection%25252525252525253Adesc,crawled_not_indexed,2026-09-18,2026-09-21T20:26:15,2026-09-21T20:26:15
https://schoolwith.me/countries/school/CA/page:28/sort:lowest_fee_per_month/direction:asc?sort_type=/countries/school/CA/direction:desc?sort_type%3D%252Fcountries%252Fschool%252FCA%252Fsort%253Alowest_fee_per_month%252Fdirection%253Aasc%253Fsort_type%253D%25252Fcountries%25252Fschool%25252FCA%25252Fsort%25253Alowest_fee_per_month%25252Fdirection%25253Aasc%25253Fsort_type%25253D%2525252Fcountries%2525252Fschool%2525252FCA%2525252Fdirection%2525253Adesc%2525253Fsort_type%2525253D%252525252Fcountries%252525252Fschool%252525252FCA%252525252Fdirection%252525253Adesc%252525253Fsort_type%252525253D%25252525252Fcountries%25252525252Fschool%25252525252FCA%25252525252Fdirection%25252525253Adesc%25252525253Fsort_type%25252525253D%2525252525252Fcountries%2525252525252Fschool%2525252525252FCA%2525252525252Fsort%2525252525253Alowest_fee_per_month%2525252525252Fdirection%2525252525253Aasc%2525252525253Fsort_type%2525252525253D%252525252525252Fcountries%252525252525252Fschool%252525252525252FCA%252525252525252Fsort%252525252525253Alowest_fee_per_month%252525252525252Fdirection%252525252525253Aasc%252525252525253Fsort_type%252525252525253D%25252525252525252Fcountries%25252525252525252Fschool%25252525252525252FCA%25252525252525252Fdirection%25252525252525253Adesc,crawled_not_indexed,2026-09-18,2026-09-21T20:26:15,2026-09-21T20:26:15
https://schoolwith.me/countries/school/CA/page:29?sort_type=/countries/school/CA?sort_type%3D%252Fcountries%252Fschool%252FCA%252Fsort%253Alowest_fee_per_month%252Fdirection%253AASC%253Fsort_type%253D%25252Fcountries%25252Fschool%25252FCA%25253Fsort_type%25253D%2525252Fcountries%2525252Fschool%2525252FCA%2525253Fsort_type%2525253D%252525252Fcountries%252525252Fschool%252525252FCA%252525252Fsort%252525253Atmp_overall_score%252525252Fdirection%252525253ADESC%252525253Fsort_type%252525253D%25252525252Fcountries%25252525252Fschool%25252525252FCA%25252525252Fsort%25252525253Alowest_fee_per_month%25252525252Fdirection%25252525253AASC%25252525253Fsort_type%25252525253D%2525252525252Fcountries%2525252525252Fschool%2525252525252FCA%2525252525252Fsort%2525252525253Alowest_fee_per_month%2525252525252Fdirection%2525252525253AASC%2525252525253Fsort_type%2525252525253D%252525252525252Fcountries%252525252525252Fschool%252525252525252FCA%252525252525252Fsort%252525252525253Atmp_overall_score%252525252525252Fdirection%252525252525253ADESC,crawled_not_indexed,2026-09-18,2026-09-21T20:26:15,2026-09-21T20:26:15
https://schoolwith.me/countries/school/CA/page:2?sort_type=/countries/school/CA/sort:lowest_fee_per_month/direction:asc?sort_type%3D%252Fcountries%252Fschool%252FCA%252Fdirection%253Adesc%253Fsort_type%253D%25252Fcountries%25252Fschool%25252FCA,crawled_not_indexed,2026-09-18,2026-09-21T20:26:15,2026-09-21T20:26:15
https://schoolwith.me/countries/school/CA/page:3/sort:lowest_fee_per_month/direction:asc?sort_type=/countries/school/CA/sort:lowest_fee_per_month/direction:asc?sort_type%3D%252Fcountries%252Fschool%252FCA%252Fdirection%253Adesc%253Fsort_type%253D%25252Fcountries%25252Fschool%25252FCA,crawled_not_indexed,2026-09-18,2026-09-21T20:26:15,2026-09-21T20:26:15
https://schoolwith.me/countries/school/CA/page:3/sort:lowest_fee_per_month/direction:asc?sort_type=/countries/school/CA/sort:lowest_fee_per_month/direction:asc?src_user%3Dtop_main_cntry_pc,crawled_not_indexed,2026-09-18,2026-09-21T20:26:15,2026-09-21T20:26:15
https://schoolwith.me/countries/school/CA/page:30?sort_type=/countries/school/CA?sort_type%3D%252Fcountries%252Fschool%252FCA%252Fsort%253Alowest_fee_per_month%252Fdirection%253AASC%253Fsort_type%253D%25252Fcountries%25252Fschool%25252FCA%25253Fsort_type%25253D%2525252Fcountries%2525252Fschool%2525252FCA%2525253Fsort_type%2525253D%252525252Fcountries%252525252Fschool%252525252FCA%252525252Fsort%252525253Atmp_overall_score%252525252Fdirection%252525253ADESC%252525253Fsort_type%252525253D%25252525252Fcountries%25252525252Fschool%25252525252FCA%25252525252Fsort%25252525253Alowest_fee_per_month%25252525252Fdirection%25252525253AASC%25252525253Fsort_type%25252525253D%2525252525252Fcountries%2525252525252Fschool%2525252525252FCA%2525252525252Fsort%2525252525253Alowest_fee_per_month%2525252525252Fdirection%2525252525253AASC%2525252525253Fsort_type%2525252525253D%252525252525252Fcountries%252525252525252Fschool%252525252525252FCA%252525252525252Fsort%252525252525253Atmp_overall_score%252525252525252Fdirection%252525252525253ADESC,crawled_not_indexed,2026-09-18,2026-09-21T20:26:15,2026-09-21T20:26:15
https://schoolwith.me/countries/school/CA/page:31?sort_type=/countries/school/CA?sort_type%3D%252Fcountries%252Fschool%252FCA%252Fsort%253Alowest_fee_per_month%252Fdirection%253AASC%253Fsort_type%253D%25252Fcountries%25252Fschool%25252FCA%25253Fsort_type%25253D%2525252Fcountries%2525252Fschool%2525252FCA%2525253Fsort_type%2525253D%252525252Fcountries%252525252Fschool%252525252FCA%252525252Fsort%252525253Atmp_overall_score%252525252Fdirection%252525253ADESC%252525253Fsort_type%252525253D%25252525252Fcountries%25252525252Fschool%25252525252FCA%25252525252Fsort%25252525253Alowest_fee_per_month%25252525252Fdirection%25252525253AASC%25252525253Fsort_type%25252525253D%2525252525252Fcountries%2525252525252Fschool%2525252525252FCA%2525252525252Fsort%2525252525253Alowest_fee_per_month%2525252525252Fdirection%2525252525253AASC%2525252525253Fsort_type%2525252525253D%252525252525252Fcountries%252525252525252Fschool%252525252525252FCA%252525252525252Fsort%252525252525253Atmp_overall_score%252525252525252Fdirection%252525252525253ADESC,crawled_not_indexed,2026-09-18,2026-09-21T20:26:15,2026-09-21T20:26:15
https://schoolwith.me/countries/school/CA/page:32?sort_type=/countries/school/CA?sort_type%3D%252Fcountries%252Fschool%252FCA%252Fsort%253Alowest_fee_per_month%252Fdirection%253AASC%253Fsort_type%253D%25252Fcountries%25252Fschool%25252FCA%25253Fsort_type%25253D%2525252Fcountries%2525252Fschool%2525252FCA%2525253Fsort_type%2525253D%252525252Fcountries%252525252Fschool%252525252FCA%252525252Fsort%252525253Atmp_overall_score%252525252Fdirection%252525253ADESC%252525253Fsort_type%252525253D%25252525252Fcountries%25252525252Fschool%25252525252FCA%25252525252Fsort%25252525253Alowest_fee_per_month%25252525252Fdirection%25252525253AASC%25252525253Fsort_type%25252525253D%2525252525252Fcountries%2525252525252Fschool%2525252525252FCA%2525252525252Fsort%2525252525253Alowest_fee_per_month%2525252525252Fdirection%2525252525253AASC%2525252525253Fsort_type%2525252525253D%252525252525252Fcountries%252525252525252Fschool%252525252525252FCA%252525252525252Fsort%252525252525253Atmp_overall_score%252525252525252Fdirection%252525252525253ADESC,crawled_not_indexed,2026-09-18,2026-09-21T20:26:15,2026-09-21T20:26:15
https://schoolwith.me/countries/school/CA/page:33?sort_type=/countries/school/CA?sort_type%3D%252Fcountries%252Fschool%252FCA%252Fsort%253Alowest_fee_per_month%252Fdirection%253AASC%253Fsort_type%253D%25252Fcountries%25252Fschool%25252FCA%25253Fsort_type%25253D%2525252Fcountries%2525252Fschool%2525252FCA%2525253Fsort_type%2525253D%252525252Fcountries%252525252Fschool%252525252FCA%252525252Fsort%252525253Atmp_overall_score%252525252Fdirection%252525253ADESC%252525253Fsort_type%252525253D%25252525252Fcountries%25252525252Fschool%25252525252FCA%25252525252Fsort%25252525253Alowest_fee_per_month%25252525252Fdirection%25252525253AASC%25252525253Fsort_type%25252525253D%2525252525252Fcountries%2525252525252Fschool%2525252525252FCA%2525252525252Fsort%2525252525253Alowest_fee_per_month%2525252525252Fdirection%2525252525253AASC%2525252525253Fsort_type%2525252525253D%252525252525252Fcountries%252525252525252Fschool%252525252525252FCA%252525252525252Fsort%252525252525253Atmp_overall_score%252525252525252Fdirection%252525252525253ADESC,crawled_not_indexed,2026-09-18,2026-09-21T20:26:15,2026-09-21T20:26:15
https://schoolwith.me/countries/school/CA/page:34?sort_type=/countries/school/CA?sort_type%3D%252Fcountries%252Fschool%252FCA%252Fsort%253Alowest_fee_per_month%252Fdirection%253AASC%253Fsort_type%253D%25252Fcountries%25252Fschool%25252FCA%25253Fsort_type%25253D%2525252Fcountries%2525252Fschool%2525252FCA%2525253Fsort_type%2525253D%252525252Fcountries%252525252Fschool%252525252FCA%252525252Fsort%252525253Atmp_overall_score%252525252Fdirection%252525253ADESC%252525253Fsort_type%252525253D%25252525252Fcountries%25252525252Fschool%25252525252FCA%25252525252Fsort%25252525253Alowest_fee_per_month%25252525252Fdirection%25252525253AASC%25252525253Fsort_type%25252525253D%2525252525252Fcountries%2525252525252Fschool%2525252525252FCA%2525252525252Fsort%2525252525253Alowest_fee_per_month%2525252525252Fdirection%2525252525253AASC%2525252525253Fsort_type%2525252525253D%252525252525252Fcountries%252525252525252Fschool%252525252525252FCA%252525252525252Fsort%252525252525253Atmp_overall_score%252525252525252Fdirection%252525252525253ADESC,crawled_not_indexed,2026-09-18,2026-09-21T20:26:15,2026-09-21T20:26:15
https://schoolwith.me/countries/school/CA/page:4/sort:lowest_fee_per_month/direction:asc?sort_type=/countries/school/CA/sort:lowest_fee_per_month/direction:asc?sort_type%3D%252Fcountries%252Fschool%252FCA%252Fdirection%253Adesc%253Fsort_type%253D%25252Fcountries%25252Fschool%25252FCA,crawled_not_indexed,2026-09-18,2026-09-21T20:26:15,2026-09-21T20:26:15
https://schoolwith.me/countries/school/CA/page:5/sort:lowest_fee_per_month/direction:asc?sort_type=/countries/school/CA/sort:lowest_fee_per_month/direction:asc?sort_type%3D%252Fcountries%252Fschool%252FCA%252Fdirection%253Adesc%253Fsort_type%253D%25252Fcountries%25252Fschool%25252FCA,crawled_not_indexed,2026-09-18,2026-09-21T20:26:15,2026-09-21T20:26:15
https://schoolwith.me/countries/school/CA/page:5/sort:lowest_fee_per_month/direction:asc?sort_type=/countries/school/CA/sort:lowest_fee_per_month/direction:asc?src_user%3Dtop_main_cntry_pc,crawled_not_indexed,2026-09-18,2026-09-21T20:26:15,2026-09-21T20:26:15
https://schoolwith.me/countries/school/CA/page:6/sort:lowest_fee_per_month/direction:asc?sort_type=/countries/school/CA/sort:lowest_fee_per_month/direction:asc?sort_type%3D%252Fcountries%252Fschool%252FCA%252Fdirection%253Adesc%253Fsort_type%253D%25252Fcountries%25252Fschool%25252FCA,crawled_not_indexed,2026-09-18,2026-09-21T20:26:15,2026-09-21T20:26:15
https://schoolwith.me/countries/school/CA/page:6/sort:lowest_fee_per_month/direction:asc?sort_type=/countries/school/CA/sort:lowest_fee_per_month/direction:asc?src_user%3Dtop_main_cntry_pc,crawled_not_indexed,2026-09-18,2026-09-21T20:26:15,2026-09-21T20:26:15
https://schoolwith.me/countries/school/CA/page:7/sort:lowest_fee_per_month/direction:asc?sort_type=/countries/school/CA/sort:lowest_fee_per_month/direction:asc?sort_type%3D%252Fcountries%252Fschool%252FCA%252Fdirection%253Adesc%253Fsort_type%253D%25252Fcountries%25252Fschool%25252FCA,crawled_not_indexed,2026-09-18,2026-09-21T20:26:15,2026-09-21T20:26:15
https://schoolwith.me/countries/school/CA/page:7/sort:lowest_fee_per_month/direction:asc?sort_type=/countries/school/CA/sort:lowest_fee_per_month/direction:asc?src_user%3Dtop_main_cntry_pc,crawled_not_indexed,2026-09-18,2026-09-21T20:26:15,2026-09-21T20:26:15
https://schoolwith.me/countries/school/CA/sort:lowest_fee_per_month/direction:asc/page:2?sort_type=/countries/school/CA/sort:lowest_fee_per_month/direction:asc?sort_type%3D%252Fcountries%252Fschool%252FCA%252Fdirection%253Adesc%253Fsort_type%253D%25252Fcountries%25252Fschool%25252FCA,crawled_not_indexed,2026-09-18,2026-09-21T20:26:15,2026-09-21T20:26:15
https://schoolwith.me/countries/school/CA/sort:lowest_fee_per_month/direction:asc/page:2?sort_type=/countries/school/CA/sort:lowest_fee_per_month/direction:asc?src_user%3Dtop_main_cntry_pc,crawled_not_indexed,2026-09-18,2026-09-21T20:26:15,2026-09-21T20:26:15
https://schoolwith.me/countries/school/CA/sort:lowest_fee_per_month/direction:asc?sort_type=/countries/school/CA/sort:lowest_fee_per_month/direction:asc?sort_type%3D%252Fcountries%252Fschool%252FCA%252Fdirection%253Adesc%253Fsort_type%253D%25252Fcountries%25252Fschool%25252FCA,crawled_not_indexed,2026-09-18,2026-09-21T20:26:15,2026-09-21T20:26:15
https://schoolwith.me/countries/school/CA?sort_type=/countries/school/CA/sort:lowest_fee_per_month/direction:asc?sort_type%3D%252Fcountries%252Fschool%252FCA%252Fdirection%253Adesc%253Fsort_type%253D%25252Fcountries%25252Fschool%25252FCA,crawled_not_indexed,2026-09-18,2026-09-21T20:26:15,2026-09-21T20:26:15
https://schoolwith.me/countries/school/ID/direction:asc/sort:lowest_fee_per_month/page:3,discovered_not_indexed,2026-09-18,2026-09-21T20:26:15,2026-09-21T20:26:15
https://schoolwith.me/countries/school/ID/direction:desc/page:2,discovered_not_indexed,2026-09-18,2026-09-21T20:26:15,2026-09-21T20:26:15
https://schoolwith.me/countries/school/ID?sort_type=/countries/school/ID/direction:desc?sort_type%3D%252Fcountries%252Fschool%252FID%252Fsort%253Alowest_fee_per_month%252Fdirection%253Aasc,crawled_not_indexed,2026-09-18,2026-09-21T20:26:15,2026-09-21T20:26:15
https://schoolwith.me/countries/school/IE/direction:asc/sort:lowest_fee_per_month/page:2?src_user=top_main_cntry_pc,crawled_not_indexed,2026-09-18,2026-09-21T20:26:15,2026-09-21T20:26:15
https://schoolwith.me/countries/school/IE/direction:asc/sort:lowest_fee_per_month?src_user=top_main_cntry_pc,crawled_not_indexed,2026-09-18,2026-09-21T20:26:15,2026-09-21T20:26:15
https://schoolwith.me/countries/school/IE/page:2/direction:asc/sort:lowest_fee_per_month,crawled_not_indexed,2026-09-18,2026-09-21T20:26:15,2026-09-21T20:26:15
https://schoolwith.me/countries/school/IE/page:2/sort:lowest_fee_per_month/direction:asc?sort_type=/countries/school/IE/direction:desc?sort_type%3D%252Fcountries%252Fschool%252FIE%252Fsort%253Alowest_fee_per_month%252Fdirection%253Aasc,crawled_not_indexed,2026-09-18,2026-09-21T20:26:15,2026-09-21T20:26:15
https://schoolwith.me/countries/school/IE/page:2?sort_type=/countries/school/IE/direction:desc?sort_type%3D%252Fcountries%252Fschool%252FIE%252Fdirection%253Adesc,dup_no_user_canonical,2026-09-18,2026-09-21T20:26:15,2026-09-21T20:26:15
https://schoolwith.me/countries/school/IE/page:2?sort_type=/countries/school/IE/direction:desc?sort_type%3D%252Fcountries%252Fschool%252FIE%252Fdirection%253Adesc%253Fsort_type%253D%25252Fcountries%25252Fschool%25252FIE,dup_no_user_canonical,2026-09-18,2026-09-21T20:26:15,2026-09-21T20:26:15
https://schoolwith.me/countries/school/IE/page:2?sort_type=/countries/school/IE/direction:desc?sort_type%3D%252Fcountries%252Fschool%252FIE%252Fsort%253Alowest_fee_per_month%252Fdirection%253Aasc,dup_no_user_canonical,2026-09-18,2026-09-21T20:26:15,2026-09-21T20:26:15
https://schoolwith.me/countries/school/IE/page:2?sort_type=/countries/school/IE/sort:lowest_fee_per_month/direction:asc?sort_type%3D%252Fcountries%252Fschool%252FIE,dup_no_user_canonical,2026-09-18,2026-09-21T20:26:15,2026-09-21T20:26:15
https://schoolwith.me/countries/school/IE/page:2?src_user=top_main_cntry_pc,crawled_not_indexed,2026-09-18,2026-09-21T20:26:15,2026-09-21T20:26:15
https://schoolwith.me/countries/school/IE/page:3?src_user=top_main_cntry_pc,crawled_not_indexed,2026-09-18,2026-09-21T20:26:15,2026-09-21T20:26:15
https://schoolwith.me/countries/school/IE/page:4/sort:lowest_fee_per_month/direction:asc?sort_type=/countries/school/IE/direction:desc?sort_type%3D%252Fcountries%252Fschool%252FIE%252Fsort%253Alowest_fee_per_month%252Fdirection%253Aasc,crawled_not_indexed,2026-09-18,2026-09-21T20:26:15,2026-09-21T20:26:15
https://schoolwith.me/countries/school/IE/page:4?src_user=top_main_cntry_pc,crawled_not_indexed,2026-09-18,2026-09-21T20:26:15,2026-09-21T20:26:15
https://schoolwith.me/countries/school/IE/sort:lowest_fee_per_month/direction:asc/page:2?sort_type=/countries/school/IE,crawled_not_indexed,2026-09-18,2026-09-21T20:26:15,2026-09-21T20:26:15
https://schoolwith.me/countries/school/IE/sort:lowest_fee_per_month/direction:asc/page:7,discovered_not_indexed,2026-09-18,2026-09-21T20:26:15,2026-09-21T20:26:15
https://schoolwith.me/countries/school/IE?src_user=top_main_cntry_pc,crawled_not_indexed,2026-09-18,2026-09-21T20:26:15,2026-09-21T20:26:15
https://schoolwith.me/countries/school/NZ/page:10/sort:lowest_fee_per_month/direction:asc?sort_type=/countries/school/NZ/direction:desc?sort_type%3D%252Fcountries%252Fschool%252FNZ%252Fsort%253Alowest_fee_per_month%252Fdirection%253Aasc,crawled_not_indexed,2026-09-18,2026-09-21T20:26:15,2026-09-21T20:26:15
https://schoolwith.me/countries/school/NZ/page:11/sort:lowest_fee_per_month/direction:asc?sort_type=/countries/school/NZ/direction:desc?sort_type%3D%252Fcountries%252Fschool%252FNZ%252Fsort%253Alowest_fee_per_month%252Fdirection%253Aasc,crawled_not_indexed,2026-09-18,2026-09-21T20:26:15,2026-09-21T20:26:15
https://schoolwith.me/countries/school/NZ/page:12/direction:asc/sort:lowest_fee_per_month?sort_type=/countries/school/NZ?sort_type%3D%252Fcountries%252Fschool%252FNZ%252Fsort%253Atmp_overall_score%252Fdirection%253ADESC%253Fsort_type%253D%25252Fcountries%25252Fschool%25252FNZ%25252Fsort%25253Alowest_fee_per_month%25252Fdirection%25253AASC%25253Fsort_type%25253D%2525252Fcountries%2525252Fschool%2525252FNZ%2525252Fsort%2525253Atmp_overall_score%2525252Fdirection%2525253ADESC%2525253Fsort_type%2525253D%252525252Fcountries%252525252Fschool%252525252FNZ%252525253Fsort_type%252525253D%25252525252Fcountries%25252525252Fschool%25252525252FNZ,crawled_not_indexed,2026-09-18,2026-09-21T20:26:15,2026-09-21T20:26:15
https://schoolwith.me/countries/school/NZ/page:13/direction:asc/sort:lowest_fee_per_month?sort_type=/countries/school/NZ?sort_type%3D%252Fcountries%252Fschool%252FNZ%252Fsort%253Atmp_overall_score%252Fdirection%253ADESC%253Fsort_type%253D%25252Fcountries%25252Fschool%25252FNZ%25252Fsort%25253Alowest_fee_per_month%25252Fdirection%25253AASC%25253Fsort_type%25253D%2525252Fcountries%2525252Fschool%2525252FNZ%2525252Fsort%2525253Atmp_overall_score%2525252Fdirection%2525253ADESC%2525253Fsort_type%2525253D%252525252Fcountries%252525252Fschool%252525252FNZ%252525253Fsort_type%252525253D%25252525252Fcountries%25252525252Fschool%25252525252FNZ,crawled_not_indexed,2026-09-18,2026-09-21T20:26:15,2026-09-21T20:26:15
https://schoolwith.me/countries/school/NZ/page:13?sort_type=/countries/school/NZ,crawled_not_indexed,2026-09-18,2026-09-21T20:26:15,2026-09-21T20:26:15
https://schoolwith.me/countries/school/NZ/page:14/direction:asc/sort:lowest_fee_per_month?sort_type=/countries/school/NZ?sort_type%3D%252Fcountries%252Fschool%252FNZ%252Fsort%253Atmp_overall_score%252Fdirection%253ADESC%253Fsort_type%253D%25252Fcountries%25252Fschool%25252FNZ%25252Fsort%25253Alowest_fee_per_month%25252Fdirection%25253AASC%25253Fsort_type%25253D%2525252Fcountries%2525252Fschool%2525252FNZ%2525252Fsort%2525253Atmp_overall_score%2525252Fdirection%2525253ADESC%2525253Fsort_type%2525253D%252525252Fcountries%252525252Fschool%252525252FNZ%252525253Fsort_type%252525253D%25252525252Fcountries%25252525252Fschool%25252525252FNZ,crawled_not_indexed,2026-09-18,2026-09-21T20:26:15,2026-09-21T20:26:15
https://schoolwith.me/countries/school/NZ/page:14/direction:desc?sort_type=/countries/school/NZ?sort_type%3D%252Fcountries%252Fschool%252FNZ%252Fsort%253Atmp_overall_score%252Fdirection%253ADESC%253Fsort_type%253D%25252Fcountries%25252Fschool%25252FNZ%25252Fsort%25253Alowest_fee_per_month%25252Fdirection%25253AASC%25253Fsort_type%25253D%2525252Fcountries%2525252Fschool%2525252FNZ%2525252Fsort%2525253Atmp_overall_score%2525252Fdirection%2525253ADESC%2525253Fsort_type%2525253D%252525252Fcountries%252525252Fschool%252525252FNZ%252525253Fsort_type%252525253D%25252525252Fcountries%25252525252Fschool%25252525252FNZ,crawled_not_indexed,2026-09-18,2026-09-21T20:26:15,2026-09-21T20:26:15
https://schoolwith.me/countries/school/NZ/page:15/direction:asc/sort:lowest_fee_per_month,crawled_not_indexed,2026-09-18,2026-09-21T20:26:15,2026-09-21T20:26:15
https://schoolwith.me/countries/school/NZ/page:15/direction:asc/sort:lowest_fee_per_month?sort_type=/countries/school/NZ?sort_type%3D%252Fcountries%252Fschool%252FNZ%252Fsort%253Atmp_overall_score%252Fdirection%253ADESC%253Fsort_type%253D%25252Fcountries%25252Fschool%25252FNZ%25252Fsort%25253Alowest_fee_per_month%25252Fdirection%25253AASC%25253Fsort_type%25253D%2525252Fcountries%2525252Fschool%2525252FNZ%2525252Fsort%2525253Atmp_overall_score%2525252Fdirection%2525253ADESC%2525253Fsort_type%2525253D%252525252Fcountries%252525252Fschool%252525252FNZ%252525253Fsort_type%252525253D%25252525252Fcountries%25252525252Fschool%25252525252FNZ,crawled_not_indexed,2026-09-18,2026-09-21T20:26:15,2026-09-21T20:26:15
https://schoolwith.me/countries/school/NZ/page:15/direction:desc,crawled_not_indexed,2026-09-18,2026-09-21T20:26:15,2026-09-21T20:26:15
https://schoolwith.me/countries/school/NZ/page:16/direction:asc/sort:lowest_fee_per_month,crawled_not_indexed,2026-09-18,2026-09-21T20:26:15,2026-09-21T20:26:15
https://schoolwith.me/countries/school/NZ/page:16/direction:asc/sort:lowest_fee_per_month?sort_type=/countries/school/NZ?sort_type%3D%252Fcountries%252Fschool%252FNZ%252Fsort%253Atmp_overall_score%252Fdirection%253ADESC%253Fsort_type%253D%25252Fcountries%25252Fschool%25252FNZ%25252Fsort%25253Alowest_fee_per_month%25252Fdirection%25253AASC%25253Fsort_type%25253D%2525252Fcountries%2525252Fschool%2525252FNZ%2525252Fsort%2525253Atmp_overall_score%2525252Fdirection%2525253ADESC%2525253Fsort_type%2525253D%252525252Fcountries%252525252Fschool%252525252FNZ%252525253Fsort_type%252525253D%25252525252Fcountries%25252525252Fschool%25252525252FNZ,crawled_not_indexed,2026-09-18,2026-09-21T20:26:15,2026-09-21T20:26:15
https://schoolwith.me/countries/school/NZ/page:16/direction:desc,crawled_not_indexed,2026-09-18,2026-09-21T20:26:15,2026-09-21T20:26:15
https://schoolwith.me/countries/school/NZ/page:17/direction:asc/sort:lowest_fee_per_month,crawled_not_indexed,2026-09-18,2026-09-21T20:26:15,2026-09-21T20:26:15
https://schoolwith.me/countries/school/NZ/page:17/direction:asc/sort:lowest_fee_per_month?sort_type=/countries/school/NZ?sort_type%3D%252Fcountries%252Fschool%252FNZ%252Fsort%253Atmp_overall_score%252Fdirection%253ADESC%253Fsort_type%253D%25252Fcountries%25252Fschool%25252FNZ%25252Fsort%25253Alowest_fee_per_month%25252Fdirection%25253AASC%25253Fsort_type%25253D%2525252Fcountries%2525252Fschool%2525252FNZ%2525252Fsort%2525253Atmp_overall_score%2525252Fdirection%2525253ADESC%2525253Fsort_type%2525253D%252525252Fcountries%252525252Fschool%252525252FNZ%252525253Fsort_type%252525253D%25252525252Fcountries%25252525252Fschool%25252525252FNZ,crawled_not_indexed,2026-09-18,2026-09-21T20:26:15,2026-09-21T20:26:15
https://schoolwith.me/countries/school/NZ/page:18/direction:asc/sort:lowest_fee_per_month,crawled_not_indexed,2026-09-18,2026-09-21T20:26:15,2026-09-21T20:26:15
https://schoolwith.me/countries/school/NZ/page:18/direction:asc/sort:lowest_fee_per_month?sort_type=/countries/school/NZ?sort_type%3D%252Fcountries%252Fschool%252FNZ%252Fsort%253Atmp_overall_score%252Fdirection%253ADESC%253Fsort_type%253D%25252Fcountries%25252Fschool%25252FNZ%25252Fsort%25253Alowest_fee_per_month%25252Fdirection%25253AASC%25253Fsort_type%25253D%2525252Fcountries%2525252Fschool%2525252FNZ%2525252Fsort%2525253Atmp_overall_score%2525252Fdirection%2525253ADESC%2525253Fsort_type%2525253D%252525252Fcountries%252525252Fschool%252525252FNZ%252525253Fsort_type%252525253D%25252525252Fcountries%25252525252Fschool%25252525252FNZ,crawled_not_indexed,2026-09-18,2026-09-21T20:26:15,2026-09-21T20:26:15
https://schoolwith.me/countries/school/NZ/page:19/direction:asc/sort:lowest_fee_per_month,crawled_not_indexed,2026-09-18,2026-09-21T20:26:15,2026-09-21T20:26:15
https://schoolwith.me/countries/school/NZ/page:2/sort:lowest_fee_per_month/direction:asc?sort_type=/countries/school/NZ/direction:desc?sort_type%3D%252Fcountries%252Fschool%252FNZ%252Fsort%253Alowest_fee_per_month%252Fdirection%253Aasc,crawled_not_indexed,2026-09-18,2026-09-21T20:26:15,2026-09-21T20:26:15
https://schoolwith.me/countries/school/NZ/page:20/direction:asc/sort:lowest_fee_per_month,crawled_not_indexed,2026-09-18,2026-09-21T20:26:15,2026-09-21T20:26:15
https://schoolwith.me/countries/school/NZ/page:21/direction:asc/sort:lowest_fee_per_month,crawled_not_indexed,2026-09-18,2026-09-21T20:26:15,2026-09-21T20:26:15
https://schoolwith.me/countries/school/NZ/page:22/direction:asc/sort:lowest_fee_per_month,crawled_not_indexed,2026-09-18,2026-09-21T20:26:15,2026-09-21T20:26:15
https://schoolwith.me/countries/school/NZ/page:23/direction:asc/sort:lowest_fee_per_month,crawled_not_indexed,2026-09-18,2026-09-21T20:26:15,2026-09-21T20:26:15
https://schoolwith.me/countries/school/NZ/page:23/sort:lowest_fee_per_month/direction:asc,discovered_not_indexed,2026-09-18,2026-09-21T20:26:15,2026-09-21T20:26:15
https://schoolwith.me/countries/school/NZ/page:24/direction:asc/sort:lowest_fee_per_month,crawled_not_indexed,2026-09-18,2026-09-21T20:26:15,2026-09-21T20:26:15
https://schoolwith.me/countries/school/NZ/page:3/sort:lowest_fee_per_month/direction:asc?sort_type=/countries/school/NZ/direction:desc?sort_type%3D%252Fcountries%252Fschool%252FNZ%252Fsort%253Alowest_fee_per_month%252Fdirection%253Aasc,crawled_not_indexed,2026-09-18,2026-09-21T20:26:15,2026-09-21T20:26:15
https://schoolwith.me/countries/school/NZ/page:4/sort:lowest_fee_per_month/direction:asc?sort_type=/countries/school/NZ/direction:desc?sort_type%3D%252Fcountries%252Fschool%252FNZ%252Fsort%253Alowest_fee_per_month%252Fdirection%253Aasc,crawled_not_indexed,2026-09-18,2026-09-21T20:26:15,2026-09-21T20:26:15
https://schoolwith.me/countries/school/NZ/page:5/sort:lowest_fee_per_month/direction:asc?sort_type=/countries/school/NZ/direction:desc?sort_type%3D%252Fcountries%252Fschool%252FNZ%252Fsort%253Alowest_fee_per_month%252Fdirection%253Aasc,crawled_not_indexed,2026-09-18,2026-09-21T20:26:15,2026-09-21T20:26:15
https://schoolwith.me/countries/school/NZ/page:7/sort:lowest_fee_per_month/direction:asc?sort_type=/countries/school/NZ/direction:desc?sort_type%3D%252Fcountries%252Fschool%252FNZ%252Fsort%253Alowest_fee_per_month%252Fdirection%253Aasc,crawled_not_indexed,2026-09-18,2026-09-21T20:26:15,2026-09-21T20:26:15
https://schoolwith.me/countries/school/NZ/page:8/sort:lowest_fee_per_month/direction:asc?sort_type=/countries/school/NZ/direction:desc?sort_type%3D%252Fcountries%252Fschool%252FNZ%252Fsort%253Alowest_fee_per_month%252Fdirection%253Aasc,crawled_not_indexed,2026-09-18,2026-09-21T20:26:15,2026-09-21T20:26:15
https://schoolwith.me/countries/school/NZ/page:9/sort:lowest_fee_per_month/direction:asc?sort_type=/countries/school/NZ/direction:desc?sort_type%3D%252Fcountries%252Fschool%252FNZ%252Fsort%253Alowest_fee_per_month%252Fdirection%253Aasc,crawled_not_indexed,2026-09-18,2026-09-21T20:26:15,2026-09-21T20:26:15
https://schoolwith.me/countries/school/NZ/sort:lowest_fee_per_month/direction:asc/page:2?sort_type=/countries/school/NZ/direction:desc?sort_type%3D%252Fcountries%252Fschool%252FNZ%252Fsort%253Alowest_fee_per_month%252Fdirection%253Aasc,crawled_not_indexed,2026-09-18,2026-09-21T20:26:15,2026-09-21T20:26:15
https://schoolwith.me/countries/school/NZ/sort:lowest_fee_per_month/direction:asc?sort_type=/countries/school/NZ/direction:desc?sort_type%3D%252Fcountries%252Fschool%252FNZ%252Fsort%253Alowest_fee_per_month%252Fdirection%253Aasc,crawled_not_indexed,2026-09-18,2026-09-21T20:26:15,2026-09-21T20:26:15
https://schoolwith.me/countries/school/PH/page:11/direction:desc,discovered_not_indexed,2026-09-18,2026-09-21T20:26:15,2026-09-21T20:26:15
https://schoolwith.me/countries/school/PH/page:3?sort_type=/countries/school/PH/direction:desc?sort_type%3D%252Fcountries%252Fschool%252FPH,dup_no_user_canonical,2026-09-18,2026-09-21T20:26:15,2026-09-21T20:26:15
https://schoolwith.me/countries/school/PH/page:3?sort_type=/countries/school/PH/sort:lowest_fee_per_month/direction:ASC?sort_type%3D%252Fcountries%252Fschool%252FPH,dup_no_user_canonical,2026-09-18,2026-09-21T20:26:15,2026-09-21T20:26:15
https://schoolwith.me/countries/school/PH/page:3?sort_type=/countries/school/PH/sort:lowest_fee_per_month/direction:asc?sort_type%3D%252Fcountries%252Fschool%252FPH,dup_no_user_canonical,2026-09-18,2026-09-21T20:26:15,2026-09-21T20:26:15
https://schoolwith.me/countries/school/PH/sort:lowest_fee_per_month/direction:asc/page:3,discovered_not_indexed,2026-09-18,2026-09-21T20:26:15,2026-09-21T20:26:15
https://schoolwith.me/countries/school/SG/page:2?sort_type=/countries/school/SG/direction:desc?sort_type%3D%252Fcountries%252Fschool%252FSG%252Fdirection%253Adesc%253Fsort_type%253D%25252Fcountries%25252Fschool%25252FSG%25252Fsort%25253Alowest_fee_per_month%25252Fdirection%25253Aasc,crawled_not_indexed,2026-09-18,2026-09-21T20:26:15,2026-09-21T20:26:15
https://schoolwith.me/countries/school/SG/page:3/sort:lowest_fee_per_month/direction:asc?sort_type=/countries/school/SG/direction:desc?sort_type%3D%252Fcountries%252Fschool%252FSG%252Fdirection%253Adesc%253Fsort_type%253D%25252Fcountries%25252Fschool%25252FSG%25252Fsort%25253Alowest_fee_per_month%25252Fdirection%25253Aasc,crawled_not_indexed,2026-09-18,2026-09-21T20:26:15,2026-09-21T20:26:15
https://schoolwith.me/countries/school/SG/page:3?sort_type=/countries/school/SG/direction:desc?sort_type%3D%252Fcountries%252Fschool%252FSG%252Fdirection%253Adesc%253Fsort_type%253D%25252Fcountries%25252Fschool%25252FSG%25252Fsort%25253Alowest_fee_per_month%25252Fdirection%25253Aasc,crawled_not_indexed,2026-09-18,2026-09-21T20:26:15,2026-09-21T20:26:15
https://schoolwith.me/countries/school/SG/page:4?sort_type=/countries/school/SG/direction:desc?sort_type%3D%252Fcountries%252Fschool%252FSG%252Fdirection%253Adesc%253Fsort_type%253D%25252Fcountries%25252Fschool%25252FSG%25252Fsort%25253Alowest_fee_per_month%25252Fdirection%25253Aasc,crawled_not_indexed,2026-09-18,2026-09-21T20:26:15,2026-09-21T20:26:15
https://schoolwith.me/countries/school/SG/page:4?sort_type=/countries/school/SG/sort:lowest_fee_per_month/direction:asc?sort_type%3D%252Fcountries%252Fschool%252FSG%252Fsort%253Alowest_fee_per_month%252Fdirection%253Aasc,dup_no_user_canonical,2026-09-18,2026-09-21T20:26:15,2026-09-21T20:26:15
https://schoolwith.me/countries/school/SG/page:4?sort_type=/countries/school/SG/sort:lowest_fee_per_month/direction:asc?sort_type%3D%252Fcountries%252Fschool%252FSG%252Fsort%253Alowest_fee_per_month%252Fdirection%253Aasc%253Fsort_type%253D%25252Fcountries%25252Fschool%25252FSG%25252Fdirection%25253Adesc,dup_no_user_canonical,2026-09-18,2026-09-21T20:26:15,2026-09-21T20:26:15
https://schoolwith.me/countries/school/SG/page:5?sort_type=/countries/school/SG/direction:desc?sort_type%3D%252Fcountries%252Fschool%252FSG%252Fdirection%253Adesc%253Fsort_type%253D%25252Fcountries%25252Fschool%25252FSG%25252Fsort%25253Alowest_fee_per_month%25252Fdirection%25253Aasc,crawled_not_indexed,2026-09-18,2026-09-21T20:26:15,2026-09-21T20:26:15
https://schoolwith.me/countries/school/SG/page:6?sort_type=/countries/school/SG/direction:desc?sort_type%3D%252Fcountries%252Fschool%252FSG%252Fdirection%253Adesc%253Fsort_type%253D%25252Fcountries%25252Fschool%25252FSG%25252Fsort%25253Alowest_fee_per_month%25252Fdirection%25253Aasc,crawled_not_indexed,2026-09-18,2026-09-21T20:26:15,2026-09-21T20:26:15
https://schoolwith.me/countries/school/SG/sort:lowest_fee_per_month/direction:asc/page:2?sort_type=/countries/school/SG/direction:desc?sort_type%3D%252Fcountries%252Fschool%252FSG%252Fdirection%253Adesc%253Fsort_type%253D%25252Fcountries%25252Fschool%25252FSG%25252Fsort%25253Alowest_fee_per_month%25252Fdirection%25253Aasc,crawled_not_indexed,2026-09-18,2026-09-21T20:26:15,2026-09-21T20:26:15
https://schoolwith.me/countries/school/SG/sort:lowest_fee_per_month/direction:asc?sort_type=/countries/school/SG/direction:desc?sort_type%3D%252Fcountries%252Fschool%252FSG%252Fdirection%253Adesc%253Fsort_type%253D%25252Fcountries%25252Fschool%25252FSG%25252Fsort%25253Alowest_fee_per_month%25252Fdirection%25253Aasc,crawled_not_indexed,2026-09-18,2026-09-21T20:26:15,2026-09-21T20:26:15
https://schoolwith.me/countries/school/SG?sort_type=/countries/school/SG/direction:desc?sort_type%3D%252Fcountries%252Fschool%252FSG%252Fsort%253Alowest_fee_per_month%252Fdirection%253Aasc%253Fsort_type%253D%25252Fcountries%25252Fschool%25252FSG%25252Fdirection%25253Adesc%25253Fsort_type%25253D%2525252Fcountries%2525252Fschool%2525252FSG%2525252Fsort%2525253Alowest_fee_per_month%2525252Fdirection%2525253Aasc%2525253Fsort_type%2525253D%252525252Fcountries%252525252Fschool%252525252FSG%252525252Fdirection%252525253Adesc%252525253Fsort_type%252525253D%25252525252Fcountries%25252525252Fschool%25252525252FSG%25252525252Fdirection%25252525253Adesc%25252525253Fsort_type%25252525253D%2525252525252Fcountries%2525252525252Fschool%2525252525252FSG%2525252525252Fdirection%2525252525253Adesc%2525252525253Fsort_type%2525252525253D%252525252525252Fcountries%252525252525252Fschool%252525252525252FSG%252525252525252Fdirection%252525252525253Adesc%252525252525253Fsort_type%252525252525253D%25252525252525252Fcountries%25252525252525252Fschool%25252525252525252FSG%25252525252525252Fdirection%25252525252525253Adesc%25252525252525253Fsort_type%25252525252525253D%2525252525252525252Fcountries%2525252525252525252Fschool%2525252525252525252FSG%2525252525252525252Fdirection%2525252525252525253Adesc%2525252525252525253Fsort_type%2525252525252525253D%252525252525252525252Fcountries%252525252525252525252Fschool%252525252525252525252FSG%252525252525252525252Fdirection%252525252525252525253Adesc,crawled_not_indexed,2026-09-18,2026-09-21T20:26:15,2026-09-21T20:26:15
https://schoolwith.me/countries/school/UK/direction:desc/page:4,discovered_not_indexed,2026-09-18,2026-09-21T20:26:15,2026-09-21T20:26:15
https://schoolwith.me/countries/school/UK/page:10/direction:desc,crawled_not_indexed,2026-09-18,2026-09-21T20:26:15,2026-09-21T20:26:15
https://schoolwith.me/countries/school/UK/page:10/direction:desc?sort_type=/countries/school/UK/sort:lowest_fee_per_month/direction:ASC,crawled_not_indexed,2026-09-18,2026-09-21T20:26:15,2026-09-21T20:26:15
https://schoolwith.me/countries/school/UK/page:10?sort_type=/countries/school/UK/direction:desc?sort_type%3D%252Fcountries%252Fschool%252FUK%252Fsort%253Alowest_fee_per_month%252Fdirection%253Aasc,crawled_not_indexed,2026-09-18,2026-09-21T20:26:15,2026-09-21T20:26:15
https://schoolwith.me/countries/school/UK/page:18?sort_type=/countries/school/UK/direction:desc?sort_type%3D%252Fcountries%252Fschool%252FUK%252Fsort%253Alowest_fee_per_month%252Fdirection%253Aasc%253Fsort_type%253D%25252Fcountries%25252Fschool%25252FUK%25252Fdirection%25253Adesc%25253Fsort_type%25253D%2525252Fcountries%2525252Fschool%2525252FUK%2525252Fdirection%2525253Adesc%2525253Fsort_type%2525253D%252525252Fcountries%252525252Fschool%252525252FUK%252525252Fsort%252525253Alowest_fee_per_month%252525252Fdirection%252525253Aasc%252525253Fsort_type%252525253D%25252525252Fcountries%25252525252Fschool%25252525252FUK%25252525252Fdirection%25252525253Adesc%25252525253Fsort_type%25252525253D%2525252525252Fcountries%2525252525252Fschool%2525252525252FUK%2525252525252Fdirection%2525252525253Adesc%2525252525253Fsort_type%2525252525253D%252525252525252Fcountries%252525252525252Fschool%252525252525252FUK%252525252525252Fdirection%252525252525253Adesc%252525252525253Fsort_type%252525252525253D%25252525252525252Fcountries%25252525252525252Fschool%25252525252525252FUK%25252525252525252Fdirection%25252525252525253Adesc%25252525252525253Fsort_type%25252525252525253D%2525252525252525252Fcountries%2525252525252525252Fschool%2525252525252525252FUK%2525252525252525252Fdirection%2525252525252525253Adesc%2525252525252525253Fsort_type%2525252525252525253D%252525252525252525252Fcountries%252525252525252525252Fschool%252525252525252525252FUK%252525252525252525252Fdirection%252525252525252525253Adesc,crawled_not_indexed,2026-09-18,2026-09-21T20:26:15,2026-09-21T20:26:15
https://schoolwith.me/countries/school/UK/page:23/direction:desc,discovered_not_indexed,2026-09-18,2026-09-21T20:26:15,2026-09-21T20:26:15
https://schoolwith.me/countries/school/UK/page:26/sort:lowest_fee_per_month/direction:asc?sort_type=/countries/school/UK?sort_type%3D%252Fcountries%252Fschool%252FUK,crawled_not_indexed,2026-09-18,2026-09-21T20:26:15,2026-09-21T20:26:15
https://schoolwith.me/countries/school/UK/page:2?sort_type=/countries/school/UK/direction:desc?sort_type%3D%252Fcountries%252Fschool%252FUK,dup_no_user_canonical,2026-09-18,2026-09-21T20:26:15,2026-09-21T20:26:15
https://schoolwith.me/countries/school/UK/page:2?sort_type=/countries/school/UK/direction:desc?sort_type%3D%252Fcountries%252Fschool%252FUK%252Fsort%253Alowest_fee_per_month%252Fdirection%253Aasc,crawled_not_indexed,2026-09-18,2026-09-21T20:26:15,2026-09-21T20:26:15
https://schoolwith.me/countries/school/UK/page:2?sort_type=/countries/school/UK/sort:lowest_fee_per_month/direction:asc?sort_type%3D%252Fcountries%252Fschool%252FUK%252Fsort%253Alowest_fee_per_month%252Fdirection%253Aasc,crawled_not_indexed,2026-09-18,2026-09-21T20:26:15,2026-09-21T20:26:15
https://schoolwith.me/countries/school/UK/page:3?sort_type=/countries/school/UK/direction:desc?sort_type%3D%252Fcountries%252Fschool%252FUK%252Fsort%253Alowest_fee_per_month%252Fdirection%253Aasc,crawled_not_indexed,2026-09-18,2026-09-21T20:26:15,2026-09-21T20:26:15
https://schoolwith.me/countries/school/UK/page:3?sort_type=/countries/school/UK/sort:lowest_fee_per_month/direction:asc,crawled_not_indexed,2026-09-18,2026-09-21T20:26:15,2026-09-21T20:26:15
https://schoolwith.me/countries/school/UK/page:3?sort_type=/countries/school/UK/sort:lowest_fee_per_month/direction:asc?sort_type%3D%252Fcountries%252Fschool%252FUK%252Fsort%253Alowest_fee_per_month%252Fdirection%253Aasc,crawled_not_indexed,2026-09-18,2026-09-21T20:26:15,2026-09-21T20:26:15
https://schoolwith.me/countries/school/UK/page:4?sort_type=/countries/school/UK/direction:desc?sort_type%3D%252Fcountries%252Fschool%252FUK%252Fsort%253Alowest_fee_per_month%252Fdirection%253Aasc,crawled_not_indexed,2026-09-18,2026-09-21T20:26:15,2026-09-21T20:26:15
https://schoolwith.me/countries/school/UK/page:4?sort_type=/countries/school/UK/sort:lowest_fee_per_month/direction:asc?sort_type%3D%252Fcountries%252Fschool%252FUK%252Fsort%253Alowest_fee_per_month%252Fdirection%253Aasc,crawled_not_indexed,2026-09-18,2026-09-21T20:26:15,2026-09-21T20:26:15
https://schoolwith.me/countries/school/UK/page:5?sort_type=/countries/school/UK/direction:desc?sort_type%3D%252Fcountries%252Fschool%252FUK%252Fsort%253Alowest_fee_per_month%252Fdirection%253Aasc,crawled_not_indexed,2026-09-18,2026-09-21T20:26:15,2026-09-21T20:26:15
https://schoolwith.me/countries/school/UK/page:5?sort_type=/countries/school/UK/sort:lowest_fee_per_month/direction:asc?sort_type%3D%252Fcountries%252Fschool%252FUK%252Fsort%253Alowest_fee_per_month%252Fdirection%253Aasc,crawled_not_indexed,2026-09-18,2026-09-21T20:26:15,2026-09-21T20:26:15
https://schoolwith.me/countries/school/UK/page:6?sort_type=/countries/school/UK/direction:desc?sort_type%3D%252Fcountries%252Fschool%252FUK%252Fsort%253Alowest_fee_per_month%252Fdirection%253Aasc,crawled_not_indexed,2026-09-18,2026-09-21T20:26:15,2026-09-21T20:26:15
https://schoolwith.me/countries/school/UK/page:6?sort_type=/countries/school/UK/sort:lowest_fee_per_month/direction:asc?sort_type%3D%252Fcountries%252Fschool%252FUK%252Fsort%253Alowest_fee_per_month%252Fdirection%253Aasc,crawled_not_indexed,2026-09-18,2026-09-21T20:26:15,2026-09-21T20:26:15
https://schoolwith.me/countries/school/UK/page:7?sort_type=/countries/school/UK/direction:desc?sort_type%3D%252Fcountries%252Fschool%252FUK%252Fsort%253Alowest_fee_per_month%252Fdirection%253Aasc,crawled_not_indexed,2026-09-18,2026-09-21T20:26:15,2026-09-21T20:26:15
https://schoolwith.me/countries/school/UK/page:7?sort_type=/countries/school/UK/sort:lowest_fee_per_month/direction:asc?sort_type%3D%252Fcountries%252Fschool%252FUK%252Fsort%253Alowest_fee_per_month%252Fdirection%253Aasc,crawled_not_indexed,2026-09-18,2026-09-21T20:26:15,2026-09-21T20:26:15
https://schoolwith.me/countries/school/UK/page:8?sort_type=/countries/school/UK/direction:desc?sort_type%3D%252Fcountries%252Fschool%252FUK%252Fsort%253Alowest_fee_per_month%252Fdirection%253Aasc,crawled_not_indexed,2026-09-18,2026-09-21T20:26:15,2026-09-21T20:26:15
https://schoolwith.me/countries/school/UK/page:8?sort_type=/countries/school/UK/sort:lowest_fee_per_month/direction:asc?sort_type%3D%252Fcountries%252Fschool%252FUK%252Fsort%253Alowest_fee_per_month%252Fdirection%253Aasc,crawled_not_indexed,2026-09-18,2026-09-21T20:26:15,2026-09-21T20:26:15
https://schoolwith.me/countries/school/UK/page:9?sort_type=/countries/school/UK/direction:desc?sort_type%3D%252Fcountries%252Fschool%252FUK%252Fsort%253Alowest_fee_per_month%252Fdirection%253Aasc,crawled_not_indexed,2026-09-18,2026-09-21T20:26:15,2026-09-21T20:26:15
https://schoolwith.me/countries/school/US/direction:desc?sort_type=/countries/school/US/direction:asc/sort:lowest_fee_per_month?sort_type%3D%252Fcountries%252Fschool%252FUS%252Fdirection%253Adesc%253Fsort_type%253D%25252Fcountries%25252Fschool%25252FUS%25252Fdirection%25253Aasc%25252Fsort%25253Alowest_fee_per_month%25253Fsort_type%25253D%2525252Fcountries%2525252Fschool%2525252FUS%2525252Fdirection%2525253Adesc%2525253Fsort_type%2525253D%252525252Fcountries%252525252Fschool%252525252FUS%252525252Fdirection%252525253Adesc%252525253Fsort_type%252525253D%25252525252Fcountries%25252525252Fschool%25252525252FUS%25252525252Fdirection%25252525253Adesc%25252525253Fsort_type%25252525253D%2525252525252Fcountries%2525252525252Fschool%2525252525252FUS%2525252525252Fdirection%2525252525253Adesc%2525252525253Fsort_type%2525252525253D%252525252525252Fcountries%252525252525252Fschool%252525252525252FUS%252525252525252Fdirection%252525252525253Adesc%252525252525253Fsort_type%252525252525253D%25252525252525252Fcountries%25252525252525252Fschool%25252525252525252FUS,crawled_not_indexed,2026-09-18,2026-09-21T20:26:15,2026-09-21T20:26:15
https://schoolwith.me/countries/school/US/page:15?sort_type=/countries/school/US/direction:desc?sort_type%3D%252Fcountries%252Fschool%252FUS,dup_no_user_canonical,2026-09-18,2026-09-21T20:26:15,2026-09-21T20:26:15
https://schoolwith.me/countries/school/US/page:15?sort_type=/countries/school/US?sort_type%3D%252Fcountries%252Fschool%252FUS,dup_no_user_canonical,2026-09-18,2026-09-21T20:26:15,2026-09-21T20:26:15
https://schoolwith.me/countries/school/US/page:16/direction:desc?sort_type=/countries/school/US/direction:desc?sort_type%3D%252Fcountries%252Fschool%252FUS%252Fdirection%253Adesc%253Fsort_type%253D%25252Fcountries%25252Fschool%25252FUS%25252Fsort%25253Alowest_fee_per_month%25252Fdirection%25253AASC%25253Fsort_type%25253D%2525252Fcountries%2525252Fschool%2525252FUS%2525253Fsort_type%2525253D%252525252Fcountries%252525252Fschool%252525252FUS,crawled_not_indexed,2026-09-18,2026-09-21T20:26:15,2026-09-21T20:26:15
https://schoolwith.me/countries/school/US/page:17?sort_type=/countries/school/US/direction:desc?src_user%3Dtop_main_cntry_pc,dup_no_user_canonical,2026-09-18,2026-09-21T20:26:15,2026-09-21T20:26:15
https://schoolwith.me/countries/school/US/page:18?sort_type=/countries/school/US/sort:lowest_fee_per_month/direction:asc?sort_type%3D%252Fcountries%252Fschool%252FUS%252Fsort%253Alowest_fee_per_month%252Fdirection%253Aasc%253Fsort_type%253D%25252Fcountries%25252Fschool%25252FUS%25252Fdirection%25253Adesc%25253Fsort_type%25253D%2525252Fcountries%2525252Fschool%2525252FUS%2525252Fdirection%2525253Adesc%2525253Fsort_type%2525253D%252525252Fcountries%252525252Fschool%252525252FUS%252525252Fdirection%252525253Adesc%252525253Fsort_type%252525253D%25252525252Fcountries%25252525252Fschool%25252525252FUS%25252525252Fdirection%25252525253Adesc%25252525253Fsort_type%25252525253D%2525252525252Fcountries%2525252525252Fschool%2525252525252FUS%2525252525252Fdirection%2525252525253Adesc%2525252525253Fsort_type%2525252525253D%252525252525252Fcountries%252525252525252Fschool%252525252525252FUS%252525252525252Fdirection%252525252525253Adesc%252525252525253Fsort_type%252525252525253D%25252525252525252Fcountries%25252525252525252Fschool%25252525252525252FUS%25252525252525252Fdirection%25252525252525253Adesc,crawled_not_indexed,2026-09-18,2026-09-21T20:26:15,2026-09-21T20:26:15
https://schoolwith.me/countries/school/US/page:25?sort_type=/countries/school/US/direction:desc?sort_type%3D%252Fcountries%252Fschool%252FUS%252Fdirection%253Adesc%253Fsort_type%253D%25252Fcountries%25252Fschool%25252FUS%25252Fsort%25253Alowest_fee_per_month%25252Fdirection%25253Aasc%25253Fsort_type%25253D%2525252Fcountries%2525252Fschool%2525252FUS%2525252Fdirection%2525253Adesc%2525253Fsort_type%2525253D%252525252Fcountries%252525252Fschool%252525252FUS%252525252Fsort%252525253Alowest_fee_per_month%252525252Fdirection%252525253Aasc%252525253Fsort_type%252525253D%25252525252Fcountries%25252525252Fschool%25252525252FUS%25252525252Fdirection%25252525253Adesc%25252525253Fsort_type%25252525253D%2525252525252Fcountries%2525252525252Fschool%2525252525252FUS%2525252525252Fdirection%2525252525253Adesc%2525252525253Fsort_type%2525252525253D%252525252525252Fcountries%252525252525252Fschool%252525252525252FUS%252525252525252Fdirection%252525252525253Adesc%252525252525253Fsort_type%252525252525253D%25252525252525252Fcountries%25252525252525252Fschool%25252525252525252FUS%25252525252525252Fdirection%25252525252525253Adesc%25252525252525253Fsort_type%25252525252525253D%2525252525252525252Fcountries%2525252525252525252Fschool%2525252525252525252FUS%2525252525252525252Fdirection%2525252525252525253Adesc%2525252525252525253Fsort_type%2525252525252525253D%252525252525252525252Fcountries%252525252525252525252Fschool%252525252525252525252FUS%252525252525252525252Fdirection%252525252525252525253Adesc,crawled_not_indexed,2026-09-18,2026-09-21T20:26:15,2026-09-21T20:26:15
https://schoolwith.me/countries/school/US/page:3/direction:desc,discovered_not_indexed,2026-09-18,2026-09-21T20:26:15,2026-09-21T20:26:15
https://schoolwith.me/countries/school/US/page:30/direction:asc/sort:lowest_fee_per_month?sort_type=/countries/school/US/sort:lowest_fee_per_month/direction:asc?sort_type%3D%252Fcountries%252Fschool%252FUS%252Fsort%253Alowest_fee_per_month%252Fdirection%253AASC,crawled_not_indexed,2026-09-18,2026-09-21T20:26:15,2026-09-21T20:26:15
https://schoolwith.me/countries/school/US/page:31/direction:asc/sort:lowest_fee_per_month?sort_type=/countries/school/US/sort:lowest_fee_per_month/direction:asc?sort_type%3D%252Fcountries%252Fschool%252FUS%252Fsort%253Alowest_fee_per_month%252Fdirection%253AASC,crawled_not_indexed,2026-09-18,2026-09-21T20:26:15,2026-09-21T20:26:15
https://schoolwith.me/countries/school/US/page:32/direction:asc/sort:lowest_fee_per_month,crawled_not_indexed,2026-09-18,2026-09-21T20:26:15,2026-09-21T20:26:15
https://schoolwith.me/countries/school/US/page:32/direction:asc/sort:lowest_fee_per_month?sort_type=/countries/school/US/sort:lowest_fee_per_month/direction:asc?sort_type%3D%252Fcountries%252Fschool%252FUS%252Fsort%253Alowest_fee_per_month%252Fdirection%253AASC,crawled_not_indexed,2026-09-18,2026-09-21T20:26:15,2026-09-21T20:26:15
https://schoolwith.me/countries/school/US/page:33/direction:asc/sort:lowest_fee_per_month?sort_type=/countries/school/US/sort:lowest_fee_per_month/direction:asc?sort_type%3D%252Fcountries%252Fschool%252FUS%252Fsort%253Alowest_fee_per_month%252Fdirection%253AASC,crawled_not_indexed,2026-09-18,2026-09-21T20:26:15,2026-09-21T20:26:15
https://schoolwith.me/countries/school/US/page:34/direction:asc/sort:lowest_fee_per_month,crawled_not_indexed,2026-09-18,2026-09-21T20:26:15,2026-09-21T20:26:15
https://schoolwith.me/countries/school/US/page:34/direction:asc/sort:lowest_fee_per_month?sort_type=/countries/school/US/sort:lowest_fee_per_month/direction:asc?sort_type%3D%252Fcountries%252Fschool%252FUS%252Fsort%253Alowest_fee_per_month%252Fdirection%253AASC,crawled_not_indexed,2026-09-18,2026-09-21T20:26:15,2026-09-21T20:26:15
https://schoolwith.me/countries/school/US/page:34/direction:desc,discovered_not_indexed,2026-09-18,2026-09-21T20:26:15,2026-09-21T20:26:15
https://schoolwith.me/countries/school/US/page:35,crawled_not_indexed,2026-09-18,2026-09-21T20:26:15,2026-09-21T20:26:15
https://schoolwith.me/countries/school/US/page:35/direction:asc/sort:lowest_fee_per_month,crawled_not_indexed,2026-09-18,2026-09-21T20:26:15,2026-09-21T20:26:15
https://schoolwith.me/countries/school/US/page:35/direction:asc/sort:lowest_fee_per_month?sort_type=/countries/school/US/sort:lowest_fee_per_month/direction:asc?sort_type%3D%252Fcountries%252Fschool%252FUS%252Fsort%253Alowest_fee_per_month%252Fdirection%253AASC,crawled_not_indexed,2026-09-18,2026-09-21T20:26:15,2026-09-21T20:26:15
https://schoolwith.me/countries/school/US/page:36/direction:asc/sort:lowest_fee_per_month,crawled_not_indexed,2026-09-18,2026-09-21T20:26:15,2026-09-21T20:26:15
https://schoolwith.me/countries/school/US/page:36/direction:asc/sort:lowest_fee_per_month?sort_type=/countries/school/US/sort:lowest_fee_per_month/direction:asc?sort_type%3D%252Fcountries%252Fschool%252FUS%252Fsort%253Alowest_fee_per_month%252Fdirection%253AASC,crawled_not_indexed,2026-09-18,2026-09-21T20:26:15,2026-09-21T20:26:15
https://schoolwith.me/countries/school/US/page:37/direction:asc/sort:lowest_fee_per_month,crawled_not_indexed,2026-09-18,2026-09-21T20:26:15,2026-09-21T20:26:15
https://schoolwith.me/countries/school/US/page:38/direction:asc/sort:lowest_fee_per_month,crawled_not_indexed,2026-09-18,2026-09-21T20:26:15,2026-09-21T20:26:15
https://schoolwith.me/countries/school/US/page:38/sort:lowest_fee_per_month/direction:asc,crawled_not_indexed,2026-09-18,2026-09-21T20:26:15,2026-09-21T20:26:15
https://schoolwith.me/countries/school/US/page:39/direction:asc/sort:lowest_fee_per_month,crawled_not_indexed,2026-09-18,2026-09-21T20:26:15,2026-09-21T20:26:15
https://schoolwith.me/countries/school/US/page:4/direction:asc/sort:lowest_fee_per_month?sort_type=/countries/school/US/sort:lowest_fee_per_month/direction:asc?sort_type%3D%252Fcountries%252Fschool%252FUS%252Fsort%253Alowest_fee_per_month%252Fdirection%253AASC,crawled_not_indexed,2026-09-18,2026-09-21T20:26:15,2026-09-21T20:26:15
https://schoolwith.me/countries/school/US/page:40/direction:asc/sort:lowest_fee_per_month,crawled_not_indexed,2026-09-18,2026-09-21T20:26:15,2026-09-21T20:26:15
https://schoolwith.me/countries/school/US/page:41/direction:asc/sort:lowest_fee_per_month,crawled_not_indexed,2026-09-18,2026-09-21T20:26:15,2026-09-21T20:26:15
https://schoolwith.me/countries/school/US/page:42/direction:desc,discovered_not_indexed,2026-09-18,2026-09-21T20:26:15,2026-09-21T20:26:15
https://schoolwith.me/countries/school/US/page:51/direction:desc,discovered_not_indexed,2026-09-18,2026-09-21T20:26:15,2026-09-21T20:26:15
https://schoolwith.me/countries/school/US/page:68/sort:lowest_fee_per_month/direction:asc,discovered_not_indexed,2026-09-18,2026-09-21T20:26:15,2026-09-21T20:26:15
https://schoolwith.me/countries/school/US/page:71/direction:desc,discovered_not_indexed,2026-09-18,2026-09-21T20:26:15,2026-09-21T20:26:15
https://schoolwith.me/countries/school/US/page:75/direction:desc?sort_type=/countries/school/US/direction:asc/sort:lowest_fee_per_month?sort_type%3D%252Fcountries%252Fschool%252FUS%252Fdirection%253Adesc%253Fsort_type%253D%25252Fcountries%25252Fschool%25252FUS%25252Fdirection%25253Adesc%25253Fsort_type%25253D%2525252Fcountries%2525252Fschool%2525252FUS%2525252Fdirection%2525253Adesc%2525253Fsort_type%2525253D%252525252Fcountries%252525252Fschool%252525252FUS%252525252Fdirection%252525253Adesc%252525253Fsrc_user%252525253Dtop_main_cntry_pc%25252525253Futm_source%25252525253Dsns%2525252526amp%252525253Bamp%25252525253Butm_medium%252525253Dfacebook%2525252526amp%252525253Bamp%25252525253Butm_campaign%252525253Dorganic,crawled_not_indexed,2026-09-18,2026-09-21T20:26:15,2026-09-21T20:26:15
https://schoolwith.me/countries/school/ph/page:19?sort_type=/countries/school/ph/direction:desc?sort_type%3D%252Fcountries%252Fschool%252Fph%252Fdirection%253Adesc%253Fsort_type%253D%25252Fcountries%25252Fschool%25252Fph%25252Fsort%25253Alowest_fee_per_month%25252Fdirection%25253Aasc%25253Fsort_type%25253D%2525252Fcountries%2525252Fschool%2525252Fph%2525252Fdirection%2525253Adesc%2525253Fsort_type%2525253D%252525252Fcountries%252525252Fschool%252525252Fph%252525252Fsort%252525253Alowest_fee_per_month%252525252Fdirection%252525253Aasc%252525253Fsort_type%252525253D%25252525252Fcountries%25252525252Fschool%25252525252Fph%25252525252Fdirection%25252525253Adesc%25252525253Fsort_type%25252525253D%2525252525252Fcountries%2525252525252Fschool%2525252525252Fph%2525252525252Fdirection%2525252525253Adesc%2525252525253Fsort_type%2525252525253D%252525252525252Fcountries%252525252525252Fschool%252525252525252Fph%252525252525252Fdirection%252525252525253Adesc%252525252525253Fsort_type%252525252525253D%25252525252525252Fcountries%25252525252525252Fschool%25252525252525252Fph%25252525252525252Fdirection%25252525252525253Adesc%25252525252525253Fsort_type%25252525252525253D%2525252525252525252Fcountries%2525252525252525252Fschool%2525252525252525252Fph%2525252525252525252Fdirection%2525252525252525253Adesc%2525252525252525253Fsort_type%2525252525252525253D%252525252525252525252Fcountries%252525252525252525252Fschool%252525252525252525252Fph,crawled_not_indexed,2026-09-18,2026-09-21T20:26:15,2026-09-21T20:26:15
https://schoolwith.me/countries?a8=cETptEiKDYIKbfRwQmafTTCB4TZXIeBCFmyN8eBCKN.CRYTIpYTgSe_B4e_gSe_Y.M_y02ARb2TLb2TK5N.2RHTc.EbgDeT7pekXxs00000024433001,discovered_not_indexed,2026-09-18,2026-09-21T20:26:15,2026-09-21T20:26:15
https://schoolwith.me/departure_steps?a8=KrA0DrUo2L8pjzgCZjBMppIMq.zJ8oIsAj_CszIFMF4o2LAX79TKcLTLGLZsasTBcFbMIvAycrA01s00000024868001,discovered_not_indexed,2026-09-18,2026-09-21T20:26:15,2026-09-21T20:26:15
https://schoolwith.me/f_matchings/select/10,crawled_not_indexed,2026-09-18,2026-09-21T20:26:15,2026-09-21T20:26:15
https://schoolwith.me/f_matchings/select/2,dup_no_user_canonical,2026-09-18,2026-09-21T20:26:15,2026-09-21T20:26:15
https://schoolwith.me/f_matchings/select/7,dup_no_user_canonical,2026-09-18,2026-09-21T20:26:15,2026-09-21T20:26:15
https://schoolwith.me/f_matchings/select/8,dup_no_user_canonical,2026-09-18,2026-09-21T20:26:15,2026-09-21T20:26:15
https://schoolwith.me/f_matchings/select/9,dup_no_user_canonical,2026-09-18,2026-09-21T20:26:15,2026-09-21T20:26:15
https://schoolwith.me/file/au_baggage.pdf?a8=KrA0DrUo2L8pjzgCZjBMppIMq.zJ8oIsAj_CszIFMF4o2LAX79TKcLTLGLZsasTBcFbMIvAycrA01s00000024868001,discovered_not_indexed,2026-09-18,2026-09-21T20:26:15,2026-09-21T20:26:15
https://schoolwith.me/file/ca_baggage.pdf?a8=KrA0DrUo2L8pjzgCZjBMppIMq.zJ8oIsAj_CszIFMF4o2LAX79TKcLTLGLZsasTBcFbMIvAycrA01s00000024868001,discovered_not_indexed,2026-09-18,2026-09-21T20:26:15,2026-09-21T20:26:15
https://schoolwith.me/file/mt_baggage.pdf,discovered_not_indexed,2026-09-18,2026-09-21T20:26:15,2026-09-21T20:26:15
https://schoolwith.me/file/mt_baggage.pdf?a8=KrA0DrUo2L8pjzgCZjBMppIMq.zJ8oIsAj_CszIFMF4o2LAX79TKcLTLGLZsasTBcFbMIvAycrA01s00000024868001,discovered_not_indexed,2026-09-18,2026-09-21T20:26:15,2026-09-21T20:26:15
https://schoolwith.me/file/uk_baggage.pdf,discovered_not_indexed,2026-09-18,2026-09-21T20:26:15,2026-09-21T20:26:15
https://schoolwith.me/file/us_baggage.pdf,discovered_not_indexed,2026-09-18,2026-09-21T20:26:15,2026-09-21T20:26:15
https://schoolwith.me/forschools?a8=cETptEiKDYIKbfRwQmafTTCB4TZXIeBCFmyN8eBCKN.CRYTIpYTgSe_B4e_gSe_Y.M_y02ARb2TLb2TK5N.2RHTc.EbgDeT7pekXxs00000024433001,discovered_not_indexed,2026-09-18,2026-09-21T20:26:15,2026-09-21T20:26:15
https://schoolwith.me/guideline?a8=KrA0DrUo2L8pjzgCZjBMppIMq.zJ8oIsAj_CszIFMF4o2LAX79TKcLTLGLZsasTBcFbMIvAycrA01s00000024868001,discovered_not_indexed,2026-09-18,2026-09-21T20:26:15,2026-09-21T20:26:15
https://schoolwith.me/guideline?a8=cETptEiKDYIKbfRwQmafTTCB4TZXIeBCFmyN8eBCKN.CRYTIpYTgSe_B4e_gSe_Y.M_y02ARb2TLb2TK5N.2RHTc.EbgDeT7pekXxs00000024433001,discovered_not_indexed,2026-09-18,2026-09-21T20:26:15,2026-09-21T20:26:15
https://schoolwith.me/help/103,discovered_not_indexed,2026-09-18,2026-09-21T20:26:15,2026-09-21T20:26:15
https://schoolwith.me/help/103?a8=I2Ghz2Y8u7rmQ7jZwns2sQEZBdlpsQreVnrmeljVQVL8u7GNX752-_GNs7leEe5sCVqQjBGFC2Ghos00000019593001,discovered_not_indexed,2026-09-18,2026-09-21T20:26:15,2026-09-21T20:26:15
https://schoolwith.me/help/11,discovered_not_indexed,2026-09-18,2026-09-21T20:26:15,2026-09-21T20:26:15
https://schoolwith.me/help/118?a8=I2Ghz2Y8u7rmQ7jZwns2sQEZBdlpsQreVnrmeljVQVL8u7GNX752-_GNs7leEe5sCVqQjBGFC2Ghos00000019593001,discovered_not_indexed,2026-09-18,2026-09-21T20:26:15,2026-09-21T20:26:15
https://schoolwith.me/help/155,discovered_not_indexed,2026-09-18,2026-09-21T20:26:15,2026-09-21T20:26:15
https://schoolwith.me/help/172,discovered_not_indexed,2026-09-18,2026-09-21T20:26:15,2026-09-21T20:26:15
https://schoolwith.me/help/18,discovered_not_indexed,2026-09-18,2026-09-21T20:26:15,2026-09-21T20:26:15
https://schoolwith.me/help/183,discovered_not_indexed,2026-09-18,2026-09-21T20:26:15,2026-09-21T20:26:15
https://schoolwith.me/help/186?a8=KrA0DrUo2L8pjzgCZjBMppIMq.zJ8oIsAj_CszIFMF4o2LAX79TKcLTLGLZsasTBcFbMIvAycrA01s00000024868001,discovered_not_indexed,2026-09-18,2026-09-21T20:26:15,2026-09-21T20:26:15
https://schoolwith.me/help/186?a8=cETptEiKDYIKbfRwQmafTTCB4TZXIeBCFmyN8eBCKN.CRYTIpYTgSe_B4e_gSe_Y.M_y02ARb2TLb2TK5N.2RHTc.EbgDeT7pekXxs00000024433001,discovered_not_indexed,2026-09-18,2026-09-21T20:26:15,2026-09-21T20:26:15
https://schoolwith.me/help/195,discovered_not_indexed,2026-09-18,2026-09-21T20:26:15,2026-09-21T20:26:15
https://schoolwith.me/help/209,discovered_not_indexed,2026-09-18,2026-09-21T20:26:15,2026-09-21T20:26:15
https://schoolwith.me/help/21,discovered_not_indexed,2026-09-18,2026-09-21T20:26:15,2026-09-21T20:26:15
https://schoolwith.me/help/28?a8=cETptEiKDYIKbfRwQmafTTCB4TZXIeBCFmyN8eBCKN.CRYTIpYTgSe_B4e_gSe_Y.M_y02ARb2TLb2TK5N.2RHTc.EbgDeT7pekXxs00000024433001,discovered_not_indexed,2026-09-18,2026-09-21T20:26:15,2026-09-21T20:26:15
https://schoolwith.me/help/3,discovered_not_indexed,2026-09-18,2026-09-21T20:26:15,2026-09-21T20:26:15
https://schoolwith.me/help/56?a8=KrA0DrUo2L8pjzgCZjBMppIMq.zJ8oIsAj_CszIFMF4o2LAX79TKcLTLGLZsasTBcFbMIvAycrA01s00000024868001,discovered_not_indexed,2026-09-18,2026-09-21T20:26:15,2026-09-21T20:26:15
https://schoolwith.me/help/79,crawled_not_indexed,2026-09-18,2026-09-21T20:26:15,2026-09-21T20:26:15
https://schoolwith.me/help/93,crawled_not_indexed,2026-09-18,2026-09-21T20:26:15,2026-09-21T20:26:15
https://schoolwith.me/help/96,discovered_not_indexed,2026-09-18,2026-09-21T20:26:15,2026-09-21T20:26:15
https://schoolwith.me/help/category/procedures?a8=I2Ghz2Y8u7rmQ7jZwns2sQEZBdlpsQreVnrmeljVQVL8u7GNX752-_GNs7leEe5sCVqQjBGFC2Ghos00000019593001,discovered_not_indexed,2026-09-18,2026-09-21T20:26:15,2026-09-21T20:26:15
https://schoolwith.me/help/category/procedures?a8=cETptEiKDYIKbfRwQmafTTCB4TZXIeBCFmyN8eBCKN.CRYTIpYTgSe_B4e_gSe_Y.M_y02ARb2TLb2TK5N.2RHTc.EbgDeT7pekXxs00000024433001,discovered_not_indexed,2026-09-18,2026-09-21T20:26:15,2026-09-21T20:26:15
https://schoolwith.me/help/category/schools?a8=I2Ghz2Y8u7rmQ7jZwns2sQEZBdlpsQreVnrmeljVQVL8u7GNX752-_GNs7leEe5sCVqQjBGFC2Ghos00000019593001,discovered_not_indexed,2026-09-18,2026-09-21T20:26:15,2026-09-21T20:26:15
https://schoolwith.me/languages/schools/55/message_for_after_covit19/page:106/direction:desc?sort_type=/languages/schools/55/message_for_after_covit19/direction:asc/sort:lowest_fee_per_month?sort_type%3D%252Flanguages%252Fschools%252F55%252Fmessage_for_after_covit19%252Fdirection%253Aasc%252Fsort%253Alowest_fee_per_month%253Fsort_type%253D%25252Flanguages%25252Fschools%25252F55%25252Fmessage_for_after_covit19%25252Fdirection%25253Adesc%25253Fsort_type%25253D%2525252Flanguages%2525252Fschools%2525252F55%2525252Fmessage_for_after_covit19%2525252Fdirection%2525253Adesc%2525253Fsort_type%2525253D%252525252Flanguages%252525252Fschools%252525252F55%252525252Fmessage_for_after_covit19%252525252Fdirection%252525253Adesc%252525253Fsort_type%252525253D%25252525252Flanguages%25252525252Fschools%25252525252F55%25252525252Fmessage_for_after_covit19%25252525252Fdirection%25252525253Adesc%25252525253Fsort_type%25252525253D%2525252525252Flanguages%2525252525252Fschools%2525252525252F55%2525252525252Fmessage_for_after_covit19%2525252525252Fdirection%2525252525253Adesc%2525252525253Fsort_type%2525252525253D%252525252525252Flanguages%252525252525252Fschools%252525252525252F55%252525252525252Fmessage_for_after_covit19%252525252525252Fsort%252525252525253Alowest_fee_per_month%252525252525252Fdirection%252525252525253Aasc,discovered_not_indexed,2026-09-18,2026-09-21T20:26:15,2026-09-21T20:26:15
https://schoolwith.me/languages/schools/55/message_for_after_covit19/page:154/sort:lowest_fee_per_month/direction:asc,discovered_not_indexed,2026-09-18,2026-09-21T20:26:15,2026-09-21T20:26:15
https://schoolwith.me/languages/schools/55/message_for_after_covit19/page:166/sort:lowest_fee_per_month/direction:asc,discovered_not_indexed,2026-09-18,2026-09-21T20:26:15,2026-09-21T20:26:15
https://schoolwith.me/languages/schools/55/message_for_after_covit19/page:74/sort:lowest_fee_per_month/direction:asc?sort_type=/languages/schools/55/message_for_after_covit19/direction:desc,discovered_not_indexed,2026-09-18,2026-09-21T20:26:15,2026-09-21T20:26:15
https://schoolwith.me/matchings/areas/AU?a8=I2Ghz2Y8u7rmQ7jZwns2sQEZBdlpsQreVnrmeljVQVL8u7GNX752-_GNs7leEe5sCVqQjBGFC2Ghos00000019593001,discovered_not_indexed,2026-09-18,2026-09-21T20:26:15,2026-09-21T20:26:15
https://schoolwith.me/matchings/areas/AU?src_user=areas_4016_sp,discovered_not_indexed,2026-09-18,2026-09-21T20:26:15,2026-09-21T20:26:15
https://schoolwith.me/matchings/areas/AU?src_user=country_sp,discovered_not_indexed,2026-09-18,2026-09-21T20:26:15,2026-09-21T20:26:15
https://schoolwith.me/matchings/areas/CA?a8=I2Ghz2Y8u7rmQ7jZwns2sQEZBdlpsQreVnrmeljVQVL8u7GNX752-_GNs7leEe5sCVqQjBGFC2Ghos00000019593001,discovered_not_indexed,2026-09-18,2026-09-21T20:26:15,2026-09-21T20:26:15
https://schoolwith.me/matchings/areas/CA?src_user=areas_3003_sp,discovered_not_indexed,2026-09-18,2026-09-21T20:26:15,2026-09-21T20:26:15
https://schoolwith.me/matchings/areas/CA?src_user=country_sp,discovered_not_indexed,2026-09-18,2026-09-21T20:26:15,2026-09-21T20:26:15
https://schoolwith.me/matchings/areas/IE?src_user=areas_main_7003_pc,discovered_not_indexed,2026-09-18,2026-09-21T20:26:15,2026-09-21T20:26:15
https://schoolwith.me/matchings/areas/MT?src_user=areas_8002_sp,discovered_not_indexed,2026-09-18,2026-09-21T20:26:15,2026-09-21T20:26:15
https://schoolwith.me/matchings/areas/NZ?a8=KrA0DrUo2L8pjzgCZjBMppIMq.zJ8oIsAj_CszIFMF4o2LAX79TKcLTLGLZsasTBcFbMIvAycrA01s00000024868001,discovered_not_indexed,2026-09-18,2026-09-21T20:26:15,2026-09-21T20:26:15
https://schoolwith.me/matchings/areas/PH?a8=I2Ghz2Y8u7rmQ7jZwns2sQEZBdlpsQreVnrmeljVQVL8u7GNX752-_GNs7leEe5sCVqQjBGFC2Ghos00000019593001,discovered_not_indexed,2026-09-18,2026-09-21T20:26:15,2026-09-21T20:26:15
https://schoolwith.me/matchings/areas/PH?a8=KrA0DrUo2L8pjzgCZjBMppIMq.zJ8oIsAj_CszIFMF4o2LAX79TKcLTLGLZsasTBcFbMIvAycrA01s00000024868001,discovered_not_indexed,2026-09-18,2026-09-21T20:26:15,2026-09-21T20:26:15
https://schoolwith.me/matchings/areas/PH?src_user=areas_4_sp,discovered_not_indexed,2026-09-18,2026-09-21T20:26:15,2026-09-21T20:26:15
https://schoolwith.me/matchings/areas/PH?src_user=areas_8_sp,discovered_not_indexed,2026-09-18,2026-09-21T20:26:15,2026-09-21T20:26:15
https://schoolwith.me/matchings/areas/UK?a8=I2Ghz2Y8u7rmQ7jZwns2sQEZBdlpsQreVnrmeljVQVL8u7GNX752-_GNs7leEe5sCVqQjBGFC2Ghos00000019593001,discovered_not_indexed,2026-09-18,2026-09-21T20:26:15,2026-09-21T20:26:15
https://schoolwith.me/matchings/areas/UK?a8=KrA0DrUo2L8pjzgCZjBMppIMq.zJ8oIsAj_CszIFMF4o2LAX79TKcLTLGLZsasTBcFbMIvAycrA01s00000024868001,discovered_not_indexed,2026-09-18,2026-09-21T20:26:15,2026-09-21T20:26:15
https://schoolwith.me/matchings/countries?a8=cETptEiKDYIKbfRwQmafTTCB4TZXIeBCFmyN8eBCKN.CRYTIpYTgSe_B4e_gSe_Y.M_y02ARb2TLb2TK5N.2RHTc.EbgDeT7pekXxs00000024433001,discovered_not_indexed,2026-09-18,2026-09-21T20:26:15,2026-09-21T20:26:15
https://schoolwith.me/matchings/questions/2?a8=cETptEiKDYIKbfRwQmafTTCB4TZXIeBCFmyN8eBCKN.CRYTIpYTgSe_B4e_gSe_Y.M_y02ARb2TLb2TK5N.2RHTc.EbgDeT7pekXxs00000024433001,discovered_not_indexed,2026-09-18,2026-09-21T20:26:15,2026-09-21T20:26:15
https://schoolwith.me/matchings?a8=I2Ghz2Y8u7rmQ7jZwns2sQEZBdlpsQreVnrmeljVQVL8u7GNX752-_GNs7leEe5sCVqQjBGFC2Ghos00000019593001,dup_no_user_canonical,2026-09-18,2026-09-21T20:26:15,2026-09-21T20:26:15
https://schoolwith.me/matchings?a8=cETptEiKDYIKbfRwQmafTTCB4TZXIeBCFmyN8eBCKN.CRYTIpYTgSe_B4e_gSe_Y.M_y02ARb2TLb2TK5N.2RHTc.EbgDeT7pekXxs00000024433001,dup_no_user_canonical,2026-09-18,2026-09-21T20:26:15,2026-09-21T20:26:15
https://schoolwith.me/matchings?afid=b6bfda7ab1b964c3c7fb95bd668cd396,dup_no_user_canonical,2026-09-18,2026-09-21T20:26:15,2026-09-21T20:26:15
https://schoolwith.me/matchings?f070180f6e7f035c74eb5c98d404a02b,dup_no_user_canonical,2026-09-18,2026-09-21T20:26:15,2026-09-21T20:26:15
https://schoolwith.me/matchings?src_columns_under=31659,dup_no_user_canonical,2026-09-18,2026-09-21T20:26:15,2026-09-21T20:26:15
https://schoolwith.me/matchings?src_columns_under=31886,dup_no_user_canonical,2026-09-18,2026-09-21T20:26:15,2026-09-21T20:26:15
https://schoolwith.me/matchings?src_columns_under=31902,dup_no_user_canonical,2026-09-18,2026-09-21T20:26:15,2026-09-21T20:26:15
https://schoolwith.me/matchings?src_columns_under=31928,dup_no_user_canonical,2026-09-18,2026-09-21T20:26:15,2026-09-21T20:26:15
https://schoolwith.me/matchings?src_columns_under=31961,discovered_not_indexed,2026-09-18,2026-09-21T20:26:15,2026-09-21T20:26:15
https://schoolwith.me/matchings?src_user=top_main_country_pc,discovered_not_indexed,2026-09-18,2026-09-21T20:26:15,2026-09-21T20:26:15
https://schoolwith.me/matchings?utm_source=line&utm_medium=social&utm_campaign=timeline,dup_no_user_canonical,2026-09-18,2026-09-21T20:26:15,2026-09-21T20:26:15
https://schoolwith.me/ph_matchings/select/12?a8=KrA0DrUo2L8pjzgCZjBMppIMq.zJ8oIsAj_CszIFMF4o2LAX79TKcLTLGLZsasTBcFbMIvAycrA01s00000024868001,discovered_not_indexed,2026-09-18,2026-09-21T20:26:15,2026-09-21T20:26:15
https://schoolwith.me/ph_matchings/select/16,dup_no_user_canonical,2026-09-18,2026-09-21T20:26:15,2026-09-21T20:26:15
https://schoolwith.me/ph_matchings/select/1?a8=I2Ghz2Y8u7rmQ7jZwns2sQEZBdlpsQreVnrmeljVQVL8u7GNX752-_GNs7leEe5sCVqQjBGFC2Ghos00000019593001,discovered_not_indexed,2026-09-18,2026-09-21T20:26:15,2026-09-21T20:26:15
https://schoolwith.me/ph_matchings/select/6,dup_no_user_canonical,2026-09-18,2026-09-21T20:26:15,2026-09-21T20:26:15
https://schoolwith.me/ph_matchings?src=area_sp_h,discovered_not_indexed,2026-09-18,2026-09-21T20:26:15,2026-09-21T20:26:15
https://schoolwith.me/ph_western?a8=I2Ghz2Y8u7rmQ7jZwns2sQEZBdlpsQreVnrmeljVQVL8u7GNX752-_GNs7leEe5sCVqQjBGFC2Ghos00000019593001,discovered_not_indexed,2026-09-18,2026-09-21T20:26:15,2026-09-21T20:26:15
https://schoolwith.me/ph_western?src=area_pc_s,discovered_not_indexed,2026-09-18,2026-09-21T20:26:15,2026-09-21T20:26:15
https://schoolwith.me/press/3?a8=KrA0DrUo2L8pjzgCZjBMppIMq.zJ8oIsAj_CszIFMF4o2LAX79TKcLTLGLZsasTBcFbMIvAycrA01s00000024868001,discovered_not_indexed,2026-09-18,2026-09-21T20:26:15,2026-09-21T20:26:15
https://schoolwith.me/press/5?a8=KrA0DrUo2L8pjzgCZjBMppIMq.zJ8oIsAj_CszIFMF4o2LAX79TKcLTLGLZsasTBcFbMIvAycrA01s00000024868001,discovered_not_indexed,2026-09-18,2026-09-21T20:26:15,2026-09-21T20:26:15
https://schoolwith.me/press?a8=KrA0DrUo2L8pjzgCZjBMppIMq.zJ8oIsAj_CszIFMF4o2LAX79TKcLTLGLZsasTBcFbMIvAycrA01s00000024868001,discovered_not_indexed,2026-09-18,2026-09-21T20:26:15,2026-09-21T20:26:15
https://schoolwith.me/provinces/13/direction:desc/page:3,discovered_not_indexed,2026-09-18,2026-09-21T20:26:15,2026-09-21T20:26:15
https://schoolwith.me/provinces/2005/page:5/direction:asc/sort:lowest_fee_per_month?utm_term&amp;utm_campaign=pmax&amp;utm_source=google&amp;utm_medium=cpc&amp;hsa_acc=4332353937&amp;hsa_cam=20421730922&amp;hsa_grp&amp;hsa_ad&amp;hsa_src=x&amp;hsa_tgt&amp;hsa_kw&amp;hsa_mt&amp;hsa_net=adwords&amp;hsa_ver=3&amp;gad_source=1&amp;gclid=CjwKCAjwr7ayBhAPEiwA6EIGxF6ua5Tvk7ZKcs-zv8cFlxHYsLlEemT-tUir4q_UHbR3OOgyD1nhYxoCOuUQAvD_BwE,crawled_not_indexed,2026-09-18,2026-09-21T20:26:15,2026-09-21T20:26:15
https://schoolwith.me/provinces/2009/direction:desc/page:2,discovered_not_indexed,2026-09-18,2026-09-21T20:26:15,2026-09-21T20:26:15
https://schoolwith.me/provinces/2009/page:2/direction:desc,discovered_not_indexed,2026-09-18,2026-09-21T20:26:15,2026-09-21T20:26:15
https://schoolwith.me/provinces/2032/direction:asc/sort:lowest_fee_per_month/page:4,discovered_not_indexed,2026-09-18,2026-09-21T20:26:15,2026-09-21T20:26:15
https://schoolwith.me/provinces/2032/direction:desc,crawled_not_indexed,2026-09-18,2026-09-21T20:26:15,2026-09-21T20:26:15
https://schoolwith.me/provinces/2032/page:4/sort:lowest_fee_per_month/direction:asc?sort_type=/provinces/2032/sort:lowest_fee_per_month/direction:ASC?sort_type%3D%252Fprovinces%252F2032,crawled_not_indexed,2026-09-18,2026-09-21T20:26:15,2026-09-21T20:26:15
https://schoolwith.me/provinces/2032/page:4/sort:lowest_fee_per_month/direction:asc?sort_type=/provinces/2032/sort:lowest_fee_per_month/direction:asc,crawled_not_indexed,2026-09-18,2026-09-21T20:26:15,2026-09-21T20:26:15
https://schoolwith.me/provinces/2047/direction:desc/page:2,discovered_not_indexed,2026-09-18,2026-09-21T20:26:15,2026-09-21T20:26:15
https://schoolwith.me/provinces/3006/direction:desc/page:8,discovered_not_indexed,2026-09-18,2026-09-21T20:26:15,2026-09-21T20:26:15
https://schoolwith.me/provinces/3006/page:3/direction:desc,discovered_not_indexed,2026-09-18,2026-09-21T20:26:15,2026-09-21T20:26:15
https://schoolwith.me/provinces/3006/sort:lowest_fee_per_month/direction:asc/page:2,discovered_not_indexed,2026-09-18,2026-09-21T20:26:15,2026-09-21T20:26:15
https://schoolwith.me/provinces/4001/page:12/sort:lowest_fee_per_month/direction:asc,crawled_not_indexed,2026-09-18,2026-09-21T20:26:15,2026-09-21T20:26:15
https://schoolwith.me/provinces/4001/page:8/direction:desc,crawled_not_indexed,2026-09-18,2026-09-21T20:26:15,2026-09-21T20:26:15
https://schoolwith.me/provinces/4001/page:8/sort:lowest_fee_per_month/direction:asc,crawled_not_indexed,2026-09-18,2026-09-21T20:26:15,2026-09-21T20:26:15
https://schoolwith.me/provinces/4002/direction:desc/page:8,discovered_not_indexed,2026-09-18,2026-09-21T20:26:15,2026-09-21T20:26:15
https://schoolwith.me/provinces/4002/sort:lowest_fee_per_month/direction:asc/page:5,discovered_not_indexed,2026-09-18,2026-09-21T20:26:15,2026-09-21T20:26:15
https://schoolwith.me/provinces/4003/page:8/direction:desc,discovered_not_indexed,2026-09-18,2026-09-21T20:26:15,2026-09-21T20:26:15
https://schoolwith.me/provinces/4005/direction:desc/page:2,discovered_not_indexed,2026-09-18,2026-09-21T20:26:15,2026-09-21T20:26:15
https://schoolwith.me/provinces/4005/sort:lowest_fee_per_month/direction:asc,discovered_not_indexed,2026-09-18,2026-09-21T20:26:15,2026-09-21T20:26:15
https://schoolwith.me/provinces/5004/page:14/direction:desc,discovered_not_indexed,2026-09-18,2026-09-21T20:26:15,2026-09-21T20:26:15
https://schoolwith.me/provinces/5006/direction:desc,discovered_not_indexed,2026-09-18,2026-09-21T20:26:15,2026-09-21T20:26:15
https://schoolwith.me/provinces/5006/sort:lowest_fee_per_month/direction:ASC,discovered_not_indexed,2026-09-18,2026-09-21T20:26:15,2026-09-21T20:26:15
https://schoolwith.me/provinces/60/direction:desc/page:2,discovered_not_indexed,2026-09-18,2026-09-21T20:26:15,2026-09-21T20:26:15
https://schoolwith.me/provinces/6002/page:2/direction:desc,discovered_not_indexed,2026-09-18,2026-09-21T20:26:15,2026-09-21T20:26:15
https://schoolwith.me/provinces/6002/sort:lowest_fee_per_month/direction:asc/page:9,discovered_not_indexed,2026-09-18,2026-09-21T20:26:15,2026-09-21T20:26:15
https://schoolwith.me/provinces/6015/direction:desc,discovered_not_indexed,2026-09-18,2026-09-21T20:26:15,2026-09-21T20:26:15
https://schoolwith.me/provinces/82/sort:lowest_fee_per_month/direction:asc,discovered_not_indexed,2026-09-18,2026-09-21T20:26:15,2026-09-21T20:26:15
https://schoolwith.me/purposes/schools/1/page:3/direction:desc?src_user=top_main_ppse_pc,discovered_not_indexed,2026-09-18,2026-09-21T20:26:15,2026-09-21T20:26:15
https://schoolwith.me/purposes/schools/1/page:6?src_user=top_main_ppse_sp,discovered_not_indexed,2026-09-18,2026-09-21T20:26:15,2026-09-21T20:26:15
https://schoolwith.me/purposes/schools/1/page:8?src_user=top_main_ppse_sp,discovered_not_indexed,2026-09-18,2026-09-21T20:26:15,2026-09-21T20:26:15
https://schoolwith.me/purposes/schools/11/page:8/direction:asc/sort:lowest_fee_per_month?src_user=top_main_ppse_pc,discovered_not_indexed,2026-09-18,2026-09-21T20:26:15,2026-09-21T20:26:15
https://schoolwith.me/purposes/schools/11/page:8/sort:lowest_fee_per_month/direction:asc?src_user=top_main_ppse_sp,discovered_not_indexed,2026-09-18,2026-09-21T20:26:15,2026-09-21T20:26:15
https://schoolwith.me/purposes/schools/2/page:4/sort:lowest_fee_per_month/direction:asc?sort_type=/purposes/schools/2/sort:lowest_fee_per_month/direction:asc?sort_type%3D%252Fpurposes%252Fschools%252F2%253Fsort_type%253D%25252Fpurposes%25252Fschools%25252F2%25252Fsort%25253Alowest_fee_per_month%25252Fdirection%25253AASC,crawled_not_indexed,2026-09-18,2026-09-21T20:26:15,2026-09-21T20:26:15
https://schoolwith.me/purposes/schools/2/page:7/direction:desc?sort_type=/purposes/schools/2/direction:asc/sort:lowest_fee_per_month?sort_type%3D%252Fpurposes%252Fschools%252F2%252Fdirection%253Adesc%253Fsort_type%253D%25252Fpurposes%25252Fschools%25252F2%25252Fdirection%25253Aasc%25252Fsort%25253Alowest_fee_per_month%25253Fsort_type%25253D%2525252Fpurposes%2525252Fschools%2525252F2%2525252Fdirection%2525253Adesc%2525253Fsort_type%2525253D%252525252Fpurposes%252525252Fschools%252525252F2%252525252Fdirection%252525253Aasc%252525252Fsort%252525253Alowest_fee_per_month%252525253Fsort_type%252525253D%25252525252Fpurposes%25252525252Fschools%25252525252F2%25252525252Fdirection%25252525253Aasc%25252525252Fsort%25252525253Alowest_fee_per_month%25252525253Fsort_type%25252525253D%2525252525252Fpurposes%2525252525252Fschools%2525252525252F2%2525252525252Fdirection%2525252525253Adesc%2525252525253Fsort_type%2525252525253D%252525252525252Fpurposes%252525252525252Fschools%252525252525252F2%252525252525252Fdirection%252525252525253Aasc%252525252525252Fsort%252525252525253Alowest_fee_per_month%252525252525253Fsrc_user%252525252525253Dtop_main_ppse_pc,crawled_not_indexed,2026-09-18,2026-09-21T20:26:15,2026-09-21T20:26:15
https://schoolwith.me/purposes/schools/2/sort:lowest_fee_per_month/direction:asc/page:2?sort_type=/purposes/schools/2/direction:asc/sort:lowest_fee_per_month?sort_type%3D%252Fpurposes%252Fschools%252F2%252Fdirection%253Aasc%252Fsort%253Alowest_fee_per_month%253Fsort_type%253D%25252Fpurposes%25252Fschools%25252F2%25252Fdirection%25253Aasc%25252Fsort%25253Alowest_fee_per_month%25253Fsort_type%25253D%2525252Fpurposes%2525252Fschools%2525252F2%2525252Fsort%2525253Alowest_fee_per_month%2525252Fdirection%2525253Aasc%2525253Fsort_type%2525253D%252525252Fpurposes%252525252Fschools%252525252F2%252525252Fdirection%252525253Adesc,crawled_not_indexed,2026-09-18,2026-09-21T20:26:15,2026-09-21T20:26:15
https://schoolwith.me/purposes/schools/3/page:7/direction:desc?src_user=top_main_ppse_pc,discovered_not_indexed,2026-09-18,2026-09-21T20:26:15,2026-09-21T20:26:15
"https://schoolwith.me/purposes/schools/4/page:2?utm_source=adwords&amp;amp;utm_medium=ppc&amp;amp;utm_campaign=SW_2022%E5%B9%B49%E6%9C%88_%E5%85%A8%E8%88%AC&amp;amp;utm_term=%E7%95%99%E5%AD%A6 
%E3%81%AB%E9%96%A2%E3%81%99%E3%82%8B 
%E8%B3%AA%E5%95%8F&amp;amp;hsa_acc=4332353937&amp;amp;hsa_cam=18254588843&amp;amp;hsa_grp=156225456890&amp;amp;hsa_ad=696503840386&amp;amp;hsa_src=s&amp;amp;hsa_tgt=kwd-2281542289429&amp;amp;hsa_kw=%E7%95%99%E5%AD%A6 
%E3%81%AB%E9%96%A2%E3%81%99%E3%82%8B 
%E8%B3%AA%E5%95%8F&amp;amp;hsa_mt=b&amp;amp;hsa_net=adwords&amp;amp;hsa_ver=3&amp;amp;gad_source=5&amp;amp;gclid=EAIaIQobChMI0_W435CpigMVsqlmAh0Vgwp9EAAYAiABEgIjzvD_BwE",crawled_not_indexed,2026-09-18,2026-09-21T20:26:15,2026-09-21T20:26:15
https://schoolwith.me/purposes/schools/4/page:2?utm_source=bing&amp;amp;utm_medium=ppc&amp;amp;utm_campaign=SW_2022%E5%B9%B49%E6%9C%88_%E5%85%A8%E8%88%AC&amp;amp;utm_term=%E3%83%AF%E3%83%BC%E3%82%AF%E3%83%9B%E3%83%AA%E3%83%87%E3%83%BC&amp;amp;hsa_acc=4332353937&amp;amp;hsa_cam=18254588843&amp;amp;hsa_grp=1315018266569954&amp;amp;hsa_ad&amp;amp;hsa_src=o&amp;amp;hsa_tgt=kwd-82189628810947:loc-138307&amp;amp;hsa_kw=%E3%83%AF%E3%83%BC%E3%82%AF%E3%83%9B%E3%83%AA%E3%83%87%E3%83%BC&amp;amp;hsa_mt=e&amp;amp;hsa_net=adwords&amp;amp;hsa_ver=3&amp;amp;msclkid=8cc6ab36aaef1c59132ccd99afb9c241,crawled_not_indexed,2026-09-18,2026-09-21T20:26:15,2026-09-21T20:26:15
"https://schoolwith.me/purposes/schools/4/page:2?utm_source=bing&amp;amp;utm_medium=ppc&amp;amp;utm_campaign=SW_2022%E5%B9%B49%E6%9C%88_%E5%85%A8%E8%88%AC&amp;amp;utm_term=%E5%A4%A7%E5%AD%A6%E7%94%9F 
%E7%95%99%E5%AD%A6&amp;amp;hsa_acc=4332353937&amp;amp;hsa_cam=18254588843&amp;amp;hsa_grp=1324913870339339&amp;amp;hsa_ad&amp;amp;hsa_src=o&amp;amp;hsa_tgt=kwd-82808111176294:loc-138305&amp;amp;hsa_kw=%E5%A4%A7%E5%AD%A6%E7%94%9F 
%E7%95%99%E5%AD%A6&amp;amp;hsa_mt=p&amp;amp;hsa_net=adwords&amp;amp;hsa_ver=3&amp;amp;msclkid=f9a278c6b7e7116f56c01f5d49cdc36b",crawled_not_indexed,2026-09-18,2026-09-21T20:26:15,2026-09-21T20:26:15
https://schoolwith.me/purposes/schools/4/page:2?utm_source=bing&utm_medium=ppc&utm_campaign=SW_2022%E5%B9%B49%E6%9C%88_%E5%85%A8%E8%88%AC&utm_term=%E3%83%AF%E3%83%BC%E3%83%9B%E3%83%AA&hsa_acc=4332353937&hsa_cam=18254588843&hsa_grp=1315018266569954&hsa_ad&hsa_src=o&hsa_tgt=kwd-82189628810941:loc-138321&hsa_kw=%E3%83%AF%E3%83%BC%E3%83%9B%E3%83%AA&hsa_mt=p&hsa_net=adwords&hsa_ver=3&msclkid=50145db11adb1facec783a13e33ca353,crawled_not_indexed,2026-09-18,2026-09-21T20:26:15,2026-09-21T20:26:15
"https://schoolwith.me/purposes/schools/4/page:3/sort:lowest_fee_per_month/direction:asc?utm_source=bing&amp;amp;amp;utm_medium=ppc&amp;amp;amp;utm_campaign=SW_2022%E5%B9%B49%E6%9C%88_%E5%85%A8%E8%88%AC&amp;amp;amp;utm_term=%E7%95%99%E5%AD%A6 
%E3%82%AB%E3%83%8A%E3%83%80&amp;amp;amp;hsa_acc=4332353937&amp;amp;amp;hsa_cam=18254588843&amp;amp;amp;hsa_grp=1329311916817583&amp;amp;amp;hsa_ad&amp;amp;amp;hsa_src=o&amp;amp;amp;hsa_tgt=kwd-83082998978356:loc-138308&amp;amp;amp;hsa_kw=%E7%95%99%E5%AD%A6 
%E3%82%AB%E3%83%8A%E3%83%80&amp;amp;amp;hsa_mt=p&amp;amp;amp;hsa_net=adwords&amp;amp;amp;hsa_ver=3&amp;amp;amp;msclkid=8b300fb348e7180e3197696c9787fc95",crawled_not_indexed,2026-09-18,2026-09-21T20:26:15,2026-09-21T20:26:15
"https://schoolwith.me/purposes/schools/4/page:3?utm_source=adwords&amp;amp;utm_medium=ppc&amp;amp;utm_campaign=SW_2022%E5%B9%B49%E6%9C%88_%E5%85%A8%E8%88%AC&amp;amp;utm_term=%E5%A4%96%E5%9B%BD 
%E8%AA%9E%E5%AD%A6 
%E5%AD%A6%E6%A0%A1&amp;amp;hsa_acc=4332353937&amp;amp;hsa_cam=18254588843&amp;amp;hsa_grp=146068217492&amp;amp;hsa_ad=681541339577&amp;amp;hsa_src=s&amp;amp;hsa_tgt=kwd-885451861326&amp;amp;hsa_kw=%E5%A4%96%E5%9B%BD 
%E8%AA%9E%E5%AD%A6 
%E5%AD%A6%E6%A0%A1&amp;amp;hsa_mt=b&amp;amp;hsa_net=adwords&amp;amp;hsa_ver=3&amp;amp;gad_source=5&amp;amp;gclid=EAIaIQobChMIm9Xou5z6iQMVZguDAx1qZwSnEAAYAiABEgLj7_D_BwE",crawled_not_indexed,2026-09-18,2026-09-21T20:26:15,2026-09-21T20:26:15
https://schoolwith.me/purposes/schools/4/page:3?utm_source=bing&amp;amp;amp;amp;utm_medium=ppc&amp;amp;amp;amp;utm_campaign=SW_2022%E5%B9%B49%E6%9C%88_%E5%85%A8%E8%88%AC&amp;amp;amp;amp;utm_term=%E7%95%99%E5%AD%A6%E3%83%97%E3%83%AD%E3%82%B0%E3%83%A9%E3%83%A0&amp;amp;amp;amp;hsa_acc=4332353937&amp;amp;amp;amp;hsa_cam=18254588843&amp;amp;amp;amp;hsa_grp=1317217289084228&amp;amp;amp;amp;hsa_ad&amp;amp;amp;amp;hsa_src=o&amp;amp;amp;amp;hsa_tgt=kwd-82327070899514:loc-138331&amp;amp;amp;amp;hsa_kw=%E7%95%99%E5%AD%A6%E3%83%97%E3%83%AD%E3%82%B0%E3%83%A9%E3%83%A0&amp;amp;amp;amp;hsa_mt=p&amp;amp;amp;amp;hsa_net=adwords&amp;amp;amp;amp;hsa_ver=3&amp;amp;amp;amp;msclkid=31f2a16a9ad1140e8340c798a404a030,crawled_not_indexed,2026-09-18,2026-09-21T20:26:15,2026-09-21T20:26:15
"https://schoolwith.me/purposes/schools/4/page:4/sort:lowest_fee_per_month/direction:asc?utm_source=bing&amp;utm_medium=ppc&amp;utm_campaign=SW_2022%E5%B9%B49%E6%9C%88_%E5%85%A8%E8%88%AC&amp;utm_term=%E7%95%99%E5%AD%A6 
%E3%82%AB%E3%83%8A%E3%83%80&amp;hsa_acc=4332353937&amp;hsa_cam=18254588843&amp;hsa_grp=1329311916817583&amp;hsa_ad&amp;hsa_src=o&amp;hsa_tgt=kwd-83082998978356:loc-138308&amp;hsa_kw=%E7%95%99%E5%AD%A6 
%E3%82%AB%E3%83%8A%E3%83%80&amp;hsa_mt=p&amp;hsa_net=adwords&amp;hsa_ver=3&amp;msclkid=8b300fb348e7180e3197696c9787fc95",crawled_not_indexed,2026-09-18,2026-09-21T20:26:15,2026-09-21T20:26:15
"https://schoolwith.me/purposes/schools/4/page:4?utm_source=adwords&amp;amp;amp;amp;amp;amp;utm_medium=ppc&amp;amp;amp;amp;amp;amp;utm_campaign=SW_2022%E5%B9%B49%E6%9C%88_%E5%85%A8%E8%88%AC&amp;amp;amp;amp;amp;amp;utm_term=%E7%95%99%E5%AD%A6 
%E3%81%99%E3%82%8B%E3%81%AB%E3%81%AF&amp;amp;amp;amp;amp;amp;hsa_acc=4332353937&amp;amp;amp;amp;amp;amp;hsa_cam=18254588843&amp;amp;amp;amp;amp;amp;hsa_grp=146068217492&amp;amp;amp;amp;amp;amp;hsa_ad=681541339577&amp;amp;amp;amp;amp;amp;hsa_src=s&amp;amp;amp;amp;amp;amp;hsa_tgt=kwd-318600743953&amp;amp;amp;amp;amp;amp;hsa_kw=%E7%95%99%E5%AD%A6 
%E3%81%99%E3%82%8B%E3%81%AB%E3%81%AF&amp;amp;amp;amp;amp;amp;hsa_mt=b&amp;amp;amp;amp;amp;amp;hsa_net=adwords&amp;amp;amp;amp;amp;amp;hsa_ver=3&amp;amp;amp;amp;amp;amp;gad_source=5&amp;amp;amp;amp;amp;amp;gclid=EAIaIQobChMIk__W39fMiQMVDKhmAh2m1TkzEAAYASABEgISnPD_BwE",crawled_not_indexed,2026-09-18,2026-09-21T20:26:15,2026-09-21T20:26:15
"https://schoolwith.me/purposes/schools/4/page:4?utm_source=adwords&amp;amp;utm_medium=ppc&amp;amp;utm_campaign=SW_2022%E5%B9%B49%E6%9C%88_%E5%85%A8%E8%88%AC&amp;amp;utm_term=%E5%A4%96%E5%9B%BD 
%E8%AA%9E%E5%AD%A6 
%E5%AD%A6%E6%A0%A1&amp;amp;hsa_acc=4332353937&amp;amp;hsa_cam=18254588843&amp;amp;hsa_grp=146068217492&amp;amp;hsa_ad=681541339577&amp;amp;hsa_src=s&amp;amp;hsa_tgt=kwd-885451861326&amp;amp;hsa_kw=%E5%A4%96%E5%9B%BD 
%E8%AA%9E%E5%AD%A6 
%E5%AD%A6%E6%A0%A1&amp;amp;hsa_mt=b&amp;amp;hsa_net=adwords&amp;amp;hsa_ver=3&amp;amp;gad_source=5&amp;amp;gclid=EAIaIQobChMIm9Xou5z6iQMVZguDAx1qZwSnEAAYAiABEgLj7_D_BwE",crawled_not_indexed,2026-09-18,2026-09-21T20:26:15,2026-09-21T20:26:15
"https://schoolwith.me/purposes/schools/4/page:4?utm_source=bing&amp;amp;amp;amp;utm_medium=ppc&amp;amp;amp;amp;utm_campaign=SW_2022%E5%B9%B49%E6%9C%88_%E5%85%A8%E8%88%AC&amp;amp;amp;amp;utm_term=%E7%95%99%E5%AD%A6 
%E3%82%AB%E3%83%8A%E3%83%80&amp;amp;amp;amp;hsa_acc=4332353937&amp;amp;amp;amp;hsa_cam=18254588843&amp;amp;amp;amp;hsa_grp=1329311916817583&amp;amp;amp;amp;hsa_ad&amp;amp;amp;amp;hsa_src=o&amp;amp;amp;amp;hsa_tgt=kwd-83082998978356:loc-138307&amp;amp;amp;amp;hsa_kw=%E7%95%99%E5%AD%A6 
%E3%82%AB%E3%83%8A%E3%83%80&amp;amp;amp;amp;hsa_mt=p&amp;amp;amp;amp;hsa_net=adwords&amp;amp;amp;amp;hsa_ver=3&amp;amp;amp;amp;msclkid=7aecd9326a5d1dbaee92bf27845c0012",crawled_not_indexed,2026-09-18,2026-09-21T20:26:15,2026-09-21T20:26:15
"https://schoolwith.me/purposes/schools/4/page:5?utm_source=adwords&amp;amp;utm_medium=ppc&amp;amp;utm_campaign=SW_2022%E5%B9%B49%E6%9C%88_%E5%85%A8%E8%88%AC&amp;amp;utm_term=%E5%A4%96%E5%9B%BD 
%E8%AA%9E%E5%AD%A6 
%E5%AD%A6%E6%A0%A1&amp;amp;hsa_acc=4332353937&amp;amp;hsa_cam=18254588843&amp;amp;hsa_grp=146068217492&amp;amp;hsa_ad=681541339577&amp;amp;hsa_src=s&amp;amp;hsa_tgt=kwd-885451861326&amp;amp;hsa_kw=%E5%A4%96%E5%9B%BD 
%E8%AA%9E%E5%AD%A6 
%E5%AD%A6%E6%A0%A1&amp;amp;hsa_mt=b&amp;amp;hsa_net=adwords&amp;amp;hsa_ver=3&amp;amp;gad_source=5&amp;amp;gclid=EAIaIQobChMIm9Xou5z6iQMVZguDAx1qZwSnEAAYAiABEgLj7_D_BwE",crawled_not_indexed,2026-09-18,2026-09-21T20:26:15,2026-09-21T20:26:15
"https://schoolwith.me/purposes/schools/4/page:5?utm_source=bing&amp;amp;amp;amp;utm_medium=ppc&amp;amp;amp;amp;utm_campaign=SW_2022%E5%B9%B49%E6%9C%88_%E5%85%A8%E8%88%AC&amp;amp;amp;amp;utm_term=%E3%83%8B%E3%83%A5%E3%83%BC%E3%82%B8%E3%83%BC%E3%83%A9%E3%83%B3%E3%83%89 
%E7%95%99%E5%AD%A6 
%E9%AB%98%E6%A0%A1&amp;amp;amp;amp;hsa_acc=4332353937&amp;amp;amp;amp;hsa_cam=18254588843&amp;amp;amp;amp;hsa_grp=1313918754166049&amp;amp;amp;amp;hsa_ad&amp;amp;amp;amp;hsa_src=o&amp;amp;amp;amp;hsa_tgt=kwd-82120927888305:loc-138302&amp;amp;amp;amp;hsa_kw=%E3%83%8B%E3%83%A5%E3%83%BC%E3%82%B8%E3%83%BC%E3%83%A9%E3%83%B3%E3%83%89 
%E7%95%99%E5%AD%A6 
%E9%AB%98%E6%A0%A1&amp;amp;amp;amp;hsa_mt=e&amp;amp;amp;amp;hsa_net=adwords&amp;amp;amp;amp;hsa_ver=3&amp;amp;amp;amp;msclkid=c21f9c0cd3af1d1c56d4fb1f69ae5c05",crawled_not_indexed,2026-09-18,2026-09-21T20:26:15,2026-09-21T20:26:15
"https://schoolwith.me/purposes/schools/4/page:5?utm_source=bing&amp;amp;utm_medium=ppc&amp;amp;utm_campaign=SW_2022%E5%B9%B49%E6%9C%88_%E5%85%A8%E8%88%AC&amp;amp;utm_term=%E9%AB%98%E6%A0%A1%E7%94%9F 
%E3%83%9B%E3%83%BC%E3%83%A0%E3%82%B9%E3%83%86%E3%82%A4&amp;amp;hsa_acc=4332353937&amp;amp;hsa_cam=18254588843&amp;amp;hsa_grp=1316117777117555&amp;amp;hsa_ad&amp;amp;hsa_src=o&amp;amp;hsa_tgt=kwd-82258367230128:loc-138295&amp;amp;hsa_kw=%E9%AB%98%E6%A0%A1%E7%94%9F 
%E3%83%9B%E3%83%BC%E3%83%A0%E3%82%B9%E3%83%86%E3%82%A4&amp;amp;hsa_mt=p&amp;amp;hsa_net=adwords&amp;amp;hsa_ver=3&amp;amp;msclkid=32b35947e5a31ab1b5193ff76ccaf64c",crawled_not_indexed,2026-09-18,2026-09-21T20:26:15,2026-09-21T20:26:15
"https://schoolwith.me/purposes/schools/4/page:6?utm_source=adwords&amp;amp;utm_medium=ppc&amp;amp;utm_campaign=SW_2022%E5%B9%B49%E6%9C%88_%E5%85%A8%E8%88%AC&amp;amp;utm_term=%E5%A4%96%E5%9B%BD 
%E8%AA%9E%E5%AD%A6 
%E5%AD%A6%E6%A0%A1&amp;amp;hsa_acc=4332353937&amp;amp;hsa_cam=18254588843&amp;amp;hsa_grp=146068217492&amp;amp;hsa_ad=681541339577&amp;amp;hsa_src=s&amp;amp;hsa_tgt=kwd-885451861326&amp;amp;hsa_kw=%E5%A4%96%E5%9B%BD 
%E8%AA%9E%E5%AD%A6 
%E5%AD%A6%E6%A0%A1&amp;amp;hsa_mt=b&amp;amp;hsa_net=adwords&amp;amp;hsa_ver=3&amp;amp;gad_source=5&amp;amp;gclid=EAIaIQobChMIm9Xou5z6iQMVZguDAx1qZwSnEAAYAiABEgLj7_D_BwE",crawled_not_indexed,2026-09-18,2026-09-21T20:26:15,2026-09-21T20:26:15
https://schoolwith.me/purposes/schools/4/page:6?utm_source=bing&amp;amp;amp;amp;utm_medium=ppc&amp;amp;amp;amp;utm_campaign=SW_2022%E5%B9%B49%E6%9C%88_%E5%85%A8%E8%88%AC&amp;amp;amp;amp;utm_term=%E7%95%99%E5%AD%A6%E3%83%97%E3%83%AD%E3%82%B0%E3%83%A9%E3%83%A0&amp;amp;amp;amp;hsa_acc=4332353937&amp;amp;amp;amp;hsa_cam=18254588843&amp;amp;amp;amp;hsa_grp=1317217289084228&amp;amp;amp;amp;hsa_ad&amp;amp;amp;amp;hsa_src=o&amp;amp;amp;amp;hsa_tgt=kwd-82327070899514:loc-138331&amp;amp;amp;amp;hsa_kw=%E7%95%99%E5%AD%A6%E3%83%97%E3%83%AD%E3%82%B0%E3%83%A9%E3%83%A0&amp;amp;amp;amp;hsa_mt=p&amp;amp;amp;amp;hsa_net=adwords&amp;amp;amp;amp;hsa_ver=3&amp;amp;amp;amp;msclkid=31f2a16a9ad1140e8340c798a404a030,crawled_not_indexed,2026-09-18,2026-09-21T20:26:15,2026-09-21T20:26:15
"https://schoolwith.me/purposes/schools/4/page:7?utm_source=adwords&amp;amp;amp;amp;utm_medium=ppc&amp;amp;amp;amp;utm_campaign=SW_2022%E5%B9%B49%E6%9C%88_%E5%85%A8%E8%88%AC&amp;amp;amp;amp;utm_term=%E8%8B%B1%E8%AA%9E 
%E7%95%99%E5%AD%A6&amp;amp;amp;amp;hsa_acc=4332353937&amp;amp;amp;amp;hsa_cam=21173814924&amp;amp;amp;amp;hsa_grp=161801068700&amp;amp;amp;amp;hsa_ad=696456614603&amp;amp;amp;amp;hsa_src=g&amp;amp;amp;amp;hsa_tgt=kwd-635348208&amp;amp;amp;amp;hsa_kw=%E8%8B%B1%E8%AA%9E 
%E7%95%99%E5%AD%A6&amp;amp;amp;amp;hsa_mt=b&amp;amp;amp;amp;hsa_net=adwords&amp;amp;amp;amp;hsa_ver=3&amp;amp;amp;amp;gad_source=1&amp;amp;amp;amp;gclid=Cj0KCQjw_qexBhCoARIsAFgBlev0-H8TOZblxefLKX4ouvT24JoQtunkzirHscnBuidTSjQWbHymHwIaAlCPEALw_wcB",crawled_not_indexed,2026-09-18,2026-09-21T20:26:15,2026-09-21T20:26:15
"https://schoolwith.me/purposes/schools/4/page:8/sort:lowest_fee_per_month/direction:asc?utm_source=adwords&amp;utm_medium=ppc&amp;utm_campaign=SW_2022%E5%B9%B49%E6%9C%88_%E5%85%A8%E8%88%AC&amp;utm_term=%E5%A4%96%E5%9B%BD 
%E8%AA%9E%E5%AD%A6 
%E5%AD%A6%E6%A0%A1&amp;hsa_acc=4332353937&amp;hsa_cam=18254588843&amp;hsa_grp=146068217492&amp;hsa_ad=681541339577&amp;hsa_src=s&amp;hsa_tgt=kwd-885451861326&amp;hsa_kw=%E5%A4%96%E5%9B%BD 
%E8%AA%9E%E5%AD%A6 
%E5%AD%A6%E6%A0%A1&amp;hsa_mt=b&amp;hsa_net=adwords&amp;hsa_ver=3&amp;gad_source=5&amp;gclid=EAIaIQobChMIm9Xou5z6iQMVZguDAx1qZwSnEAAYAiABEgLj7_D_BwE",crawled_not_indexed,2026-09-18,2026-09-21T20:26:15,2026-09-21T20:26:15
"https://schoolwith.me/purposes/schools/4/page:8/sort:lowest_fee_per_month/direction:asc?utm_source=bing&amp;amp;amp;utm_medium=ppc&amp;amp;amp;utm_campaign=SW_2022%E5%B9%B49%E6%9C%88_%E5%85%A8%E8%88%AC&amp;amp;amp;utm_term=%E3%83%9E%E3%83%AB%E3%82%BF 
%E8%AA%9E%E5%AD%A6%E5%AD%A6%E6%A0%A1&amp;amp;amp;hsa_acc=4332353937&amp;amp;amp;hsa_cam=18254588843&amp;amp;amp;hsa_grp=1315018266569938&amp;amp;amp;hsa_ad&amp;amp;amp;hsa_src=o&amp;amp;amp;hsa_tgt=kwd-82189628810805:loc-138332&amp;amp;amp;hsa_kw=%E3%83%9E%E3%83%AB%E3%82%BF 
%E8%AA%9E%E5%AD%A6%E5%AD%A6%E6%A0%A1&amp;amp;amp;hsa_mt=e&amp;amp;amp;hsa_net=adwords&amp;amp;amp;hsa_ver=3&amp;amp;amp;msclkid=b99b07dad90a197a2c0261782b15bced",crawled_not_indexed,2026-09-18,2026-09-21T20:26:15,2026-09-21T20:26:15
"https://schoolwith.me/purposes/schools/4/page:8/sort:lowest_fee_per_month/direction:asc?utm_source=bing&amp;utm_medium=ppc&amp;utm_campaign=SW_2022%E5%B9%B49%E6%9C%88_%E5%85%A8%E8%88%AC&amp;utm_term=%E7%95%99%E5%AD%A6 
%E5%A4%A7%E5%AD%A6%E7%94%9F&amp;hsa_acc=4332353937&amp;hsa_cam=18254588843&amp;hsa_grp=1324913870339339&amp;hsa_ad&amp;hsa_src=o&amp;hsa_tgt=kwd-82808111176293:loc-138305&amp;hsa_kw=%E7%95%99%E5%AD%A6 
%E5%A4%A7%E5%AD%A6%E7%94%9F&amp;hsa_mt=p&amp;hsa_net=adwords&amp;hsa_ver=3&amp;msclkid=b3c89e881f9814fb0cc8f9ea9db79bd4",crawled_not_indexed,2026-09-18,2026-09-21T20:26:15,2026-09-21T20:26:15
https://schoolwith.me/purposes/schools/4/page:8?utm_source=adwords&utm_medium=ppc&utm_campaign=SW_2022%E5%B9%B49%E6%9C%88_%E5%85%A8%E8%88%AC&utm_term=%E3%83%AF%E3%83%BC%E3%82%AD%E3%83%B3%E3%82%B0%E3%83%9B%E3%83%AA%E3%83%87%E3%83%BC&hsa_acc=4332353937&hsa_cam=18254588843&hsa_grp=151784813013&hsa_ad=667793326511&hsa_src=g&hsa_tgt=kwd-2396717215&hsa_kw=%E3%83%AF%E3%83%BC%E3%82%AD%E3%83%B3%E3%82%B0%E3%83%9B%E3%83%AA%E3%83%87%E3%83%BC&hsa_mt=p&hsa_net=adwords&hsa_ver=3&gad_source=1&gclid=CjwKCAiAkp6tBhB5EiwANTCx1Ntk7sC-XQ4nia9zFYztHBV6nvzkebFObOJyrgfs_7o34vZKGDijvRoCykAQAvD_BwE,crawled_not_indexed,2026-09-18,2026-09-21T20:26:15,2026-09-21T20:26:15
"https://schoolwith.me/purposes/schools/4/page:8?utm_source=adwords&utm_medium=ppc&utm_campaign=SW_2022%E5%B9%B49%E6%9C%88_%E5%85%A8%E8%88%AC&utm_term=%E7%95%99%E5%AD%A6 
%E3%81%AB%E9%96%A2%E3%81%99%E3%82%8B 
%E8%B3%AA%E5%95%8F&hsa_acc=4332353937&hsa_cam=18254588843&hsa_grp=156225456890&hsa_ad=696503840386&hsa_src=s&hsa_tgt=kwd-2281542289429&hsa_kw=%E7%95%99%E5%AD%A6 
%E3%81%AB%E9%96%A2%E3%81%99%E3%82%8B 
%E8%B3%AA%E5%95%8F&hsa_mt=b&hsa_net=adwords&hsa_ver=3&gad_source=5&gclid=EAIaIQobChMI0_W435CpigMVsqlmAh0Vgwp9EAAYAiABEgIjzvD_BwE",crawled_not_indexed,2026-09-18,2026-09-21T20:26:15,2026-09-21T20:26:15
"https://schoolwith.me/purposes/schools/4/page:8?utm_source=bing&amp;amp;amp;amp;utm_medium=ppc&amp;amp;amp;amp;utm_campaign=SW_2022%E5%B9%B49%E6%9C%88_%E5%85%A8%E8%88%AC&amp;amp;amp;amp;utm_term=%E3%83%8B%E3%83%A5%E3%83%BC%E3%82%B8%E3%83%BC%E3%83%A9%E3%83%B3%E3%83%89 
%E3%82%B5%E3%83%9E%E3%83%BC 
%E3%82%B9%E3%82%AF%E3%83%BC%E3%83%AB&amp;amp;amp;amp;hsa_acc=4332353937&amp;amp;amp;amp;hsa_cam=18254588843&amp;amp;amp;amp;hsa_grp=1313918754166049&amp;amp;amp;amp;hsa_ad&amp;amp;amp;amp;hsa_src=o&amp;amp;amp;amp;hsa_tgt=kwd-82120927888266:loc-138305&amp;amp;amp;amp;hsa_kw=%E3%83%8B%E3%83%A5%E3%83%BC%E3%82%B8%E3%83%BC%E3%83%A9%E3%83%B3%E3%83%89 
%E3%82%B5%E3%83%9E%E3%83%BC 
%E3%82%B9%E3%82%AF%E3%83%BC%E3%83%AB&amp;amp;amp;amp;hsa_mt=b&amp;amp;amp;amp;hsa_net=adwords&amp;amp;amp;amp;hsa_ver=3&amp;amp;amp;amp;msclkid=520812a0862a19a4ed4b7491131e6ef6",crawled_not_indexed,2026-09-18,2026-09-21T20:26:15,2026-09-21T20:26:15
https://schoolwith.me/purposes/schools/4/page:8?utm_source=bing&amp;amp;amp;amp;utm_medium=ppc&amp;amp;amp;amp;utm_campaign=SW_2022%E5%B9%B49%E6%9C%88_%E5%85%A8%E8%88%AC&amp;amp;amp;amp;utm_term=%E7%95%99%E5%AD%A6%E3%83%97%E3%83%AD%E3%82%B0%E3%83%A9%E3%83%A0&amp;amp;amp;amp;hsa_acc=4332353937&amp;amp;amp;amp;hsa_cam=18254588843&amp;amp;amp;amp;hsa_grp=1317217289084228&amp;amp;amp;amp;hsa_ad&amp;amp;amp;amp;hsa_src=o&amp;amp;amp;amp;hsa_tgt=kwd-82327070899514:loc-138331&amp;amp;amp;amp;hsa_kw=%E7%95%99%E5%AD%A6%E3%83%97%E3%83%AD%E3%82%B0%E3%83%A9%E3%83%A0&amp;amp;amp;amp;hsa_mt=p&amp;amp;amp;amp;hsa_net=adwords&amp;amp;amp;amp;hsa_ver=3&amp;amp;amp;amp;msclkid=31f2a16a9ad1140e8340c798a404a030,crawled_not_indexed,2026-09-18,2026-09-21T20:26:15,2026-09-21T20:26:15
"https://schoolwith.me/purposes/schools/4/page:9/sort:lowest_fee_per_month/direction:asc?utm_source=bing&amp;amp;amp;utm_medium=ppc&amp;amp;amp;utm_campaign=SW_2022%E5%B9%B49%E6%9C%88_%E5%85%A8%E8%88%AC&amp;amp;amp;utm_term=%E3%83%9E%E3%83%AB%E3%82%BF 
%E8%AA%9E%E5%AD%A6%E5%AD%A6%E6%A0%A1&amp;amp;amp;hsa_acc=4332353937&amp;amp;amp;hsa_cam=18254588843&amp;amp;amp;hsa_grp=1315018266569938&amp;amp;amp;hsa_ad&amp;amp;amp;hsa_src=o&amp;amp;amp;hsa_tgt=kwd-82189628810805:loc-138332&amp;amp;amp;hsa_kw=%E3%83%9E%E3%83%AB%E3%82%BF 
%E8%AA%9E%E5%AD%A6%E5%AD%A6%E6%A0%A1&amp;amp;amp;hsa_mt=e&amp;amp;amp;hsa_net=adwords&amp;amp;amp;hsa_ver=3&amp;amp;amp;msclkid=b99b07dad90a197a2c0261782b15bced",crawled_not_indexed,2026-09-18,2026-09-21T20:26:15,2026-09-21T20:26:15
https://schoolwith.me/purposes/schools/4/page:9?utm_source=bing&amp;amp;amp;amp;utm_medium=ppc&amp;amp;amp;amp;utm_campaign=SW_2022%E5%B9%B49%E6%9C%88_%E5%85%A8%E8%88%AC&amp;amp;amp;amp;utm_term=%E7%95%99%E5%AD%A6%E3%83%97%E3%83%AD%E3%82%B0%E3%83%A9%E3%83%A0&amp;amp;amp;amp;hsa_acc=4332353937&amp;amp;amp;amp;hsa_cam=18254588843&amp;amp;amp;amp;hsa_grp=1317217289084228&amp;amp;amp;amp;hsa_ad&amp;amp;amp;amp;hsa_src=o&amp;amp;amp;amp;hsa_tgt=kwd-82327070899514:loc-138331&amp;amp;amp;amp;hsa_kw=%E7%95%99%E5%AD%A6%E3%83%97%E3%83%AD%E3%82%B0%E3%83%A9%E3%83%A0&amp;amp;amp;amp;hsa_mt=p&amp;amp;amp;amp;hsa_net=adwords&amp;amp;amp;amp;hsa_ver=3&amp;amp;amp;amp;msclkid=31f2a16a9ad1140e8340c798a404a030,crawled_not_indexed,2026-09-18,2026-09-21T20:26:15,2026-09-21T20:26:15
https://schoolwith.me/purposes/schools/4/page:9?utm_source=bing&amp;amp;amp;amp;utm_medium=ppc&amp;amp;amp;amp;utm_campaign=SW_2022%E5%B9%B49%E6%9C%88_%E5%85%A8%E8%88%AC&amp;amp;amp;amp;utm_term=%E7%95%99%E5%AD%A6&amp;amp;amp;amp;hsa_acc=4332353937&amp;amp;amp;amp;hsa_cam=18254588843&amp;amp;amp;amp;hsa_grp=1328212405176718&amp;amp;amp;amp;hsa_ad&amp;amp;amp;amp;hsa_src=o&amp;amp;amp;amp;hsa_tgt=kwd-83014283287522:loc-138321&amp;amp;amp;amp;hsa_kw=%E7%95%99%E5%AD%A6&amp;amp;amp;amp;hsa_mt=p&amp;amp;amp;amp;hsa_net=adwords&amp;amp;amp;amp;hsa_ver=3&amp;amp;amp;amp;msclkid=59a36522257c1d90f5f20387be895723,crawled_not_indexed,2026-09-18,2026-09-21T20:26:15,2026-09-21T20:26:15
https://schoolwith.me/purposes/schools/4/sort:lowest_fee_per_month/direction:asc/page:2?utm_source=adwords&amp;amp;amp;utm_medium=ppc&amp;amp;amp;utm_campaign=SW_2022%E5%B9%B49%E6%9C%88_%E5%85%A8%E8%88%AC&amp;amp;amp;utm_term=%E8%AA%9E%E5%AD%A6%E7%95%99%E5%AD%A6&amp;amp;amp;hsa_acc=4332353937&amp;amp;amp;hsa_cam=18254588843&amp;amp;amp;hsa_grp=146068217492&amp;amp;amp;hsa_ad=681541339577&amp;amp;amp;hsa_src=s&amp;amp;amp;hsa_tgt=kwd-467986097&amp;amp;amp;hsa_kw=%E8%AA%9E%E5%AD%A6%E7%95%99%E5%AD%A6&amp;amp;amp;hsa_mt=b&amp;amp;amp;hsa_net=adwords&amp;amp;amp;hsa_ver=3&amp;amp;amp;gad_source=5&amp;amp;amp;gclid=EAIaIQobChMI4bbVlM6GigMVCoVLBR2Gai92EAAYASABEgJWbfD_BwE,crawled_not_indexed,2026-09-18,2026-09-21T20:26:15,2026-09-21T20:26:15
"https://schoolwith.me/purposes/schools/4/sort:lowest_fee_per_month/direction:asc/page:2?utm_source=bing&amp;amp;amp;utm_medium=ppc&amp;amp;amp;utm_campaign=SW_2022%E5%B9%B49%E6%9C%88_%E5%85%A8%E8%88%AC&amp;amp;amp;utm_term=%E7%95%99%E5%AD%A6 
%E3%82%AB%E3%83%8A%E3%83%80&amp;amp;amp;hsa_acc=4332353937&amp;amp;amp;hsa_cam=18254588843&amp;amp;amp;hsa_grp=1329311916817583&amp;amp;amp;hsa_ad&amp;amp;amp;hsa_src=o&amp;amp;amp;hsa_tgt=kwd-83082998978356:loc-138308&amp;amp;amp;hsa_kw=%E7%95%99%E5%AD%A6 
%E3%82%AB%E3%83%8A%E3%83%80&amp;amp;amp;hsa_mt=p&amp;amp;amp;hsa_net=adwords&amp;amp;amp;hsa_ver=3&amp;amp;amp;msclkid=8b300fb348e7180e3197696c9787fc95",crawled_not_indexed,2026-09-18,2026-09-21T20:26:15,2026-09-21T20:26:15
"https://schoolwith.me/purposes/schools/4/sort:lowest_fee_per_month/direction:asc?utm_source=adwords&amp;amp;amp;amp;amp;amp;amp;utm_medium=ppc&amp;amp;amp;amp;amp;amp;amp;utm_campaign=SW_2022%E5%B9%B49%E6%9C%88_%E5%85%A8%E8%88%AC&amp;amp;amp;amp;amp;amp;amp;utm_term=%E7%95%99%E5%AD%A6 
%E3%81%99%E3%82%8B%E3%81%AB%E3%81%AF&amp;amp;amp;amp;amp;amp;amp;hsa_acc=4332353937&amp;amp;amp;amp;amp;amp;amp;hsa_cam=18254588843&amp;amp;amp;amp;amp;amp;amp;hsa_grp=146068217492&amp;amp;amp;amp;amp;amp;amp;hsa_ad=681541339577&amp;amp;amp;amp;amp;amp;amp;hsa_src=s&amp;amp;amp;amp;amp;amp;amp;hsa_tgt=kwd-318600743953&amp;amp;amp;amp;amp;amp;amp;hsa_kw=%E7%95%99%E5%AD%A6 
%E3%81%99%E3%82%8B%E3%81%AB%E3%81%AF&amp;amp;amp;amp;amp;amp;amp;hsa_mt=b&amp;amp;amp;amp;amp;amp;amp;hsa_net=adwords&amp;amp;amp;amp;amp;amp;amp;hsa_ver=3&amp;amp;amp;amp;amp;amp;amp;gad_source=5&amp;amp;amp;amp;amp;amp;amp;gclid=EAIaIQobChMIk__W39fMiQMVDKhmAh2m1TkzEAAYASABEgISnPD_BwE",crawled_not_indexed,2026-09-18,2026-09-21T20:26:15,2026-09-21T20:26:15
"https://schoolwith.me/purposes/schools/4/sort:lowest_fee_per_month/direction:asc?utm_source=adwords&amp;utm_medium=ppc&amp;utm_campaign=SW_2022%E5%B9%B49%E6%9C%88_%E5%85%A8%E8%88%AC&amp;utm_term=%E8%AA%9E%E5%AD%A6 
%E7%95%99%E5%AD%A6 
%E7%9B%B8%E8%AB%87&amp;hsa_acc=4332353937&amp;hsa_cam=18254588843&amp;hsa_grp=156225456890&amp;hsa_ad=696503840380&amp;hsa_src=s&amp;hsa_tgt=kwd-415597602182&amp;hsa_kw=%E8%AA%9E%E5%AD%A6 
%E7%95%99%E5%AD%A6 
%E7%9B%B8%E8%AB%87&amp;hsa_mt=b&amp;hsa_net=adwords&amp;hsa_ver=3&amp;gad_source=5&amp;gclid=EAIaIQobChMI4uPasqLSigMVKKJmAh1ungAwEAAYAiABEgInWvD_BwE",crawled_not_indexed,2026-09-18,2026-09-21T20:26:15,2026-09-21T20:26:15
https://schoolwith.me/purposes/schools/4/sort:lowest_fee_per_month/direction:asc?utm_source=bing&amp;amp;amp;amp;amp;utm_medium=ppc&amp;amp;amp;amp;amp;utm_campaign=SW_2022%E5%B9%B49%E6%9C%88_%E5%85%A8%E8%88%AC&amp;amp;amp;amp;amp;utm_term=%E7%95%99%E5%AD%A6%E3%83%97%E3%83%AD%E3%82%B0%E3%83%A9%E3%83%A0&amp;amp;amp;amp;amp;hsa_acc=4332353937&amp;amp;amp;amp;amp;hsa_cam=18254588843&amp;amp;amp;amp;amp;hsa_grp=1317217289084228&amp;amp;amp;amp;amp;hsa_ad&amp;amp;amp;amp;amp;hsa_src=o&amp;amp;amp;amp;amp;hsa_tgt=kwd-82327070899514:loc-138331&amp;amp;amp;amp;amp;hsa_kw=%E7%95%99%E5%AD%A6%E3%83%97%E3%83%AD%E3%82%B0%E3%83%A9%E3%83%A0&amp;amp;amp;amp;amp;hsa_mt=p&amp;amp;amp;amp;amp;hsa_net=adwords&amp;amp;amp;amp;amp;hsa_ver=3&amp;amp;amp;amp;amp;msclkid=31f2a16a9ad1140e8340c798a404a030,crawled_not_indexed,2026-09-18,2026-09-21T20:26:15,2026-09-21T20:26:15
https://schoolwith.me/purposes/schools/4/sort:lowest_fee_per_month/direction:asc?utm_source=bing&amp;amp;amp;utm_medium=ppc&amp;amp;amp;utm_campaign=SW_2022%E5%B9%B49%E6%9C%88_%E5%85%A8%E8%88%AC&amp;amp;amp;utm_term=%E3%83%AF%E3%83%BC%E3%82%AF%E3%83%9B%E3%83%AA%E3%83%87%E3%83%BC&amp;amp;amp;hsa_acc=4332353937&amp;amp;amp;hsa_cam=18254588843&amp;amp;amp;hsa_grp=1315018266569954&amp;amp;amp;hsa_ad&amp;amp;amp;hsa_src=o&amp;amp;amp;hsa_tgt=kwd-82189628810947:loc-138330&amp;amp;amp;hsa_kw=%E3%83%AF%E3%83%BC%E3%82%AF%E3%83%9B%E3%83%AA%E3%83%87%E3%83%BC&amp;amp;amp;hsa_mt=p&amp;amp;amp;hsa_net=adwords&amp;amp;amp;hsa_ver=3&amp;amp;amp;msclkid=4c682b619b3a1358e02b4d8e00129c4e,crawled_not_indexed,2026-09-18,2026-09-21T20:26:15,2026-09-21T20:26:15
"https://schoolwith.me/purposes/schools/4?utm_source=adwords&amp;amp;amp;amp;amp;amp;utm_medium=ppc&amp;amp;amp;amp;amp;amp;utm_campaign=SW_2022%E5%B9%B49%E6%9C%88_%E5%85%A8%E8%88%AC&amp;amp;amp;amp;amp;amp;utm_term=%E7%95%99%E5%AD%A6 
%E3%81%99%E3%82%8B%E3%81%AB%E3%81%AF&amp;amp;amp;amp;amp;amp;hsa_acc=4332353937&amp;amp;amp;amp;amp;amp;hsa_cam=18254588843&amp;amp;amp;amp;amp;amp;hsa_grp=146068217492&amp;amp;amp;amp;amp;amp;hsa_ad=681541339577&amp;amp;amp;amp;amp;amp;hsa_src=s&amp;amp;amp;amp;amp;amp;hsa_tgt=kwd-318600743953&amp;amp;amp;amp;amp;amp;hsa_kw=%E7%95%99%E5%AD%A6 
%E3%81%99%E3%82%8B%E3%81%AB%E3%81%AF&amp;amp;amp;amp;amp;amp;hsa_mt=b&amp;amp;amp;amp;amp;amp;hsa_net=adwords&amp;amp;amp;amp;amp;amp;hsa_ver=3&amp;amp;amp;amp;amp;amp;gad_source=5&amp;amp;amp;amp;amp;amp;gclid=EAIaIQobChMIk__W39fMiQMVDKhmAh2m1TkzEAAYASABEgISnPD_BwE",crawled_not_indexed,2026-09-18,2026-09-21T20:26:15,2026-09-21T20:26:15
"https://schoolwith.me/purposes/schools/4?utm_source=adwords&amp;amp;utm_medium=ppc&amp;amp;utm_campaign=SW_2022%E5%B9%B49%E6%9C%88_%E5%85%A8%E8%88%AC&amp;amp;utm_term=%E5%A4%96%E5%9B%BD 
%E8%AA%9E%E5%AD%A6 
%E5%AD%A6%E6%A0%A1&amp;amp;hsa_acc=4332353937&amp;amp;hsa_cam=18254588843&amp;amp;hsa_grp=146068217492&amp;amp;hsa_ad=681541339577&amp;amp;hsa_src=s&amp;amp;hsa_tgt=kwd-885451861326&amp;amp;hsa_kw=%E5%A4%96%E5%9B%BD 
%E8%AA%9E%E5%AD%A6 
%E5%AD%A6%E6%A0%A1&amp;amp;hsa_mt=b&amp;amp;hsa_net=adwords&amp;amp;hsa_ver=3&amp;amp;gad_source=5&amp;amp;gclid=EAIaIQobChMIm9Xou5z6iQMVZguDAx1qZwSnEAAYAiABEgLj7_D_BwE",crawled_not_indexed,2026-09-18,2026-09-21T20:26:15,2026-09-21T20:26:15
"https://schoolwith.me/purposes/schools/4?utm_source=adwords&amp;amp;utm_medium=ppc&amp;amp;utm_campaign=SW_2022%E5%B9%B49%E6%9C%88_%E5%85%A8%E8%88%AC&amp;amp;utm_term=%E7%95%99%E5%AD%A6 
%E3%81%AB%E9%96%A2%E3%81%99%E3%82%8B 
%E8%B3%AA%E5%95%8F&amp;amp;hsa_acc=4332353937&amp;amp;hsa_cam=18254588843&amp;amp;hsa_grp=156225456890&amp;amp;hsa_ad=696503840386&amp;amp;hsa_src=s&amp;amp;hsa_tgt=kwd-2281542289429&amp;amp;hsa_kw=%E7%95%99%E5%AD%A6 
%E3%81%AB%E9%96%A2%E3%81%99%E3%82%8B 
%E8%B3%AA%E5%95%8F&amp;amp;hsa_mt=b&amp;amp;hsa_net=adwords&amp;amp;hsa_ver=3&amp;amp;gad_source=5&amp;amp;gclid=EAIaIQobChMI0_W435CpigMVsqlmAh0Vgwp9EAAYAiABEgIjzvD_BwE",crawled_not_indexed,2026-09-18,2026-09-21T20:26:15,2026-09-21T20:26:15
"https://schoolwith.me/purposes/schools/4?utm_source=bing&amp;amp;amp;amp;amp;amp;utm_medium=ppc&amp;amp;amp;amp;amp;amp;utm_campaign=SW_2022%E5%B9%B49%E6%9C%88_%E5%85%A8%E8%88%AC&amp;amp;amp;amp;amp;amp;utm_term=%E8%8B%B1%E8%AA%9E 
%E7%95%99%E5%AD%A6&amp;amp;amp;amp;amp;amp;hsa_acc=4332353937&amp;amp;amp;amp;amp;amp;hsa_cam=18254588843&amp;amp;amp;amp;amp;amp;hsa_grp=1328212405176718&amp;amp;amp;amp;amp;amp;hsa_ad&amp;amp;amp;amp;amp;amp;hsa_src=o&amp;amp;amp;amp;amp;amp;hsa_tgt=kwd-83014283287524:loc-138307&amp;amp;amp;amp;amp;amp;hsa_kw=%E8%8B%B1%E8%AA%9E 
%E7%95%99%E5%AD%A6&amp;amp;amp;amp;amp;amp;hsa_mt=p&amp;amp;amp;amp;amp;amp;hsa_net=adwords&amp;amp;amp;amp;amp;amp;hsa_ver=3&amp;amp;amp;amp;amp;amp;msclkid=64471b0564fc19dbd2a77c58053fbc99",crawled_not_indexed,2026-09-18,2026-09-21T20:26:15,2026-09-21T20:26:15
"https://schoolwith.me/purposes/schools/4?utm_source=bing&amp;amp;amp;amp;utm_medium=ppc&amp;amp;amp;amp;utm_campaign=SW_%E6%A4%9C%E7%B4%A2_%E3%82%A8%E3%83%AA%E3%82%A2&amp;amp;amp;amp;utm_term=%E3%82%B5%E3%83%B3%E3%83%87%E3%82%A3%E3%82%A8%E3%82%B4 
%E7%95%99%E5%AD%A6&amp;amp;amp;amp;hsa_acc=4332353937&amp;amp;amp;amp;hsa_cam=20125035993&amp;amp;amp;amp;hsa_grp=1313918754166097&amp;amp;amp;amp;hsa_ad&amp;amp;amp;amp;hsa_src=o&amp;amp;amp;amp;hsa_tgt=kwd-82120909760805:loc-96&amp;amp;amp;amp;hsa_kw=%E3%82%B5%E3%83%B3%E3%83%87%E3%82%A3%E3%82%A8%E3%82%B4 
%E7%95%99%E5%AD%A6&amp;amp;amp;amp;hsa_mt=p&amp;amp;amp;amp;hsa_net=adwords&amp;amp;amp;amp;hsa_ver=3&amp;amp;amp;amp;msclkid=6af0255212e21c97cbb842f4aa03ae2e",crawled_not_indexed,2026-09-18,2026-09-21T20:26:15,2026-09-21T20:26:15
"https://schoolwith.me/purposes/schools/4?utm_source=bing&amp;amp;amp;amp;utm_medium=ppc&amp;amp;amp;amp;utm_campaign=SW_2022%E5%B9%B49%E6%9C%88_%E5%85%A8%E8%88%AC&amp;amp;amp;amp;utm_term=%E3%83%8B%E3%83%A5%E3%83%BC%E3%82%B8%E3%83%BC%E3%83%A9%E3%83%B3%E3%83%89 
%E3%82%B5%E3%83%9E%E3%83%BC 
%E3%82%B9%E3%82%AF%E3%83%BC%E3%83%AB&amp;amp;amp;amp;hsa_acc=4332353937&amp;amp;amp;amp;hsa_cam=18254588843&amp;amp;amp;amp;hsa_grp=1313918754166049&amp;amp;amp;amp;hsa_ad&amp;amp;amp;amp;hsa_src=o&amp;amp;amp;amp;hsa_tgt=kwd-82120927888266:loc-138305&amp;amp;amp;amp;hsa_kw=%E3%83%8B%E3%83%A5%E3%83%BC%E3%82%B8%E3%83%BC%E3%83%A9%E3%83%B3%E3%83%89 
%E3%82%B5%E3%83%9E%E3%83%BC 
%E3%82%B9%E3%82%AF%E3%83%BC%E3%83%AB&amp;amp;amp;amp;hsa_mt=b&amp;amp;amp;amp;hsa_net=adwords&amp;amp;amp;amp;hsa_ver=3&amp;amp;amp;amp;msclkid=520812a0862a19a4ed4b7491131e6ef6",crawled_not_indexed,2026-09-18,2026-09-21T20:26:15,2026-09-21T20:26:15
https://schoolwith.me/purposes/schools/4?utm_source=bing&amp;amp;utm_medium=ppc&amp;amp;utm_campaign=SW_2022%E5%B9%B49%E6%9C%88_%E5%85%A8%E8%88%AC&amp;amp;utm_term=%E3%83%AF%E3%83%BC%E3%82%AF%E3%83%9B%E3%83%AA%E3%83%87%E3%83%BC&amp;amp;hsa_acc=4332353937&amp;amp;hsa_cam=18254588843&amp;amp;hsa_grp=1315018266569954&amp;amp;hsa_ad&amp;amp;hsa_src=o&amp;amp;hsa_tgt=kwd-82189628810947:loc-138307&amp;amp;hsa_kw=%E3%83%AF%E3%83%BC%E3%82%AF%E3%83%9B%E3%83%AA%E3%83%87%E3%83%BC&amp;amp;hsa_mt=e&amp;amp;hsa_net=adwords&amp;amp;hsa_ver=3&amp;amp;msclkid=8cc6ab36aaef1c59132ccd99afb9c241,crawled_not_indexed,2026-09-18,2026-09-21T20:26:15,2026-09-21T20:26:15
https://schoolwith.me/purposes/schools/4?utm_source=bing&amp;amp;utm_medium=ppc&amp;amp;utm_campaign=SW_2022%E5%B9%B49%E6%9C%88_%E5%85%A8%E8%88%AC&amp;amp;utm_term=%E3%83%AF%E3%83%BC%E3%83%9B%E3%83%AA&amp;amp;hsa_acc=4332353937&amp;amp;hsa_cam=18254588843&amp;amp;hsa_grp=1315018266569954&amp;amp;hsa_ad&amp;amp;hsa_src=o&amp;amp;hsa_tgt=kwd-82189628810941:loc-138321&amp;amp;hsa_kw=%E3%83%AF%E3%83%BC%E3%83%9B%E3%83%AA&amp;amp;hsa_mt=p&amp;amp;hsa_net=adwords&amp;amp;hsa_ver=3&amp;amp;msclkid=50145db11adb1facec783a13e33ca353,crawled_not_indexed,2026-09-18,2026-09-21T20:26:15,2026-09-21T20:26:15
"https://schoolwith.me/purposes/schools/4?utm_source=bing&amp;amp;utm_medium=ppc&amp;amp;utm_campaign=SW_2022%E5%B9%B49%E6%9C%88_%E5%85%A8%E8%88%AC&amp;amp;utm_term=%E5%A4%A7%E5%AD%A6%E7%94%9F 
%E7%95%99%E5%AD%A6&amp;amp;hsa_acc=4332353937&amp;amp;hsa_cam=18254588843&amp;amp;hsa_grp=1324913870339339&amp;amp;hsa_ad&amp;amp;hsa_src=o&amp;amp;hsa_tgt=kwd-82808111176294:loc-138305&amp;amp;hsa_kw=%E5%A4%A7%E5%AD%A6%E7%94%9F 
%E7%95%99%E5%AD%A6&amp;amp;hsa_mt=p&amp;amp;hsa_net=adwords&amp;amp;hsa_ver=3&amp;amp;msclkid=f9a278c6b7e7116f56c01f5d49cdc36b",crawled_not_indexed,2026-09-18,2026-09-21T20:26:15,2026-09-21T20:26:15
https://schoolwith.me/purposes/schools/4?utm_source=bing&amp;amp;utm_medium=ppc&amp;amp;utm_campaign=SW_2022%E5%B9%B49%E6%9C%88_%E5%85%A8%E8%88%AC&amp;amp;utm_term=%E7%9F%AD%E6%9C%9F%E7%95%99%E5%AD%A6&amp;amp;hsa_acc=4332353937&amp;amp;hsa_cam=18254588843&amp;amp;hsa_grp=1312819243284112&amp;amp;hsa_ad&amp;amp;hsa_src=o&amp;amp;hsa_tgt=kwd-82052191468064:loc-138295&amp;amp;hsa_kw=%E7%9F%AD%E6%9C%9F%E7%95%99%E5%AD%A6&amp;amp;hsa_mt=p&amp;amp;hsa_net=adwords&amp;amp;hsa_ver=3&amp;amp;msclkid=79955577fe53100cf835320f6a65c6eb,crawled_not_indexed,2026-09-18,2026-09-21T20:26:15,2026-09-21T20:26:15
https://schoolwith.me/purposes/schools/5/page:6/direction:desc?sort_type=/purposes/schools/5/direction:desc?sort_type%3D%252Fpurposes%252Fschools%252F5%252Fsort%253Alowest_fee_per_month%252Fdirection%253AASC,crawled_not_indexed,2026-09-18,2026-09-21T20:26:15,2026-09-21T20:26:15
https://schoolwith.me/purposes/schools/7/direction:desc?sort_type=/purposes/schools/7/direction:desc?sort_type%3D%252Fpurposes%252Fschools%252F7%252Fdirection%253Adesc%253Fsort_type%253D%25252Fpurposes%25252Fschools%25252F7%25252Fdirection%25253Adesc%25253Fsort_type%25253D%2525252Fpurposes%2525252Fschools%2525252F7%2525252Fdirection%2525253Adesc%2525253Fsort_type%2525253D%252525252Fpurposes%252525252Fschools%252525252F7%252525252Fdirection%252525253Aasc%252525252Fsort%252525253Alowest_fee_per_month%252525253Fsort_type%252525253D%25252525252Fpurposes%25252525252Fschools%25252525252F7%25252525252Fdirection%25252525253Aasc%25252525252Fsort%25252525253Alowest_fee_per_month%25252525253Fsort_type%25252525253D%2525252525252Fpurposes%2525252525252Fschools%2525252525252F7%2525252525252Fdirection%2525252525253Aasc%2525252525252Fsort%2525252525253Alowest_fee_per_month%2525252525253Fsort_type%2525252525253D%252525252525252Fpurposes%252525252525252Fschools%252525252525252F7%252525252525252Fdirection%252525252525253Aasc%252525252525252Fsort%252525252525253Alowest_fee_per_month%252525252525253Fsrc_user%252525252525253Dtop_main_ppse_sp,crawled_not_indexed,2026-09-18,2026-09-21T20:26:15,2026-09-21T20:26:15
https://schoolwith.me/purposes/schools/7/page:3/direction:desc?sort_type=/purposes/schools/7/direction:asc/sort:lowest_fee_per_month?sort_type%3D%252Fpurposes%252Fschools%252F7%252Fdirection%253Adesc%253Fsort_type%253D%25252Fpurposes%25252Fschools%25252F7%25252Fdirection%25253Adesc%25253Fsort_type%25253D%2525252Fpurposes%2525252Fschools%2525252F7%2525252Fdirection%2525253Adesc%2525253Fsort_type%2525253D%252525252Fpurposes%252525252Fschools%252525252F7%252525252Fdirection%252525253Adesc%252525253Fsort_type%252525253D%25252525252Fpurposes%25252525252Fschools%25252525252F7%25252525252Fsort%25252525253Alowest_fee_per_month%25252525252Fdirection%25252525253Aasc%25252525253Fsort_type%25252525253D%2525252525252Fpurposes%2525252525252Fschools%2525252525252F7%2525252525252Fdirection%2525252525253Adesc%2525252525253Fsort_type%2525252525253D%252525252525252Fpurposes%252525252525252Fschools%252525252525252F7%252525252525252Fdirection%252525252525253Adesc%252525252525253Fsort_type%252525252525253D%25252525252525252Fpurposes%25252525252525252Fschools%25252525252525252F7%25252525252525252Fsort%25252525252525253Alowest_fee_per_month%25252525252525252Fdirection%25252525252525253Aasc%25252525252525253Fsort_type%25252525252525253D%2525252525252525252Fpurposes%2525252525252525252Fschools%2525252525252525252F7%2525252525252525252Fsort%2525252525252525253Alowest_fee_per_month%2525252525252525252Fdirection%2525252525252525253Aasc%2525252525252525253Fsort_type%2525252525252525253D%252525252525252525252Fpurposes%252525252525252525252Fschools%252525252525252525252F7%252525252525252525252Fdirection%252525252525252525253Adesc%252525252525252525253Fsort_type%252525252525252525253D%25252525252525252525252Fpurposes%25252525252525252525252Fschools%25252525252525252525252F7,crawled_not_indexed,2026-09-18,2026-09-21T20:26:15,2026-09-21T20:26:15
https://schoolwith.me/purposes/schools/7/page:4?utm_term&amp;amp;amp;amp;utm_campaign=pmax&amp;amp;amp;amp;utm_source=google&amp;amp;amp;amp;utm_medium=cpc&amp;amp;amp;amp;hsa_acc=4332353937&amp;amp;amp;amp;hsa_cam=20421730922&amp;amp;amp;amp;hsa_grp&amp;amp;amp;amp;hsa_ad&amp;amp;amp;amp;hsa_src=x&amp;amp;amp;amp;hsa_tgt&amp;amp;amp;amp;hsa_kw&amp;amp;amp;amp;hsa_mt&amp;amp;amp;amp;hsa_net=adwords&amp;amp;amp;amp;hsa_ver=3&amp;amp;amp;amp;gad_source=1&amp;amp;amp;amp;gclid=CjwKCAjw_Na1BhAlEiwAM-dm7NAYGjLbvA25Rlm8Yt5Sifm2-l_A1xkYicjM_ssBSDiC07nopclqoxoCHZEQAvD_BwE,crawled_not_indexed,2026-09-18,2026-09-21T20:26:15,2026-09-21T20:26:15
https://schoolwith.me/purposes/schools/7/page:6?utm_term&amp;amp;amp;amp;utm_campaign=pmax&amp;amp;amp;amp;utm_source=google&amp;amp;amp;amp;utm_medium=cpc&amp;amp;amp;amp;hsa_acc=4332353937&amp;amp;amp;amp;hsa_cam=20421730922&amp;amp;amp;amp;hsa_grp&amp;amp;amp;amp;hsa_ad&amp;amp;amp;amp;hsa_src=x&amp;amp;amp;amp;hsa_tgt&amp;amp;amp;amp;hsa_kw&amp;amp;amp;amp;hsa_mt&amp;amp;amp;amp;hsa_net=adwords&amp;amp;amp;amp;hsa_ver=3&amp;amp;amp;amp;gad_source=1&amp;amp;amp;amp;gclid=CjwKCAjw_Na1BhAlEiwAM-dm7NAYGjLbvA25Rlm8Yt5Sifm2-l_A1xkYicjM_ssBSDiC07nopclqoxoCHZEQAvD_BwE,crawled_not_indexed,2026-09-18,2026-09-21T20:26:15,2026-09-21T20:26:15
https://schoolwith.me/purposes/schools/8/direction:desc?sort_type=/purposes/schools/8/direction:desc?sort_type%3D%252Fpurposes%252Fschools%252F8%252Fdirection%253Adesc%253Fsort_type%253D%25252Fpurposes%25252Fschools%25252F8%25252Fdirection%25253Adesc,crawled_not_indexed,2026-09-18,2026-09-21T20:26:15,2026-09-21T20:26:15
https://schoolwith.me/purposes/schools/8/page:2?sort_type=/purposes/schools/8/direction:desc?sort_type%3D%252Fpurposes%252Fschools%252F8%252Fdirection%253Adesc,crawled_not_indexed,2026-09-18,2026-09-21T20:26:15,2026-09-21T20:26:15
https://schoolwith.me/purposes/schools/8/page:2?sort_type=/purposes/schools/8/direction:desc?sort_type%3D%252Fpurposes%252Fschools%252F8%252Fsort%253Alowest_fee_per_month%252Fdirection%253Aasc%253Fsort_type%253D%25252Fpurposes%25252Fschools%25252F8%25252Fdirection%25253Adesc,crawled_not_indexed,2026-09-18,2026-09-21T20:26:15,2026-09-21T20:26:15
https://schoolwith.me/purposes/schools/8/sort:lowest_fee_per_month/direction:asc?a8=cETptEiKDYIKbfRwQmafTTCB4TZXIeBCFmyN8eBCKN.CRYTIpYTgSe_B4e_gSe_Y.M_y02ARb2TLb2TK5N.2RHTc.EbgDeT7pekXxs00000024433001,discovered_not_indexed,2026-09-18,2026-09-21T20:26:15,2026-09-21T20:26:15
https://schoolwith.me/purposes/schools/9/page:2?sort_type=/purposes/schools/9/sort:lowest_fee_per_month/direction:asc?sort_type%3D%252Fpurposes%252Fschools%252F9%252Fdirection%253Adesc%253Fsort_type%253D%25252Fpurposes%25252Fschools%25252F9%25252Fdirection%25253Adesc%25253Fsort_type%25253D%2525252Fpurposes%2525252Fschools%2525252F9%2525252Fdirection%2525253Adesc%2525253Fsort_type%2525253D%252525252Fpurposes%252525252Fschools%252525252F9%252525252Fdirection%252525253Adesc%252525253Fsort_type%252525253D%25252525252Fpurposes%25252525252Fschools%25252525252F9%25252525252Fsort%25252525253Alowest_fee_per_month%25252525252Fdirection%25252525253Aasc%25252525253Fsort_type%25252525253D%2525252525252Fpurposes%2525252525252Fschools%2525252525252F9%2525252525252Fdirection%2525252525253Adesc%2525252525253Fsort_type%2525252525253D%252525252525252Fpurposes%252525252525252Fschools%252525252525252F9%252525252525252Fdirection%252525252525253Adesc%252525252525253Fsort_type%252525252525253D%25252525252525252Fpurposes%25252525252525252Fschools%25252525252525252F9%25252525252525252Fsort%25252525252525253Alowest_fee_per_month%25252525252525252Fdirection%25252525252525253Aasc,crawled_not_indexed,2026-09-18,2026-09-21T20:26:15,2026-09-21T20:26:15
https://schoolwith.me/purposes/schools/9/page:2?sort_type=/purposes/schools/9/sort:lowest_fee_per_month/direction:asc?sort_type%3D%252Fpurposes%252Fschools%252F9%252Fdirection%253Adesc%253Fsort_type%253D%25252Fpurposes%25252Fschools%25252F9%25252Fsort%25253Alowest_fee_per_month%25252Fdirection%25253Aasc%25253Fsort_type%25253D%2525252Fpurposes%2525252Fschools%2525252F9%2525252Fsort%2525253Alowest_fee_per_month%2525252Fdirection%2525253Aasc%2525253Fsort_type%2525253D%252525252Fpurposes%252525252Fschools%252525252F9%252525252Fdirection%252525253Adesc%252525253Fsort_type%252525253D%25252525252Fpurposes%25252525252Fschools%25252525252F9%25252525252Fsort%25252525253Alowest_fee_per_month%25252525252Fdirection%25252525253Aasc%25252525253Fsort_type%25252525253D%2525252525252Fpurposes%2525252525252Fschools%2525252525252F9%2525252525252Fdirection%2525252525253Adesc%2525252525253Fsort_type%2525252525253D%252525252525252Fpurposes%252525252525252Fschools%252525252525252F9%252525252525252Fsort%252525252525253Alowest_fee_per_month%252525252525252Fdirection%252525252525253Aasc,crawled_not_indexed,2026-09-18,2026-09-21T20:26:15,2026-09-21T20:26:15
https://schoolwith.me/purposes/schools/9/page:2?sort_type=/purposes/schools/9/sort:lowest_fee_per_month/direction:asc?sort_type%3D%252Fpurposes%252Fschools%252F9%252Fdirection%253Adesc%253Fsort_type%253D%25252Fpurposes%25252Fschools%25252F9%25252Fsort%25253Alowest_fee_per_month%25252Fdirection%25253Aasc%25253Fsort_type%25253D%2525252Fpurposes%2525252Fschools%2525252F9%2525252Fsort%2525253Alowest_fee_per_month%2525252Fdirection%2525253Aasc%2525253Fsort_type%2525253D%252525252Fpurposes%252525252Fschools%252525252F9%252525252Fsort%252525253Alowest_fee_per_month%252525252Fdirection%252525253Aasc%252525253Fsort_type%252525253D%25252525252Fpurposes%25252525252Fschools%25252525252F9%25252525252Fdirection%25252525253Adesc%25252525253Fsort_type%25252525253D%2525252525252Fpurposes%2525252525252Fschools%2525252525252F9%2525252525252Fsort%2525252525253Alowest_fee_per_month%2525252525252Fdirection%2525252525253Aasc%2525252525253Fsort_type%2525252525253D%252525252525252Fpurposes%252525252525252Fschools%252525252525252F9%252525252525252Fsort%252525252525253Alowest_fee_per_month%252525252525252Fdirection%252525252525253Aasc,crawled_not_indexed,2026-09-18,2026-09-21T20:26:15,2026-09-21T20:26:15
https://schoolwith.me/purposes/schools/9/page:4?sort_type=/purposes/schools/9/sort:lowest_fee_per_month/direction:asc?sort_type%3D%252Fpurposes%252Fschools%252F9%252Fsort%253Alowest_fee_per_month%252Fdirection%253Aasc%253Fsort_type%253D%25252Fpurposes%25252Fschools%25252F9%25252Fdirection%25253Adesc%25253Fsort_type%25253D%2525252Fpurposes%2525252Fschools%2525252F9%2525252Fsort%2525253Alowest_fee_per_month%2525252Fdirection%2525253Aasc%2525253Fsort_type%2525253D%252525252Fpurposes%252525252Fschools%252525252F9%252525252Fsort%252525253Alowest_fee_per_month%252525252Fdirection%252525253Aasc%252525253Fsort_type%252525253D%25252525252Fpurposes%25252525252Fschools%25252525252F9%25252525252Fsort%25252525253Alowest_fee_per_month%25252525252Fdirection%25252525253Aasc%25252525253Fsort_type%25252525253D%2525252525252Fpurposes%2525252525252Fschools%2525252525252F9%2525252525252Fdirection%2525252525253Adesc%2525252525253Fsort_type%2525252525253D%252525252525252Fpurposes%252525252525252Fschools%252525252525252F9%252525252525252Fsort%252525252525253Alowest_fee_per_month%252525252525252Fdirection%252525252525253Aasc%252525252525253Fsort_type%252525252525253D%25252525252525252Fpurposes%25252525252525252Fschools%25252525252525252F9,crawled_not_indexed,2026-09-18,2026-09-21T20:26:15,2026-09-21T20:26:15
https://schoolwith.me/purposes/schools/9/page:5,crawled_not_indexed,2026-09-18,2026-09-21T20:26:15,2026-09-21T20:26:15
https://schoolwith.me/purposes/schools/9/page:6/direction:desc?sort_type=/purposes/schools/9/sort:lowest_fee_per_month/direction:asc?sort_type%3D%252Fpurposes%252Fschools%252F9%252Fdirection%253Adesc%253Fsort_type%253D%25252Fpurposes%25252Fschools%25252F9%25252Fdirection%25253Adesc%25253Fsort_type%25253D%2525252Fpurposes%2525252Fschools%2525252F9%2525252Fsort%2525253Alowest_fee_per_month%2525252Fdirection%2525253Aasc%2525253Fsort_type%2525253D%252525252Fpurposes%252525252Fschools%252525252F9%252525252Fsort%252525253Alowest_fee_per_month%252525252Fdirection%252525253Aasc%252525253Fsort_type%252525253D%25252525252Fpurposes%25252525252Fschools%25252525252F9%25252525252Fsort%25252525253Alowest_fee_per_month%25252525252Fdirection%25252525253Aasc%25252525253Fsort_type%25252525253D%2525252525252Fpurposes%2525252525252Fschools%2525252525252F9%2525252525252Fdirection%2525252525253Adesc%2525252525253Fsort_type%2525252525253D%252525252525252Fpurposes%252525252525252Fschools%252525252525252F9%252525252525252Fdirection%252525252525253Adesc%252525252525253Fsort_type%252525252525253D%25252525252525252Fpurposes%25252525252525252Fschools%25252525252525252F9%25252525252525252Fsort%25252525252525253Alowest_fee_per_month%25252525252525252Fdirection%25252525252525253Aasc,crawled_not_indexed,2026-09-18,2026-09-21T20:26:15,2026-09-21T20:26:15
https://schoolwith.me/purposes/schools/9/sort:lowest_fee_per_month/direction:asc/page:3?sort_type=/purposes/schools/9/direction:desc?sort_type%3D%252Fpurposes%252Fschools%252F9%252Fsort%253Alowest_fee_per_month%252Fdirection%253Aasc%253Fsort_type%253D%25252Fpurposes%25252Fschools%25252F9%25252Fsort%25253Alowest_fee_per_month%25252Fdirection%25253Aasc%25253Fsort_type%25253D%2525252Fpurposes%2525252Fschools%2525252F9%2525252Fdirection%2525253Adesc%2525253Fsort_type%2525253D%252525252Fpurposes%252525252Fschools%252525252F9%252525252Fdirection%252525253Adesc%252525253Fsort_type%252525253D%25252525252Fpurposes%25252525252Fschools%25252525252F9%25252525252Fsort%25252525253Alowest_fee_per_month%25252525252Fdirection%25252525253Aasc,crawled_not_indexed,2026-09-18,2026-09-21T20:26:15,2026-09-21T20:26:15
https://schoolwith.me/purposes/schools/9/sort:lowest_fee_per_month/direction:asc?sort_type=/purposes/schools/9/sort:lowest_fee_per_month/direction:asc?sort_type%3D%252Fpurposes%252Fschools%252F9%252Fsort%253Alowest_fee_per_month%252Fdirection%253Aasc%253Fsort_type%253D%25252Fpurposes%25252Fschools%25252F9%25252Fdirection%25253Adesc%25253Fsort_type%25253D%2525252Fpurposes%2525252Fschools%2525252F9%2525252Fsort%2525253Alowest_fee_per_month%2525252Fdirection%2525253Aasc%2525253Fsort_type%2525253D%252525252Fpurposes%252525252Fschools%252525252F9%252525252Fsort%252525253Alowest_fee_per_month%252525252Fdirection%252525253Aasc%252525253Fsort_type%252525253D%25252525252Fpurposes%25252525252Fschools%25252525252F9%25252525252Fsort%25252525253Alowest_fee_per_month%25252525252Fdirection%25252525253Aasc%25252525253Fsort_type%25252525253D%2525252525252Fpurposes%2525252525252Fschools%2525252525252F9%2525252525252Fdirection%2525252525253Adesc%2525252525253Fsort_type%2525252525253D%252525252525252Fpurposes%252525252525252Fschools%252525252525252F9%252525252525252Fsort%252525252525253Alowest_fee_per_month%252525252525252Fdirection%252525252525253Aasc%252525252525253Fsort_type%252525252525253D%25252525252525252Fpurposes%25252525252525252Fschools%25252525252525252F9,crawled_not_indexed,2026-09-18,2026-09-21T20:26:15,2026-09-21T20:26:15
https://schoolwith.me/purposes/schools/demogura/0/direction:asc/age:30/gender:M/job:student/sort:lowest_fee_per_month?sort_type=/purposes/schools/demogura/0/sort:lowest_fee_per_month/direction:asc/age:30/gender:M/job:student,discovered_not_indexed,2026-09-18,2026-09-21T20:26:15,2026-09-21T20:26:15
https://schoolwith.me/purposes/schools/demogura/0/direction:asc/age:50/gender:F/sort:lowest_fee_per_month?sort_type=/purposes/schools/demogura/0/direction:desc/age:50/gender:F,discovered_not_indexed,2026-09-18,2026-09-21T20:26:15,2026-09-21T20:26:15
https://schoolwith.me/purposes/schools/demogura/1/age:10/job:student/sort:lowest_fee_per_month/direction:asc?sort_type=/purposes/schools/demogura/1/age:10/job:student/direction:desc?sort_type%3D%252Fpurposes%252Fschools%252Fdemogura%252F1%252Fage%253A10%252Fjob%253Astudent%252Fsort%253Alowest_fee_per_month%252Fdirection%253Aasc,discovered_not_indexed,2026-09-18,2026-09-21T20:26:15,2026-09-21T20:26:15
https://schoolwith.me/purposes/schools/demogura/1/age:15/gender:F/job:student?sort_type=/purposes/schools/demogura/1/age:15/gender:F/job:student/sort:lowest_fee_per_month/direction:ASC,discovered_not_indexed,2026-09-18,2026-09-21T20:26:15,2026-09-21T20:26:15
https://schoolwith.me/purposes/schools/demogura/1/age:15/gender:M/job:society/sort:lowest_fee_per_month/direction:asc,crawled_not_indexed,2026-09-18,2026-09-21T20:26:15,2026-09-21T20:26:15
https://schoolwith.me/purposes/schools/demogura/1/age:15/sort:lowest_fee_per_month/direction:asc,crawled_not_indexed,2026-09-18,2026-09-21T20:26:15,2026-09-21T20:26:15
https://schoolwith.me/purposes/schools/demogura/1/age:25/gender:F/job:society/sort:lowest_fee_per_month/direction:asc,discovered_not_indexed,2026-09-18,2026-09-21T20:26:15,2026-09-21T20:26:15
https://schoolwith.me/purposes/schools/demogura/1/age:25/gender:F/job:society?a8=KrA0DrUo2L8pjzgCZjBMppIMq.zJ8oIsAj_CszIFMF4o2LAX79TKcLTLGLZsasTBcFbMIvAycrA01s00000024868001,discovered_not_indexed,2026-09-18,2026-09-21T20:26:15,2026-09-21T20:26:15
https://schoolwith.me/purposes/schools/demogura/1/age:60,crawled_not_indexed,2026-09-18,2026-09-21T20:26:15,2026-09-21T20:26:15
https://schoolwith.me/purposes/schools/demogura/1/direction:asc/sort:lowest_fee_per_month/age:20/page:3?sort_type=/purposes/schools/demogura/1/direction:asc/sort:lowest_fee_per_month/age:20,discovered_not_indexed,2026-09-18,2026-09-21T20:26:15,2026-09-21T20:26:15
https://schoolwith.me/purposes/schools/demogura/1/direction:desc/age:10/gender:M/job:student,discovered_not_indexed,2026-09-18,2026-09-21T20:26:15,2026-09-21T20:26:15
https://schoolwith.me/purposes/schools/demogura/1/direction:desc/age:15/gender:F/job:student,discovered_not_indexed,2026-09-18,2026-09-21T20:26:15,2026-09-21T20:26:15
https://schoolwith.me/purposes/schools/demogura/1/page:11/gender:F/job:society?sort_type=/purposes/schools/demogura/1/gender:F/job:society/direction:desc,discovered_not_indexed,2026-09-18,2026-09-21T20:26:15,2026-09-21T20:26:15
https://schoolwith.me/purposes/schools/demogura/1/page:11/job:student?sort_type=/purposes/schools/demogura/1/job:student/direction:desc,discovered_not_indexed,2026-09-18,2026-09-21T20:26:15,2026-09-21T20:26:15
https://schoolwith.me/purposes/schools/demogura/1/page:12/job:student?sort_type=/purposes/schools/demogura/1/job:student/direction:desc,discovered_not_indexed,2026-09-18,2026-09-21T20:26:15,2026-09-21T20:26:15
https://schoolwith.me/purposes/schools/demogura/1/page:2/direction:asc/sort:lowest_fee_per_month/age:25/gender:F?sort_type=/purposes/schools/demogura/1/direction:desc/age:25/gender:F,discovered_not_indexed,2026-09-18,2026-09-21T20:26:15,2026-09-21T20:26:15
https://schoolwith.me/purposes/schools/demogura/1/page:2/direction:asc/sort:lowest_fee_per_month/age:30,crawled_not_indexed,2026-09-18,2026-09-21T20:26:15,2026-09-21T20:26:15
https://schoolwith.me/purposes/schools/demogura/1/page:2/direction:desc/age:20?sort_type=/purposes/schools/demogura/1/direction:desc/age:20,discovered_not_indexed,2026-09-18,2026-09-21T20:26:15,2026-09-21T20:26:15
https://schoolwith.me/purposes/schools/demogura/1/page:2/direction:desc/age:30/gender:M/job:student?sort_type=/purposes/schools/demogura/1/direction:asc/sort:lowest_fee_per_month/age:30/gender:M/job:student,discovered_not_indexed,2026-09-18,2026-09-21T20:26:15,2026-09-21T20:26:15
https://schoolwith.me/purposes/schools/demogura/1/page:2/sort:lowest_fee_per_month/direction:asc/age:30/gender:F/job:society?sort_type=/purposes/schools/demogura/1/age:30/gender:F/job:society/direction:desc,discovered_not_indexed,2026-09-18,2026-09-21T20:26:15,2026-09-21T20:26:15
https://schoolwith.me/purposes/schools/demogura/1/page:3/direction:desc/gender:M/job:student?sort_type=/purposes/schools/demogura/1/direction:desc/gender:M/job:student,discovered_not_indexed,2026-09-18,2026-09-21T20:26:15,2026-09-21T20:26:15
https://schoolwith.me/purposes/schools/demogura/1/page:3/sort:lowest_fee_per_month/direction:asc/age:25/gender:F?sort_type=/purposes/schools/demogura/1/age:25/gender:F/sort:lowest_fee_per_month/direction:asc,discovered_not_indexed,2026-09-18,2026-09-21T20:26:15,2026-09-21T20:26:15
https://schoolwith.me/purposes/schools/demogura/1/page:4/direction:desc/gender:M/job:student?sort_type=/purposes/schools/demogura/1/direction:desc/gender:M/job:student,discovered_not_indexed,2026-09-18,2026-09-21T20:26:15,2026-09-21T20:26:15
https://schoolwith.me/purposes/schools/demogura/1/page:4/sort:lowest_fee_per_month/direction:asc/age:25/gender:F?sort_type=/purposes/schools/demogura/1/age:25/gender:F/sort:lowest_fee_per_month/direction:asc,discovered_not_indexed,2026-09-18,2026-09-21T20:26:15,2026-09-21T20:26:15
https://schoolwith.me/purposes/schools/demogura/1/page:4/sort:lowest_fee_per_month/direction:asc/age:25?sort_type=/purposes/schools/demogura/1/direction:desc/age:25,discovered_not_indexed,2026-09-18,2026-09-21T20:26:15,2026-09-21T20:26:15
https://schoolwith.me/purposes/schools/demogura/1/page:4/sort:lowest_fee_per_month/direction:asc/age:30/job:society?sort_type=/purposes/schools/demogura/1/age:30/job:society/direction:desc,discovered_not_indexed,2026-09-18,2026-09-21T20:26:15,2026-09-21T20:26:15
https://schoolwith.me/purposes/schools/demogura/1/page:5/direction:desc/age:25/job:society?sort_type=/purposes/schools/demogura/1/age:25/job:society/sort:lowest_fee_per_month/direction:asc?sort_type%3D%252Fpurposes%252Fschools%252Fdemogura%252F1%252Fage%253A25%252Fjob%253Asociety%252Fsort%253Alowest_fee_per_month%252Fdirection%253Aasc,discovered_not_indexed,2026-09-18,2026-09-21T20:26:15,2026-09-21T20:26:15
https://schoolwith.me/purposes/schools/demogura/1/page:6/direction:asc/sort:lowest_fee_per_month/age:20/job:student?sort_type=/purposes/schools/demogura/1/age:20/job:student/sort:lowest_fee_per_month/direction:ASC?sort_type%3D%252Fpurposes%252Fschools%252Fdemogura%252F1%252Fage%253A20%252Fjob%253Astudent%252Fsort%253Alowest_fee_per_month%252Fdirection%253AASC%253Fsort_type%253D%25252Fpurposes%25252Fschools%25252Fdemogura%25252F1%25252Fage%25253A20%25252Fjob%25253Astudent%25253Fsort_type%25253D%2525252Fpurposes%2525252Fschools%2525252Fdemogura%2525252F1%2525252Fage%2525253A20%2525252Fjob%2525253Astudent%2525252Fsort%2525253Alowest_fee_per_month%2525252Fdirection%2525253AASC%2525253Fsort_type%2525253D%252525252Fpurposes%252525252Fschools%252525252Fdemogura%252525252F1%252525252Fage%252525253A20%252525252Fjob%252525253Astudent%252525252Fsort%252525253Alowest_fee_per_month%252525252Fdirection%252525253AASC%252525253Fsort_type%252525253D%25252525252Fpurposes%25252525252Fschools%25252525252Fdemogura%25252525252F1%25252525252Fage%25252525253A20%25252525252Fjob%25252525253Astudent%25252525253Fsort_type%25252525253D%2525252525252Fpurposes%2525252525252Fschools%2525252525252Fdemogura%2525252525252F1%2525252525252Fage%2525252525253A20%2525252525252Fjob%2525252525253Astudent%2525252525253Fsort_type%2525252525253D%252525252525252Fpurposes%252525252525252Fschools%252525252525252Fdemogura%252525252525252F1%252525252525252Fsort%252525252525253Alowest_fee_per_month%252525252525252Fdirection%252525252525253AASC%252525252525252Fage%252525252525253A20%252525252525252Fjob%252525252525253Astudent%252525252525253Fsort_type%252525252525253D%25252525252525252Fpurposes%25252525252525252Fschools%25252525252525252Fdemogura%25252525252525252F1%25252525252525252Fage%25252525252525253A20%25252525252525252Fjob%25252525252525253Astudent,discovered_not_indexed,2026-09-18,2026-09-21T20:26:15,2026-09-21T20:26:15
https://schoolwith.me/purposes/schools/demogura/1/page:8/job:student?sort_type=/purposes/schools/demogura/1/job:student/direction:desc?sort_type%3D%252Fpurposes%252Fschools%252Fdemogura%252F1%252Fjob%253Astudent%252Fsort%253Alowest_fee_per_month%252Fdirection%253Aasc,discovered_not_indexed,2026-09-18,2026-09-21T20:26:15,2026-09-21T20:26:15
https://schoolwith.me/purposes/schools/demogura/1/sort:lowest_fee_per_month/direction:asc/age:30/gender:F/job:society?sort_type=/purposes/schools/demogura/1/age:30/gender:F/job:society/direction:desc,discovered_not_indexed,2026-09-18,2026-09-21T20:26:15,2026-09-21T20:26:15
https://schoolwith.me/purposes/schools/demogura/10/age:40/gender:F/job:society,crawled_not_indexed,2026-09-18,2026-09-21T20:26:15,2026-09-21T20:26:15
https://schoolwith.me/purposes/schools/demogura/10/direction:asc/age:10/sort:lowest_fee_per_month,discovered_not_indexed,2026-09-18,2026-09-21T20:26:15,2026-09-21T20:26:15
https://schoolwith.me/purposes/schools/demogura/10/direction:asc/sort:lowest_fee_per_month/age:10,discovered_not_indexed,2026-09-18,2026-09-21T20:26:15,2026-09-21T20:26:15
https://schoolwith.me/purposes/schools/demogura/10/direction:desc/age:30,discovered_not_indexed,2026-09-18,2026-09-21T20:26:15,2026-09-21T20:26:15
https://schoolwith.me/purposes/schools/demogura/10/sort:lowest_fee_per_month/direction:asc/age:40/gender:F/job:society/page:2,crawled_not_indexed,2026-09-18,2026-09-21T20:26:15,2026-09-21T20:26:15
https://schoolwith.me/purposes/schools/demogura/11/age:30/gender:M/job:student/page:2,discovered_not_indexed,2026-09-18,2026-09-21T20:26:15,2026-09-21T20:26:15
https://schoolwith.me/purposes/schools/demogura/11/age:30/job:society/page:2,crawled_not_indexed,2026-09-18,2026-09-21T20:26:15,2026-09-21T20:26:15
https://schoolwith.me/purposes/schools/demogura/11/age:40/gender:M/page:2?sort_type=/purposes/schools/demogura/11/age:40/gender:M/sort:lowest_fee_per_month/direction:asc?sort_type%3D%252Fpurposes%252Fschools%252Fdemogura%252F11%252Fage%253A40%252Fgender%253AM%252Fdirection%253Adesc,discovered_not_indexed,2026-09-18,2026-09-21T20:26:15,2026-09-21T20:26:15
https://schoolwith.me/purposes/schools/demogura/11/direction:asc/sort:lowest_fee_per_month/age:20/job:student/page:5?sort_type=/purposes/schools/demogura/11/direction:desc/age:20/job:student?sort_type%3D%252Fpurposes%252Fschools%252Fdemogura%252F11%252Fdirection%253Adesc%252Fage%253A20%252Fjob%253Astudent%253Fsort_type%253D%25252Fpurposes%25252Fschools%25252Fdemogura%25252F11%25252Fdirection%25253Adesc%25252Fage%25253A20%25252Fjob%25253Astudent%25253Fsort_type%25253D%2525252Fpurposes%2525252Fschools%2525252Fdemogura%2525252F11%2525252Fdirection%2525253Adesc%2525252Fage%2525253A20%2525252Fjob%2525253Astudent,discovered_not_indexed,2026-09-18,2026-09-21T20:26:15,2026-09-21T20:26:15
https://schoolwith.me/purposes/schools/demogura/11/direction:asc/sort:lowest_fee_per_month/age:30/gender:M/job:student?sort_type=/purposes/schools/demogura/11/sort:lowest_fee_per_month/direction:asc/age:30/gender:M/job:student,discovered_not_indexed,2026-09-18,2026-09-21T20:26:15,2026-09-21T20:26:15
https://schoolwith.me/purposes/schools/demogura/11/direction:asc/sort:lowest_fee_per_month/age:30/job:society/page:2,discovered_not_indexed,2026-09-18,2026-09-21T20:26:15,2026-09-21T20:26:15
https://schoolwith.me/purposes/schools/demogura/11/direction:desc/gender:F/job:student/page:9?sort_type=/purposes/schools/demogura/11/gender:F/job:student/direction:desc,discovered_not_indexed,2026-09-18,2026-09-21T20:26:15,2026-09-21T20:26:15
https://schoolwith.me/purposes/schools/demogura/11/gender:M/sort:lowest_fee_per_month/direction:ASC?sort_type=/purposes/schools/demogura/11/direction:desc/gender:M?sort_type%3D%252Fpurposes%252Fschools%252Fdemogura%252F11%252Fdirection%253Adesc%252Fgender%253AM%253Fsort_type%253D%25252Fpurposes%25252Fschools%25252Fdemogura%25252F11%25252Fsort%25253Alowest_fee_per_month%25252Fdirection%25253Aasc%25252Fgender%25253AM%25253Fsort_type%25253D%2525252Fpurposes%2525252Fschools%2525252Fdemogura%2525252F11%2525252Fgender%2525253AM%2525252Fsort%2525253Alowest_fee_per_month%2525252Fdirection%2525253AASC%2525253Fsort_type%2525253D%252525252Fpurposes%252525252Fschools%252525252Fdemogura%252525252F11%252525252Fsort%252525253Atmp_overall_score%252525252Fdirection%252525253ADESC%252525252Fgender%252525253AM%252525253Fsort_type%252525253D%25252525252Fpurposes%25252525252Fschools%25252525252Fdemogura%25252525252F11%25252525252Fsort%25252525253Atmp_overall_score%25252525252Fdirection%25252525253ADESC%25252525252Fgender%25252525253AM,crawled_not_indexed,2026-09-18,2026-09-21T20:26:15,2026-09-21T20:26:15
https://schoolwith.me/purposes/schools/demogura/11/page:11/job:student?sort_type=/purposes/schools/demogura/11/job:student/direction:desc,discovered_not_indexed,2026-09-18,2026-09-21T20:26:15,2026-09-21T20:26:15
https://schoolwith.me/purposes/schools/demogura/11/page:11/sort:lowest_fee_per_month/direction:asc/gender:F?sort_type=/purposes/schools/demogura/11/sort:lowest_fee_per_month/direction:asc/gender:F,crawled_not_indexed,2026-09-18,2026-09-21T20:26:15,2026-09-21T20:26:15
https://schoolwith.me/purposes/schools/demogura/11/page:14/sort:lowest_fee_per_month/direction:asc/job:student?sort_type=/purposes/schools/demogura/11/sort:lowest_fee_per_month/direction:asc/job:student,discovered_not_indexed,2026-09-18,2026-09-21T20:26:15,2026-09-21T20:26:15
https://schoolwith.me/purposes/schools/demogura/11/page:16/sort:lowest_fee_per_month/direction:asc/job:student?sort_type=/purposes/schools/demogura/11/sort:lowest_fee_per_month/direction:asc/job:student,discovered_not_indexed,2026-09-18,2026-09-21T20:26:15,2026-09-21T20:26:15
https://schoolwith.me/purposes/schools/demogura/11/page:2/direction:asc/sort:lowest_fee_per_month/age:25/gender:F?sort_type=/purposes/schools/demogura/11/direction:desc/age:25/gender:F,discovered_not_indexed,2026-09-18,2026-09-21T20:26:15,2026-09-21T20:26:15
https://schoolwith.me/purposes/schools/demogura/11/page:2/direction:asc/sort:lowest_fee_per_month/age:30/gender:F?sort_type=/purposes/schools/demogura/11/age:30/gender:F/sort:lowest_fee_per_month/direction:ASC?sort_type%3D%252Fpurposes%252Fschools%252Fdemogura%252F11%252Fage%253A30%252Fgender%253AF%253Fsort_type%253D%25252Fpurposes%25252Fschools%25252Fdemogura%25252F11%25252Fage%25253A30%25252Fgender%25253AF%25252Fsort%25253Alowest_fee_per_month%25252Fdirection%25253AASC,discovered_not_indexed,2026-09-18,2026-09-21T20:26:15,2026-09-21T20:26:15
https://schoolwith.me/purposes/schools/demogura/11/page:2/sort:lowest_fee_per_month/direction:asc/age:15/gender:F?sort_type=/purposes/schools/demogura/11/sort:lowest_fee_per_month/direction:asc/age:15/gender:F,discovered_not_indexed,2026-09-18,2026-09-21T20:26:15,2026-09-21T20:26:15
https://schoolwith.me/purposes/schools/demogura/11/page:3/age:20/gender:M,crawled_not_indexed,2026-09-18,2026-09-21T20:26:15,2026-09-21T20:26:15
https://schoolwith.me/purposes/schools/demogura/11/page:3/age:30/job:society,crawled_not_indexed,2026-09-18,2026-09-21T20:26:15,2026-09-21T20:26:15
https://schoolwith.me/purposes/schools/demogura/11/page:3/direction:asc/sort:lowest_fee_per_month/age:15?sort_type=/purposes/schools/demogura/11/sort:lowest_fee_per_month/direction:asc/age:15,discovered_not_indexed,2026-09-18,2026-09-21T20:26:15,2026-09-21T20:26:15
https://schoolwith.me/purposes/schools/demogura/11/page:3/sort:lowest_fee_per_month/direction:asc/age:30/gender:M/job:student,discovered_not_indexed,2026-09-18,2026-09-21T20:26:15,2026-09-21T20:26:15
https://schoolwith.me/purposes/schools/demogura/11/page:4/age:30/job:society,crawled_not_indexed,2026-09-18,2026-09-21T20:26:15,2026-09-21T20:26:15
https://schoolwith.me/purposes/schools/demogura/11/page:5/age:20/gender:M,crawled_not_indexed,2026-09-18,2026-09-21T20:26:15,2026-09-21T20:26:15
https://schoolwith.me/purposes/schools/demogura/11/page:5/age:30/job:society,crawled_not_indexed,2026-09-18,2026-09-21T20:26:15,2026-09-21T20:26:15
https://schoolwith.me/purposes/schools/demogura/11/page:5/direction:asc/sort:lowest_fee_per_month/age:15?sort_type=/purposes/schools/demogura/11/sort:lowest_fee_per_month/direction:asc/age:15,discovered_not_indexed,2026-09-18,2026-09-21T20:26:15,2026-09-21T20:26:15
https://schoolwith.me/purposes/schools/demogura/11/page:5/direction:desc/age:25/gender:F,discovered_not_indexed,2026-09-18,2026-09-21T20:26:15,2026-09-21T20:26:15
https://schoolwith.me/purposes/schools/demogura/11/page:5/sort:lowest_fee_per_month/direction:asc/age:20/gender:F?sort_type=/purposes/schools/demogura/11/age:20/gender:F?sort_type%3D%252Fpurposes%252Fschools%252Fdemogura%252F11%252Fsort%253Alowest_fee_per_month%252Fdirection%253AASC%252Fage%253A20%252Fgender%253AF,discovered_not_indexed,2026-09-18,2026-09-21T20:26:15,2026-09-21T20:26:15
https://schoolwith.me/purposes/schools/demogura/11/page:6/age:20/gender:M,crawled_not_indexed,2026-09-18,2026-09-21T20:26:15,2026-09-21T20:26:15
https://schoolwith.me/purposes/schools/demogura/11/page:6/age:30/job:society,crawled_not_indexed,2026-09-18,2026-09-21T20:26:15,2026-09-21T20:26:15
https://schoolwith.me/purposes/schools/demogura/11/page:6/direction:asc/sort:lowest_fee_per_month/age:15?sort_type=/purposes/schools/demogura/11/sort:lowest_fee_per_month/direction:asc/age:15,discovered_not_indexed,2026-09-18,2026-09-21T20:26:15,2026-09-21T20:26:15
https://schoolwith.me/purposes/schools/demogura/11/page:6/direction:desc/age:20/gender:F?sort_type=/purposes/schools/demogura/11/age:20/gender:F/sort:lowest_fee_per_month/direction:asc,discovered_not_indexed,2026-09-18,2026-09-21T20:26:15,2026-09-21T20:26:15
https://schoolwith.me/purposes/schools/demogura/11/page:6/direction:desc/gender:F/job:student?sort_type=/purposes/schools/demogura/11/gender:F/job:student/direction:desc,discovered_not_indexed,2026-09-18,2026-09-21T20:26:15,2026-09-21T20:26:15
https://schoolwith.me/purposes/schools/demogura/11/page:7/age:30/job:society,crawled_not_indexed,2026-09-18,2026-09-21T20:26:15,2026-09-21T20:26:15
https://schoolwith.me/purposes/schools/demogura/11/page:7/direction:asc/sort:lowest_fee_per_month/age:30/gender:F/job:society,discovered_not_indexed,2026-09-18,2026-09-21T20:26:15,2026-09-21T20:26:15
https://schoolwith.me/purposes/schools/demogura/11/page:8/age:30/job:society,crawled_not_indexed,2026-09-18,2026-09-21T20:26:15,2026-09-21T20:26:15
https://schoolwith.me/purposes/schools/demogura/11/page:8/sort:lowest_fee_per_month/direction:asc/age:20/gender:F?sort_type=/purposes/schools/demogura/11/age:20/gender:F?sort_type%3D%252Fpurposes%252Fschools%252Fdemogura%252F11%252Fsort%253Alowest_fee_per_month%252Fdirection%253AASC%252Fage%253A20%252Fgender%253AF,discovered_not_indexed,2026-09-18,2026-09-21T20:26:15,2026-09-21T20:26:15
https://schoolwith.me/purposes/schools/demogura/11/page:9/direction:asc/sort:lowest_fee_per_month/gender:F/job:society?sort_type=/purposes/schools/demogura/11/direction:desc/gender:F/job:society,discovered_not_indexed,2026-09-18,2026-09-21T20:26:15,2026-09-21T20:26:15
https://schoolwith.me/purposes/schools/demogura/11/page:9/direction:desc/age:20?sort_type=/purposes/schools/demogura/11/direction:asc/age:20/sort:lowest_fee_per_month,discovered_not_indexed,2026-09-18,2026-09-21T20:26:15,2026-09-21T20:26:15
https://schoolwith.me/purposes/schools/demogura/11/page:9/sort:lowest_fee_per_month/direction:asc?sort_type=/purposes/schools/demogura/11/direction:desc?sort_type%3D%252Fpurposes%252Fschools%252Fdemogura%252F11%252Fdirection%253Adesc%253Fsort_type%253D%25252Fpurposes%25252Fschools%25252Fdemogura%25252F11%25252Fdirection%25253Adesc,crawled_not_indexed,2026-09-18,2026-09-21T20:26:15,2026-09-21T20:26:15
https://schoolwith.me/purposes/schools/demogura/11/sort:lowest_fee_per_month/direction:asc/age:30,crawled_not_indexed,2026-09-18,2026-09-21T20:26:15,2026-09-21T20:26:15
https://schoolwith.me/purposes/schools/demogura/2/age:25/gender:F,crawled_not_indexed,2026-09-18,2026-09-21T20:26:15,2026-09-21T20:26:15
https://schoolwith.me/purposes/schools/demogura/2/age:25/gender:F/sort:lowest_fee_per_month/direction:asc,crawled_not_indexed,2026-09-18,2026-09-21T20:26:15,2026-09-21T20:26:15
https://schoolwith.me/purposes/schools/demogura/2/age:25/job:society/sort:lowest_fee_per_month/direction:asc?sort_type=/purposes/schools/demogura/2/age:25/job:society/sort:lowest_fee_per_month/direction:asc?sort_type%3D%252Fpurposes%252Fschools%252Fdemogura%252F2%252Fage%253A25%252Fjob%253Asociety%252Fsort%253Alowest_fee_per_month%252Fdirection%253Aasc%253Fsort_type%253D%25252Fpurposes%25252Fschools%25252Fdemogura%25252F2%25252Fage%25253A25%25252Fjob%25253Asociety%25252Fsort%25253Alowest_fee_per_month%25252Fdirection%25253Aasc,discovered_not_indexed,2026-09-18,2026-09-21T20:26:15,2026-09-21T20:26:15
https://schoolwith.me/purposes/schools/demogura/2/age:60,crawled_not_indexed,2026-09-18,2026-09-21T20:26:15,2026-09-21T20:26:15
https://schoolwith.me/purposes/schools/demogura/2/direction:asc/age:20/sort:lowest_fee_per_month?sort_type=/purposes/schools/demogura/2/age:20?sort_type%3D%252Fpurposes%252Fschools%252Fdemogura%252F2%252Fage%253A20%252Fsort%253Alowest_fee_per_month%252Fdirection%253AASC,discovered_not_indexed,2026-09-18,2026-09-21T20:26:15,2026-09-21T20:26:15
https://schoolwith.me/purposes/schools/demogura/2/direction:asc/gender:M/job:society/sort:lowest_fee_per_month?sort_type=/purposes/schools/demogura/2/sort:lowest_fee_per_month/direction:asc/gender:M/job:society?sort_type%3D%252Fpurposes%252Fschools%252Fdemogura%252F2%252Fgender%253AM%252Fjob%253Asociety%252Fdirection%253Adesc%253Fsort_type%253D%25252Fpurposes%25252Fschools%25252Fdemogura%25252F2%25252Fgender%25253AM%25252Fjob%25253Asociety%25252Fdirection%25253Adesc,discovered_not_indexed,2026-09-18,2026-09-21T20:26:15,2026-09-21T20:26:15
https://schoolwith.me/purposes/schools/demogura/2/direction:asc/sort:lowest_fee_per_month/age:20,discovered_not_indexed,2026-09-18,2026-09-21T20:26:15,2026-09-21T20:26:15
https://schoolwith.me/purposes/schools/demogura/2/direction:desc/age:30/job:society/page:5,crawled_not_indexed,2026-09-18,2026-09-21T20:26:15,2026-09-21T20:26:15
https://schoolwith.me/purposes/schools/demogura/2/page:10/direction:asc/sort:lowest_fee_per_month/gender:F,crawled_not_indexed,2026-09-18,2026-09-21T20:26:15,2026-09-21T20:26:15
https://schoolwith.me/purposes/schools/demogura/2/page:11/direction:desc/gender:M?sort_type=/purposes/schools/demogura/2/direction:desc/gender:M,discovered_not_indexed,2026-09-18,2026-09-21T20:26:15,2026-09-21T20:26:15
https://schoolwith.me/purposes/schools/demogura/2/page:12/direction:desc/gender:M?sort_type=/purposes/schools/demogura/2/direction:desc/gender:M,discovered_not_indexed,2026-09-18,2026-09-21T20:26:15,2026-09-21T20:26:15
https://schoolwith.me/purposes/schools/demogura/2/page:15/direction:desc/gender:F?sort_type=/purposes/schools/demogura/2/gender:F/direction:desc,discovered_not_indexed,2026-09-18,2026-09-21T20:26:15,2026-09-21T20:26:15
https://schoolwith.me/purposes/schools/demogura/2/page:2/age:50/gender:F,crawled_not_indexed,2026-09-18,2026-09-21T20:26:15,2026-09-21T20:26:15
https://schoolwith.me/purposes/schools/demogura/2/page:2/direction:asc/sort:lowest_fee_per_month/age:40/gender:M?sort_type=/purposes/schools/demogura/2/direction:asc/sort:lowest_fee_per_month/age:40/gender:M,discovered_not_indexed,2026-09-18,2026-09-21T20:26:15,2026-09-21T20:26:15
https://schoolwith.me/purposes/schools/demogura/2/page:3/age:25/gender:F,crawled_not_indexed,2026-09-18,2026-09-21T20:26:15,2026-09-21T20:26:15
https://schoolwith.me/purposes/schools/demogura/2/page:3/age:50/gender:F,crawled_not_indexed,2026-09-18,2026-09-21T20:26:15,2026-09-21T20:26:15
https://schoolwith.me/purposes/schools/demogura/2/page:3/direction:asc/sort:lowest_fee_per_month/age:40/gender:M?sort_type=/purposes/schools/demogura/2/direction:asc/sort:lowest_fee_per_month/age:40/gender:M,discovered_not_indexed,2026-09-18,2026-09-21T20:26:15,2026-09-21T20:26:15
https://schoolwith.me/purposes/schools/demogura/2/page:3/direction:asc/sort:lowest_fee_per_month/age:40/job:society,discovered_not_indexed,2026-09-18,2026-09-21T20:26:15,2026-09-21T20:26:15
https://schoolwith.me/purposes/schools/demogura/2/page:3/sort:lowest_fee_per_month/direction:asc/age:40/gender:M,discovered_not_indexed,2026-09-18,2026-09-21T20:26:15,2026-09-21T20:26:15
https://schoolwith.me/purposes/schools/demogura/2/page:5/direction:desc/gender:M/job:student?sort_type=/purposes/schools/demogura/2/direction:asc/gender:M/job:student/sort:lowest_fee_per_month?sort_type%3D%252Fpurposes%252Fschools%252Fdemogura%252F2%252Fdirection%253Adesc%252Fgender%253AM%252Fjob%253Astudent,discovered_not_indexed,2026-09-18,2026-09-21T20:26:15,2026-09-21T20:26:15
https://schoolwith.me/purposes/schools/demogura/2/page:7/gender:M/job:society?sort_type=/purposes/schools/demogura/2/gender:M/job:society/sort:lowest_fee_per_month/direction:asc,discovered_not_indexed,2026-09-18,2026-09-21T20:26:15,2026-09-21T20:26:15
https://schoolwith.me/purposes/schools/demogura/2/page:9/direction:desc/gender:M?sort_type=/purposes/schools/demogura/2/direction:desc/gender:M,discovered_not_indexed,2026-09-18,2026-09-21T20:26:15,2026-09-21T20:26:15
https://schoolwith.me/purposes/schools/demogura/2/sort:lowest_fee_per_month/direction:asc/age:40/job:society/page:2?sort_type=/purposes/schools/demogura/2/age:40/job:society/direction:desc?sort_type%3D%252Fpurposes%252Fschools%252Fdemogura%252F2%252Fage%253A40%252Fjob%253Asociety%252Fdirection%253Adesc%253Fsort_type%253D%25252Fpurposes%25252Fschools%25252Fdemogura%25252F2%25252Fage%25253A40%25252Fjob%25253Asociety%25252Fsort%25253Alowest_fee_per_month%25252Fdirection%25253Aasc,discovered_not_indexed,2026-09-18,2026-09-21T20:26:15,2026-09-21T20:26:15
https://schoolwith.me/purposes/schools/demogura/3/age:10/gender:M/job:student,crawled_not_indexed,2026-09-18,2026-09-21T20:26:15,2026-09-21T20:26:15
https://schoolwith.me/purposes/schools/demogura/3/direction:asc/sort:lowest_fee_per_month/age:30/gender:M/job:society,discovered_not_indexed,2026-09-18,2026-09-21T20:26:15,2026-09-21T20:26:15
https://schoolwith.me/purposes/schools/demogura/3/direction:asc/sort:lowest_fee_per_month/age:40/gender:M/job:society?sort_type=/purposes/schools/demogura/3/direction:desc/age:40/gender:M/job:society,discovered_not_indexed,2026-09-18,2026-09-21T20:26:15,2026-09-21T20:26:15
https://schoolwith.me/purposes/schools/demogura/3/direction:asc/sort:lowest_fee_per_month/gender:M/page:2?sort_type=/purposes/schools/demogura/3/direction:desc/gender:M,discovered_not_indexed,2026-09-18,2026-09-21T20:26:15,2026-09-21T20:26:15
https://schoolwith.me/purposes/schools/demogura/3/direction:desc/age:15/job:student,discovered_not_indexed,2026-09-18,2026-09-21T20:26:15,2026-09-21T20:26:15
https://schoolwith.me/purposes/schools/demogura/3/direction:desc/age:40,discovered_not_indexed,2026-09-18,2026-09-21T20:26:15,2026-09-21T20:26:15
https://schoolwith.me/purposes/schools/demogura/3/page:2/direction:desc/age:25/job:student,discovered_not_indexed,2026-09-18,2026-09-21T20:26:15,2026-09-21T20:26:15
https://schoolwith.me/purposes/schools/demogura/3/page:3/direction:desc/age:40,discovered_not_indexed,2026-09-18,2026-09-21T20:26:15,2026-09-21T20:26:15
https://schoolwith.me/purposes/schools/demogura/3/page:3/direction:desc/job:society?sort_type=/purposes/schools/demogura/3/direction:asc/job:society/sort:lowest_fee_per_month?sort_type%3D%252Fpurposes%252Fschools%252Fdemogura%252F3%252Fdirection%253Aasc%252Fsort%253Alowest_fee_per_month%252Fjob%253Asociety,discovered_not_indexed,2026-09-18,2026-09-21T20:26:15,2026-09-21T20:26:15
https://schoolwith.me/purposes/schools/demogura/3/page:3/job:society?sort_type=/purposes/schools/demogura/3/job:society/sort:lowest_fee_per_month/direction:asc?sort_type%3D%252Fpurposes%252Fschools%252Fdemogura%252F3%252Fjob%253Asociety%252Fdirection%253Adesc%253Fsort_type%253D%25252Fpurposes%25252Fschools%25252Fdemogura%25252F3%25252Fjob%25253Asociety%25252Fsort%25253Alowest_fee_per_month%25252Fdirection%25253Aasc%25253Fsort_type%25253D%2525252Fpurposes%2525252Fschools%2525252Fdemogura%2525252F3%2525252Fjob%2525253Asociety%2525252Fdirection%2525253Adesc%2525253Fsort_type%2525253D%252525252Fpurposes%252525252Fschools%252525252Fdemogura%252525252F3%252525252Fjob%252525253Asociety%252525252Fdirection%252525253Adesc%252525253Fsort_type%252525253D%25252525252Fpurposes%25252525252Fschools%25252525252Fdemogura%25252525252F3%25252525252Fjob%25252525253Asociety%25252525252Fsort%25252525253Alowest_fee_per_month%25252525252Fdirection%25252525253Aasc%25252525253Fsort_type%25252525253D%2525252525252Fpurposes%2525252525252Fschools%2525252525252Fdemogura%2525252525252F3%2525252525252Fjob%2525252525253Asociety%2525252525252Fdirection%2525252525253Adesc,discovered_not_indexed,2026-09-18,2026-09-21T20:26:15,2026-09-21T20:26:15
https://schoolwith.me/purposes/schools/demogura/3/page:5/job:society?sort_type=/purposes/schools/demogura/3/job:society/sort:lowest_fee_per_month/direction:asc?sort_type%3D%252Fpurposes%252Fschools%252Fdemogura%252F3%252Fjob%253Asociety%252Fsort%253Alowest_fee_per_month%252Fdirection%253Aasc%253Fsort_type%253D%25252Fpurposes%25252Fschools%25252Fdemogura%25252F3%25252Fjob%25253Asociety%25252Fsort%25253Alowest_fee_per_month%25252Fdirection%25253Aasc%25253Fsort_type%25253D%2525252Fpurposes%2525252Fschools%2525252Fdemogura%2525252F3%2525252Fjob%2525253Asociety%2525252Fsort%2525253Alowest_fee_per_month%2525252Fdirection%2525253Aasc%2525253Fsort_type%2525253D%252525252Fpurposes%252525252Fschools%252525252Fdemogura%252525252F3%252525252Fjob%252525253Asociety%252525252Fdirection%252525253Adesc%252525253Fsort_type%252525253D%25252525252Fpurposes%25252525252Fschools%25252525252Fdemogura%25252525252F3%25252525252Fjob%25252525253Asociety%25252525252Fdirection%25252525253Adesc%25252525253Fsort_type%25252525253D%2525252525252Fpurposes%2525252525252Fschools%2525252525252Fdemogura%2525252525252F3%2525252525252Fjob%2525252525253Asociety%2525252525252Fsort%2525252525253Alowest_fee_per_month%2525252525252Fdirection%2525252525253Aasc%2525252525253Fsort_type%2525252525253D%252525252525252Fpurposes%252525252525252Fschools%252525252525252Fdemogura%252525252525252F3%252525252525252Fjob%252525252525253Asociety%252525252525252Fdirection%252525252525253Adesc,discovered_not_indexed,2026-09-18,2026-09-21T20:26:15,2026-09-21T20:26:15
https://schoolwith.me/purposes/schools/demogura/3/page:6/job:society?sort_type=/purposes/schools/demogura/3/job:society/sort:lowest_fee_per_month/direction:asc?sort_type%3D%252Fpurposes%252Fschools%252Fdemogura%252F3%252Fjob%253Asociety%252Fsort%253Alowest_fee_per_month%252Fdirection%253Aasc%253Fsort_type%253D%25252Fpurposes%25252Fschools%25252Fdemogura%25252F3%25252Fjob%25253Asociety%25252Fsort%25253Alowest_fee_per_month%25252Fdirection%25253Aasc%25253Fsort_type%25253D%2525252Fpurposes%2525252Fschools%2525252Fdemogura%2525252F3%2525252Fjob%2525253Asociety%2525252Fsort%2525253Alowest_fee_per_month%2525252Fdirection%2525253Aasc%2525253Fsort_type%2525253D%252525252Fpurposes%252525252Fschools%252525252Fdemogura%252525252F3%252525252Fjob%252525253Asociety%252525252Fdirection%252525253Adesc%252525253Fsort_type%252525253D%25252525252Fpurposes%25252525252Fschools%25252525252Fdemogura%25252525252F3%25252525252Fjob%25252525253Asociety%25252525252Fdirection%25252525253Adesc%25252525253Fsort_type%25252525253D%2525252525252Fpurposes%2525252525252Fschools%2525252525252Fdemogura%2525252525252F3%2525252525252Fjob%2525252525253Asociety%2525252525252Fsort%2525252525253Alowest_fee_per_month%2525252525252Fdirection%2525252525253Aasc%2525252525253Fsort_type%2525252525253D%252525252525252Fpurposes%252525252525252Fschools%252525252525252Fdemogura%252525252525252F3%252525252525252Fjob%252525252525253Asociety%252525252525252Fdirection%252525252525253Adesc,discovered_not_indexed,2026-09-18,2026-09-21T20:26:15,2026-09-21T20:26:15
https://schoolwith.me/purposes/schools/demogura/3/page:7/job:society?sort_type=/purposes/schools/demogura/3/job:society/sort:lowest_fee_per_month/direction:asc?sort_type%3D%252Fpurposes%252Fschools%252Fdemogura%252F3%252Fjob%253Asociety%252Fsort%253Alowest_fee_per_month%252Fdirection%253Aasc%253Fsort_type%253D%25252Fpurposes%25252Fschools%25252Fdemogura%25252F3%25252Fjob%25253Asociety%25252Fsort%25253Alowest_fee_per_month%25252Fdirection%25253Aasc%25253Fsort_type%25253D%2525252Fpurposes%2525252Fschools%2525252Fdemogura%2525252F3%2525252Fjob%2525253Asociety%2525252Fsort%2525253Alowest_fee_per_month%2525252Fdirection%2525253Aasc%2525253Fsort_type%2525253D%252525252Fpurposes%252525252Fschools%252525252Fdemogura%252525252F3%252525252Fjob%252525253Asociety%252525252Fdirection%252525253Adesc%252525253Fsort_type%252525253D%25252525252Fpurposes%25252525252Fschools%25252525252Fdemogura%25252525252F3%25252525252Fjob%25252525253Asociety%25252525252Fdirection%25252525253Adesc%25252525253Fsort_type%25252525253D%2525252525252Fpurposes%2525252525252Fschools%2525252525252Fdemogura%2525252525252F3%2525252525252Fjob%2525252525253Asociety%2525252525252Fsort%2525252525253Alowest_fee_per_month%2525252525252Fdirection%2525252525253Aasc%2525252525253Fsort_type%2525252525253D%252525252525252Fpurposes%252525252525252Fschools%252525252525252Fdemogura%252525252525252F3%252525252525252Fjob%252525252525253Asociety%252525252525252Fdirection%252525252525253Adesc,discovered_not_indexed,2026-09-18,2026-09-21T20:26:15,2026-09-21T20:26:15
https://schoolwith.me/purposes/schools/demogura/3/page:8/direction:asc/sort:lowest_fee_per_month/job:society?sort_type=/purposes/schools/demogura/3/direction:desc/job:society,discovered_not_indexed,2026-09-18,2026-09-21T20:26:15,2026-09-21T20:26:15
https://schoolwith.me/purposes/schools/demogura/3/sort:lowest_fee_per_month/direction:asc/age:30/gender:F?sort_type=/purposes/schools/demogura/3/age:30/gender:F/sort:lowest_fee_per_month/direction:asc,discovered_not_indexed,2026-09-18,2026-09-21T20:26:15,2026-09-21T20:26:15
https://schoolwith.me/purposes/schools/demogura/4/age:20/gender:F/sort:lowest_fee_per_month/direction:asc?sort_type=/purposes/schools/demogura/4/age:20/gender:F/sort:lowest_fee_per_month/direction:asc,discovered_not_indexed,2026-09-18,2026-09-21T20:26:15,2026-09-21T20:26:15
https://schoolwith.me/purposes/schools/demogura/4/age:20/gender:F?sort_type=/purposes/schools/demogura/4/age:20/gender:F/direction:desc,discovered_not_indexed,2026-09-18,2026-09-21T20:26:15,2026-09-21T20:26:15
https://schoolwith.me/purposes/schools/demogura/4/direction:asc/age:15/gender:M/job:society/sort:lowest_fee_per_month?sort_type=/purposes/schools/demogura/4/direction:desc/age:15/gender:M/job:society?sort_type%3D%252Fpurposes%252Fschools%252Fdemogura%252F4%252Fdirection%253Adesc%252Fage%253A15%252Fgender%253AM%252Fjob%253Asociety,crawled_not_indexed,2026-09-18,2026-09-21T20:26:15,2026-09-21T20:26:15
https://schoolwith.me/purposes/schools/demogura/4/direction:asc/age:30/gender:F/sort:lowest_fee_per_month?sort_type=/purposes/schools/demogura/4/age:30/gender:F/sort:lowest_fee_per_month/direction:asc?sort_type%3D%252Fpurposes%252Fschools%252Fdemogura%252F4%252Fage%253A30%252Fgender%253AF%252Fsort%253Alowest_fee_per_month%252Fdirection%253Aasc,discovered_not_indexed,2026-09-18,2026-09-21T20:26:15,2026-09-21T20:26:15
https://schoolwith.me/purposes/schools/demogura/4/direction:asc/sort:lowest_fee_per_month/age:30/gender:F/page:2?sort_type=/purposes/schools/demogura/4/age:30/gender:F/sort:lowest_fee_per_month/direction:asc?sort_type%3D%252Fpurposes%252Fschools%252Fdemogura%252F4%252Fage%253A30%252Fgender%253AF%252Fsort%253Alowest_fee_per_month%252Fdirection%253Aasc,discovered_not_indexed,2026-09-18,2026-09-21T20:26:15,2026-09-21T20:26:15
https://schoolwith.me/purposes/schools/demogura/4/page:2/age:25?sort_type=/purposes/schools/demogura/4/age:25/sort:lowest_fee_per_month/direction:asc,crawled_not_indexed,2026-09-18,2026-09-21T20:26:15,2026-09-21T20:26:15
https://schoolwith.me/purposes/schools/demogura/4/page:3/age:20/gender:F?sort_type=/purposes/schools/demogura/4/age:20/gender:F/direction:desc,discovered_not_indexed,2026-09-18,2026-09-21T20:26:15,2026-09-21T20:26:15
https://schoolwith.me/purposes/schools/demogura/4/page:8/direction:desc/gender:M/job:student,discovered_not_indexed,2026-09-18,2026-09-21T20:26:15,2026-09-21T20:26:15
https://schoolwith.me/purposes/schools/demogura/4/page:8/sort:lowest_fee_per_month/direction:asc?sort_type=/purposes/schools/demogura/4/direction:asc/sort:lowest_fee_per_month,crawled_not_indexed,2026-09-18,2026-09-21T20:26:15,2026-09-21T20:26:15
https://schoolwith.me/purposes/schools/demogura/5/age:10/gender:M/job:student/sort:lowest_fee_per_month/direction:asc,crawled_not_indexed,2026-09-18,2026-09-21T20:26:15,2026-09-21T20:26:15
https://schoolwith.me/purposes/schools/demogura/5/age:20/gender:M/job:student?sort_type=/purposes/schools/demogura/5/age:20/gender:M/job:student/sort:lowest_fee_per_month/direction:asc,crawled_not_indexed,2026-09-18,2026-09-21T20:26:15,2026-09-21T20:26:15
https://schoolwith.me/purposes/schools/demogura/5/age:25/gender:F/job:society?sort_type=/purposes/schools/demogura/5/age:25/gender:F/job:society/sort:lowest_fee_per_month/direction:asc,discovered_not_indexed,2026-09-18,2026-09-21T20:26:15,2026-09-21T20:26:15
https://schoolwith.me/purposes/schools/demogura/5/direction:asc/age:25/job:society/sort:lowest_fee_per_month,crawled_not_indexed,2026-09-18,2026-09-21T20:26:15,2026-09-21T20:26:15
https://schoolwith.me/purposes/schools/demogura/5/direction:desc/age:10/job:society?sort_type=/purposes/schools/demogura/5/age:10/job:society/direction:desc?sort_type%3D%252Fpurposes%252Fschools%252Fdemogura%252F5%252Fage%253A10%252Fjob%253Asociety%252Fdirection%253Adesc%253Fsort_type%253D%25252Fpurposes%25252Fschools%25252Fdemogura%25252F5%25252Fage%25253A10%25252Fjob%25253Asociety%25252Fsort%25253Alowest_fee_per_month%25252Fdirection%25253Aasc,discovered_not_indexed,2026-09-18,2026-09-21T20:26:15,2026-09-21T20:26:15
https://schoolwith.me/purposes/schools/demogura/5/direction:desc/age:20/gender:F/page:2?sort_type=/purposes/schools/demogura/5/direction:asc/age:20/gender:F/sort:lowest_fee_per_month?sort_type%3D%252Fpurposes%252Fschools%252Fdemogura%252F5%252Fsort%253Alowest_fee_per_month%252Fdirection%253Aasc%252Fage%253A20%252Fgender%253AF,discovered_not_indexed,2026-09-18,2026-09-21T20:26:15,2026-09-21T20:26:15
https://schoolwith.me/purposes/schools/demogura/5/direction:desc/age:25/gender:F/job:society,crawled_not_indexed,2026-09-18,2026-09-21T20:26:15,2026-09-21T20:26:15
https://schoolwith.me/purposes/schools/demogura/5/direction:desc/job:society?sort_type=/purposes/schools/demogura/5/direction:asc/job:society/sort:lowest_fee_per_month,discovered_not_indexed,2026-09-18,2026-09-21T20:26:15,2026-09-21T20:26:15
https://schoolwith.me/purposes/schools/demogura/5/gender:F/job:student/page:2?sort_type=/purposes/schools/demogura/5/gender:F/job:student/direction:desc,discovered_not_indexed,2026-09-18,2026-09-21T20:26:15,2026-09-21T20:26:15
https://schoolwith.me/purposes/schools/demogura/5/gender:F/job:student?sort_type=/purposes/schools/demogura/5/gender:F/job:student/direction:desc,discovered_not_indexed,2026-09-18,2026-09-21T20:26:15,2026-09-21T20:26:15
https://schoolwith.me/purposes/schools/demogura/5/page:9/direction:desc/job:student?sort_type=/purposes/schools/demogura/5/direction:desc/job:student?sort_type%3D%252Fpurposes%252Fschools%252Fdemogura%252F5%252Fjob%253Astudent,crawled_not_indexed,2026-09-18,2026-09-21T20:26:15,2026-09-21T20:26:15
https://schoolwith.me/purposes/schools/demogura/5/sort:lowest_fee_per_month/direction:asc/age:15/gender:F/job:student/page:2,discovered_not_indexed,2026-09-18,2026-09-21T20:26:15,2026-09-21T20:26:15
https://schoolwith.me/purposes/schools/demogura/6/age:30/gender:M/job:society?sort_type=/purposes/schools/demogura/6/age:30/gender:M/job:society/direction:desc,discovered_not_indexed,2026-09-18,2026-09-21T20:26:15,2026-09-21T20:26:15
https://schoolwith.me/purposes/schools/demogura/6/direction:asc/age:30/gender:M/sort:lowest_fee_per_month?sort_type=/purposes/schools/demogura/6/direction:asc/age:30/gender:M/sort:lowest_fee_per_month?sort_type%3D%252Fpurposes%252Fschools%252Fdemogura%252F6%252Fdirection%253Adesc%252Fage%253A30%252Fgender%253AM%253Fsort_type%253D%25252Fpurposes%25252Fschools%25252Fdemogura%25252F6%25252Fdirection%25253Aasc%25252Fsort%25253Alowest_fee_per_month%25252Fage%25253A30%25252Fgender%25253AM%25253Fsort_type%25253D%2525252Fpurposes%2525252Fschools%2525252Fdemogura%2525252F6%2525252Fdirection%2525253Aasc%2525252Fsort%2525253Alowest_fee_per_month%2525252Fage%2525253A30%2525252Fgender%2525253AM,discovered_not_indexed,2026-09-18,2026-09-21T20:26:15,2026-09-21T20:26:15
https://schoolwith.me/purposes/schools/demogura/6/direction:asc/job:student/sort:lowest_fee_per_month?sort_type=/purposes/schools/demogura/6/direction:desc/job:student?sort_type%3D%252Fpurposes%252Fschools%252Fdemogura%252F6%252Fdirection%253Adesc%252Fjob%253Astudent,discovered_not_indexed,2026-09-18,2026-09-21T20:26:15,2026-09-21T20:26:15
https://schoolwith.me/purposes/schools/demogura/6/direction:asc/sort:lowest_fee_per_month/age:30/job:society?sort_type=/purposes/schools/demogura/6/direction:desc/age:30/job:society,discovered_not_indexed,2026-09-18,2026-09-21T20:26:15,2026-09-21T20:26:15
https://schoolwith.me/purposes/schools/demogura/6/direction:asc/sort:lowest_fee_per_month/age:60/job:society/page:2,discovered_not_indexed,2026-09-18,2026-09-21T20:26:15,2026-09-21T20:26:15
https://schoolwith.me/purposes/schools/demogura/6/direction:desc/age:25/gender:F/page:4,crawled_not_indexed,2026-09-18,2026-09-21T20:26:15,2026-09-21T20:26:15
https://schoolwith.me/purposes/schools/demogura/6/page:2/sort:lowest_fee_per_month/direction:asc/age:60/job:society,discovered_not_indexed,2026-09-18,2026-09-21T20:26:15,2026-09-21T20:26:15
https://schoolwith.me/purposes/schools/demogura/6/page:3/direction:desc/age:60/job:society?sort_type=/purposes/schools/demogura/6/age:60/job:society/direction:desc,discovered_not_indexed,2026-09-18,2026-09-21T20:26:15,2026-09-21T20:26:15
https://schoolwith.me/purposes/schools/demogura/6/page:5/sort:lowest_fee_per_month/direction:asc/age:40/job:society?sort_type=/purposes/schools/demogura/6/direction:desc/age:40/job:society,discovered_not_indexed,2026-09-18,2026-09-21T20:26:15,2026-09-21T20:26:15
https://schoolwith.me/purposes/schools/demogura/6/sort:lowest_fee_per_month/direction:asc/age:25/gender:F?sort_type=/purposes/schools/demogura/6/age:25/gender:F/sort:lowest_fee_per_month/direction:asc,discovered_not_indexed,2026-09-18,2026-09-21T20:26:15,2026-09-21T20:26:15
https://schoolwith.me/purposes/schools/demogura/6/sort:lowest_fee_per_month/direction:asc/age:30/gender:M/page:2?sort_type=/purposes/schools/demogura/6/age:30/gender:M/sort:lowest_fee_per_month/direction:asc,discovered_not_indexed,2026-09-18,2026-09-21T20:26:15,2026-09-21T20:26:15
https://schoolwith.me/purposes/schools/demogura/7/age:10/gender:M/job:society?sort_type=/purposes/schools/demogura/7/sort:lowest_fee_per_month/direction:asc/age:10/gender:M/job:society,discovered_not_indexed,2026-09-18,2026-09-21T20:26:15,2026-09-21T20:26:15
https://schoolwith.me/purposes/schools/demogura/7/age:25/gender:F,crawled_not_indexed,2026-09-18,2026-09-21T20:26:15,2026-09-21T20:26:15
https://schoolwith.me/purposes/schools/demogura/7/age:25/gender:M,crawled_not_indexed,2026-09-18,2026-09-21T20:26:15,2026-09-21T20:26:15
https://schoolwith.me/purposes/schools/demogura/7/direction:asc/age:30/job:student/sort:lowest_fee_per_month?sort_type=/purposes/schools/demogura/7/age:30/job:student?sort_type%3D%252Fpurposes%252Fschools%252Fdemogura%252F7%252Fsort%253Alowest_fee_per_month%252Fdirection%253AASC%252Fage%253A30%252Fjob%253Astudent%253Fsort_type%253D%25252Fpurposes%25252Fschools%25252Fdemogura%25252F7%25252Fage%25253A30%25252Fjob%25253Astudent,discovered_not_indexed,2026-09-18,2026-09-21T20:26:15,2026-09-21T20:26:15
https://schoolwith.me/purposes/schools/demogura/7/direction:asc/sort:lowest_fee_per_month/age:30/job:student/page:2?sort_type=/purposes/schools/demogura/7/age:30/job:student?sort_type%3D%252Fpurposes%252Fschools%252Fdemogura%252F7%252Fsort%253Alowest_fee_per_month%252Fdirection%253AASC%252Fage%253A30%252Fjob%253Astudent%253Fsort_type%253D%25252Fpurposes%25252Fschools%25252Fdemogura%25252F7%25252Fage%25253A30%25252Fjob%25253Astudent,discovered_not_indexed,2026-09-18,2026-09-21T20:26:15,2026-09-21T20:26:15
https://schoolwith.me/purposes/schools/demogura/7/direction:desc/age:20/page:2?sort_type=/purposes/schools/demogura/7/age:20/direction:desc,discovered_not_indexed,2026-09-18,2026-09-21T20:26:15,2026-09-21T20:26:15
https://schoolwith.me/purposes/schools/demogura/7/direction:desc/age:30/job:student/page:2?sort_type=/purposes/schools/demogura/7/age:30/job:student?sort_type%3D%252Fpurposes%252Fschools%252Fdemogura%252F7%252Fsort%253Alowest_fee_per_month%252Fdirection%253AASC%252Fage%253A30%252Fjob%253Astudent%253Fsort_type%253D%25252Fpurposes%25252Fschools%25252Fdemogura%25252F7%25252Fage%25253A30%25252Fjob%25253Astudent,discovered_not_indexed,2026-09-18,2026-09-21T20:26:15,2026-09-21T20:26:15
https://schoolwith.me/purposes/schools/demogura/7/direction:desc/age:50/gender:M/job:society?sort_type=/purposes/schools/demogura/7/age:50/gender:M/job:society/sort:lowest_fee_per_month/direction:asc?sort_type%3D%252Fpurposes%252Fschools%252Fdemogura%252F7%252Fage%253A50%252Fgender%253AM%252Fjob%253Asociety%252Fsort%253Alowest_fee_per_month%252Fdirection%253Aasc,discovered_not_indexed,2026-09-18,2026-09-21T20:26:15,2026-09-21T20:26:15
https://schoolwith.me/purposes/schools/demogura/7/page:11/direction:desc/gender:F?sort_type=/purposes/schools/demogura/7/gender:F/sort:lowest_fee_per_month/direction:asc,discovered_not_indexed,2026-09-18,2026-09-21T20:26:15,2026-09-21T20:26:15
https://schoolwith.me/purposes/schools/demogura/7/page:2/direction:desc/age:20?sort_type=/purposes/schools/demogura/7/age:20/direction:desc,discovered_not_indexed,2026-09-18,2026-09-21T20:26:15,2026-09-21T20:26:15
https://schoolwith.me/purposes/schools/demogura/7/page:3/direction:desc/age:20?sort_type=/purposes/schools/demogura/7/age:20/direction:desc,discovered_not_indexed,2026-09-18,2026-09-21T20:26:15,2026-09-21T20:26:15
https://schoolwith.me/purposes/schools/demogura/7/page:3/sort:lowest_fee_per_month/direction:asc/age:25?sort_type=/purposes/schools/demogura/7/age:25/sort:lowest_fee_per_month/direction:asc,discovered_not_indexed,2026-09-18,2026-09-21T20:26:15,2026-09-21T20:26:15
https://schoolwith.me/purposes/schools/demogura/7/page:4/sort:lowest_fee_per_month/direction:asc?a8=I2Ghz2Y8u7rmQ7jZwns2sQEZBdlpsQreVnrmeljVQVL8u7GNX752-_GNs7leEe5sCVqQjBGFC2Ghos00000019593001,discovered_not_indexed,2026-09-18,2026-09-21T20:26:15,2026-09-21T20:26:15
https://schoolwith.me/purposes/schools/demogura/7/page:5/direction:desc/gender:F?sort_type=/purposes/schools/demogura/7/gender:F/sort:lowest_fee_per_month/direction:asc,discovered_not_indexed,2026-09-18,2026-09-21T20:26:15,2026-09-21T20:26:15
https://schoolwith.me/purposes/schools/demogura/7/page:5/sort:lowest_fee_per_month/direction:asc/age:30/job:society?sort_type=/purposes/schools/demogura/7/age:30/job:society/direction:desc,discovered_not_indexed,2026-09-18,2026-09-21T20:26:15,2026-09-21T20:26:15
https://schoolwith.me/purposes/schools/demogura/7/page:9/direction:desc/gender:F?sort_type=/purposes/schools/demogura/7/gender:F/sort:lowest_fee_per_month/direction:asc,discovered_not_indexed,2026-09-18,2026-09-21T20:26:15,2026-09-21T20:26:15
https://schoolwith.me/purposes/schools/demogura/7/sort:lowest_fee_per_month/direction:asc/age:25/page:2?sort_type=/purposes/schools/demogura/7/age:25/sort:lowest_fee_per_month/direction:asc,discovered_not_indexed,2026-09-18,2026-09-21T20:26:15,2026-09-21T20:26:15
https://schoolwith.me/purposes/schools/demogura/8/direction:asc/gender:M/sort:lowest_fee_per_month?sort_type=/purposes/schools/demogura/8/direction:desc/gender:M,discovered_not_indexed,2026-09-18,2026-09-21T20:26:15,2026-09-21T20:26:15
https://schoolwith.me/purposes/schools/demogura/8/page:2/direction:asc/sort:lowest_fee_per_month/job:society?sort_type=/purposes/schools/demogura/8/direction:asc/sort:lowest_fee_per_month/job:society,discovered_not_indexed,2026-09-18,2026-09-21T20:26:15,2026-09-21T20:26:15
https://schoolwith.me/purposes/schools/demogura/8/page:3/direction:desc/gender:F,discovered_not_indexed,2026-09-18,2026-09-21T20:26:15,2026-09-21T20:26:15
https://schoolwith.me/purposes/schools/demogura/8/page:3/direction:desc/gender:F?sort_type=/purposes/schools/demogura/8/direction:desc/gender:F,discovered_not_indexed,2026-09-18,2026-09-21T20:26:15,2026-09-21T20:26:15
https://schoolwith.me/purposes/schools/demogura/9/age:20/gender:F/job:student/page:2?sort_type=/purposes/schools/demogura/9/age:20/gender:F/job:student?sort_type%3D%252Fpurposes%252Fschools%252Fdemogura%252F9%252Fage%253A20%252Fgender%253AF%252Fjob%253Astudent%253Fsort_type%253D%25252Fpurposes%25252Fschools%25252Fdemogura%25252F9%25252Fsort%25253Alowest_fee_per_month%25252Fdirection%25253AASC%25252Fage%25253A20%25252Fgender%25253AF%25252Fjob%25253Astudent%25253Fsort_type%25253D%2525252Fpurposes%2525252Fschools%2525252Fdemogura%2525252F9%2525252Fsort%2525253Alowest_fee_per_month%2525252Fdirection%2525253AASC%2525252Fage%2525253A20%2525252Fgender%2525253AF%2525252Fjob%2525253Astudent%2525253Fsort_type%2525253D%252525252Fpurposes%252525252Fschools%252525252Fdemogura%252525252F9%252525252Fage%252525253A20%252525252Fgender%252525253AF%252525252Fjob%252525253Astudent,crawled_not_indexed,2026-09-18,2026-09-21T20:26:15,2026-09-21T20:26:15
https://schoolwith.me/purposes/schools/demogura/9/direction:asc/age:30/gender:F/sort:lowest_fee_per_month?sort_type=/purposes/schools/demogura/9/direction:asc/age:30/gender:F/sort:lowest_fee_per_month,crawled_not_indexed,2026-09-18,2026-09-21T20:26:15,2026-09-21T20:26:15
https://schoolwith.me/purposes/schools/demogura/9/direction:asc/sort:lowest_fee_per_month/age:30/gender:F/job:society?sort_type=/purposes/schools/demogura/9/direction:desc/age:30/gender:F/job:society,discovered_not_indexed,2026-09-18,2026-09-21T20:26:15,2026-09-21T20:26:15
https://schoolwith.me/purposes/schools/demogura/9/direction:asc/sort:lowest_fee_per_month/age:50/gender:F?sort_type=/purposes/schools/demogura/9/direction:desc/age:50/gender:F,discovered_not_indexed,2026-09-18,2026-09-21T20:26:15,2026-09-21T20:26:15
https://schoolwith.me/purposes/schools/demogura/9/gender:F/job:student/sort:lowest_fee_per_month/direction:asc?sort_type=/purposes/schools/demogura/9/gender:F/job:student/direction:desc?sort_type%3D%252Fpurposes%252Fschools%252Fdemogura%252F9%252Fgender%253AF%252Fjob%253Astudent%252Fsort%253Alowest_fee_per_month%252Fdirection%253Aasc,discovered_not_indexed,2026-09-18,2026-09-21T20:26:15,2026-09-21T20:26:15
https://schoolwith.me/purposes/schools/demogura/9/job:student,crawled_not_indexed,2026-09-18,2026-09-21T20:26:15,2026-09-21T20:26:15
https://schoolwith.me/purposes/schools/demogura/9/page:13/direction:asc/sort:lowest_fee_per_month/gender:F,discovered_not_indexed,2026-09-18,2026-09-21T20:26:15,2026-09-21T20:26:15
https://schoolwith.me/purposes/schools/demogura/9/page:14/direction:asc/sort:lowest_fee_per_month/gender:F?sort_type=/purposes/schools/demogura/9/direction:asc/sort:lowest_fee_per_month/gender:F,discovered_not_indexed,2026-09-18,2026-09-21T20:26:15,2026-09-21T20:26:15
https://schoolwith.me/purposes/schools/demogura/9/page:15/direction:asc/sort:lowest_fee_per_month/gender:F?sort_type=/purposes/schools/demogura/9/direction:asc/sort:lowest_fee_per_month/gender:F,discovered_not_indexed,2026-09-18,2026-09-21T20:26:15,2026-09-21T20:26:15
https://schoolwith.me/purposes/schools/demogura/9/page:2/age:25/job:society,discovered_not_indexed,2026-09-18,2026-09-21T20:26:15,2026-09-21T20:26:15
https://schoolwith.me/purposes/schools/demogura/9/page:2/direction:asc/sort:lowest_fee_per_month/age:25/job:society?sort_type=/purposes/schools/demogura/9/sort:lowest_fee_per_month/direction:asc/age:25/job:society,discovered_not_indexed,2026-09-18,2026-09-21T20:26:15,2026-09-21T20:26:15
https://schoolwith.me/purposes/schools/demogura/9/page:2/direction:desc/age:25/job:society,discovered_not_indexed,2026-09-18,2026-09-21T20:26:15,2026-09-21T20:26:15
https://schoolwith.me/purposes/schools/demogura/9/page:2/sort:lowest_fee_per_month/direction:asc/age:40/gender:F?sort_type=/purposes/schools/demogura/9/age:40/gender:F/direction:desc,discovered_not_indexed,2026-09-18,2026-09-21T20:26:15,2026-09-21T20:26:15
https://schoolwith.me/purposes/schools/demogura/9/page:3/direction:desc/age:50?sort_type=/purposes/schools/demogura/9/age:50/direction:desc,discovered_not_indexed,2026-09-18,2026-09-21T20:26:15,2026-09-21T20:26:15
https://schoolwith.me/purposes/schools/demogura/9/page:3/sort:lowest_fee_per_month/direction:asc/age:15/gender:F?sort_type=/purposes/schools/demogura/9/age:15/gender:F/direction:desc,discovered_not_indexed,2026-09-18,2026-09-21T20:26:15,2026-09-21T20:26:15
https://schoolwith.me/purposes/schools/demogura/9/page:4/direction:asc/sort:lowest_fee_per_month/age:30/gender:F,discovered_not_indexed,2026-09-18,2026-09-21T20:26:15,2026-09-21T20:26:15
https://schoolwith.me/purposes/schools/demogura/9/page:4/sort:lowest_fee_per_month/direction:asc/age:15/gender:F/job:student?sort_type=/purposes/schools/demogura/9/direction:desc/age:15/gender:F/job:student,discovered_not_indexed,2026-09-18,2026-09-21T20:26:15,2026-09-21T20:26:15
https://schoolwith.me/purposes/schools/demogura/9/page:5/age:25/gender:M?sort_type=/purposes/schools/demogura/9/age:25/gender:M/sort:lowest_fee_per_month/direction:asc,discovered_not_indexed,2026-09-18,2026-09-21T20:26:15,2026-09-21T20:26:15
https://schoolwith.me/purposes/schools/demogura/9/page:5/direction:asc/sort:lowest_fee_per_month/gender:M?sort_type=/purposes/schools/demogura/9/direction:asc/sort:lowest_fee_per_month/gender:M,discovered_not_indexed,2026-09-18,2026-09-21T20:26:15,2026-09-21T20:26:15
https://schoolwith.me/purposes/schools/demogura/9/page:5/sort:lowest_fee_per_month/direction:asc/gender:F?sort_type=/purposes/schools/demogura/9/direction:desc/gender:F,discovered_not_indexed,2026-09-18,2026-09-21T20:26:15,2026-09-21T20:26:15
https://schoolwith.me/purposes/schools/demogura/9/page:6/gender:F/job:student?sort_type=/purposes/schools/demogura/9/gender:F/job:student/direction:desc?sort_type%3D%252Fpurposes%252Fschools%252Fdemogura%252F9%252Fgender%253AF%252Fjob%253Astudent%252Fsort%253Alowest_fee_per_month%252Fdirection%253Aasc,discovered_not_indexed,2026-09-18,2026-09-21T20:26:15,2026-09-21T20:26:15
https://schoolwith.me/purposes/schools/demogura/9/page:9/direction:desc/gender:M/job:student?sort_type=/purposes/schools/demogura/9/direction:desc/gender:M/job:student,discovered_not_indexed,2026-09-18,2026-09-21T20:26:15,2026-09-21T20:26:15
https://schoolwith.me/purposes/schools/demogura/9/sort:lowest_fee_per_month/direction:asc/age:30/gender:M?sort_type=/purposes/schools/demogura/9/age:30/gender:M/direction:desc,discovered_not_indexed,2026-09-18,2026-09-21T20:26:15,2026-09-21T20:26:15
https://schoolwith.me/purposes/schools/demogura/9/sort:lowest_fee_per_month/direction:asc/age:40/gender:F/page:2?sort_type=/purposes/schools/demogura/9/age:40/gender:F/direction:desc,discovered_not_indexed,2026-09-18,2026-09-21T20:26:15,2026-09-21T20:26:15
https://schoolwith.me/purposes/schools/demogura/9/sort:lowest_fee_per_month/direction:asc/age:50/job:society/page:2,discovered_not_indexed,2026-09-18,2026-09-21T20:26:15,2026-09-21T20:26:15
https://schoolwith.me/purposes/schools/demogura/9/sort:lowest_fee_per_month/direction:asc/gender:F/job:society?sort_type=/purposes/schools/demogura/9/direction:desc/gender:F/job:society,discovered_not_indexed,2026-09-18,2026-09-21T20:26:15,2026-09-21T20:26:15
https://schoolwith.me/purposes/schools/demogura/9/sort:lowest_fee_per_month/direction:asc/gender:F/job:student/page:2?sort_type=/purposes/schools/demogura/9/gender:F/job:student/direction:desc?sort_type%3D%252Fpurposes%252Fschools%252Fdemogura%252F9%252Fgender%253AF%252Fjob%253Astudent%252Fsort%253Alowest_fee_per_month%252Fdirection%253Aasc,discovered_not_indexed,2026-09-18,2026-09-21T20:26:15,2026-09-21T20:26:15
https://schoolwith.me/purposes?a8=cETptEiKDYIKbfRwQmafTTCB4TZXIeBCFmyN8eBCKN.CRYTIpYTgSe_B4e_gSe_Y.M_y02ARb2TLb2TK5N.2RHTc.EbgDeT7pekXxs00000024433001,discovered_not_indexed,2026-09-18,2026-09-21T20:26:15,2026-09-21T20:26:15
https://schoolwith.me/purposes?src_user=top_main_demo_sp,discovered_not_indexed,2026-09-18,2026-09-21T20:26:15,2026-09-21T20:26:15
https://schoolwith.me/review/38680,crawled_not_indexed,2026-09-18,2026-09-21T20:26:15,2026-09-21T20:26:15
https://schoolwith.me/review_campaign?a8=I2Ghz2Y8u7rmQ7jZwns2sQEZBdlpsQreVnrmeljVQVL8u7GNX752-_GNs7leEe5sCVqQjBGFC2Ghos00000019593001,discovered_not_indexed,2026-09-18,2026-09-21T20:26:15,2026-09-21T20:26:15
https://schoolwith.me/reviews/31461,discovered_not_indexed,2026-09-18,2026-09-21T20:26:15,2026-09-21T20:26:15
https://schoolwith.me/reviews/31494,discovered_not_indexed,2026-09-18,2026-09-21T20:26:15,2026-09-21T20:26:15
https://schoolwith.me/reviews/31518,crawled_not_indexed,2026-09-18,2026-09-21T20:26:15,2026-09-21T20:26:15
https://schoolwith.me/reviews/31520,discovered_not_indexed,2026-09-18,2026-09-21T20:26:15,2026-09-21T20:26:15
https://schoolwith.me/reviews/31524,discovered_not_indexed,2026-09-18,2026-09-21T20:26:15,2026-09-21T20:26:15
https://schoolwith.me/reviews/31525,crawled_not_indexed,2026-09-18,2026-09-21T20:26:15,2026-09-21T20:26:15
https://schoolwith.me/reviews/31528,discovered_not_indexed,2026-09-18,2026-09-21T20:26:15,2026-09-21T20:26:15
https://schoolwith.me/reviews/31557,discovered_not_indexed,2026-09-18,2026-09-21T20:26:15,2026-09-21T20:26:15
https://schoolwith.me/reviews/31611,discovered_not_indexed,2026-09-18,2026-09-21T20:26:15,2026-09-21T20:26:15
https://schoolwith.me/reviews/31634,crawled_not_indexed,2026-09-18,2026-09-21T20:26:15,2026-09-21T20:26:15
https://schoolwith.me/reviews/31644,discovered_not_indexed,2026-09-18,2026-09-21T20:26:15,2026-09-21T20:26:15
https://schoolwith.me/reviews/31671,crawled_not_indexed,2026-09-18,2026-09-21T20:26:15,2026-09-21T20:26:15
https://schoolwith.me/reviews/31839,discovered_not_indexed,2026-09-18,2026-09-21T20:26:15,2026-09-21T20:26:15
https://schoolwith.me/reviews/31849,discovered_not_indexed,2026-09-18,2026-09-21T20:26:15,2026-09-21T20:26:15
https://schoolwith.me/reviews/31883,discovered_not_indexed,2026-09-18,2026-09-21T20:26:15,2026-09-21T20:26:15
https://schoolwith.me/reviews/31969,crawled_not_indexed,2026-09-18,2026-09-21T20:26:15,2026-09-21T20:26:15
https://schoolwith.me/reviews/32054,discovered_not_indexed,2026-09-18,2026-09-21T20:26:15,2026-09-21T20:26:15
https://schoolwith.me/reviews/32078,discovered_not_indexed,2026-09-18,2026-09-21T20:26:15,2026-09-21T20:26:15
https://schoolwith.me/reviews/32169,discovered_not_indexed,2026-09-18,2026-09-21T20:26:15,2026-09-21T20:26:15
https://schoolwith.me/reviews/32275,discovered_not_indexed,2026-09-18,2026-09-21T20:26:15,2026-09-21T20:26:15
https://schoolwith.me/reviews/32292,discovered_not_indexed,2026-09-18,2026-09-21T20:26:15,2026-09-21T20:26:15
https://schoolwith.me/reviews/32299,discovered_not_indexed,2026-09-18,2026-09-21T20:26:15,2026-09-21T20:26:15
https://schoolwith.me/reviews/32370,crawled_not_indexed,2026-09-18,2026-09-21T20:26:15,2026-09-21T20:26:15
https://schoolwith.me/reviews/32441,discovered_not_indexed,2026-09-18,2026-09-21T20:26:15,2026-09-21T20:26:15
https://schoolwith.me/reviews/32487,discovered_not_indexed,2026-09-18,2026-09-21T20:26:15,2026-09-21T20:26:15
https://schoolwith.me/reviews/32532,discovered_not_indexed,2026-09-18,2026-09-21T20:26:15,2026-09-21T20:26:15
https://schoolwith.me/reviews/32548,discovered_not_indexed,2026-09-18,2026-09-21T20:26:15,2026-09-21T20:26:15
https://schoolwith.me/reviews/32568,discovered_not_indexed,2026-09-18,2026-09-21T20:26:15,2026-09-21T20:26:15
https://schoolwith.me/reviews/32731,discovered_not_indexed,2026-09-18,2026-09-21T20:26:15,2026-09-21T20:26:15
https://schoolwith.me/reviews/32757,discovered_not_indexed,2026-09-18,2026-09-21T20:26:15,2026-09-21T20:26:15
https://schoolwith.me/reviews/32758,crawled_not_indexed,2026-09-18,2026-09-21T20:26:15,2026-09-21T20:26:15
https://schoolwith.me/reviews/32789,discovered_not_indexed,2026-09-18,2026-09-21T20:26:15,2026-09-21T20:26:15
https://schoolwith.me/reviews/32798,discovered_not_indexed,2026-09-18,2026-09-21T20:26:15,2026-09-21T20:26:15
https://schoolwith.me/reviews/32826,discovered_not_indexed,2026-09-18,2026-09-21T20:26:15,2026-09-21T20:26:15
https://schoolwith.me/reviews/32957,discovered_not_indexed,2026-09-18,2026-09-21T20:26:15,2026-09-21T20:26:15
https://schoolwith.me/reviews/33037,discovered_not_indexed,2026-09-18,2026-09-21T20:26:15,2026-09-21T20:26:15
https://schoolwith.me/reviews/33065,discovered_not_indexed,2026-09-18,2026-09-21T20:26:15,2026-09-21T20:26:15
https://schoolwith.me/reviews/33070,discovered_not_indexed,2026-09-18,2026-09-21T20:26:15,2026-09-21T20:26:15
https://schoolwith.me/reviews/33111,crawled_not_indexed,2026-09-18,2026-09-21T20:26:15,2026-09-21T20:26:15
https://schoolwith.me/reviews/33147,crawled_not_indexed,2026-09-18,2026-09-21T20:26:15,2026-09-21T20:26:15
https://schoolwith.me/reviews/33272,discovered_not_indexed,2026-09-18,2026-09-21T20:26:15,2026-09-21T20:26:15
https://schoolwith.me/reviews/33283,discovered_not_indexed,2026-09-18,2026-09-21T20:26:15,2026-09-21T20:26:15
https://schoolwith.me/reviews/33343,crawled_not_indexed,2026-09-18,2026-09-21T20:26:15,2026-09-21T20:26:15
https://schoolwith.me/reviews/33359,discovered_not_indexed,2026-09-18,2026-09-21T20:26:15,2026-09-21T20:26:15
https://schoolwith.me/reviews/33363,crawled_not_indexed,2026-09-18,2026-09-21T20:26:15,2026-09-21T20:26:15
https://schoolwith.me/reviews/33397,discovered_not_indexed,2026-09-18,2026-09-21T20:26:15,2026-09-21T20:26:15
https://schoolwith.me/reviews/33412,discovered_not_indexed,2026-09-18,2026-09-21T20:26:15,2026-09-21T20:26:15
https://schoolwith.me/reviews/33463,discovered_not_indexed,2026-09-18,2026-09-21T20:26:15,2026-09-21T20:26:15
https://schoolwith.me/reviews/33467,discovered_not_indexed,2026-09-18,2026-09-21T20:26:15,2026-09-21T20:26:15
https://schoolwith.me/reviews/33468,discovered_not_indexed,2026-09-18,2026-09-21T20:26:15,2026-09-21T20:26:15
https://schoolwith.me/reviews/33495,crawled_not_indexed,2026-09-18,2026-09-21T20:26:15,2026-09-21T20:26:15
https://schoolwith.me/reviews/33504,discovered_not_indexed,2026-09-18,2026-09-21T20:26:15,2026-09-21T20:26:15
https://schoolwith.me/reviews/33545,discovered_not_indexed,2026-09-18,2026-09-21T20:26:15,2026-09-21T20:26:15
https://schoolwith.me/reviews/33579,crawled_not_indexed,2026-09-18,2026-09-21T20:26:15,2026-09-21T20:26:15
https://schoolwith.me/reviews/33735,discovered_not_indexed,2026-09-18,2026-09-21T20:26:15,2026-09-21T20:26:15
https://schoolwith.me/reviews/33763,discovered_not_indexed,2026-09-18,2026-09-21T20:26:15,2026-09-21T20:26:15
https://schoolwith.me/reviews/33787,crawled_not_indexed,2026-09-18,2026-09-21T20:26:15,2026-09-21T20:26:15
https://schoolwith.me/reviews/33842,discovered_not_indexed,2026-09-18,2026-09-21T20:26:15,2026-09-21T20:26:15
https://schoolwith.me/reviews/33856,discovered_not_indexed,2026-09-18,2026-09-21T20:26:15,2026-09-21T20:26:15
https://schoolwith.me/reviews/33858,discovered_not_indexed,2026-09-18,2026-09-21T20:26:15,2026-09-21T20:26:15
https://schoolwith.me/reviews/33877,discovered_not_indexed,2026-09-18,2026-09-21T20:26:15,2026-09-21T20:26:15
https://schoolwith.me/reviews/33898,discovered_not_indexed,2026-09-18,2026-09-21T20:26:15,2026-09-21T20:26:15
https://schoolwith.me/reviews/33929,crawled_not_indexed,2026-09-18,2026-09-21T20:26:15,2026-09-21T20:26:15
https://schoolwith.me/reviews/34023,discovered_not_indexed,2026-09-18,2026-09-21T20:26:15,2026-09-21T20:26:15
https://schoolwith.me/reviews/34071?a8=KrA0DrUo2L8pjzgCZjBMppIMq.zJ8oIsAj_CszIFMF4o2LAX79TKcLTLGLZsasTBcFbMIvAycrA01s00000024868001,crawled_not_indexed,2026-09-18,2026-09-21T20:26:15,2026-09-21T20:26:15
https://schoolwith.me/reviews/34174?a8=KrA0DrUo2L8pjzgCZjBMppIMq.zJ8oIsAj_CszIFMF4o2LAX79TKcLTLGLZsasTBcFbMIvAycrA01s00000024868001,crawled_not_indexed,2026-09-18,2026-09-21T20:26:15,2026-09-21T20:26:15
https://schoolwith.me/reviews/34244,discovered_not_indexed,2026-09-18,2026-09-21T20:26:15,2026-09-21T20:26:15
https://schoolwith.me/reviews/34428,discovered_not_indexed,2026-09-18,2026-09-21T20:26:15,2026-09-21T20:26:15
https://schoolwith.me/reviews/34493,crawled_not_indexed,2026-09-18,2026-09-21T20:26:15,2026-09-21T20:26:15
https://schoolwith.me/reviews/34534,crawled_not_indexed,2026-09-18,2026-09-21T20:26:15,2026-09-21T20:26:15
https://schoolwith.me/reviews/34551,discovered_not_indexed,2026-09-18,2026-09-21T20:26:15,2026-09-21T20:26:15
https://schoolwith.me/reviews/34552,discovered_not_indexed,2026-09-18,2026-09-21T20:26:15,2026-09-21T20:26:15
https://schoolwith.me/reviews/34559,discovered_not_indexed,2026-09-18,2026-09-21T20:26:15,2026-09-21T20:26:15
https://schoolwith.me/reviews/34611?a8=KrA0DrUo2L8pjzgCZjBMppIMq.zJ8oIsAj_CszIFMF4o2LAX79TKcLTLGLZsasTBcFbMIvAycrA01s00000024868001,crawled_not_indexed,2026-09-18,2026-09-21T20:26:15,2026-09-21T20:26:15
https://schoolwith.me/reviews/34672,crawled_not_indexed,2026-09-18,2026-09-21T20:26:15,2026-09-21T20:26:15
https://schoolwith.me/reviews/34824,crawled_not_indexed,2026-09-18,2026-09-21T20:26:15,2026-09-21T20:26:15
https://schoolwith.me/reviews/34829,discovered_not_indexed,2026-09-18,2026-09-21T20:26:15,2026-09-21T20:26:15
https://schoolwith.me/reviews/34891,discovered_not_indexed,2026-09-18,2026-09-21T20:26:15,2026-09-21T20:26:15
https://schoolwith.me/reviews/34900,discovered_not_indexed,2026-09-18,2026-09-21T20:26:15,2026-09-21T20:26:15
https://schoolwith.me/reviews/34952,discovered_not_indexed,2026-09-18,2026-09-21T20:26:15,2026-09-21T20:26:15
https://schoolwith.me/reviews/34980,discovered_not_indexed,2026-09-18,2026-09-21T20:26:15,2026-09-21T20:26:15
https://schoolwith.me/reviews/35007?a8=KrA0DrUo2L8pjzgCZjBMppIMq.zJ8oIsAj_CszIFMF4o2LAX79TKcLTLGLZsasTBcFbMIvAycrA01s00000024868001,dup_no_user_canonical,2026-09-18,2026-09-21T20:26:15,2026-09-21T20:26:15
https://schoolwith.me/reviews/35010,discovered_not_indexed,2026-09-18,2026-09-21T20:26:15,2026-09-21T20:26:15
https://schoolwith.me/reviews/35015,discovered_not_indexed,2026-09-18,2026-09-21T20:26:15,2026-09-21T20:26:15
https://schoolwith.me/reviews/35090,discovered_not_indexed,2026-09-18,2026-09-21T20:26:15,2026-09-21T20:26:15
https://schoolwith.me/reviews/35114,discovered_not_indexed,2026-09-18,2026-09-21T20:26:15,2026-09-21T20:26:15
https://schoolwith.me/reviews/35159,discovered_not_indexed,2026-09-18,2026-09-21T20:26:15,2026-09-21T20:26:15
https://schoolwith.me/reviews/35171,discovered_not_indexed,2026-09-18,2026-09-21T20:26:15,2026-09-21T20:26:15
https://schoolwith.me/reviews/35172,discovered_not_indexed,2026-09-18,2026-09-21T20:26:15,2026-09-21T20:26:15
https://schoolwith.me/reviews/35175,discovered_not_indexed,2026-09-18,2026-09-21T20:26:15,2026-09-21T20:26:15
https://schoolwith.me/reviews/35178,discovered_not_indexed,2026-09-18,2026-09-21T20:26:15,2026-09-21T20:26:15
https://schoolwith.me/reviews/35216,discovered_not_indexed,2026-09-18,2026-09-21T20:26:15,2026-09-21T20:26:15
https://schoolwith.me/reviews/35253,discovered_not_indexed,2026-09-18,2026-09-21T20:26:15,2026-09-21T20:26:15
https://schoolwith.me/reviews/35254,discovered_not_indexed,2026-09-18,2026-09-21T20:26:15,2026-09-21T20:26:15
https://schoolwith.me/reviews/35272,discovered_not_indexed,2026-09-18,2026-09-21T20:26:15,2026-09-21T20:26:15
https://schoolwith.me/reviews/35290,discovered_not_indexed,2026-09-18,2026-09-21T20:26:15,2026-09-21T20:26:15
https://schoolwith.me/reviews/35319,discovered_not_indexed,2026-09-18,2026-09-21T20:26:15,2026-09-21T20:26:15
https://schoolwith.me/reviews/35323,crawled_not_indexed,2026-09-18,2026-09-21T20:26:15,2026-09-21T20:26:15
https://schoolwith.me/reviews/35327,discovered_not_indexed,2026-09-18,2026-09-21T20:26:15,2026-09-21T20:26:15
https://schoolwith.me/reviews/35348?a8=KrA0DrUo2L8pjzgCZjBMppIMq.zJ8oIsAj_CszIFMF4o2LAX79TKcLTLGLZsasTBcFbMIvAycrA01s00000024868001,crawled_not_indexed,2026-09-18,2026-09-21T20:26:15,2026-09-21T20:26:15
https://schoolwith.me/reviews/35394,discovered_not_indexed,2026-09-18,2026-09-21T20:26:15,2026-09-21T20:26:15
https://schoolwith.me/reviews/35415,discovered_not_indexed,2026-09-18,2026-09-21T20:26:15,2026-09-21T20:26:15
https://schoolwith.me/reviews/35457,discovered_not_indexed,2026-09-18,2026-09-21T20:26:15,2026-09-21T20:26:15
https://schoolwith.me/reviews/35498,discovered_not_indexed,2026-09-18,2026-09-21T20:26:15,2026-09-21T20:26:15
https://schoolwith.me/reviews/35510,discovered_not_indexed,2026-09-18,2026-09-21T20:26:15,2026-09-21T20:26:15
https://schoolwith.me/reviews/35535,discovered_not_indexed,2026-09-18,2026-09-21T20:26:15,2026-09-21T20:26:15
https://schoolwith.me/reviews/35544,discovered_not_indexed,2026-09-18,2026-09-21T20:26:15,2026-09-21T20:26:15
https://schoolwith.me/reviews/35565,discovered_not_indexed,2026-09-18,2026-09-21T20:26:15,2026-09-21T20:26:15
https://schoolwith.me/reviews/35621,discovered_not_indexed,2026-09-18,2026-09-21T20:26:15,2026-09-21T20:26:15
https://schoolwith.me/reviews/35646,discovered_not_indexed,2026-09-18,2026-09-21T20:26:15,2026-09-21T20:26:15
https://schoolwith.me/reviews/35664,discovered_not_indexed,2026-09-18,2026-09-21T20:26:15,2026-09-21T20:26:15
https://schoolwith.me/reviews/35696,discovered_not_indexed,2026-09-18,2026-09-21T20:26:15,2026-09-21T20:26:15
https://schoolwith.me/reviews/35739,discovered_not_indexed,2026-09-18,2026-09-21T20:26:15,2026-09-21T20:26:15
https://schoolwith.me/reviews/35789,discovered_not_indexed,2026-09-18,2026-09-21T20:26:15,2026-09-21T20:26:15
https://schoolwith.me/reviews/35802,crawled_not_indexed,2026-09-18,2026-09-21T20:26:15,2026-09-21T20:26:15
https://schoolwith.me/reviews/35837,discovered_not_indexed,2026-09-18,2026-09-21T20:26:15,2026-09-21T20:26:15
https://schoolwith.me/reviews/35839,discovered_not_indexed,2026-09-18,2026-09-21T20:26:15,2026-09-21T20:26:15
https://schoolwith.me/reviews/35842,crawled_not_indexed,2026-09-18,2026-09-21T20:26:15,2026-09-21T20:26:15
https://schoolwith.me/reviews/35869,crawled_not_indexed,2026-09-18,2026-09-21T20:26:15,2026-09-21T20:26:15
https://schoolwith.me/reviews/35875,discovered_not_indexed,2026-09-18,2026-09-21T20:26:15,2026-09-21T20:26:15
https://schoolwith.me/reviews/35883,discovered_not_indexed,2026-09-18,2026-09-21T20:26:15,2026-09-21T20:26:15
https://schoolwith.me/reviews/35899,discovered_not_indexed,2026-09-18,2026-09-21T20:26:15,2026-09-21T20:26:15
https://schoolwith.me/reviews/35938,discovered_not_indexed,2026-09-18,2026-09-21T20:26:15,2026-09-21T20:26:15
https://schoolwith.me/reviews/35944,discovered_not_indexed,2026-09-18,2026-09-21T20:26:15,2026-09-21T20:26:15
https://schoolwith.me/reviews/35949,discovered_not_indexed,2026-09-18,2026-09-21T20:26:15,2026-09-21T20:26:15
https://schoolwith.me/reviews/35956,crawled_not_indexed,2026-09-18,2026-09-21T20:26:15,2026-09-21T20:26:15
https://schoolwith.me/reviews/35961,discovered_not_indexed,2026-09-18,2026-09-21T20:26:15,2026-09-21T20:26:15
https://schoolwith.me/reviews/35970,discovered_not_indexed,2026-09-18,2026-09-21T20:26:15,2026-09-21T20:26:15
https://schoolwith.me/reviews/35972,discovered_not_indexed,2026-09-18,2026-09-21T20:26:15,2026-09-21T20:26:15
https://schoolwith.me/reviews/35996,discovered_not_indexed,2026-09-18,2026-09-21T20:26:15,2026-09-21T20:26:15
https://schoolwith.me/reviews/36002,discovered_not_indexed,2026-09-18,2026-09-21T20:26:15,2026-09-21T20:26:15
https://schoolwith.me/reviews/36039,discovered_not_indexed,2026-09-18,2026-09-21T20:26:15,2026-09-21T20:26:15
https://schoolwith.me/reviews/36041,discovered_not_indexed,2026-09-18,2026-09-21T20:26:15,2026-09-21T20:26:15
https://schoolwith.me/reviews/36043,discovered_not_indexed,2026-09-18,2026-09-21T20:26:15,2026-09-21T20:26:15
https://schoolwith.me/reviews/36045,discovered_not_indexed,2026-09-18,2026-09-21T20:26:15,2026-09-21T20:26:15
https://schoolwith.me/reviews/36060,discovered_not_indexed,2026-09-18,2026-09-21T20:26:15,2026-09-21T20:26:15
https://schoolwith.me/reviews/36122,discovered_not_indexed,2026-09-18,2026-09-21T20:26:15,2026-09-21T20:26:15
https://schoolwith.me/reviews/36144,discovered_not_indexed,2026-09-18,2026-09-21T20:26:15,2026-09-21T20:26:15
https://schoolwith.me/reviews/36187,discovered_not_indexed,2026-09-18,2026-09-21T20:26:15,2026-09-21T20:26:15
https://schoolwith.me/reviews/36200,crawled_not_indexed,2026-09-18,2026-09-21T20:26:15,2026-09-21T20:26:15
https://schoolwith.me/reviews/36216,crawled_not_indexed,2026-09-18,2026-09-21T20:26:15,2026-09-21T20:26:15
https://schoolwith.me/reviews/36222,discovered_not_indexed,2026-09-18,2026-09-21T20:26:15,2026-09-21T20:26:15
https://schoolwith.me/reviews/36226,crawled_not_indexed,2026-09-18,2026-09-21T20:26:15,2026-09-21T20:26:15
https://schoolwith.me/reviews/36254,discovered_not_indexed,2026-09-18,2026-09-21T20:26:15,2026-09-21T20:26:15
https://schoolwith.me/reviews/36274,discovered_not_indexed,2026-09-18,2026-09-21T20:26:15,2026-09-21T20:26:15
https://schoolwith.me/reviews/36280,discovered_not_indexed,2026-09-18,2026-09-21T20:26:15,2026-09-21T20:26:15
https://schoolwith.me/reviews/36311,discovered_not_indexed,2026-09-18,2026-09-21T20:26:15,2026-09-21T20:26:15
https://schoolwith.me/reviews/36320,discovered_not_indexed,2026-09-18,2026-09-21T20:26:15,2026-09-21T20:26:15
https://schoolwith.me/reviews/36327,discovered_not_indexed,2026-09-18,2026-09-21T20:26:15,2026-09-21T20:26:15
https://schoolwith.me/reviews/36328,discovered_not_indexed,2026-09-18,2026-09-21T20:26:15,2026-09-21T20:26:15
https://schoolwith.me/reviews/36334,discovered_not_indexed,2026-09-18,2026-09-21T20:26:15,2026-09-21T20:26:15
https://schoolwith.me/reviews/36348,discovered_not_indexed,2026-09-18,2026-09-21T20:26:15,2026-09-21T20:26:15
https://schoolwith.me/reviews/36376,crawled_not_indexed,2026-09-18,2026-09-21T20:26:15,2026-09-21T20:26:15
https://schoolwith.me/reviews/36410,discovered_not_indexed,2026-09-18,2026-09-21T20:26:15,2026-09-21T20:26:15
https://schoolwith.me/reviews/36429,discovered_not_indexed,2026-09-18,2026-09-21T20:26:15,2026-09-21T20:26:15
https://schoolwith.me/reviews/36430,crawled_not_indexed,2026-09-18,2026-09-21T20:26:15,2026-09-21T20:26:15
https://schoolwith.me/reviews/36459,discovered_not_indexed,2026-09-18,2026-09-21T20:26:15,2026-09-21T20:26:15
https://schoolwith.me/reviews/36523,discovered_not_indexed,2026-09-18,2026-09-21T20:26:15,2026-09-21T20:26:15
https://schoolwith.me/reviews/36545,discovered_not_indexed,2026-09-18,2026-09-21T20:26:15,2026-09-21T20:26:15
https://schoolwith.me/reviews/36554,discovered_not_indexed,2026-09-18,2026-09-21T20:26:15,2026-09-21T20:26:15
https://schoolwith.me/reviews/36579,discovered_not_indexed,2026-09-18,2026-09-21T20:26:15,2026-09-21T20:26:15
https://schoolwith.me/reviews/36580,discovered_not_indexed,2026-09-18,2026-09-21T20:26:15,2026-09-21T20:26:15
https://schoolwith.me/reviews/36604,crawled_not_indexed,2026-09-18,2026-09-21T20:26:15,2026-09-21T20:26:15
https://schoolwith.me/reviews/36623,discovered_not_indexed,2026-09-18,2026-09-21T20:26:15,2026-09-21T20:26:15
https://schoolwith.me/reviews/36639,discovered_not_indexed,2026-09-18,2026-09-21T20:26:15,2026-09-21T20:26:15
https://schoolwith.me/reviews/36663,discovered_not_indexed,2026-09-18,2026-09-21T20:26:15,2026-09-21T20:26:15
https://schoolwith.me/reviews/36678,discovered_not_indexed,2026-09-18,2026-09-21T20:26:15,2026-09-21T20:26:15
https://schoolwith.me/reviews/36703,discovered_not_indexed,2026-09-18,2026-09-21T20:26:15,2026-09-21T20:26:15
https://schoolwith.me/reviews/36722,discovered_not_indexed,2026-09-18,2026-09-21T20:26:15,2026-09-21T20:26:15
https://schoolwith.me/reviews/36733,crawled_not_indexed,2026-09-18,2026-09-21T20:26:15,2026-09-21T20:26:15
https://schoolwith.me/reviews/36748,discovered_not_indexed,2026-09-18,2026-09-21T20:26:15,2026-09-21T20:26:15
https://schoolwith.me/reviews/36756,crawled_not_indexed,2026-09-18,2026-09-21T20:26:15,2026-09-21T20:26:15
https://schoolwith.me/reviews/36780,discovered_not_indexed,2026-09-18,2026-09-21T20:26:15,2026-09-21T20:26:15
https://schoolwith.me/reviews/36826,discovered_not_indexed,2026-09-18,2026-09-21T20:26:15,2026-09-21T20:26:15
https://schoolwith.me/reviews/36827,discovered_not_indexed,2026-09-18,2026-09-21T20:26:15,2026-09-21T20:26:15
https://schoolwith.me/reviews/36832,discovered_not_indexed,2026-09-18,2026-09-21T20:26:15,2026-09-21T20:26:15
https://schoolwith.me/reviews/36869,discovered_not_indexed,2026-09-18,2026-09-21T20:26:15,2026-09-21T20:26:15
https://schoolwith.me/reviews/36889,discovered_not_indexed,2026-09-18,2026-09-21T20:26:15,2026-09-21T20:26:15
https://schoolwith.me/reviews/36973,discovered_not_indexed,2026-09-18,2026-09-21T20:26:15,2026-09-21T20:26:15
https://schoolwith.me/reviews/36975,discovered_not_indexed,2026-09-18,2026-09-21T20:26:15,2026-09-21T20:26:15
https://schoolwith.me/reviews/36977,discovered_not_indexed,2026-09-18,2026-09-21T20:26:15,2026-09-21T20:26:15
https://schoolwith.me/reviews/37022,discovered_not_indexed,2026-09-18,2026-09-21T20:26:15,2026-09-21T20:26:15
https://schoolwith.me/reviews/37044,crawled_not_indexed,2026-09-18,2026-09-21T20:26:15,2026-09-21T20:26:15
https://schoolwith.me/reviews/37056,discovered_not_indexed,2026-09-18,2026-09-21T20:26:15,2026-09-21T20:26:15
https://schoolwith.me/reviews/37068,discovered_not_indexed,2026-09-18,2026-09-21T20:26:15,2026-09-21T20:26:15
https://schoolwith.me/reviews/37106,discovered_not_indexed,2026-09-18,2026-09-21T20:26:15,2026-09-21T20:26:15
https://schoolwith.me/reviews/37117,discovered_not_indexed,2026-09-18,2026-09-21T20:26:15,2026-09-21T20:26:15
https://schoolwith.me/reviews/37125,crawled_not_indexed,2026-09-18,2026-09-21T20:26:15,2026-09-21T20:26:15
https://schoolwith.me/reviews/37199,discovered_not_indexed,2026-09-18,2026-09-21T20:26:15,2026-09-21T20:26:15
https://schoolwith.me/reviews/37215,crawled_not_indexed,2026-09-18,2026-09-21T20:26:15,2026-09-21T20:26:15
https://schoolwith.me/reviews/37249,discovered_not_indexed,2026-09-18,2026-09-21T20:26:15,2026-09-21T20:26:15
https://schoolwith.me/reviews/37263,discovered_not_indexed,2026-09-18,2026-09-21T20:26:15,2026-09-21T20:26:15
https://schoolwith.me/reviews/37270,crawled_not_indexed,2026-09-18,2026-09-21T20:26:15,2026-09-21T20:26:15
https://schoolwith.me/reviews/37282?a8=KrA0DrUo2L8pjzgCZjBMppIMq.zJ8oIsAj_CszIFMF4o2LAX79TKcLTLGLZsasTBcFbMIvAycrA01s00000024868001,dup_no_user_canonical,2026-09-18,2026-09-21T20:26:15,2026-09-21T20:26:15
https://schoolwith.me/reviews/37283,discovered_not_indexed,2026-09-18,2026-09-21T20:26:15,2026-09-21T20:26:15
https://schoolwith.me/reviews/37319,discovered_not_indexed,2026-09-18,2026-09-21T20:26:15,2026-09-21T20:26:15
https://schoolwith.me/reviews/37330,discovered_not_indexed,2026-09-18,2026-09-21T20:26:15,2026-09-21T20:26:15
https://schoolwith.me/reviews/37335,discovered_not_indexed,2026-09-18,2026-09-21T20:26:15,2026-09-21T20:26:15
https://schoolwith.me/reviews/37363,crawled_not_indexed,2026-09-18,2026-09-21T20:26:15,2026-09-21T20:26:15
https://schoolwith.me/reviews/37380,discovered_not_indexed,2026-09-18,2026-09-21T20:26:15,2026-09-21T20:26:15
https://schoolwith.me/reviews/37408?a8=KrA0DrUo2L8pjzgCZjBMppIMq.zJ8oIsAj_CszIFMF4o2LAX79TKcLTLGLZsasTBcFbMIvAycrA01s00000024868001,crawled_not_indexed,2026-09-18,2026-09-21T20:26:15,2026-09-21T20:26:15
https://schoolwith.me/reviews/37409,discovered_not_indexed,2026-09-18,2026-09-21T20:26:15,2026-09-21T20:26:15
https://schoolwith.me/reviews/37439,discovered_not_indexed,2026-09-18,2026-09-21T20:26:15,2026-09-21T20:26:15
https://schoolwith.me/reviews/37454,discovered_not_indexed,2026-09-18,2026-09-21T20:26:15,2026-09-21T20:26:15
https://schoolwith.me/reviews/37465,discovered_not_indexed,2026-09-18,2026-09-21T20:26:15,2026-09-21T20:26:15
https://schoolwith.me/reviews/37487,discovered_not_indexed,2026-09-18,2026-09-21T20:26:15,2026-09-21T20:26:15
https://schoolwith.me/reviews/37509,discovered_not_indexed,2026-09-18,2026-09-21T20:26:15,2026-09-21T20:26:15
https://schoolwith.me/reviews/37558,discovered_not_indexed,2026-09-18,2026-09-21T20:26:15,2026-09-21T20:26:15
https://schoolwith.me/reviews/37563,discovered_not_indexed,2026-09-18,2026-09-21T20:26:15,2026-09-21T20:26:15
https://schoolwith.me/reviews/37573,discovered_not_indexed,2026-09-18,2026-09-21T20:26:15,2026-09-21T20:26:15
https://schoolwith.me/reviews/37582,discovered_not_indexed,2026-09-18,2026-09-21T20:26:15,2026-09-21T20:26:15
https://schoolwith.me/reviews/37624,discovered_not_indexed,2026-09-18,2026-09-21T20:26:15,2026-09-21T20:26:15
https://schoolwith.me/reviews/37655,discovered_not_indexed,2026-09-18,2026-09-21T20:26:15,2026-09-21T20:26:15
https://schoolwith.me/reviews/37679,discovered_not_indexed,2026-09-18,2026-09-21T20:26:15,2026-09-21T20:26:15
https://schoolwith.me/reviews/37691,discovered_not_indexed,2026-09-18,2026-09-21T20:26:15,2026-09-21T20:26:15
https://schoolwith.me/reviews/37727,discovered_not_indexed,2026-09-18,2026-09-21T20:26:15,2026-09-21T20:26:15
https://schoolwith.me/reviews/37729,discovered_not_indexed,2026-09-18,2026-09-21T20:26:15,2026-09-21T20:26:15
https://schoolwith.me/reviews/37733,discovered_not_indexed,2026-09-18,2026-09-21T20:26:15,2026-09-21T20:26:15
https://schoolwith.me/reviews/37741,crawled_not_indexed,2026-09-18,2026-09-21T20:26:15,2026-09-21T20:26:15
https://schoolwith.me/reviews/37748,discovered_not_indexed,2026-09-18,2026-09-21T20:26:15,2026-09-21T20:26:15
https://schoolwith.me/reviews/37751,discovered_not_indexed,2026-09-18,2026-09-21T20:26:15,2026-09-21T20:26:15
https://schoolwith.me/reviews/37896,discovered_not_indexed,2026-09-18,2026-09-21T20:26:15,2026-09-21T20:26:15
https://schoolwith.me/reviews/37901,discovered_not_indexed,2026-09-18,2026-09-21T20:26:15,2026-09-21T20:26:15
https://schoolwith.me/reviews/37914,discovered_not_indexed,2026-09-18,2026-09-21T20:26:15,2026-09-21T20:26:15
https://schoolwith.me/reviews/37917,discovered_not_indexed,2026-09-18,2026-09-21T20:26:15,2026-09-21T20:26:15
https://schoolwith.me/reviews/37924,discovered_not_indexed,2026-09-18,2026-09-21T20:26:15,2026-09-21T20:26:15
https://schoolwith.me/reviews/37960,discovered_not_indexed,2026-09-18,2026-09-21T20:26:15,2026-09-21T20:26:15
https://schoolwith.me/reviews/37970,crawled_not_indexed,2026-09-18,2026-09-21T20:26:15,2026-09-21T20:26:15
https://schoolwith.me/reviews/37983,discovered_not_indexed,2026-09-18,2026-09-21T20:26:15,2026-09-21T20:26:15
https://schoolwith.me/reviews/38000?a8=KrA0DrUo2L8pjzgCZjBMppIMq.zJ8oIsAj_CszIFMF4o2LAX79TKcLTLGLZsasTBcFbMIvAycrA01s00000024868001,dup_no_user_canonical,2026-09-18,2026-09-21T20:26:15,2026-09-21T20:26:15
https://schoolwith.me/reviews/38073,discovered_not_indexed,2026-09-18,2026-09-21T20:26:15,2026-09-21T20:26:15
https://schoolwith.me/reviews/38094,crawled_not_indexed,2026-09-18,2026-09-21T20:26:15,2026-09-21T20:26:15
https://schoolwith.me/reviews/38125,discovered_not_indexed,2026-09-18,2026-09-21T20:26:15,2026-09-21T20:26:15
https://schoolwith.me/reviews/38138,discovered_not_indexed,2026-09-18,2026-09-21T20:26:15,2026-09-21T20:26:15
https://schoolwith.me/reviews/38159,discovered_not_indexed,2026-09-18,2026-09-21T20:26:15,2026-09-21T20:26:15
https://schoolwith.me/reviews/38163,discovered_not_indexed,2026-09-18,2026-09-21T20:26:15,2026-09-21T20:26:15
https://schoolwith.me/reviews/38187,discovered_not_indexed,2026-09-18,2026-09-21T20:26:15,2026-09-21T20:26:15
https://schoolwith.me/reviews/38218,crawled_not_indexed,2026-09-18,2026-09-21T20:26:15,2026-09-21T20:26:15
https://schoolwith.me/reviews/38220,discovered_not_indexed,2026-09-18,2026-09-21T20:26:15,2026-09-21T20:26:15
https://schoolwith.me/reviews/38236,discovered_not_indexed,2026-09-18,2026-09-21T20:26:15,2026-09-21T20:26:15
https://schoolwith.me/reviews/38259,discovered_not_indexed,2026-09-18,2026-09-21T20:26:15,2026-09-21T20:26:15
https://schoolwith.me/reviews/38260,discovered_not_indexed,2026-09-18,2026-09-21T20:26:15,2026-09-21T20:26:15
https://schoolwith.me/reviews/38286,discovered_not_indexed,2026-09-18,2026-09-21T20:26:15,2026-09-21T20:26:15
https://schoolwith.me/reviews/38316,discovered_not_indexed,2026-09-18,2026-09-21T20:26:15,2026-09-21T20:26:15
https://schoolwith.me/reviews/38361,discovered_not_indexed,2026-09-18,2026-09-21T20:26:15,2026-09-21T20:26:15
https://schoolwith.me/reviews/38373,discovered_not_indexed,2026-09-18,2026-09-21T20:26:15,2026-09-21T20:26:15
https://schoolwith.me/reviews/38387,discovered_not_indexed,2026-09-18,2026-09-21T20:26:15,2026-09-21T20:26:15
https://schoolwith.me/reviews/38392,discovered_not_indexed,2026-09-18,2026-09-21T20:26:15,2026-09-21T20:26:15
https://schoolwith.me/reviews/38401,crawled_not_indexed,2026-09-18,2026-09-21T20:26:15,2026-09-21T20:26:15
https://schoolwith.me/reviews/38403,discovered_not_indexed,2026-09-18,2026-09-21T20:26:15,2026-09-21T20:26:15
https://schoolwith.me/reviews/38420,discovered_not_indexed,2026-09-18,2026-09-21T20:26:15,2026-09-21T20:26:15
https://schoolwith.me/reviews/38430,discovered_not_indexed,2026-09-18,2026-09-21T20:26:15,2026-09-21T20:26:15
https://schoolwith.me/reviews/38456,discovered_not_indexed,2026-09-18,2026-09-21T20:26:15,2026-09-21T20:26:15
https://schoolwith.me/reviews/38478,crawled_not_indexed,2026-09-18,2026-09-21T20:26:15,2026-09-21T20:26:15
https://schoolwith.me/reviews/38494,discovered_not_indexed,2026-09-18,2026-09-21T20:26:15,2026-09-21T20:26:15
https://schoolwith.me/reviews/38534,discovered_not_indexed,2026-09-18,2026-09-21T20:26:15,2026-09-21T20:26:15
https://schoolwith.me/reviews/38543,discovered_not_indexed,2026-09-18,2026-09-21T20:26:15,2026-09-21T20:26:15
https://schoolwith.me/reviews/38613,discovered_not_indexed,2026-09-18,2026-09-21T20:26:15,2026-09-21T20:26:15
https://schoolwith.me/reviews/38657,crawled_not_indexed,2026-09-18,2026-09-21T20:26:15,2026-09-21T20:26:15
https://schoolwith.me/reviews/38661,discovered_not_indexed,2026-09-18,2026-09-21T20:26:15,2026-09-21T20:26:15
https://schoolwith.me/reviews/38726,discovered_not_indexed,2026-09-18,2026-09-21T20:26:15,2026-09-21T20:26:15
https://schoolwith.me/reviews/38737,discovered_not_indexed,2026-09-18,2026-09-21T20:26:15,2026-09-21T20:26:15
https://schoolwith.me/reviews/38749,crawled_not_indexed,2026-09-18,2026-09-21T20:26:15,2026-09-21T20:26:15
https://schoolwith.me/reviews/38816,discovered_not_indexed,2026-09-18,2026-09-21T20:26:15,2026-09-21T20:26:15
https://schoolwith.me/reviews/38822,discovered_not_indexed,2026-09-18,2026-09-21T20:26:15,2026-09-21T20:26:15
https://schoolwith.me/reviews/38851?a8=KrA0DrUo2L8pjzgCZjBMppIMq.zJ8oIsAj_CszIFMF4o2LAX79TKcLTLGLZsasTBcFbMIvAycrA01s00000024868001,dup_no_user_canonical,2026-09-18,2026-09-21T20:26:15,2026-09-21T20:26:15
https://schoolwith.me/reviews/38857,discovered_not_indexed,2026-09-18,2026-09-21T20:26:15,2026-09-21T20:26:15
https://schoolwith.me/reviews/38879,discovered_not_indexed,2026-09-18,2026-09-21T20:26:15,2026-09-21T20:26:15
https://schoolwith.me/reviews/38894,discovered_not_indexed,2026-09-18,2026-09-21T20:26:15,2026-09-21T20:26:15
https://schoolwith.me/reviews/38912,discovered_not_indexed,2026-09-18,2026-09-21T20:26:15,2026-09-21T20:26:15
https://schoolwith.me/reviews/38918,discovered_not_indexed,2026-09-18,2026-09-21T20:26:15,2026-09-21T20:26:15
https://schoolwith.me/reviews/38924,crawled_not_indexed,2026-09-18,2026-09-21T20:26:15,2026-09-21T20:26:15
https://schoolwith.me/reviews/38929,discovered_not_indexed,2026-09-18,2026-09-21T20:26:15,2026-09-21T20:26:15
https://schoolwith.me/reviews/38941,crawled_not_indexed,2026-09-18,2026-09-21T20:26:15,2026-09-21T20:26:15
https://schoolwith.me/reviews/38988,discovered_not_indexed,2026-09-18,2026-09-21T20:26:15,2026-09-21T20:26:15
https://schoolwith.me/reviews/39050,crawled_not_indexed,2026-09-18,2026-09-21T20:26:15,2026-09-21T20:26:15
https://schoolwith.me/reviews/39078,discovered_not_indexed,2026-09-18,2026-09-21T20:26:15,2026-09-21T20:26:15
https://schoolwith.me/reviews/39081,discovered_not_indexed,2026-09-18,2026-09-21T20:26:15,2026-09-21T20:26:15
https://schoolwith.me/reviews/39084,discovered_not_indexed,2026-09-18,2026-09-21T20:26:15,2026-09-21T20:26:15
https://schoolwith.me/reviews/39140,discovered_not_indexed,2026-09-18,2026-09-21T20:26:15,2026-09-21T20:26:15
https://schoolwith.me/reviews/39181,crawled_not_indexed,2026-09-18,2026-09-21T20:26:15,2026-09-21T20:26:15
https://schoolwith.me/reviews/39190,discovered_not_indexed,2026-09-18,2026-09-21T20:26:15,2026-09-21T20:26:15
https://schoolwith.me/reviews/39196,crawled_not_indexed,2026-09-18,2026-09-21T20:26:15,2026-09-21T20:26:15
https://schoolwith.me/reviews/39259,discovered_not_indexed,2026-09-18,2026-09-21T20:26:15,2026-09-21T20:26:15
https://schoolwith.me/reviews/39281,discovered_not_indexed,2026-09-18,2026-09-21T20:26:15,2026-09-21T20:26:15
https://schoolwith.me/reviews/39293,discovered_not_indexed,2026-09-18,2026-09-21T20:26:15,2026-09-21T20:26:15
https://schoolwith.me/reviews/39294,discovered_not_indexed,2026-09-18,2026-09-21T20:26:15,2026-09-21T20:26:15
https://schoolwith.me/reviews/39300,discovered_not_indexed,2026-09-18,2026-09-21T20:26:15,2026-09-21T20:26:15
https://schoolwith.me/reviews/39313,discovered_not_indexed,2026-09-18,2026-09-21T20:26:15,2026-09-21T20:26:15
https://schoolwith.me/reviews/39351,discovered_not_indexed,2026-09-18,2026-09-21T20:26:15,2026-09-21T20:26:15
https://schoolwith.me/reviews/39368,crawled_not_indexed,2026-09-18,2026-09-21T20:26:15,2026-09-21T20:26:15
https://schoolwith.me/reviews/39516,discovered_not_indexed,2026-09-18,2026-09-21T20:26:15,2026-09-21T20:26:15
https://schoolwith.me/reviews/39540,discovered_not_indexed,2026-09-18,2026-09-21T20:26:15,2026-09-21T20:26:15
https://schoolwith.me/reviews/39543,discovered_not_indexed,2026-09-18,2026-09-21T20:26:15,2026-09-21T20:26:15
https://schoolwith.me/reviews/39552,discovered_not_indexed,2026-09-18,2026-09-21T20:26:15,2026-09-21T20:26:15
https://schoolwith.me/reviews/39575,crawled_not_indexed,2026-09-18,2026-09-21T20:26:15,2026-09-21T20:26:15
https://schoolwith.me/reviews/39577,discovered_not_indexed,2026-09-18,2026-09-21T20:26:15,2026-09-21T20:26:15
https://schoolwith.me/reviews/39614,discovered_not_indexed,2026-09-18,2026-09-21T20:26:15,2026-09-21T20:26:15
https://schoolwith.me/reviews/39627,discovered_not_indexed,2026-09-18,2026-09-21T20:26:15,2026-09-21T20:26:15
https://schoolwith.me/reviews/39653,discovered_not_indexed,2026-09-18,2026-09-21T20:26:15,2026-09-21T20:26:15
https://schoolwith.me/reviews/39692,discovered_not_indexed,2026-09-18,2026-09-21T20:26:15,2026-09-21T20:26:15
https://schoolwith.me/reviews/39693,discovered_not_indexed,2026-09-18,2026-09-21T20:26:15,2026-09-21T20:26:15
https://schoolwith.me/reviews/39809,discovered_not_indexed,2026-09-18,2026-09-21T20:26:15,2026-09-21T20:26:15
https://schoolwith.me/reviews/39814,discovered_not_indexed,2026-09-18,2026-09-21T20:26:15,2026-09-21T20:26:15
https://schoolwith.me/reviews/39817,discovered_not_indexed,2026-09-18,2026-09-21T20:26:15,2026-09-21T20:26:15
https://schoolwith.me/reviews/39855,discovered_not_indexed,2026-09-18,2026-09-21T20:26:15,2026-09-21T20:26:15
https://schoolwith.me/reviews/39859?a8=KrA0DrUo2L8pjzgCZjBMppIMq.zJ8oIsAj_CszIFMF4o2LAX79TKcLTLGLZsasTBcFbMIvAycrA01s00000024868001,dup_no_user_canonical,2026-09-18,2026-09-21T20:26:15,2026-09-21T20:26:15
https://schoolwith.me/reviews/39860,discovered_not_indexed,2026-09-18,2026-09-21T20:26:15,2026-09-21T20:26:15
https://schoolwith.me/reviews/39861,crawled_not_indexed,2026-09-18,2026-09-21T20:26:15,2026-09-21T20:26:15
https://schoolwith.me/reviews/39875,discovered_not_indexed,2026-09-18,2026-09-21T20:26:15,2026-09-21T20:26:15
https://schoolwith.me/reviews/39920,discovered_not_indexed,2026-09-18,2026-09-21T20:26:15,2026-09-21T20:26:15
https://schoolwith.me/reviews/39926,crawled_not_indexed,2026-09-18,2026-09-21T20:26:15,2026-09-21T20:26:15
https://schoolwith.me/reviews/39937,discovered_not_indexed,2026-09-18,2026-09-21T20:26:15,2026-09-21T20:26:15
https://schoolwith.me/reviews/39945,discovered_not_indexed,2026-09-18,2026-09-21T20:26:15,2026-09-21T20:26:15
https://schoolwith.me/reviews/39950,discovered_not_indexed,2026-09-18,2026-09-21T20:26:15,2026-09-21T20:26:15
https://schoolwith.me/reviews/39963,discovered_not_indexed,2026-09-18,2026-09-21T20:26:15,2026-09-21T20:26:15
https://schoolwith.me/reviews/39989,crawled_not_indexed,2026-09-18,2026-09-21T20:26:15,2026-09-21T20:26:15
https://schoolwith.me/reviews/40104,crawled_not_indexed,2026-09-18,2026-09-21T20:26:15,2026-09-21T20:26:15
https://schoolwith.me/reviews/40165,discovered_not_indexed,2026-09-18,2026-09-21T20:26:15,2026-09-21T20:26:15
https://schoolwith.me/reviews/40257,discovered_not_indexed,2026-09-18,2026-09-21T20:26:15,2026-09-21T20:26:15
https://schoolwith.me/reviews/40305,discovered_not_indexed,2026-09-18,2026-09-21T20:26:15,2026-09-21T20:26:15
https://schoolwith.me/reviews/40330,discovered_not_indexed,2026-09-18,2026-09-21T20:26:15,2026-09-21T20:26:15
https://schoolwith.me/reviews/40333,discovered_not_indexed,2026-09-18,2026-09-21T20:26:15,2026-09-21T20:26:15
https://schoolwith.me/reviews/40345,discovered_not_indexed,2026-09-18,2026-09-21T20:26:15,2026-09-21T20:26:15
https://schoolwith.me/reviews/40348,discovered_not_indexed,2026-09-18,2026-09-21T20:26:15,2026-09-21T20:26:15
https://schoolwith.me/reviews/40374,discovered_not_indexed,2026-09-18,2026-09-21T20:26:15,2026-09-21T20:26:15
https://schoolwith.me/reviews/40386,discovered_not_indexed,2026-09-18,2026-09-21T20:26:15,2026-09-21T20:26:15
https://schoolwith.me/reviews/40440,discovered_not_indexed,2026-09-18,2026-09-21T20:26:15,2026-09-21T20:26:15
https://schoolwith.me/reviews/40467,discovered_not_indexed,2026-09-18,2026-09-21T20:26:15,2026-09-21T20:26:15
https://schoolwith.me/reviews/40497,discovered_not_indexed,2026-09-18,2026-09-21T20:26:15,2026-09-21T20:26:15
https://schoolwith.me/reviews/40500,discovered_not_indexed,2026-09-18,2026-09-21T20:26:15,2026-09-21T20:26:15
https://schoolwith.me/reviews/40527,discovered_not_indexed,2026-09-18,2026-09-21T20:26:15,2026-09-21T20:26:15
https://schoolwith.me/reviews/40544,crawled_not_indexed,2026-09-18,2026-09-21T20:26:15,2026-09-21T20:26:15
https://schoolwith.me/reviews/40556,crawled_not_indexed,2026-09-18,2026-09-21T20:26:15,2026-09-21T20:26:15
https://schoolwith.me/reviews/40587,discovered_not_indexed,2026-09-18,2026-09-21T20:26:15,2026-09-21T20:26:15
https://schoolwith.me/reviews/40616,discovered_not_indexed,2026-09-18,2026-09-21T20:26:15,2026-09-21T20:26:15
https://schoolwith.me/reviews/40633,crawled_not_indexed,2026-09-18,2026-09-21T20:26:15,2026-09-21T20:26:15
https://schoolwith.me/reviews/40657,discovered_not_indexed,2026-09-18,2026-09-21T20:26:15,2026-09-21T20:26:15
https://schoolwith.me/reviews/40669,discovered_not_indexed,2026-09-18,2026-09-21T20:26:15,2026-09-21T20:26:15
https://schoolwith.me/reviews/40703,discovered_not_indexed,2026-09-18,2026-09-21T20:26:15,2026-09-21T20:26:15
https://schoolwith.me/reviews/40790,discovered_not_indexed,2026-09-18,2026-09-21T20:26:15,2026-09-21T20:26:15
https://schoolwith.me/reviews/40840,discovered_not_indexed,2026-09-18,2026-09-21T20:26:15,2026-09-21T20:26:15
https://schoolwith.me/reviews/40883,crawled_not_indexed,2026-09-18,2026-09-21T20:26:15,2026-09-21T20:26:15
https://schoolwith.me/reviews/40887,discovered_not_indexed,2026-09-18,2026-09-21T20:26:15,2026-09-21T20:26:15
https://schoolwith.me/reviews/40922,discovered_not_indexed,2026-09-18,2026-09-21T20:26:15,2026-09-21T20:26:15
https://schoolwith.me/reviews/40928,discovered_not_indexed,2026-09-18,2026-09-21T20:26:15,2026-09-21T20:26:15
https://schoolwith.me/reviews/40964,discovered_not_indexed,2026-09-18,2026-09-21T20:26:15,2026-09-21T20:26:15
https://schoolwith.me/reviews/40983,discovered_not_indexed,2026-09-18,2026-09-21T20:26:15,2026-09-21T20:26:15
https://schoolwith.me/reviews/41058,discovered_not_indexed,2026-09-18,2026-09-21T20:26:15,2026-09-21T20:26:15
https://schoolwith.me/reviews/41064,discovered_not_indexed,2026-09-18,2026-09-21T20:26:15,2026-09-21T20:26:15
https://schoolwith.me/reviews/41074,discovered_not_indexed,2026-09-18,2026-09-21T20:26:15,2026-09-21T20:26:15
https://schoolwith.me/reviews/41111,discovered_not_indexed,2026-09-18,2026-09-21T20:26:15,2026-09-21T20:26:15
https://schoolwith.me/reviews/41130,discovered_not_indexed,2026-09-18,2026-09-21T20:26:15,2026-09-21T20:26:15
https://schoolwith.me/reviews/41143,discovered_not_indexed,2026-09-18,2026-09-21T20:26:15,2026-09-21T20:26:15
https://schoolwith.me/reviews/41160,discovered_not_indexed,2026-09-18,2026-09-21T20:26:15,2026-09-21T20:26:15
https://schoolwith.me/reviews/41224,discovered_not_indexed,2026-09-18,2026-09-21T20:26:15,2026-09-21T20:26:15
https://schoolwith.me/reviews/41628,discovered_not_indexed,2026-09-18,2026-09-21T20:26:15,2026-09-21T20:26:15
https://schoolwith.me/reviews/41680,discovered_not_indexed,2026-09-18,2026-09-21T20:26:15,2026-09-21T20:26:15
https://schoolwith.me/reviews/41697,crawled_not_indexed,2026-09-18,2026-09-21T20:26:15,2026-09-21T20:26:15
https://schoolwith.me/reviews/41713,discovered_not_indexed,2026-09-18,2026-09-21T20:26:15,2026-09-21T20:26:15
https://schoolwith.me/reviews/41730,discovered_not_indexed,2026-09-18,2026-09-21T20:26:15,2026-09-21T20:26:15
https://schoolwith.me/reviews/41844,crawled_not_indexed,2026-09-18,2026-09-21T20:26:15,2026-09-21T20:26:15
https://schoolwith.me/reviews/41859,discovered_not_indexed,2026-09-18,2026-09-21T20:26:15,2026-09-21T20:26:15
https://schoolwith.me/reviews/41900,discovered_not_indexed,2026-09-18,2026-09-21T20:26:15,2026-09-21T20:26:15
https://schoolwith.me/reviews/41906,discovered_not_indexed,2026-09-18,2026-09-21T20:26:15,2026-09-21T20:26:15
https://schoolwith.me/reviews/41980,discovered_not_indexed,2026-09-18,2026-09-21T20:26:15,2026-09-21T20:26:15
https://schoolwith.me/reviews/41999,discovered_not_indexed,2026-09-18,2026-09-21T20:26:15,2026-09-21T20:26:15
https://schoolwith.me/reviews/42015,discovered_not_indexed,2026-09-18,2026-09-21T20:26:15,2026-09-21T20:26:15
https://schoolwith.me/reviews/42061,discovered_not_indexed,2026-09-18,2026-09-21T20:26:15,2026-09-21T20:26:15
https://schoolwith.me/reviews/42082?a8=KrA0DrUo2L8pjzgCZjBMppIMq.zJ8oIsAj_CszIFMF4o2LAX79TKcLTLGLZsasTBcFbMIvAycrA01s00000024868001,crawled_not_indexed,2026-09-18,2026-09-21T20:26:15,2026-09-21T20:26:15
https://schoolwith.me/reviews/42085,discovered_not_indexed,2026-09-18,2026-09-21T20:26:15,2026-09-21T20:26:15
https://schoolwith.me/reviews/42112,crawled_not_indexed,2026-09-18,2026-09-21T20:26:15,2026-09-21T20:26:15
https://schoolwith.me/reviews/42133,discovered_not_indexed,2026-09-18,2026-09-21T20:26:15,2026-09-21T20:26:15
https://schoolwith.me/reviews/42138,discovered_not_indexed,2026-09-18,2026-09-21T20:26:15,2026-09-21T20:26:15
https://schoolwith.me/reviews/42302,discovered_not_indexed,2026-09-18,2026-09-21T20:26:15,2026-09-21T20:26:15
https://schoolwith.me/reviews/42317,crawled_not_indexed,2026-09-18,2026-09-21T20:26:15,2026-09-21T20:26:15
https://schoolwith.me/reviews/42325,crawled_not_indexed,2026-09-18,2026-09-21T20:26:15,2026-09-21T20:26:15
https://schoolwith.me/reviews/42326,discovered_not_indexed,2026-09-18,2026-09-21T20:26:15,2026-09-21T20:26:15
https://schoolwith.me/reviews/42327,crawled_not_indexed,2026-09-18,2026-09-21T20:26:15,2026-09-21T20:26:15
https://schoolwith.me/reviews/42335,crawled_not_indexed,2026-09-18,2026-09-21T20:26:15,2026-09-21T20:26:15
https://schoolwith.me/reviews/42337,crawled_not_indexed,2026-09-18,2026-09-21T20:26:15,2026-09-21T20:26:15
https://schoolwith.me/reviews/42380,discovered_not_indexed,2026-09-18,2026-09-21T20:26:15,2026-09-21T20:26:15
https://schoolwith.me/reviews/42424,discovered_not_indexed,2026-09-18,2026-09-21T20:26:15,2026-09-21T20:26:15
https://schoolwith.me/reviews/42446,discovered_not_indexed,2026-09-18,2026-09-21T20:26:15,2026-09-21T20:26:15
https://schoolwith.me/reviews/42466,discovered_not_indexed,2026-09-18,2026-09-21T20:26:15,2026-09-21T20:26:15
https://schoolwith.me/reviews/42468,discovered_not_indexed,2026-09-18,2026-09-21T20:26:15,2026-09-21T20:26:15
https://schoolwith.me/reviews/42470,discovered_not_indexed,2026-09-18,2026-09-21T20:26:15,2026-09-21T20:26:15
https://schoolwith.me/reviews/42538,discovered_not_indexed,2026-09-18,2026-09-21T20:26:15,2026-09-21T20:26:15
https://schoolwith.me/reviews/42555,discovered_not_indexed,2026-09-18,2026-09-21T20:26:15,2026-09-21T20:26:15
https://schoolwith.me/reviews/42581,discovered_not_indexed,2026-09-18,2026-09-21T20:26:15,2026-09-21T20:26:15
https://schoolwith.me/reviews/42610,discovered_not_indexed,2026-09-18,2026-09-21T20:26:15,2026-09-21T20:26:15
https://schoolwith.me/reviews/42633,discovered_not_indexed,2026-09-18,2026-09-21T20:26:15,2026-09-21T20:26:15
https://schoolwith.me/reviews/42696,discovered_not_indexed,2026-09-18,2026-09-21T20:26:15,2026-09-21T20:26:15
https://schoolwith.me/reviews/42698,discovered_not_indexed,2026-09-18,2026-09-21T20:26:15,2026-09-21T20:26:15
https://schoolwith.me/reviews/42726,discovered_not_indexed,2026-09-18,2026-09-21T20:26:15,2026-09-21T20:26:15
https://schoolwith.me/reviews/42766,discovered_not_indexed,2026-09-18,2026-09-21T20:26:15,2026-09-21T20:26:15
https://schoolwith.me/reviews/42769,discovered_not_indexed,2026-09-18,2026-09-21T20:26:15,2026-09-21T20:26:15
https://schoolwith.me/reviews/42813,crawled_not_indexed,2026-09-18,2026-09-21T20:26:15,2026-09-21T20:26:15
https://schoolwith.me/reviews/42838,crawled_not_indexed,2026-09-18,2026-09-21T20:26:15,2026-09-21T20:26:15
https://schoolwith.me/reviews/42939,discovered_not_indexed,2026-09-18,2026-09-21T20:26:15,2026-09-21T20:26:15
https://schoolwith.me/reviews/42950,discovered_not_indexed,2026-09-18,2026-09-21T20:26:15,2026-09-21T20:26:15
https://schoolwith.me/reviews/42956,crawled_not_indexed,2026-09-18,2026-09-21T20:26:15,2026-09-21T20:26:15
https://schoolwith.me/reviews/42963,discovered_not_indexed,2026-09-18,2026-09-21T20:26:15,2026-09-21T20:26:15
https://schoolwith.me/reviews/43021,discovered_not_indexed,2026-09-18,2026-09-21T20:26:15,2026-09-21T20:26:15
https://schoolwith.me/reviews/43048,discovered_not_indexed,2026-09-18,2026-09-21T20:26:15,2026-09-21T20:26:15
https://schoolwith.me/reviews/43073,discovered_not_indexed,2026-09-18,2026-09-21T20:26:15,2026-09-21T20:26:15
https://schoolwith.me/reviews/43098,crawled_not_indexed,2026-09-18,2026-09-21T20:26:15,2026-09-21T20:26:15
https://schoolwith.me/reviews/43120?a8=KrA0DrUo2L8pjzgCZjBMppIMq.zJ8oIsAj_CszIFMF4o2LAX79TKcLTLGLZsasTBcFbMIvAycrA01s00000024868001,crawled_not_indexed,2026-09-18,2026-09-21T20:26:15,2026-09-21T20:26:15
https://schoolwith.me/reviews/43158,discovered_not_indexed,2026-09-18,2026-09-21T20:26:15,2026-09-21T20:26:15
https://schoolwith.me/reviews/43191,crawled_not_indexed,2026-09-18,2026-09-21T20:26:15,2026-09-21T20:26:15
https://schoolwith.me/reviews/43234,discovered_not_indexed,2026-09-18,2026-09-21T20:26:15,2026-09-21T20:26:15
https://schoolwith.me/reviews/43237,discovered_not_indexed,2026-09-18,2026-09-21T20:26:15,2026-09-21T20:26:15
https://schoolwith.me/reviews/43290,crawled_not_indexed,2026-09-18,2026-09-21T20:26:15,2026-09-21T20:26:15
https://schoolwith.me/reviews/43334,discovered_not_indexed,2026-09-18,2026-09-21T20:26:15,2026-09-21T20:26:15
https://schoolwith.me/reviews/43406,discovered_not_indexed,2026-09-18,2026-09-21T20:26:15,2026-09-21T20:26:15
https://schoolwith.me/reviews/43492,discovered_not_indexed,2026-09-18,2026-09-21T20:26:15,2026-09-21T20:26:15
https://schoolwith.me/reviews/43505,crawled_not_indexed,2026-09-18,2026-09-21T20:26:15,2026-09-21T20:26:15
https://schoolwith.me/reviews/43555,discovered_not_indexed,2026-09-18,2026-09-21T20:26:15,2026-09-21T20:26:15
https://schoolwith.me/reviews/43557,crawled_not_indexed,2026-09-18,2026-09-21T20:26:15,2026-09-21T20:26:15
https://schoolwith.me/reviews/43559,crawled_not_indexed,2026-09-18,2026-09-21T20:26:15,2026-09-21T20:26:15
https://schoolwith.me/reviews/43593,discovered_not_indexed,2026-09-18,2026-09-21T20:26:15,2026-09-21T20:26:15
https://schoolwith.me/reviews/43609,crawled_not_indexed,2026-09-18,2026-09-21T20:26:15,2026-09-21T20:26:15
https://schoolwith.me/reviews/43620,discovered_not_indexed,2026-09-18,2026-09-21T20:26:15,2026-09-21T20:26:15
https://schoolwith.me/reviews/43639,discovered_not_indexed,2026-09-18,2026-09-21T20:26:15,2026-09-21T20:26:15
https://schoolwith.me/reviews/43640,discovered_not_indexed,2026-09-18,2026-09-21T20:26:15,2026-09-21T20:26:15
https://schoolwith.me/reviews/43659,discovered_not_indexed,2026-09-18,2026-09-21T20:26:15,2026-09-21T20:26:15
https://schoolwith.me/reviews/43698,crawled_not_indexed,2026-09-18,2026-09-21T20:26:15,2026-09-21T20:26:15
https://schoolwith.me/reviews/43720,discovered_not_indexed,2026-09-18,2026-09-21T20:26:15,2026-09-21T20:26:15
https://schoolwith.me/reviews/43738,discovered_not_indexed,2026-09-18,2026-09-21T20:26:15,2026-09-21T20:26:15
https://schoolwith.me/reviews/43767,discovered_not_indexed,2026-09-18,2026-09-21T20:26:15,2026-09-21T20:26:15
https://schoolwith.me/reviews/43782,discovered_not_indexed,2026-09-18,2026-09-21T20:26:15,2026-09-21T20:26:15
https://schoolwith.me/reviews/43805,crawled_not_indexed,2026-09-18,2026-09-21T20:26:15,2026-09-21T20:26:15
https://schoolwith.me/reviews/43815,crawled_not_indexed,2026-09-18,2026-09-21T20:26:15,2026-09-21T20:26:15
https://schoolwith.me/reviews/43819,discovered_not_indexed,2026-09-18,2026-09-21T20:26:15,2026-09-21T20:26:15
https://schoolwith.me/reviews/43876,crawled_not_indexed,2026-09-18,2026-09-21T20:26:15,2026-09-21T20:26:15
https://schoolwith.me/reviews/43907,discovered_not_indexed,2026-09-18,2026-09-21T20:26:15,2026-09-21T20:26:15
https://schoolwith.me/reviews/43924,discovered_not_indexed,2026-09-18,2026-09-21T20:26:15,2026-09-21T20:26:15
https://schoolwith.me/reviews/43940,discovered_not_indexed,2026-09-18,2026-09-21T20:26:15,2026-09-21T20:26:15
https://schoolwith.me/reviews/43944,crawled_not_indexed,2026-09-18,2026-09-21T20:26:15,2026-09-21T20:26:15
https://schoolwith.me/reviews/43970,discovered_not_indexed,2026-09-18,2026-09-21T20:26:15,2026-09-21T20:26:15
https://schoolwith.me/reviews/44021,discovered_not_indexed,2026-09-18,2026-09-21T20:26:15,2026-09-21T20:26:15
https://schoolwith.me/reviews/44043,discovered_not_indexed,2026-09-18,2026-09-21T20:26:15,2026-09-21T20:26:15
https://schoolwith.me/reviews/44054,discovered_not_indexed,2026-09-18,2026-09-21T20:26:15,2026-09-21T20:26:15
https://schoolwith.me/reviews/44062,crawled_not_indexed,2026-09-18,2026-09-21T20:26:15,2026-09-21T20:26:15
https://schoolwith.me/reviews/44120,crawled_not_indexed,2026-09-18,2026-09-21T20:26:15,2026-09-21T20:26:15
https://schoolwith.me/reviews/44127,discovered_not_indexed,2026-09-18,2026-09-21T20:26:15,2026-09-21T20:26:15
https://schoolwith.me/reviews/44167,discovered_not_indexed,2026-09-18,2026-09-21T20:26:15,2026-09-21T20:26:15
https://schoolwith.me/reviews/44214,discovered_not_indexed,2026-09-18,2026-09-21T20:26:15,2026-09-21T20:26:15
https://schoolwith.me/reviews/44222,discovered_not_indexed,2026-09-18,2026-09-21T20:26:15,2026-09-21T20:26:15
https://schoolwith.me/reviews/44340,discovered_not_indexed,2026-09-18,2026-09-21T20:26:15,2026-09-21T20:26:15
https://schoolwith.me/reviews/44363,discovered_not_indexed,2026-09-18,2026-09-21T20:26:15,2026-09-21T20:26:15
https://schoolwith.me/reviews/44389,discovered_not_indexed,2026-09-18,2026-09-21T20:26:15,2026-09-21T20:26:15
https://schoolwith.me/reviews/44407,discovered_not_indexed,2026-09-18,2026-09-21T20:26:15,2026-09-21T20:26:15
https://schoolwith.me/reviews/44483,discovered_not_indexed,2026-09-18,2026-09-21T20:26:15,2026-09-21T20:26:15
https://schoolwith.me/reviews/44499,crawled_not_indexed,2026-09-18,2026-09-21T20:26:15,2026-09-21T20:26:15
https://schoolwith.me/reviews/44511,crawled_not_indexed,2026-09-18,2026-09-21T20:26:15,2026-09-21T20:26:15
https://schoolwith.me/reviews/44514,discovered_not_indexed,2026-09-18,2026-09-21T20:26:15,2026-09-21T20:26:15
https://schoolwith.me/reviews/44518,discovered_not_indexed,2026-09-18,2026-09-21T20:26:15,2026-09-21T20:26:15
https://schoolwith.me/reviews/44524,discovered_not_indexed,2026-09-18,2026-09-21T20:26:15,2026-09-21T20:26:15
https://schoolwith.me/reviews/44529,crawled_not_indexed,2026-09-18,2026-09-21T20:26:15,2026-09-21T20:26:15
https://schoolwith.me/reviews/44572,crawled_not_indexed,2026-09-18,2026-09-21T20:26:15,2026-09-21T20:26:15
https://schoolwith.me/reviews/44603,crawled_not_indexed,2026-09-18,2026-09-21T20:26:15,2026-09-21T20:26:15
https://schoolwith.me/reviews/44659,discovered_not_indexed,2026-09-18,2026-09-21T20:26:15,2026-09-21T20:26:15
https://schoolwith.me/reviews/44662,crawled_not_indexed,2026-09-18,2026-09-21T20:26:15,2026-09-21T20:26:15
https://schoolwith.me/reviews/44672,discovered_not_indexed,2026-09-18,2026-09-21T20:26:15,2026-09-21T20:26:15
https://schoolwith.me/reviews/44685,crawled_not_indexed,2026-09-18,2026-09-21T20:26:15,2026-09-21T20:26:15
https://schoolwith.me/reviews/44690,discovered_not_indexed,2026-09-18,2026-09-21T20:26:15,2026-09-21T20:26:15
https://schoolwith.me/reviews/44699,discovered_not_indexed,2026-09-18,2026-09-21T20:26:15,2026-09-21T20:26:15
https://schoolwith.me/reviews/44701,discovered_not_indexed,2026-09-18,2026-09-21T20:26:15,2026-09-21T20:26:15
https://schoolwith.me/reviews/44718,discovered_not_indexed,2026-09-18,2026-09-21T20:26:15,2026-09-21T20:26:15
https://schoolwith.me/reviews/44727,discovered_not_indexed,2026-09-18,2026-09-21T20:26:15,2026-09-21T20:26:15
https://schoolwith.me/reviews/44759,discovered_not_indexed,2026-09-18,2026-09-21T20:26:15,2026-09-21T20:26:15
https://schoolwith.me/reviews/44767,crawled_not_indexed,2026-09-18,2026-09-21T20:26:15,2026-09-21T20:26:15
https://schoolwith.me/reviews/44774,discovered_not_indexed,2026-09-18,2026-09-21T20:26:15,2026-09-21T20:26:15
https://schoolwith.me/reviews/44785,discovered_not_indexed,2026-09-18,2026-09-21T20:26:15,2026-09-21T20:26:15
https://schoolwith.me/reviews/44818,discovered_not_indexed,2026-09-18,2026-09-21T20:26:15,2026-09-21T20:26:15
https://schoolwith.me/reviews/44827,discovered_not_indexed,2026-09-18,2026-09-21T20:26:15,2026-09-21T20:26:15
https://schoolwith.me/reviews/44853,discovered_not_indexed,2026-09-18,2026-09-21T20:26:15,2026-09-21T20:26:15
https://schoolwith.me/reviews/44854,discovered_not_indexed,2026-09-18,2026-09-21T20:26:15,2026-09-21T20:26:15
https://schoolwith.me/reviews/44855,crawled_not_indexed,2026-09-18,2026-09-21T20:26:15,2026-09-21T20:26:15
https://schoolwith.me/reviews/44930,discovered_not_indexed,2026-09-18,2026-09-21T20:26:15,2026-09-21T20:26:15
https://schoolwith.me/reviews/44947,crawled_not_indexed,2026-09-18,2026-09-21T20:26:15,2026-09-21T20:26:15
https://schoolwith.me/reviews/44992,crawled_not_indexed,2026-09-18,2026-09-21T20:26:15,2026-09-21T20:26:15
https://schoolwith.me/reviews/45026,discovered_not_indexed,2026-09-18,2026-09-21T20:26:15,2026-09-21T20:26:15
https://schoolwith.me/reviews/45028,crawled_not_indexed,2026-09-18,2026-09-21T20:26:15,2026-09-21T20:26:15
https://schoolwith.me/reviews/45035,discovered_not_indexed,2026-09-18,2026-09-21T20:26:15,2026-09-21T20:26:15
https://schoolwith.me/reviews/45071,crawled_not_indexed,2026-09-18,2026-09-21T20:26:15,2026-09-21T20:26:15
https://schoolwith.me/reviews/45072,crawled_not_indexed,2026-09-18,2026-09-21T20:26:15,2026-09-21T20:26:15
https://schoolwith.me/reviews/45137,crawled_not_indexed,2026-09-18,2026-09-21T20:26:15,2026-09-21T20:26:15
https://schoolwith.me/reviews/45138,crawled_not_indexed,2026-09-18,2026-09-21T20:26:15,2026-09-21T20:26:15
https://schoolwith.me/reviews/45161,discovered_not_indexed,2026-09-18,2026-09-21T20:26:15,2026-09-21T20:26:15
https://schoolwith.me/reviews/45170,crawled_not_indexed,2026-09-18,2026-09-21T20:26:15,2026-09-21T20:26:15
https://schoolwith.me/reviews/45176,discovered_not_indexed,2026-09-18,2026-09-21T20:26:15,2026-09-21T20:26:15
https://schoolwith.me/reviews/45321,discovered_not_indexed,2026-09-18,2026-09-21T20:26:15,2026-09-21T20:26:15
https://schoolwith.me/reviews/45329,discovered_not_indexed,2026-09-18,2026-09-21T20:26:15,2026-09-21T20:26:15
https://schoolwith.me/reviews/45345,crawled_not_indexed,2026-09-18,2026-09-21T20:26:15,2026-09-21T20:26:15
https://schoolwith.me/reviews/45347,crawled_not_indexed,2026-09-18,2026-09-21T20:26:15,2026-09-21T20:26:15
https://schoolwith.me/reviews/45385,crawled_not_indexed,2026-09-18,2026-09-21T20:26:15,2026-09-21T20:26:15
https://schoolwith.me/reviews/45399,crawled_not_indexed,2026-09-18,2026-09-21T20:26:15,2026-09-21T20:26:15
https://schoolwith.me/reviews/45409,crawled_not_indexed,2026-09-18,2026-09-21T20:26:15,2026-09-21T20:26:15
https://schoolwith.me/reviews/45422,crawled_not_indexed,2026-09-18,2026-09-21T20:26:15,2026-09-21T20:26:15
https://schoolwith.me/reviews/45430,crawled_not_indexed,2026-09-18,2026-09-21T20:26:15,2026-09-21T20:26:15
https://schoolwith.me/reviews/45449,crawled_not_indexed,2026-09-18,2026-09-21T20:26:15,2026-09-21T20:26:15
https://schoolwith.me/reviews/45451,discovered_not_indexed,2026-09-18,2026-09-21T20:26:15,2026-09-21T20:26:15
https://schoolwith.me/reviews/45454,discovered_not_indexed,2026-09-18,2026-09-21T20:26:15,2026-09-21T20:26:15
https://schoolwith.me/reviews/45462,discovered_not_indexed,2026-09-18,2026-09-21T20:26:15,2026-09-21T20:26:15
https://schoolwith.me/reviews/45474,crawled_not_indexed,2026-09-18,2026-09-21T20:26:15,2026-09-21T20:26:15
https://schoolwith.me/reviews/45487,crawled_not_indexed,2026-09-18,2026-09-21T20:26:15,2026-09-21T20:26:15
https://schoolwith.me/reviews/45519,crawled_not_indexed,2026-09-18,2026-09-21T20:26:15,2026-09-21T20:26:15
https://schoolwith.me/reviews/45556,crawled_not_indexed,2026-09-18,2026-09-21T20:26:15,2026-09-21T20:26:15
https://schoolwith.me/reviews/45598,crawled_not_indexed,2026-09-18,2026-09-21T20:26:15,2026-09-21T20:26:15
https://schoolwith.me/reviews/check?countryId=1&schoolId=48&areaId=1,crawled_not_indexed,2026-09-18,2026-09-21T20:26:15,2026-09-21T20:26:15
https://schoolwith.me/reviews/check?schoolId=119&areaId=1&countryId=1,crawled_not_indexed,2026-09-18,2026-09-21T20:26:15,2026-09-21T20:26:15
https://schoolwith.me/reviews/check?schoolId=183&areaId=3&countryId=1,crawled_not_indexed,2026-09-18,2026-09-21T20:26:15,2026-09-21T20:26:15
https://schoolwith.me/reviews/check?schoolId=20157&areaId=2006&countryId=2,crawled_not_indexed,2026-09-18,2026-09-21T20:26:15,2026-09-21T20:26:15
https://schoolwith.me/reviews/check?schoolId=20297&areaId=2148&countryId=2,crawled_not_indexed,2026-09-18,2026-09-21T20:26:15,2026-09-21T20:26:15
https://schoolwith.me/reviews/check?schoolId=20386&areaId=2108&countryId=2,crawled_not_indexed,2026-09-18,2026-09-21T20:26:15,2026-09-21T20:26:15
https://schoolwith.me/reviews/check?schoolId=20457&areaId=2009&countryId=2,crawled_not_indexed,2026-09-18,2026-09-21T20:26:15,2026-09-21T20:26:15
https://schoolwith.me/reviews/check?schoolId=20493&areaId=2003&countryId=2,crawled_not_indexed,2026-09-18,2026-09-21T20:26:15,2026-09-21T20:26:15
https://schoolwith.me/reviews/check?schoolId=20546&areaId=2005&countryId=2,crawled_not_indexed,2026-09-18,2026-09-21T20:26:15,2026-09-21T20:26:15
https://schoolwith.me/reviews/check?schoolId=30167&areaId=3003&countryId=3,crawled_not_indexed,2026-09-18,2026-09-21T20:26:15,2026-09-21T20:26:15
https://schoolwith.me/reviews/check?schoolId=30200&areaId=3004&countryId=3,crawled_not_indexed,2026-09-18,2026-09-21T20:26:15,2026-09-21T20:26:15
https://schoolwith.me/reviews/check?schoolId=30208&areaId=3006&countryId=3,crawled_not_indexed,2026-09-18,2026-09-21T20:26:15,2026-09-21T20:26:15
https://schoolwith.me/reviews/check?schoolId=30252&areaId=3001&countryId=3,crawled_not_indexed,2026-09-18,2026-09-21T20:26:15,2026-09-21T20:26:15
https://schoolwith.me/reviews/check?schoolId=40105&areaId=4004&countryId=4,crawled_not_indexed,2026-09-18,2026-09-21T20:26:15,2026-09-21T20:26:15
https://schoolwith.me/reviews/check?schoolId=40258&areaId=4002&countryId=4,crawled_not_indexed,2026-09-18,2026-09-21T20:26:15,2026-09-21T20:26:15
https://schoolwith.me/reviews/check?schoolId=40370&areaId=4005&countryId=4,crawled_not_indexed,2026-09-18,2026-09-21T20:26:15,2026-09-21T20:26:15
https://schoolwith.me/reviews/check?schoolId=50028&areaId=5002&countryId=5,crawled_not_indexed,2026-09-18,2026-09-21T20:26:15,2026-09-21T20:26:15
https://schoolwith.me/reviews/check?schoolId=50048&areaId=5004&countryId=5,crawled_not_indexed,2026-09-18,2026-09-21T20:26:15,2026-09-21T20:26:15
https://schoolwith.me/reviews/check?schoolId=50070&areaId=5005&countryId=5,crawled_not_indexed,2026-09-18,2026-09-21T20:26:15,2026-09-21T20:26:15
https://schoolwith.me/reviews/check?schoolId=50078&areaId=5022&countryId=5,crawled_not_indexed,2026-09-18,2026-09-21T20:26:15,2026-09-21T20:26:15
https://schoolwith.me/reviews/check?schoolId=50159&areaId=5018&countryId=5,crawled_not_indexed,2026-09-18,2026-09-21T20:26:15,2026-09-21T20:26:15
https://schoolwith.me/reviews/check?schoolId=50448&areaId=5003&countryId=5,crawled_not_indexed,2026-09-18,2026-09-21T20:26:15,2026-09-21T20:26:15
https://schoolwith.me/reviews/check?schoolId=50455&areaId=5030&countryId=5,crawled_not_indexed,2026-09-18,2026-09-21T20:26:15,2026-09-21T20:26:15
https://schoolwith.me/reviews/check?schoolId=520065&areaId=52036&countryId=52,crawled_not_indexed,2026-09-18,2026-09-21T20:26:15,2026-09-21T20:26:15
https://schoolwith.me/reviews/check?schoolId=97&areaId=6&countryId=1,crawled_not_indexed,2026-09-18,2026-09-21T20:26:15,2026-09-21T20:26:15
https://schoolwith.me/reviews/view/32332,crawled_not_indexed,2026-09-18,2026-09-21T20:26:15,2026-09-21T20:26:15
https://schoolwith.me/schools/17,crawled_not_indexed,2026-09-18,2026-09-21T20:26:15,2026-09-21T20:26:15
https://schoolwith.me/schools/177,crawled_not_indexed,2026-09-18,2026-09-21T20:26:15,2026-09-21T20:26:15
https://schoolwith.me/schools/180042,crawled_not_indexed,2026-09-18,2026-09-21T20:26:15,2026-09-21T20:26:15
https://schoolwith.me/schools/180049,crawled_not_indexed,2026-09-18,2026-09-21T20:26:15,2026-09-21T20:26:15
https://schoolwith.me/schools/200062,crawled_not_indexed,2026-09-18,2026-09-21T20:26:15,2026-09-21T20:26:15
https://schoolwith.me/schools/20124,crawled_not_indexed,2026-09-18,2026-09-21T20:26:15,2026-09-21T20:26:15
https://schoolwith.me/schools/20195,crawled_not_indexed,2026-09-18,2026-09-21T20:26:15,2026-09-21T20:26:15
https://schoolwith.me/schools/20297,crawled_not_indexed,2026-09-18,2026-09-21T20:26:15,2026-09-21T20:26:15
https://schoolwith.me/schools/20430,crawled_not_indexed,2026-09-18,2026-09-21T20:26:15,2026-09-21T20:26:15
https://schoolwith.me/schools/20459,crawled_not_indexed,2026-09-18,2026-09-21T20:26:15,2026-09-21T20:26:15
https://schoolwith.me/schools/20473,crawled_not_indexed,2026-09-18,2026-09-21T20:26:15,2026-09-21T20:26:15
https://schoolwith.me/schools/20526,crawled_not_indexed,2026-09-18,2026-09-21T20:26:15,2026-09-21T20:26:15
https://schoolwith.me/schools/20528,crawled_not_indexed,2026-09-18,2026-09-21T20:26:15,2026-09-21T20:26:15
https://schoolwith.me/schools/20549,crawled_not_indexed,2026-09-18,2026-09-21T20:26:15,2026-09-21T20:26:15
https://schoolwith.me/schools/20556,crawled_not_indexed,2026-09-18,2026-09-21T20:26:15,2026-09-21T20:26:15
https://schoolwith.me/schools/20677,crawled_not_indexed,2026-09-18,2026-09-21T20:26:15,2026-09-21T20:26:15
https://schoolwith.me/schools/211,crawled_not_indexed,2026-09-18,2026-09-21T20:26:15,2026-09-21T20:26:15
https://schoolwith.me/schools/216,crawled_not_indexed,2026-09-18,2026-09-21T20:26:15,2026-09-21T20:26:15
https://schoolwith.me/schools/240016,crawled_not_indexed,2026-09-18,2026-09-21T20:26:15,2026-09-21T20:26:15
https://schoolwith.me/schools/280019,crawled_not_indexed,2026-09-18,2026-09-21T20:26:15,2026-09-21T20:26:15
https://schoolwith.me/schools/30218,crawled_not_indexed,2026-09-18,2026-09-21T20:26:15,2026-09-21T20:26:15
https://schoolwith.me/schools/30238,crawled_not_indexed,2026-09-18,2026-09-21T20:26:15,2026-09-21T20:26:15
https://schoolwith.me/schools/30247,crawled_not_indexed,2026-09-18,2026-09-21T20:26:15,2026-09-21T20:26:15
https://schoolwith.me/schools/30252,crawled_not_indexed,2026-09-18,2026-09-21T20:26:15,2026-09-21T20:26:15
https://schoolwith.me/schools/40030,crawled_not_indexed,2026-09-18,2026-09-21T20:26:15,2026-09-21T20:26:15
https://schoolwith.me/schools/40051,crawled_not_indexed,2026-09-18,2026-09-21T20:26:15,2026-09-21T20:26:15
https://schoolwith.me/schools/40108,crawled_not_indexed,2026-09-18,2026-09-21T20:26:15,2026-09-21T20:26:15
https://schoolwith.me/schools/40136,crawled_not_indexed,2026-09-18,2026-09-21T20:26:15,2026-09-21T20:26:15
https://schoolwith.me/schools/40155,crawled_not_indexed,2026-09-18,2026-09-21T20:26:15,2026-09-21T20:26:15
https://schoolwith.me/schools/40165,crawled_not_indexed,2026-09-18,2026-09-21T20:26:15,2026-09-21T20:26:15
https://schoolwith.me/schools/40181,crawled_not_indexed,2026-09-18,2026-09-21T20:26:15,2026-09-21T20:26:15
https://schoolwith.me/schools/40200,crawled_not_indexed,2026-09-18,2026-09-21T20:26:15,2026-09-21T20:26:15
https://schoolwith.me/schools/40264,crawled_not_indexed,2026-09-18,2026-09-21T20:26:15,2026-09-21T20:26:15
https://schoolwith.me/schools/40291,crawled_not_indexed,2026-09-18,2026-09-21T20:26:15,2026-09-21T20:26:15
https://schoolwith.me/schools/40293,crawled_not_indexed,2026-09-18,2026-09-21T20:26:15,2026-09-21T20:26:15
https://schoolwith.me/schools/40346,crawled_not_indexed,2026-09-18,2026-09-21T20:26:15,2026-09-21T20:26:15
https://schoolwith.me/schools/50025,crawled_not_indexed,2026-09-18,2026-09-21T20:26:15,2026-09-21T20:26:15
https://schoolwith.me/schools/50412,crawled_not_indexed,2026-09-18,2026-09-21T20:26:15,2026-09-21T20:26:15
https://schoolwith.me/schools/50433,crawled_not_indexed,2026-09-18,2026-09-21T20:26:15,2026-09-21T20:26:15
https://schoolwith.me/schools/50453,crawled_not_indexed,2026-09-18,2026-09-21T20:26:15,2026-09-21T20:26:15
https://schoolwith.me/schools/50464,crawled_not_indexed,2026-09-18,2026-09-21T20:26:15,2026-09-21T20:26:15
https://schoolwith.me/schools/520023,crawled_not_indexed,2026-09-18,2026-09-21T20:26:15,2026-09-21T20:26:15
https://schoolwith.me/schools/520091,crawled_not_indexed,2026-09-18,2026-09-21T20:26:15,2026-09-21T20:26:15
https://schoolwith.me/schools/520110,crawled_not_indexed,2026-09-18,2026-09-21T20:26:15,2026-09-21T20:26:15
https://schoolwith.me/schools/520123,crawled_not_indexed,2026-09-18,2026-09-21T20:26:15,2026-09-21T20:26:15
https://schoolwith.me/schools/520132,crawled_not_indexed,2026-09-18,2026-09-21T20:26:15,2026-09-21T20:26:15
https://schoolwith.me/schools/520137,crawled_not_indexed,2026-09-18,2026-09-21T20:26:15,2026-09-21T20:26:15
https://schoolwith.me/schools/60109,crawled_not_indexed,2026-09-18,2026-09-21T20:26:15,2026-09-21T20:26:15
https://schoolwith.me/schools/60189,crawled_not_indexed,2026-09-18,2026-09-21T20:26:15,2026-09-21T20:26:15
https://schoolwith.me/schools/60200,crawled_not_indexed,2026-09-18,2026-09-21T20:26:15,2026-09-21T20:26:15
https://schoolwith.me/schools/60218,crawled_not_indexed,2026-09-18,2026-09-21T20:26:15,2026-09-21T20:26:15
https://schoolwith.me/schools/60228,crawled_not_indexed,2026-09-18,2026-09-21T20:26:15,2026-09-21T20:26:15
https://schoolwith.me/schools/62,crawled_not_indexed,2026-09-18,2026-09-21T20:26:15,2026-09-21T20:26:15
https://schoolwith.me/schools/70018,crawled_not_indexed,2026-09-18,2026-09-21T20:26:15,2026-09-21T20:26:15
https://schoolwith.me/schools/80038,crawled_not_indexed,2026-09-18,2026-09-21T20:26:15,2026-09-21T20:26:15
https://schoolwith.me/schools/curriculum/121?fragment_identifier=Curriculum499,dup_no_user_canonical,2026-09-18,2026-09-21T20:26:15,2026-09-21T20:26:15
https://schoolwith.me/schools/curriculum/121?fragment_identifier=Curriculum501,dup_no_user_canonical,2026-09-18,2026-09-21T20:26:15,2026-09-21T20:26:15
https://schoolwith.me/schools/curriculum/137?fragment_identifier=Curriculum823,dup_no_user_canonical,2026-09-18,2026-09-21T20:26:15,2026-09-21T20:26:15
https://schoolwith.me/schools/curriculum/137?fragment_identifier=Curriculum824,dup_no_user_canonical,2026-09-18,2026-09-21T20:26:15,2026-09-21T20:26:15
https://schoolwith.me/schools/curriculum/137?fragment_identifier=Curriculum827,dup_no_user_canonical,2026-09-18,2026-09-21T20:26:15,2026-09-21T20:26:15
https://schoolwith.me/schools/curriculum/137?fragment_identifier=Curriculum834,dup_no_user_canonical,2026-09-18,2026-09-21T20:26:15,2026-09-21T20:26:15
https://schoolwith.me/schools/curriculum/142?fragment_identifier=Curriculum206,crawled_not_indexed,2026-09-18,2026-09-21T20:26:15,2026-09-21T20:26:15
https://schoolwith.me/schools/curriculum/142?fragment_identifier=Curriculum207,crawled_not_indexed,2026-09-18,2026-09-21T20:26:15,2026-09-21T20:26:15
https://schoolwith.me/schools/curriculum/142?fragment_identifier=Curriculum483,crawled_not_indexed,2026-09-18,2026-09-21T20:26:15,2026-09-21T20:26:15
https://schoolwith.me/schools/curriculum/167?fragment_identifier=Curriculum215,crawled_not_indexed,2026-09-18,2026-09-21T20:26:15,2026-09-21T20:26:15
https://schoolwith.me/schools/curriculum/20022?fragment_identifier=Curriculum296,dup_no_user_canonical,2026-09-18,2026-09-21T20:26:15,2026-09-21T20:26:15
https://schoolwith.me/schools/curriculum/20022?fragment_identifier=Curriculum298,dup_no_user_canonical,2026-09-18,2026-09-21T20:26:15,2026-09-21T20:26:15
https://schoolwith.me/schools/curriculum/20022?fragment_identifier=Curriculum300,dup_no_user_canonical,2026-09-18,2026-09-21T20:26:15,2026-09-21T20:26:15
https://schoolwith.me/schools/curriculum/20022?fragment_identifier=Curriculum317,dup_no_user_canonical,2026-09-18,2026-09-21T20:26:15,2026-09-21T20:26:15
https://schoolwith.me/schools/curriculum/20022?fragment_identifier=Curriculum318,dup_no_user_canonical,2026-09-18,2026-09-21T20:26:15,2026-09-21T20:26:15
https://schoolwith.me/schools/curriculum/20022?fragment_identifier=Curriculum320,dup_no_user_canonical,2026-09-18,2026-09-21T20:26:15,2026-09-21T20:26:15
https://schoolwith.me/schools/curriculum/20022?fragment_identifier=Curriculum321,dup_no_user_canonical,2026-09-18,2026-09-21T20:26:15,2026-09-21T20:26:15
https://schoolwith.me/schools/curriculum/20091,discovered_not_indexed,2026-09-18,2026-09-21T20:26:15,2026-09-21T20:26:15
https://schoolwith.me/schools/curriculum/20109,crawled_not_indexed,2026-09-18,2026-09-21T20:26:15,2026-09-21T20:26:15
https://schoolwith.me/schools/curriculum/20119,crawled_not_indexed,2026-09-18,2026-09-21T20:26:15,2026-09-21T20:26:15
https://schoolwith.me/schools/curriculum/20239?fragment_identifier=Curriculum552,dup_no_user_canonical,2026-09-18,2026-09-21T20:26:15,2026-09-21T20:26:15
https://schoolwith.me/schools/curriculum/20?fragment_identifier=Curriculum537,crawled_not_indexed,2026-09-18,2026-09-21T20:26:15,2026-09-21T20:26:15
https://schoolwith.me/schools/curriculum/240,crawled_not_indexed,2026-09-18,2026-09-21T20:26:15,2026-09-21T20:26:15
https://schoolwith.me/schools/curriculum/30063,crawled_not_indexed,2026-09-18,2026-09-21T20:26:15,2026-09-21T20:26:15
https://schoolwith.me/schools/curriculum/36?fragment_identifier=Curriculum282,crawled_not_indexed,2026-09-18,2026-09-21T20:26:15,2026-09-21T20:26:15
https://schoolwith.me/schools/curriculum/36?fragment_identifier=Curriculum39,dup_no_user_canonical,2026-09-18,2026-09-21T20:26:15,2026-09-21T20:26:15
https://schoolwith.me/schools/curriculum/36?fragment_identifier=Curriculum443,crawled_not_indexed,2026-09-18,2026-09-21T20:26:15,2026-09-21T20:26:15
https://schoolwith.me/schools/curriculum/36?fragment_identifier=Curriculum813,dup_no_user_canonical,2026-09-18,2026-09-21T20:26:15,2026-09-21T20:26:15
https://schoolwith.me/schools/curriculum/36?fragment_identifier=Curriculum912,dup_no_user_canonical,2026-09-18,2026-09-21T20:26:15,2026-09-21T20:26:15
https://schoolwith.me/schools/curriculum/40009?fragment_identifier=Curriculum1734,dup_no_user_canonical,2026-09-18,2026-09-21T20:26:15,2026-09-21T20:26:15
https://schoolwith.me/schools/curriculum/40009?fragment_identifier=Curriculum1735,dup_no_user_canonical,2026-09-18,2026-09-21T20:26:15,2026-09-21T20:26:15
https://schoolwith.me/schools/curriculum/40009?fragment_identifier=Curriculum1770,dup_no_user_canonical,2026-09-18,2026-09-21T20:26:15,2026-09-21T20:26:15
https://schoolwith.me/schools/curriculum/40009?fragment_identifier=Curriculum1842,dup_no_user_canonical,2026-09-18,2026-09-21T20:26:15,2026-09-21T20:26:15
https://schoolwith.me/schools/curriculum/40009?fragment_identifier=Curriculum1867,dup_no_user_canonical,2026-09-18,2026-09-21T20:26:15,2026-09-21T20:26:15
https://schoolwith.me/schools/curriculum/40009?fragment_identifier=Curriculum1880,dup_no_user_canonical,2026-09-18,2026-09-21T20:26:15,2026-09-21T20:26:15
https://schoolwith.me/schools/curriculum/40059,discovered_not_indexed,2026-09-18,2026-09-21T20:26:15,2026-09-21T20:26:15
https://schoolwith.me/schools/curriculum/40202,discovered_not_indexed,2026-09-18,2026-09-21T20:26:15,2026-09-21T20:26:15
https://schoolwith.me/schools/curriculum/40263?fragment_identifier=Curriculum1631,dup_no_user_canonical,2026-09-18,2026-09-21T20:26:15,2026-09-21T20:26:15
https://schoolwith.me/schools/curriculum/40263?fragment_identifier=Curriculum1632,dup_no_user_canonical,2026-09-18,2026-09-21T20:26:15,2026-09-21T20:26:15
https://schoolwith.me/schools/curriculum/40263?fragment_identifier=Curriculum1633,dup_no_user_canonical,2026-09-18,2026-09-21T20:26:15,2026-09-21T20:26:15
https://schoolwith.me/schools/curriculum/40263?fragment_identifier=Curriculum1691,dup_no_user_canonical,2026-09-18,2026-09-21T20:26:15,2026-09-21T20:26:15
https://schoolwith.me/schools/curriculum/40263?fragment_identifier=Curriculum1699,dup_no_user_canonical,2026-09-18,2026-09-21T20:26:15,2026-09-21T20:26:15
https://schoolwith.me/schools/curriculum/40263?fragment_identifier=Curriculum1702,dup_no_user_canonical,2026-09-18,2026-09-21T20:26:15,2026-09-21T20:26:15
https://schoolwith.me/schools/curriculum/40263?fragment_identifier=Curriculum1750,dup_no_user_canonical,2026-09-18,2026-09-21T20:26:15,2026-09-21T20:26:15
https://schoolwith.me/schools/curriculum/40360,discovered_not_indexed,2026-09-18,2026-09-21T20:26:15,2026-09-21T20:26:15
https://schoolwith.me/schools/curriculum/40375,crawled_not_indexed,2026-09-18,2026-09-21T20:26:15,2026-09-21T20:26:15
https://schoolwith.me/schools/curriculum/50004,crawled_not_indexed,2026-09-18,2026-09-21T20:26:15,2026-09-21T20:26:15
https://schoolwith.me/schools/curriculum/50061,crawled_not_indexed,2026-09-18,2026-09-21T20:26:15,2026-09-21T20:26:15
https://schoolwith.me/schools/curriculum/50361?fragment_identifier=Curriculum2742,dup_no_user_canonical,2026-09-18,2026-09-21T20:26:15,2026-09-21T20:26:15
https://schoolwith.me/schools/curriculum/50361?fragment_identifier=Curriculum2743,dup_no_user_canonical,2026-09-18,2026-09-21T20:26:15,2026-09-21T20:26:15
https://schoolwith.me/schools/curriculum/50361?fragment_identifier=Curriculum2746,dup_no_user_canonical,2026-09-18,2026-09-21T20:26:15,2026-09-21T20:26:15
https://schoolwith.me/schools/curriculum/50361?fragment_identifier=Curriculum2754,dup_no_user_canonical,2026-09-18,2026-09-21T20:26:15,2026-09-21T20:26:15
https://schoolwith.me/schools/curriculum/50361?fragment_identifier=Curriculum2755,dup_no_user_canonical,2026-09-18,2026-09-21T20:26:15,2026-09-21T20:26:15
https://schoolwith.me/schools/curriculum/50361?fragment_identifier=Curriculum2756,dup_no_user_canonical,2026-09-18,2026-09-21T20:26:15,2026-09-21T20:26:15
https://schoolwith.me/schools/curriculum/50361?fragment_identifier=Curriculum2762,dup_no_user_canonical,2026-09-18,2026-09-21T20:26:15,2026-09-21T20:26:15
https://schoolwith.me/schools/curriculum/50361?fragment_identifier=Curriculum2763,dup_no_user_canonical,2026-09-18,2026-09-21T20:26:15,2026-09-21T20:26:15
https://schoolwith.me/schools/curriculum/50361?fragment_identifier=Curriculum2764,dup_no_user_canonical,2026-09-18,2026-09-21T20:26:15,2026-09-21T20:26:15
https://schoolwith.me/schools/curriculum/50361?fragment_identifier=Curriculum2851,dup_no_user_canonical,2026-09-18,2026-09-21T20:26:15,2026-09-21T20:26:15
https://schoolwith.me/schools/curriculum/50361?fragment_identifier=Curriculum2852,dup_no_user_canonical,2026-09-18,2026-09-21T20:26:15,2026-09-21T20:26:15
https://schoolwith.me/schools/curriculum/50470?fragment_identifier=Curriculum2883,crawled_not_indexed,2026-09-18,2026-09-21T20:26:15,2026-09-21T20:26:15
https://schoolwith.me/schools/curriculum/80025?fragment_identifier=Curriculum3410,crawled_not_indexed,2026-09-18,2026-09-21T20:26:15,2026-09-21T20:26:15
https://schoolwith.me/schools/curriculum/99?fragment_identifier=Curriculum463,dup_no_user_canonical,2026-09-18,2026-09-21T20:26:15,2026-09-21T20:26:15
https://schoolwith.me/schools/curriculum/99?fragment_identifier=Curriculum480,dup_no_user_canonical,2026-09-18,2026-09-21T20:26:15,2026-09-21T20:26:15
https://schoolwith.me/schools/curriculum/99?fragment_identifier=Curriculum501,dup_no_user_canonical,2026-09-18,2026-09-21T20:26:15,2026-09-21T20:26:15
https://schoolwith.me/schools/curriculum/99?fragment_identifier=Curriculum543,dup_no_user_canonical,2026-09-18,2026-09-21T20:26:15,2026-09-21T20:26:15
https://schoolwith.me/schools/curriculum/99?fragment_identifier=Curriculum790,dup_no_user_canonical,2026-09-18,2026-09-21T20:26:15,2026-09-21T20:26:15
https://schoolwith.me/schools/curriculum/99?fragment_identifier=Curriculum791,dup_no_user_canonical,2026-09-18,2026-09-21T20:26:15,2026-09-21T20:26:15
https://schoolwith.me/schools/photo/220,crawled_not_indexed,2026-09-18,2026-09-21T20:26:15,2026-09-21T20:26:15
https://schoolwith.me/schools/photo/40084?a8=I2Ghz2Y8u7rmQ7jZwns2sQEZBdlpsQreVnrmeljVQVL8u7GNX752-_GNs7leEe5sCVqQjBGFC2Ghos00000019593001,crawled_not_indexed,2026-09-18,2026-09-21T20:26:15,2026-09-21T20:26:15
https://schoolwith.me/schools/photo/50193?a8=I2Ghz2Y8u7rmQ7jZwns2sQEZBdlpsQreVnrmeljVQVL8u7GNX752-_GNs7leEe5sCVqQjBGFC2Ghos00000019593001,crawled_not_indexed,2026-09-18,2026-09-21T20:26:15,2026-09-21T20:26:15
https://schoolwith.me/schools/photo/60026,crawled_not_indexed,2026-09-18,2026-09-21T20:26:15,2026-09-21T20:26:15
https://schoolwith.me/schools/photo_movie/all/40357,crawled_not_indexed,2026-09-18,2026-09-21T20:26:15,2026-09-21T20:26:15
https://schoolwith.me/schools/photo_movie/movie/115,discovered_not_indexed,2026-09-18,2026-09-21T20:26:15,2026-09-21T20:26:15
https://schoolwith.me/schools/photo_movie/movie/142,discovered_not_indexed,2026-09-18,2026-09-21T20:26:15,2026-09-21T20:26:15
https://schoolwith.me/schools/photo_movie/movie/143,discovered_not_indexed,2026-09-18,2026-09-21T20:26:15,2026-09-21T20:26:15
https://schoolwith.me/schools/photo_movie/movie/175,discovered_not_indexed,2026-09-18,2026-09-21T20:26:15,2026-09-21T20:26:15
https://schoolwith.me/schools/photo_movie/movie/20,crawled_not_indexed,2026-09-18,2026-09-21T20:26:15,2026-09-21T20:26:15
https://schoolwith.me/schools/photo_movie/movie/20012,discovered_not_indexed,2026-09-18,2026-09-21T20:26:15,2026-09-21T20:26:15
https://schoolwith.me/schools/photo_movie/movie/20123,discovered_not_indexed,2026-09-18,2026-09-21T20:26:15,2026-09-21T20:26:15
https://schoolwith.me/schools/photo_movie/movie/20160,discovered_not_indexed,2026-09-18,2026-09-21T20:26:15,2026-09-21T20:26:15
https://schoolwith.me/schools/photo_movie/movie/20197,discovered_not_indexed,2026-09-18,2026-09-21T20:26:15,2026-09-21T20:26:15
https://schoolwith.me/schools/photo_movie/movie/20211,discovered_not_indexed,2026-09-18,2026-09-21T20:26:15,2026-09-21T20:26:15
https://schoolwith.me/schools/photo_movie/movie/20212,discovered_not_indexed,2026-09-18,2026-09-21T20:26:15,2026-09-21T20:26:15
https://schoolwith.me/schools/photo_movie/movie/20242,discovered_not_indexed,2026-09-18,2026-09-21T20:26:15,2026-09-21T20:26:15
https://schoolwith.me/schools/photo_movie/movie/20243,discovered_not_indexed,2026-09-18,2026-09-21T20:26:15,2026-09-21T20:26:15
https://schoolwith.me/schools/photo_movie/movie/20519,discovered_not_indexed,2026-09-18,2026-09-21T20:26:15,2026-09-21T20:26:15
https://schoolwith.me/schools/photo_movie/movie/210005,discovered_not_indexed,2026-09-18,2026-09-21T20:26:15,2026-09-21T20:26:15
https://schoolwith.me/schools/photo_movie/movie/225,discovered_not_indexed,2026-09-18,2026-09-21T20:26:15,2026-09-21T20:26:15
https://schoolwith.me/schools/photo_movie/movie/225?a8=cETptEiKDYIKbfRwQmafTTCB4TZXIeBCFmyN8eBCKN.CRYTIpYTgSe_B4e_gSe_Y.M_y02ARb2TLb2TK5N.2RHTc.EbgDeT7pekXxs00000024433001,discovered_not_indexed,2026-09-18,2026-09-21T20:26:15,2026-09-21T20:26:15
https://schoolwith.me/schools/photo_movie/movie/234,discovered_not_indexed,2026-09-18,2026-09-21T20:26:15,2026-09-21T20:26:15
https://schoolwith.me/schools/photo_movie/movie/236,discovered_not_indexed,2026-09-18,2026-09-21T20:26:15,2026-09-21T20:26:15
https://schoolwith.me/schools/photo_movie/movie/238,discovered_not_indexed,2026-09-18,2026-09-21T20:26:15,2026-09-21T20:26:15
https://schoolwith.me/schools/photo_movie/movie/239,discovered_not_indexed,2026-09-18,2026-09-21T20:26:15,2026-09-21T20:26:15
https://schoolwith.me/schools/photo_movie/movie/30008,discovered_not_indexed,2026-09-18,2026-09-21T20:26:15,2026-09-21T20:26:15
https://schoolwith.me/schools/photo_movie/movie/30015,discovered_not_indexed,2026-09-18,2026-09-21T20:26:15,2026-09-21T20:26:15
https://schoolwith.me/schools/photo_movie/movie/30054,discovered_not_indexed,2026-09-18,2026-09-21T20:26:15,2026-09-21T20:26:15
https://schoolwith.me/schools/photo_movie/movie/30067,discovered_not_indexed,2026-09-18,2026-09-21T20:26:15,2026-09-21T20:26:15
https://schoolwith.me/schools/photo_movie/movie/30071,discovered_not_indexed,2026-09-18,2026-09-21T20:26:15,2026-09-21T20:26:15
https://schoolwith.me/schools/photo_movie/movie/30085,discovered_not_indexed,2026-09-18,2026-09-21T20:26:15,2026-09-21T20:26:15
https://schoolwith.me/schools/photo_movie/movie/30101,discovered_not_indexed,2026-09-18,2026-09-21T20:26:15,2026-09-21T20:26:15
https://schoolwith.me/schools/photo_movie/movie/30178,discovered_not_indexed,2026-09-18,2026-09-21T20:26:15,2026-09-21T20:26:15
https://schoolwith.me/schools/photo_movie/movie/30345,discovered_not_indexed,2026-09-18,2026-09-21T20:26:15,2026-09-21T20:26:15
https://schoolwith.me/schools/photo_movie/movie/4,discovered_not_indexed,2026-09-18,2026-09-21T20:26:15,2026-09-21T20:26:15
https://schoolwith.me/schools/photo_movie/movie/40021,discovered_not_indexed,2026-09-18,2026-09-21T20:26:15,2026-09-21T20:26:15
https://schoolwith.me/schools/photo_movie/movie/40027,discovered_not_indexed,2026-09-18,2026-09-21T20:26:15,2026-09-21T20:26:15
https://schoolwith.me/schools/photo_movie/movie/40048,discovered_not_indexed,2026-09-18,2026-09-21T20:26:15,2026-09-21T20:26:15
https://schoolwith.me/schools/photo_movie/movie/40054,discovered_not_indexed,2026-09-18,2026-09-21T20:26:15,2026-09-21T20:26:15
https://schoolwith.me/schools/photo_movie/movie/40059,discovered_not_indexed,2026-09-18,2026-09-21T20:26:15,2026-09-21T20:26:15
https://schoolwith.me/schools/photo_movie/movie/40069,discovered_not_indexed,2026-09-18,2026-09-21T20:26:15,2026-09-21T20:26:15
https://schoolwith.me/schools/photo_movie/movie/40097,discovered_not_indexed,2026-09-18,2026-09-21T20:26:15,2026-09-21T20:26:15
https://schoolwith.me/schools/photo_movie/movie/40358,discovered_not_indexed,2026-09-18,2026-09-21T20:26:15,2026-09-21T20:26:15
https://schoolwith.me/schools/photo_movie/movie/40360,discovered_not_indexed,2026-09-18,2026-09-21T20:26:15,2026-09-21T20:26:15
https://schoolwith.me/schools/photo_movie/movie/40363,discovered_not_indexed,2026-09-18,2026-09-21T20:26:15,2026-09-21T20:26:15
https://schoolwith.me/schools/photo_movie/movie/40367,crawled_not_indexed,2026-09-18,2026-09-21T20:26:15,2026-09-21T20:26:15
https://schoolwith.me/schools/photo_movie/movie/40370,crawled_not_indexed,2026-09-18,2026-09-21T20:26:15,2026-09-21T20:26:15
https://schoolwith.me/schools/photo_movie/movie/40376,discovered_not_indexed,2026-09-18,2026-09-21T20:26:15,2026-09-21T20:26:15
https://schoolwith.me/schools/photo_movie/movie/50011,discovered_not_indexed,2026-09-18,2026-09-21T20:26:15,2026-09-21T20:26:15
https://schoolwith.me/schools/photo_movie/movie/50014,discovered_not_indexed,2026-09-18,2026-09-21T20:26:15,2026-09-21T20:26:15
https://schoolwith.me/schools/photo_movie/movie/50019,discovered_not_indexed,2026-09-18,2026-09-21T20:26:15,2026-09-21T20:26:15
https://schoolwith.me/schools/photo_movie/movie/50020,discovered_not_indexed,2026-09-18,2026-09-21T20:26:15,2026-09-21T20:26:15
https://schoolwith.me/schools/photo_movie/movie/50037,discovered_not_indexed,2026-09-18,2026-09-21T20:26:15,2026-09-21T20:26:15
https://schoolwith.me/schools/photo_movie/movie/50046,discovered_not_indexed,2026-09-18,2026-09-21T20:26:15,2026-09-21T20:26:15
https://schoolwith.me/schools/photo_movie/movie/50048,discovered_not_indexed,2026-09-18,2026-09-21T20:26:15,2026-09-21T20:26:15
https://schoolwith.me/schools/photo_movie/movie/50050,discovered_not_indexed,2026-09-18,2026-09-21T20:26:15,2026-09-21T20:26:15
https://schoolwith.me/schools/photo_movie/movie/50105,discovered_not_indexed,2026-09-18,2026-09-21T20:26:15,2026-09-21T20:26:15
https://schoolwith.me/schools/photo_movie/movie/50277,crawled_not_indexed,2026-09-18,2026-09-21T20:26:15,2026-09-21T20:26:15
https://schoolwith.me/schools/photo_movie/movie/50290,discovered_not_indexed,2026-09-18,2026-09-21T20:26:15,2026-09-21T20:26:15
https://schoolwith.me/schools/photo_movie/movie/50364,discovered_not_indexed,2026-09-18,2026-09-21T20:26:15,2026-09-21T20:26:15
https://schoolwith.me/schools/photo_movie/movie/50749,discovered_not_indexed,2026-09-18,2026-09-21T20:26:15,2026-09-21T20:26:15
https://schoolwith.me/schools/photo_movie/movie/57,discovered_not_indexed,2026-09-18,2026-09-21T20:26:15,2026-09-21T20:26:15
https://schoolwith.me/schools/photo_movie/movie/60005,discovered_not_indexed,2026-09-18,2026-09-21T20:26:15,2026-09-21T20:26:15
https://schoolwith.me/schools/photo_movie/movie/60008,discovered_not_indexed,2026-09-18,2026-09-21T20:26:15,2026-09-21T20:26:15
https://schoolwith.me/schools/photo_movie/movie/60023,discovered_not_indexed,2026-09-18,2026-09-21T20:26:15,2026-09-21T20:26:15
https://schoolwith.me/schools/photo_movie/movie/60025?a8=KrA0DrUo2L8pjzgCZjBMppIMq.zJ8oIsAj_CszIFMF4o2LAX79TKcLTLGLZsasTBcFbMIvAycrA01s00000024868001,discovered_not_indexed,2026-09-18,2026-09-21T20:26:15,2026-09-21T20:26:15
https://schoolwith.me/schools/photo_movie/movie/60249,discovered_not_indexed,2026-09-18,2026-09-21T20:26:15,2026-09-21T20:26:15
https://schoolwith.me/schools/photo_movie/movie/70005,discovered_not_indexed,2026-09-18,2026-09-21T20:26:15,2026-09-21T20:26:15
https://schoolwith.me/schools/photo_movie/movie/70010,discovered_not_indexed,2026-09-18,2026-09-21T20:26:15,2026-09-21T20:26:15
https://schoolwith.me/schools/photo_movie/movie/70024,discovered_not_indexed,2026-09-18,2026-09-21T20:26:15,2026-09-21T20:26:15
https://schoolwith.me/schools/photo_movie/movie/70046,discovered_not_indexed,2026-09-18,2026-09-21T20:26:15,2026-09-21T20:26:15
https://schoolwith.me/schools/photo_movie/movie/70047,discovered_not_indexed,2026-09-18,2026-09-21T20:26:15,2026-09-21T20:26:15
https://schoolwith.me/schools/photo_movie/movie/70055,discovered_not_indexed,2026-09-18,2026-09-21T20:26:15,2026-09-21T20:26:15
https://schoolwith.me/schools/photo_movie/movie/70110,discovered_not_indexed,2026-09-18,2026-09-21T20:26:15,2026-09-21T20:26:15
https://schoolwith.me/schools/photo_movie/movie/80021,discovered_not_indexed,2026-09-18,2026-09-21T20:26:15,2026-09-21T20:26:15
https://schoolwith.me/schools/photo_movie/photo/144/施設・設備,crawled_not_indexed,2026-09-18,2026-09-21T20:26:15,2026-09-21T20:26:15
https://schoolwith.me/schools/photo_movie/photo/18/アクティビティ,crawled_not_indexed,2026-09-18,2026-09-21T20:26:15,2026-09-21T20:26:15
https://schoolwith.me/schools/photo_movie/photo/188?a8=I2Ghz2Y8u7rmQ7jZwns2sQEZBdlpsQreVnrmeljVQVL8u7GNX752-_GNs7leEe5sCVqQjBGFC2Ghos00000019593001,dup_no_user_canonical,2026-09-18,2026-09-21T20:26:15,2026-09-21T20:26:15
https://schoolwith.me/schools/photo_movie/photo/20061,discovered_not_indexed,2026-09-18,2026-09-21T20:26:15,2026-09-21T20:26:15
https://schoolwith.me/schools/photo_movie/photo/20123,discovered_not_indexed,2026-09-18,2026-09-21T20:26:15,2026-09-21T20:26:15
https://schoolwith.me/schools/photo_movie/photo/20138,discovered_not_indexed,2026-09-18,2026-09-21T20:26:15,2026-09-21T20:26:15
https://schoolwith.me/schools/photo_movie/photo/20148,discovered_not_indexed,2026-09-18,2026-09-21T20:26:15,2026-09-21T20:26:15
https://schoolwith.me/schools/photo_movie/photo/20150?a8=KrA0DrUo2L8pjzgCZjBMppIMq.zJ8oIsAj_CszIFMF4o2LAX79TKcLTLGLZsasTBcFbMIvAycrA01s00000024868001,discovered_not_indexed,2026-09-18,2026-09-21T20:26:15,2026-09-21T20:26:15
https://schoolwith.me/schools/photo_movie/photo/20203?a8=cETptEiKDYIKbfRwQmafTTCB4TZXIeBCFmyN8eBCKN.CRYTIpYTgSe_B4e_gSe_Y.M_y02ARb2TLb2TK5N.2RHTc.EbgDeT7pekXxs00000024433001,dup_no_user_canonical,2026-09-18,2026-09-21T20:26:15,2026-09-21T20:26:15
https://schoolwith.me/schools/photo_movie/photo/20210,discovered_not_indexed,2026-09-18,2026-09-21T20:26:15,2026-09-21T20:26:15
https://schoolwith.me/schools/photo_movie/photo/20211,discovered_not_indexed,2026-09-18,2026-09-21T20:26:15,2026-09-21T20:26:15
https://schoolwith.me/schools/photo_movie/photo/20243,discovered_not_indexed,2026-09-18,2026-09-21T20:26:15,2026-09-21T20:26:15
https://schoolwith.me/schools/photo_movie/photo/20245/校舎外観,dup_no_user_canonical,2026-09-18,2026-09-21T20:26:15,2026-09-21T20:26:15
https://schoolwith.me/schools/photo_movie/photo/20246,discovered_not_indexed,2026-09-18,2026-09-21T20:26:15,2026-09-21T20:26:15
https://schoolwith.me/schools/photo_movie/photo/223,discovered_not_indexed,2026-09-18,2026-09-21T20:26:15,2026-09-21T20:26:15
https://schoolwith.me/schools/photo_movie/photo/239,discovered_not_indexed,2026-09-18,2026-09-21T20:26:15,2026-09-21T20:26:15
https://schoolwith.me/schools/photo_movie/photo/240001,discovered_not_indexed,2026-09-18,2026-09-21T20:26:15,2026-09-21T20:26:15
https://schoolwith.me/schools/photo_movie/photo/240002,discovered_not_indexed,2026-09-18,2026-09-21T20:26:15,2026-09-21T20:26:15
https://schoolwith.me/schools/photo_movie/photo/244,crawled_not_indexed,2026-09-18,2026-09-21T20:26:15,2026-09-21T20:26:15
https://schoolwith.me/schools/photo_movie/photo/30010,crawled_not_indexed,2026-09-18,2026-09-21T20:26:15,2026-09-21T20:26:15
https://schoolwith.me/schools/photo_movie/photo/30025,discovered_not_indexed,2026-09-18,2026-09-21T20:26:15,2026-09-21T20:26:15
https://schoolwith.me/schools/photo_movie/photo/30060/周辺環境,dup_no_user_canonical,2026-09-18,2026-09-21T20:26:15,2026-09-21T20:26:15
https://schoolwith.me/schools/photo_movie/photo/30060?a8=KrA0DrUo2L8pjzgCZjBMppIMq.zJ8oIsAj_CszIFMF4o2LAX79TKcLTLGLZsasTBcFbMIvAycrA01s00000024868001,dup_no_user_canonical,2026-09-18,2026-09-21T20:26:15,2026-09-21T20:26:15
https://schoolwith.me/schools/photo_movie/photo/30060?a8=cETptEiKDYIKbfRwQmafTTCB4TZXIeBCFmyN8eBCKN.CRYTIpYTgSe_B4e_gSe_Y.M_y02ARb2TLb2TK5N.2RHTc.EbgDeT7pekXxs00000024433001,dup_no_user_canonical,2026-09-18,2026-09-21T20:26:15,2026-09-21T20:26:15
https://schoolwith.me/schools/photo_movie/photo/30069,crawled_not_indexed,2026-09-18,2026-09-21T20:26:15,2026-09-21T20:26:15
https://schoolwith.me/schools/photo_movie/photo/30071?a8=KrA0DrUo2L8pjzgCZjBMppIMq.zJ8oIsAj_CszIFMF4o2LAX79TKcLTLGLZsasTBcFbMIvAycrA01s00000024868001,discovered_not_indexed,2026-09-18,2026-09-21T20:26:15,2026-09-21T20:26:15
https://schoolwith.me/schools/photo_movie/photo/30073,discovered_not_indexed,2026-09-18,2026-09-21T20:26:15,2026-09-21T20:26:15
https://schoolwith.me/schools/photo_movie/photo/30186,discovered_not_indexed,2026-09-18,2026-09-21T20:26:15,2026-09-21T20:26:15
https://schoolwith.me/schools/photo_movie/photo/33/授業風景,dup_no_user_canonical,2026-09-18,2026-09-21T20:26:15,2026-09-21T20:26:15
https://schoolwith.me/schools/photo_movie/photo/40060,discovered_not_indexed,2026-09-18,2026-09-21T20:26:15,2026-09-21T20:26:15
https://schoolwith.me/schools/photo_movie/photo/40064,discovered_not_indexed,2026-09-18,2026-09-21T20:26:15,2026-09-21T20:26:15
https://schoolwith.me/schools/photo_movie/photo/40084/その他,crawled_not_indexed,2026-09-18,2026-09-21T20:26:15,2026-09-21T20:26:15
https://schoolwith.me/schools/photo_movie/photo/40087,discovered_not_indexed,2026-09-18,2026-09-21T20:26:15,2026-09-21T20:26:15
https://schoolwith.me/schools/photo_movie/photo/40202,discovered_not_indexed,2026-09-18,2026-09-21T20:26:15,2026-09-21T20:26:15
https://schoolwith.me/schools/photo_movie/photo/40357,discovered_not_indexed,2026-09-18,2026-09-21T20:26:15,2026-09-21T20:26:15
https://schoolwith.me/schools/photo_movie/photo/40360,discovered_not_indexed,2026-09-18,2026-09-21T20:26:15,2026-09-21T20:26:15
https://schoolwith.me/schools/photo_movie/photo/40365,discovered_not_indexed,2026-09-18,2026-09-21T20:26:15,2026-09-21T20:26:15
https://schoolwith.me/schools/photo_movie/photo/50003,discovered_not_indexed,2026-09-18,2026-09-21T20:26:15,2026-09-21T20:26:15
https://schoolwith.me/schools/photo_movie/photo/50006/周辺環境,crawled_not_indexed,2026-09-18,2026-09-21T20:26:15,2026-09-21T20:26:15
https://schoolwith.me/schools/photo_movie/photo/50007,discovered_not_indexed,2026-09-18,2026-09-21T20:26:15,2026-09-21T20:26:15
https://schoolwith.me/schools/photo_movie/photo/50030,discovered_not_indexed,2026-09-18,2026-09-21T20:26:15,2026-09-21T20:26:15
https://schoolwith.me/schools/photo_movie/photo/50044/宿泊施設,dup_no_user_canonical,2026-09-18,2026-09-21T20:26:15,2026-09-21T20:26:15
https://schoolwith.me/schools/photo_movie/photo/50044/授業風景,dup_no_user_canonical,2026-09-18,2026-09-21T20:26:15,2026-09-21T20:26:15
https://schoolwith.me/schools/photo_movie/photo/50048?a8=KrA0DrUo2L8pjzgCZjBMppIMq.zJ8oIsAj_CszIFMF4o2LAX79TKcLTLGLZsasTBcFbMIvAycrA01s00000024868001,discovered_not_indexed,2026-09-18,2026-09-21T20:26:15,2026-09-21T20:26:15
https://schoolwith.me/schools/photo_movie/photo/50049/周辺環境,dup_no_user_canonical,2026-09-18,2026-09-21T20:26:15,2026-09-21T20:26:15
https://schoolwith.me/schools/photo_movie/photo/50061,discovered_not_indexed,2026-09-18,2026-09-21T20:26:15,2026-09-21T20:26:15
https://schoolwith.me/schools/photo_movie/photo/50140,crawled_not_indexed,2026-09-18,2026-09-21T20:26:15,2026-09-21T20:26:15
https://schoolwith.me/schools/photo_movie/photo/50140?a8=KrA0DrUo2L8pjzgCZjBMppIMq.zJ8oIsAj_CszIFMF4o2LAX79TKcLTLGLZsasTBcFbMIvAycrA01s00000024868001,discovered_not_indexed,2026-09-18,2026-09-21T20:26:15,2026-09-21T20:26:15
https://schoolwith.me/schools/photo_movie/photo/50277?a8=cETptEiKDYIKbfRwQmafTTCB4TZXIeBCFmyN8eBCKN.CRYTIpYTgSe_B4e_gSe_Y.M_y02ARb2TLb2TK5N.2RHTc.EbgDeT7pekXxs00000024433001,crawled_not_indexed,2026-09-18,2026-09-21T20:26:15,2026-09-21T20:26:15
https://schoolwith.me/schools/photo_movie/photo/50299/施設・設備,dup_no_user_canonical,2026-09-18,2026-09-21T20:26:15,2026-09-21T20:26:15
https://schoolwith.me/schools/photo_movie/photo/50337,discovered_not_indexed,2026-09-18,2026-09-21T20:26:15,2026-09-21T20:26:15
https://schoolwith.me/schools/photo_movie/photo/60021?a8=KrA0DrUo2L8pjzgCZjBMppIMq.zJ8oIsAj_CszIFMF4o2LAX79TKcLTLGLZsasTBcFbMIvAycrA01s00000024868001,discovered_not_indexed,2026-09-18,2026-09-21T20:26:15,2026-09-21T20:26:15
https://schoolwith.me/schools/photo_movie/photo/70112,discovered_not_indexed,2026-09-18,2026-09-21T20:26:15,2026-09-21T20:26:15
https://schoolwith.me/schools/photo_movie/photo/80021/周辺環境,crawled_not_indexed,2026-09-18,2026-09-21T20:26:15,2026-09-21T20:26:15
https://schoolwith.me/schools/photo_movie/photo/80024,discovered_not_indexed,2026-09-18,2026-09-21T20:26:15,2026-09-21T20:26:15
https://schoolwith.me/schools/photo_movie/photo/80048,discovered_not_indexed,2026-09-18,2026-09-21T20:26:15,2026-09-21T20:26:15
https://schoolwith.me/schools/photo_movie/photo/97/宿泊施設,dup_no_user_canonical,2026-09-18,2026-09-21T20:26:15,2026-09-21T20:26:15
https://schoolwith.me/schools/review/11/sort:Review.locale/direction:desc,crawled_not_indexed,2026-09-18,2026-09-21T20:26:15,2026-09-21T20:26:15
https://schoolwith.me/schools/review/117/term_weeks_asc,crawled_not_indexed,2026-09-18,2026-09-21T20:26:15,2026-09-21T20:26:15
https://schoolwith.me/schools/review/119/page:11/sort:Review.locale/direction:desc,crawled_not_indexed,2026-09-18,2026-09-21T20:26:15,2026-09-21T20:26:15
https://schoolwith.me/schools/review/119/page:11/sort:Review.locale/direction:desc?a8=KrA0DrUo2L8pjzgCZjBMppIMq.zJ8oIsAj_CszIFMF4o2LAX79TKcLTLGLZsasTBcFbMIvAycrA01s00000024868001,crawled_not_indexed,2026-09-18,2026-09-21T20:26:15,2026-09-21T20:26:15
https://schoolwith.me/schools/review/121/page:2,crawled_not_indexed,2026-09-18,2026-09-21T20:26:15,2026-09-21T20:26:15
https://schoolwith.me/schools/review/121/sort:Review.locale/direction:desc/page:2?a8=KrA0DrUo2L8pjzgCZjBMppIMq.zJ8oIsAj_CszIFMF4o2LAX79TKcLTLGLZsasTBcFbMIvAycrA01s00000024868001,crawled_not_indexed,2026-09-18,2026-09-21T20:26:15,2026-09-21T20:26:15
https://schoolwith.me/schools/review/126/sort:Review.locale/direction:desc/page:2?a8=KrA0DrUo2L8pjzgCZjBMppIMq.zJ8oIsAj_CszIFMF4o2LAX79TKcLTLGLZsasTBcFbMIvAycrA01s00000024868001,dup_no_user_canonical,2026-09-18,2026-09-21T20:26:15,2026-09-21T20:26:15
https://schoolwith.me/schools/review/134/end_date_desc/supports/line/page:10,discovered_not_indexed,2026-09-18,2026-09-21T20:26:15,2026-09-21T20:26:15
https://schoolwith.me/schools/review/134/overall_rating_desc/supports/line/page:4,discovered_not_indexed,2026-09-18,2026-09-21T20:26:15,2026-09-21T20:26:15
https://schoolwith.me/schools/review/134/page:16/sort:Review.locale/direction:desc,discovered_not_indexed,2026-09-18,2026-09-21T20:26:15,2026-09-21T20:26:15
https://schoolwith.me/schools/review/134/term_weeks_asc/supports/line/page:22,discovered_not_indexed,2026-09-18,2026-09-21T20:26:15,2026-09-21T20:26:15
https://schoolwith.me/schools/review/134/term_weeks_desc/supports/line/page:12,discovered_not_indexed,2026-09-18,2026-09-21T20:26:15,2026-09-21T20:26:15
https://schoolwith.me/schools/review/134/term_weeks_desc/supports/line/page:15,discovered_not_indexed,2026-09-18,2026-09-21T20:26:15,2026-09-21T20:26:15
https://schoolwith.me/schools/review/134/term_weeks_desc/supports/line/page:16,discovered_not_indexed,2026-09-18,2026-09-21T20:26:15,2026-09-21T20:26:15
https://schoolwith.me/schools/review/134/term_weeks_desc/supports/line/page:9,discovered_not_indexed,2026-09-18,2026-09-21T20:26:15,2026-09-21T20:26:15
https://schoolwith.me/schools/review/138/posts_date_desc/supports/line/page:12,discovered_not_indexed,2026-09-18,2026-09-21T20:26:15,2026-09-21T20:26:15
https://schoolwith.me/schools/review/141/term_weeks_asc/message_for_after_covit19/page:2,discovered_not_indexed,2026-09-18,2026-09-21T20:26:15,2026-09-21T20:26:15
https://schoolwith.me/schools/review/142/page:3/sort:Review.locale/direction:DESC,discovered_not_indexed,2026-09-18,2026-09-21T20:26:15,2026-09-21T20:26:15
https://schoolwith.me/schools/review/144/overall_rating_asc/page:2,crawled_not_indexed,2026-09-18,2026-09-21T20:26:15,2026-09-21T20:26:15
https://schoolwith.me/schools/review/144/overall_rating_asc/supports/line/page:2,crawled_not_indexed,2026-09-18,2026-09-21T20:26:15,2026-09-21T20:26:15
https://schoolwith.me/schools/review/144/overall_rating_desc/supports/line,discovered_not_indexed,2026-09-18,2026-09-21T20:26:15,2026-09-21T20:26:15
https://schoolwith.me/schools/review/144/posts_date_desc/page:2,crawled_not_indexed,2026-09-18,2026-09-21T20:26:15,2026-09-21T20:26:15
https://schoolwith.me/schools/review/146/end_date_desc/supports/line,discovered_not_indexed,2026-09-18,2026-09-21T20:26:15,2026-09-21T20:26:15
https://schoolwith.me/schools/review/146/overall_rating_asc/supports/line,crawled_not_indexed,2026-09-18,2026-09-21T20:26:15,2026-09-21T20:26:15
https://schoolwith.me/schools/review/153/page:2/sort:Review.locale/direction:desc?a8=KrA0DrUo2L8pjzgCZjBMppIMq.zJ8oIsAj_CszIFMF4o2LAX79TKcLTLGLZsasTBcFbMIvAycrA01s00000024868001,dup_no_user_canonical,2026-09-18,2026-09-21T20:26:15,2026-09-21T20:26:15
https://schoolwith.me/schools/review/153/page:6/sort:Review.locale/direction:DESC,discovered_not_indexed,2026-09-18,2026-09-21T20:26:15,2026-09-21T20:26:15
https://schoolwith.me/schools/review/157/page:2/sort:Review.locale/direction:desc,crawled_not_indexed,2026-09-18,2026-09-21T20:26:15,2026-09-21T20:26:15
https://schoolwith.me/schools/review/157/posts_date_desc/page:2,crawled_not_indexed,2026-09-18,2026-09-21T20:26:15,2026-09-21T20:26:15
https://schoolwith.me/schools/review/159/overall_rating_asc/supports/line/page:3,discovered_not_indexed,2026-09-18,2026-09-21T20:26:15,2026-09-21T20:26:15
https://schoolwith.me/schools/review/16/posts_date_desc,discovered_not_indexed,2026-09-18,2026-09-21T20:26:15,2026-09-21T20:26:15
https://schoolwith.me/schools/review/165/sort:Review.locale/direction:desc/page:2,discovered_not_indexed,2026-09-18,2026-09-21T20:26:15,2026-09-21T20:26:15
https://schoolwith.me/schools/review/180057,crawled_not_indexed,2026-09-18,2026-09-21T20:26:15,2026-09-21T20:26:15
https://schoolwith.me/schools/review/190034,crawled_not_indexed,2026-09-18,2026-09-21T20:26:15,2026-09-21T20:26:15
https://schoolwith.me/schools/review/190049,crawled_not_indexed,2026-09-18,2026-09-21T20:26:15,2026-09-21T20:26:15
https://schoolwith.me/schools/review/198/posts_date_desc,discovered_not_indexed,2026-09-18,2026-09-21T20:26:15,2026-09-21T20:26:15
https://schoolwith.me/schools/review/200011/end_date_desc,crawled_not_indexed,2026-09-18,2026-09-21T20:26:15,2026-09-21T20:26:15
https://schoolwith.me/schools/review/200011/overall_rating_asc,crawled_not_indexed,2026-09-18,2026-09-21T20:26:15,2026-09-21T20:26:15
https://schoolwith.me/schools/review/200023,crawled_not_indexed,2026-09-18,2026-09-21T20:26:15,2026-09-21T20:26:15
https://schoolwith.me/schools/review/200069,crawled_not_indexed,2026-09-18,2026-09-21T20:26:15,2026-09-21T20:26:15
https://schoolwith.me/schools/review/20025?a8=KrA0DrUo2L8pjzgCZjBMppIMq.zJ8oIsAj_CszIFMF4o2LAX79TKcLTLGLZsasTBcFbMIvAycrA01s00000024868001,crawled_not_indexed,2026-09-18,2026-09-21T20:26:15,2026-09-21T20:26:15
https://schoolwith.me/schools/review/20096/term_weeks_asc,crawled_not_indexed,2026-09-18,2026-09-21T20:26:15,2026-09-21T20:26:15
https://schoolwith.me/schools/review/20180/term_weeks_asc,crawled_not_indexed,2026-09-18,2026-09-21T20:26:15,2026-09-21T20:26:15
https://schoolwith.me/schools/review/20199/overall_rating_asc,crawled_not_indexed,2026-09-18,2026-09-21T20:26:15,2026-09-21T20:26:15
https://schoolwith.me/schools/review/20199/posts_date_desc,crawled_not_indexed,2026-09-18,2026-09-21T20:26:15,2026-09-21T20:26:15
https://schoolwith.me/schools/review/20199/term_weeks_asc,crawled_not_indexed,2026-09-18,2026-09-21T20:26:15,2026-09-21T20:26:15
https://schoolwith.me/schools/review/20222/term_weeks_asc,crawled_not_indexed,2026-09-18,2026-09-21T20:26:15,2026-09-21T20:26:15
https://schoolwith.me/schools/review/20261,crawled_not_indexed,2026-09-18,2026-09-21T20:26:15,2026-09-21T20:26:15
https://schoolwith.me/schools/review/20374,crawled_not_indexed,2026-09-18,2026-09-21T20:26:15,2026-09-21T20:26:15
https://schoolwith.me/schools/review/20375/term_weeks_desc,crawled_not_indexed,2026-09-18,2026-09-21T20:26:15,2026-09-21T20:26:15
https://schoolwith.me/schools/review/20385,crawled_not_indexed,2026-09-18,2026-09-21T20:26:15,2026-09-21T20:26:15
https://schoolwith.me/schools/review/20460,crawled_not_indexed,2026-09-18,2026-09-21T20:26:15,2026-09-21T20:26:15
https://schoolwith.me/schools/review/20507,crawled_not_indexed,2026-09-18,2026-09-21T20:26:15,2026-09-21T20:26:15
https://schoolwith.me/schools/review/20531/overall_rating_asc,crawled_not_indexed,2026-09-18,2026-09-21T20:26:15,2026-09-21T20:26:15
https://schoolwith.me/schools/review/20531/overall_rating_desc,crawled_not_indexed,2026-09-18,2026-09-21T20:26:15,2026-09-21T20:26:15
https://schoolwith.me/schools/review/20581,crawled_not_indexed,2026-09-18,2026-09-21T20:26:15,2026-09-21T20:26:15
https://schoolwith.me/schools/review/20643,crawled_not_indexed,2026-09-18,2026-09-21T20:26:15,2026-09-21T20:26:15
https://schoolwith.me/schools/review/20654,crawled_not_indexed,2026-09-18,2026-09-21T20:26:15,2026-09-21T20:26:15
https://schoolwith.me/schools/review/20682,crawled_not_indexed,2026-09-18,2026-09-21T20:26:15,2026-09-21T20:26:15
https://schoolwith.me/schools/review/20682/term_weeks_asc,crawled_not_indexed,2026-09-18,2026-09-21T20:26:15,2026-09-21T20:26:15
https://schoolwith.me/schools/review/20712?a8=KrA0DrUo2L8pjzgCZjBMppIMq.zJ8oIsAj_CszIFMF4o2LAX79TKcLTLGLZsasTBcFbMIvAycrA01s00000024868001,crawled_not_indexed,2026-09-18,2026-09-21T20:26:15,2026-09-21T20:26:15
https://schoolwith.me/schools/review/20781,crawled_not_indexed,2026-09-18,2026-09-21T20:26:15,2026-09-21T20:26:15
https://schoolwith.me/schools/review/20806,discovered_not_indexed,2026-09-18,2026-09-21T20:26:15,2026-09-21T20:26:15
https://schoolwith.me/schools/review/21/term_weeks_desc/message_for_after_covit19/page:2,discovered_not_indexed,2026-09-18,2026-09-21T20:26:15,2026-09-21T20:26:15
https://schoolwith.me/schools/review/24/sort:Review.locale/direction:desc,crawled_not_indexed,2026-09-18,2026-09-21T20:26:15,2026-09-21T20:26:15
https://schoolwith.me/schools/review/240016,crawled_not_indexed,2026-09-18,2026-09-21T20:26:15,2026-09-21T20:26:15
https://schoolwith.me/schools/review/25/overall_rating_desc,crawled_not_indexed,2026-09-18,2026-09-21T20:26:15,2026-09-21T20:26:15
https://schoolwith.me/schools/review/3/sort:Review.locale/direction:desc,discovered_not_indexed,2026-09-18,2026-09-21T20:26:15,2026-09-21T20:26:15
https://schoolwith.me/schools/review/30047/overall_rating_desc,crawled_not_indexed,2026-09-18,2026-09-21T20:26:15,2026-09-21T20:26:15
https://schoolwith.me/schools/review/30080/overall_rating_desc,crawled_not_indexed,2026-09-18,2026-09-21T20:26:15,2026-09-21T20:26:15
https://schoolwith.me/schools/review/30156?a8=I2Ghz2Y8u7rmQ7jZwns2sQEZBdlpsQreVnrmeljVQVL8u7GNX752-_GNs7leEe5sCVqQjBGFC2Ghos00000019593001,crawled_not_indexed,2026-09-18,2026-09-21T20:26:15,2026-09-21T20:26:15
https://schoolwith.me/schools/review/30175/end_date_desc,crawled_not_indexed,2026-09-18,2026-09-21T20:26:15,2026-09-21T20:26:15
https://schoolwith.me/schools/review/30202?a8=I2Ghz2Y8u7rmQ7jZwns2sQEZBdlpsQreVnrmeljVQVL8u7GNX752-_GNs7leEe5sCVqQjBGFC2Ghos00000019593001,crawled_not_indexed,2026-09-18,2026-09-21T20:26:15,2026-09-21T20:26:15
https://schoolwith.me/schools/review/30243/overall_rating_desc,crawled_not_indexed,2026-09-18,2026-09-21T20:26:15,2026-09-21T20:26:15
https://schoolwith.me/schools/review/30245,dup_google_chose_different,2026-09-18,2026-09-21T20:26:15,2026-09-21T20:26:15
https://schoolwith.me/schools/review/30247,crawled_not_indexed,2026-09-18,2026-09-21T20:26:15,2026-09-21T20:26:15
https://schoolwith.me/schools/review/38/sort:Review.locale/direction:desc,discovered_not_indexed,2026-09-18,2026-09-21T20:26:15,2026-09-21T20:26:15
https://schoolwith.me/schools/review/40009/term_weeks_desc,crawled_not_indexed,2026-09-18,2026-09-21T20:26:15,2026-09-21T20:26:15
https://schoolwith.me/schools/review/40054/overall_rating_asc,crawled_not_indexed,2026-09-18,2026-09-21T20:26:15,2026-09-21T20:26:15
https://schoolwith.me/schools/review/40109,crawled_not_indexed,2026-09-18,2026-09-21T20:26:15,2026-09-21T20:26:15
https://schoolwith.me/schools/review/40117,crawled_not_indexed,2026-09-18,2026-09-21T20:26:15,2026-09-21T20:26:15
https://schoolwith.me/schools/review/40123,crawled_not_indexed,2026-09-18,2026-09-21T20:26:15,2026-09-21T20:26:15
https://schoolwith.me/schools/review/40154/overall_rating_desc,crawled_not_indexed,2026-09-18,2026-09-21T20:26:15,2026-09-21T20:26:15
https://schoolwith.me/schools/review/40167,crawled_not_indexed,2026-09-18,2026-09-21T20:26:15,2026-09-21T20:26:15
https://schoolwith.me/schools/review/40186,crawled_not_indexed,2026-09-18,2026-09-21T20:26:15,2026-09-21T20:26:15
https://schoolwith.me/schools/review/40246,crawled_not_indexed,2026-09-18,2026-09-21T20:26:15,2026-09-21T20:26:15
https://schoolwith.me/schools/review/40278/term_weeks_desc,crawled_not_indexed,2026-09-18,2026-09-21T20:26:15,2026-09-21T20:26:15
https://schoolwith.me/schools/review/40291,crawled_not_indexed,2026-09-18,2026-09-21T20:26:15,2026-09-21T20:26:15
https://schoolwith.me/schools/review/40302,crawled_not_indexed,2026-09-18,2026-09-21T20:26:15,2026-09-21T20:26:15
https://schoolwith.me/schools/review/40317,crawled_not_indexed,2026-09-18,2026-09-21T20:26:15,2026-09-21T20:26:15
https://schoolwith.me/schools/review/40363,crawled_not_indexed,2026-09-18,2026-09-21T20:26:15,2026-09-21T20:26:15
https://schoolwith.me/schools/review/40368,crawled_not_indexed,2026-09-18,2026-09-21T20:26:15,2026-09-21T20:26:15
https://schoolwith.me/schools/review/50061,discovered_not_indexed,2026-09-18,2026-09-21T20:26:15,2026-09-21T20:26:15
https://schoolwith.me/schools/review/50071/posts_date_desc,discovered_not_indexed,2026-09-18,2026-09-21T20:26:15,2026-09-21T20:26:15
https://schoolwith.me/schools/review/50150/end_date_desc,crawled_not_indexed,2026-09-18,2026-09-21T20:26:15,2026-09-21T20:26:15
https://schoolwith.me/schools/review/50170,crawled_not_indexed,2026-09-18,2026-09-21T20:26:15,2026-09-21T20:26:15
https://schoolwith.me/schools/review/50297/term_weeks_asc,crawled_not_indexed,2026-09-18,2026-09-21T20:26:15,2026-09-21T20:26:15
https://schoolwith.me/schools/review/50373,crawled_not_indexed,2026-09-18,2026-09-21T20:26:15,2026-09-21T20:26:15
https://schoolwith.me/schools/review/50428,crawled_not_indexed,2026-09-18,2026-09-21T20:26:15,2026-09-21T20:26:15
https://schoolwith.me/schools/review/50464,crawled_not_indexed,2026-09-18,2026-09-21T20:26:15,2026-09-21T20:26:15
https://schoolwith.me/schools/review/50749,crawled_not_indexed,2026-09-18,2026-09-21T20:26:15,2026-09-21T20:26:15
https://schoolwith.me/schools/review/53/overall_rating_desc/supports/line/page:2,discovered_not_indexed,2026-09-18,2026-09-21T20:26:15,2026-09-21T20:26:15
https://schoolwith.me/schools/review/53/overall_rating_desc/supports/line/page:8,discovered_not_indexed,2026-09-18,2026-09-21T20:26:15,2026-09-21T20:26:15
https://schoolwith.me/schools/review/57/end_date_desc/supports/line/page:15,discovered_not_indexed,2026-09-18,2026-09-21T20:26:15,2026-09-21T20:26:15
https://schoolwith.me/schools/review/57/end_date_desc/supports/line/page:2,discovered_not_indexed,2026-09-18,2026-09-21T20:26:15,2026-09-21T20:26:15
https://schoolwith.me/schools/review/57/overall_rating_asc/supports/line/page:2,discovered_not_indexed,2026-09-18,2026-09-21T20:26:15,2026-09-21T20:26:15
https://schoolwith.me/schools/review/57/term_weeks_asc/page:12,crawled_not_indexed,2026-09-18,2026-09-21T20:26:15,2026-09-21T20:26:15
https://schoolwith.me/schools/review/57/term_weeks_desc/supports/line/page:12,discovered_not_indexed,2026-09-18,2026-09-21T20:26:15,2026-09-21T20:26:15
https://schoolwith.me/schools/review/58/sort:Review.locale/direction:desc,discovered_not_indexed,2026-09-18,2026-09-21T20:26:15,2026-09-21T20:26:15
https://schoolwith.me/schools/review/60022/term_weeks_asc,crawled_not_indexed,2026-09-18,2026-09-21T20:26:15,2026-09-21T20:26:15
https://schoolwith.me/schools/review/60128/overall_rating_asc,crawled_not_indexed,2026-09-18,2026-09-21T20:26:15,2026-09-21T20:26:15
https://schoolwith.me/schools/review/70115/end_date_desc,crawled_not_indexed,2026-09-18,2026-09-21T20:26:15,2026-09-21T20:26:15
https://schoolwith.me/schools/review/70115/overall_rating_asc,crawled_not_indexed,2026-09-18,2026-09-21T20:26:15,2026-09-21T20:26:15
https://schoolwith.me/schools/review/73/sort:Review.locale/direction:desc/page:2,discovered_not_indexed,2026-09-18,2026-09-21T20:26:15,2026-09-21T20:26:15
https://schoolwith.me/schools/review/74/posts_date_desc/page:2,crawled_not_indexed,2026-09-18,2026-09-21T20:26:15,2026-09-21T20:26:15
https://schoolwith.me/schools/review/76/overall_rating_asc/supports/supports/line/page:2,dup_no_user_canonical,2026-09-18,2026-09-21T20:26:15,2026-09-21T20:26:15
https://schoolwith.me/schools/review/76/overall_rating_desc/supports/line/page:2,discovered_not_indexed,2026-09-18,2026-09-21T20:26:15,2026-09-21T20:26:15
https://schoolwith.me/schools/review/83/end_date_desc/page:4,crawled_not_indexed,2026-09-18,2026-09-21T20:26:15,2026-09-21T20:26:15
https://schoolwith.me/schools/review/83/posts_date_desc/supports/supports/line/page:2,discovered_not_indexed,2026-09-18,2026-09-21T20:26:15,2026-09-21T20:26:15
https://schoolwith.me/schools/review/90/overall_rating_desc/supports/line/page:6,discovered_not_indexed,2026-09-18,2026-09-21T20:26:15,2026-09-21T20:26:15
https://schoolwith.me/schools/review/90/term_weeks_asc/supports/supports/line/page:2,discovered_not_indexed,2026-09-18,2026-09-21T20:26:15,2026-09-21T20:26:15
https://schoolwith.me/schools/review/90/term_weeks_asc/supports/supports/line/page:5,discovered_not_indexed,2026-09-18,2026-09-21T20:26:15,2026-09-21T20:26:15
https://schoolwith.me/schools/review/93/posts_date_desc/message_for_after_covit19/page:6,discovered_not_indexed,2026-09-18,2026-09-21T20:26:15,2026-09-21T20:26:15
https://schoolwith.me/schools/review/93/sort:Review.end_date/direction:DESC,discovered_not_indexed,2026-09-18,2026-09-21T20:26:15,2026-09-21T20:26:15
https://schoolwith.me/schools/review/94/posts_date_desc,discovered_not_indexed,2026-09-18,2026-09-21T20:26:15,2026-09-21T20:26:15
https://schoolwith.me/schools/review/97/page:3/sort:Review.locale/direction:DESC,crawled_not_indexed,2026-09-18,2026-09-21T20:26:15,2026-09-21T20:26:15
https://schoolwith.me/schools/stay/11?a8=KrA0DrUo2L8pjzgCZjBMppIMq.zJ8oIsAj_CszIFMF4o2LAX79TKcLTLGLZsasTBcFbMIvAycrA01s00000024868001,discovered_not_indexed,2026-09-18,2026-09-21T20:26:15,2026-09-21T20:26:15
https://schoolwith.me/schools/stay/171?a8=KrA0DrUo2L8pjzgCZjBMppIMq.zJ8oIsAj_CszIFMF4o2LAX79TKcLTLGLZsasTBcFbMIvAycrA01s00000024868001,discovered_not_indexed,2026-09-18,2026-09-21T20:26:15,2026-09-21T20:26:15
https://schoolwith.me/schools/stay/193?a8=KrA0DrUo2L8pjzgCZjBMppIMq.zJ8oIsAj_CszIFMF4o2LAX79TKcLTLGLZsasTBcFbMIvAycrA01s00000024868001,discovered_not_indexed,2026-09-18,2026-09-21T20:26:15,2026-09-21T20:26:15
https://schoolwith.me/schools/stay/244,crawled_not_indexed,2026-09-18,2026-09-21T20:26:15,2026-09-21T20:26:15
https://schoolwith.me/schools/stay/41,crawled_not_indexed,2026-09-18,2026-09-21T20:26:15,2026-09-21T20:26:15
https://schoolwith.me/search/columns/result/message_for_after_covit19/page:16,discovered_not_indexed,2026-09-18,2026-09-21T20:26:15,2026-09-21T20:26:15
https://schoolwith.me/search/columns/result/message_for_after_covit19/page:74,discovered_not_indexed,2026-09-18,2026-09-21T20:26:15,2026-09-21T20:26:15
https://schoolwith.me/search/columns/result/message_for_after_covit19/page:84,discovered_not_indexed,2026-09-18,2026-09-21T20:26:15,2026-09-21T20:26:15
https://schoolwith.me/search/columns/result/page:12/sub_category_id:2005,discovered_not_indexed,2026-09-18,2026-09-21T20:26:15,2026-09-21T20:26:15
https://schoolwith.me/search/columns/result/page:15/sub_category_id:9001,discovered_not_indexed,2026-09-18,2026-09-21T20:26:15,2026-09-21T20:26:15
https://schoolwith.me/search/columns/result/page:16/sub_category_id:9001,discovered_not_indexed,2026-09-18,2026-09-21T20:26:15,2026-09-21T20:26:15
https://schoolwith.me/search/columns/result/page:2/sub_category_id:3003,discovered_not_indexed,2026-09-18,2026-09-21T20:26:15,2026-09-21T20:26:15
https://schoolwith.me/search/columns/result/page:24/sub_category_id:2004,discovered_not_indexed,2026-09-18,2026-09-21T20:26:15,2026-09-21T20:26:15
https://schoolwith.me/search/columns/result/page:25/sub_category_id:3001,crawled_not_indexed,2026-09-18,2026-09-21T20:26:15,2026-09-21T20:26:15
https://schoolwith.me/search/columns/result/page:26/sub_category_id:3004,discovered_not_indexed,2026-09-18,2026-09-21T20:26:15,2026-09-21T20:26:15
https://schoolwith.me/search/columns/result/page:27/sub_category_id:1001,discovered_not_indexed,2026-09-18,2026-09-21T20:26:15,2026-09-21T20:26:15
https://schoolwith.me/search/columns/result/page:28/sub_category_id:2005,discovered_not_indexed,2026-09-18,2026-09-21T20:26:15,2026-09-21T20:26:15
https://schoolwith.me/search/columns/result/page:31/sub_category_id:2003,discovered_not_indexed,2026-09-18,2026-09-21T20:26:15,2026-09-21T20:26:15
https://schoolwith.me/search/columns/result/page:34/sub_category_id:2003,discovered_not_indexed,2026-09-18,2026-09-21T20:26:15,2026-09-21T20:26:15
https://schoolwith.me/search/columns/result/page:34/sub_category_id:3001,discovered_not_indexed,2026-09-18,2026-09-21T20:26:15,2026-09-21T20:26:15
https://schoolwith.me/search/columns/result/page:38/sub_category_id:1002,discovered_not_indexed,2026-09-18,2026-09-21T20:26:15,2026-09-21T20:26:15
https://schoolwith.me/search/columns/result/page:41/sub_category_id:3001,discovered_not_indexed,2026-09-18,2026-09-21T20:26:15,2026-09-21T20:26:15
https://schoolwith.me/search/columns/result/page:43/sub_category_id:3002,discovered_not_indexed,2026-09-18,2026-09-21T20:26:15,2026-09-21T20:26:15
https://schoolwith.me/search/columns/result/page:45/sub_category_id:2004,discovered_not_indexed,2026-09-18,2026-09-21T20:26:15,2026-09-21T20:26:15
https://schoolwith.me/search/columns/result/page:46/sub_category_id:3004,crawled_not_indexed,2026-09-18,2026-09-21T20:26:15,2026-09-21T20:26:15
https://schoolwith.me/search/columns/result/page:48/sub_category_id:1004,discovered_not_indexed,2026-09-18,2026-09-21T20:26:15,2026-09-21T20:26:15
https://schoolwith.me/search/columns/result/page:52/sub_category_id:3002,crawled_not_indexed,2026-09-18,2026-09-21T20:26:15,2026-09-21T20:26:15
https://schoolwith.me/search/columns/result/page:53/sub_category_id:9001,discovered_not_indexed,2026-09-18,2026-09-21T20:26:15,2026-09-21T20:26:15
https://schoolwith.me/search/columns/result/page:59/sub_category_id:1004,discovered_not_indexed,2026-09-18,2026-09-21T20:26:15,2026-09-21T20:26:15
https://schoolwith.me/search/columns/result/page:6/sub_category_id:3002,discovered_not_indexed,2026-09-18,2026-09-21T20:26:15,2026-09-21T20:26:15
https://schoolwith.me/search/columns/result/page:6/sub_category_id:9001,discovered_not_indexed,2026-09-18,2026-09-21T20:26:15,2026-09-21T20:26:15
https://schoolwith.me/search/columns/result/page:6/supports/line,discovered_not_indexed,2026-09-18,2026-09-21T20:26:15,2026-09-21T20:26:15
https://schoolwith.me/search/columns/result/page:61/sub_category_id:2004,discovered_not_indexed,2026-09-18,2026-09-21T20:26:15,2026-09-21T20:26:15
https://schoolwith.me/search/columns/result/page:63/sub_category_id:3002,discovered_not_indexed,2026-09-18,2026-09-21T20:26:15,2026-09-21T20:26:15
https://schoolwith.me/search/columns/result/page:64/sub_category_id:2002,discovered_not_indexed,2026-09-18,2026-09-21T20:26:15,2026-09-21T20:26:15
https://schoolwith.me/search/columns/result/page:69/sub_category_id:2004,discovered_not_indexed,2026-09-18,2026-09-21T20:26:15,2026-09-21T20:26:15
https://schoolwith.me/search/columns/result/page:7/sub_category_id:2002,discovered_not_indexed,2026-09-18,2026-09-21T20:26:15,2026-09-21T20:26:15
https://schoolwith.me/search/columns/result/page:76/sub_category_id:9001,discovered_not_indexed,2026-09-18,2026-09-21T20:26:15,2026-09-21T20:26:15
https://schoolwith.me/search/columns/result/page:79/sub_category_id:2005,discovered_not_indexed,2026-09-18,2026-09-21T20:26:15,2026-09-21T20:26:15
https://schoolwith.me/search/columns/result/page:80/sub_category_id:2005,discovered_not_indexed,2026-09-18,2026-09-21T20:26:15,2026-09-21T20:26:15
https://schoolwith.me/search/columns/result/page:82/sub_category_id:1001,discovered_not_indexed,2026-09-18,2026-09-21T20:26:15,2026-09-21T20:26:15
https://schoolwith.me/search/columns/result/page:84/sub_category_id:2004,discovered_not_indexed,2026-09-18,2026-09-21T20:26:15,2026-09-21T20:26:15
https://schoolwith.me/search/columns/result/page:9/sub_category_id:2001,discovered_not_indexed,2026-09-18,2026-09-21T20:26:15,2026-09-21T20:26:15
https://schoolwith.me/search/columns/result/page:93/sub_category_id:2004,discovered_not_indexed,2026-09-18,2026-09-21T20:26:15,2026-09-21T20:26:15
https://schoolwith.me/search/columns/result/sub_category_id:1004,discovered_not_indexed,2026-09-18,2026-09-21T20:26:15,2026-09-21T20:26:15
https://schoolwith.me/search/columns/result/supports/line/page:17,discovered_not_indexed,2026-09-18,2026-09-21T20:26:15,2026-09-21T20:26:15
https://schoolwith.me/search/columns/result/supports/line/page:18,discovered_not_indexed,2026-09-18,2026-09-21T20:26:15,2026-09-21T20:26:15
https://schoolwith.me/search/columns/result/supports/line/page:34/sub_category_id:1002,discovered_not_indexed,2026-09-18,2026-09-21T20:26:15,2026-09-21T20:26:15
https://schoolwith.me/search/columns/result/supports/line/page:43,discovered_not_indexed,2026-09-18,2026-09-21T20:26:15,2026-09-21T20:26:15
https://schoolwith.me/search/columns/result/supports/line/page:9,discovered_not_indexed,2026-09-18,2026-09-21T20:26:15,2026-09-21T20:26:15
"https://schoolwith.me/search/schools/result/country_id[ 
]:1?sort_type=/search/schools/result/direction:desc/country_id%5B 
%5D:1?sort_type%3D%252Fsearch%252Fschools%252Fresult%252Fsort%253Alowest_fee_per_month%252Fdirection%253Aasc%252Fcountry_id%255B%2B%255D%253A1%253Fsort_type%253D%25252Fsearch%25252Fschools%25252Fresult%25252Fdirection%25253Adesc%25252Fcountry_id%25255B%252B%25255D%25253A1",crawled_not_indexed,2026-09-18,2026-09-21T20:26:15,2026-09-21T20:26:15
https://schoolwith.me/search/schools/result/country_id[/page:15/]:7,crawled_not_indexed,2026-09-18,2026-09-21T20:26:15,2026-09-21T20:26:15
https://schoolwith.me/search/schools/result/country_id[/page:4/sort:lowest_fee_per_month/direction:asc/]:5?sort_type=/search/schools/result/country_id%255B/direction:desc/%5D:5?sort_type%3D%252Fsearch%252Fschools%252Fresult%252Fcountry_id%25255B%252Fdirection%253Adesc%252F%255D%253A5%253Fsort_type%253D%25252Fsearch%25252Fschools%25252Fresult%25252Fcountry_id%2525255B%25252Fdirection%25253Adesc%25252F%25255D%25253A5,crawled_not_indexed,2026-09-18,2026-09-21T20:26:15,2026-09-21T20:26:15
https://schoolwith.me/search/schools/result/message_for_after_covit19/page:78?sort_type=/search/schools/result/message_for_after_covit19/direction:desc?sort_type%3D%252Fsearch%252Fschools%252Fresult%252Fmessage_for_after_covit19%252Fdirection%253Adesc%253Fsort_type%253D%25252Fsearch%25252Fschools%25252Fresult%25252Fmessage_for_after_covit19%25252Fsort%25253Alowest_fee_per_month%25252Fdirection%25253Aasc%25253Fsort_type%25253D%2525252Fsearch%2525252Fschools%2525252Fresult%2525252Fmessage_for_after_covit19%2525252Fdirection%2525253Adesc,crawled_not_indexed,2026-09-18,2026-09-21T20:26:15,2026-09-21T20:26:15
https://schoolwith.me/search/schools/result/page:151/direction:asc/sort:lowest_fee_per_month/country_id[.]:3?sort_type=/search/schools/result/direction:desc/country_id%5B.%5D:3?sort_type%3D%252Fsearch%252Fschools%252Fresult%252Fsort%253Alowest_fee_per_month%252Fdirection%253AASC%252Fcountry_id%25255B0%25255D%253A3%253Fsort_type%253D%25252Fsearch%25252Fschools%25252Fresult%25252Fcountry_id%2525255B0%2525255D%25253A3,crawled_not_indexed,2026-09-18,2026-09-21T20:26:15,2026-09-21T20:26:15
https://schoolwith.me/search/schools/result/page:16/country_id[-]:5?sort_type=/search/schools/result/direction:asc/country_id%255B-%255D:5/sort:lowest_fee_per_month?sort_type%3D%252Fsearch%252Fschools%252Fresult%252Fdirection%253Adesc%252Fcountry_id%25255B-%25255D%253A5%253Fsort_type%253D%25252Fsearch%25252Fschools%25252Fresult%25252Fdirection%25253Adesc%25252Fcountry_id%2525255B-%2525255D%25253A5,crawled_not_indexed,2026-09-18,2026-09-21T20:26:15,2026-09-21T20:26:15
"https://schoolwith.me/search/schools/result/page:177/direction:asc/sort:lowest_fee_per_month/country_id[ 
]:1",crawled_not_indexed,2026-09-18,2026-09-21T20:26:15,2026-09-21T20:26:15
https://schoolwith.me/search/schools/result/page:19/country_id[.]:4,crawled_not_indexed,2026-09-18,2026-09-21T20:26:15,2026-09-21T20:26:15
https://schoolwith.me/search/schools/result/page:23/country_id[.]:4,crawled_not_indexed,2026-09-18,2026-09-21T20:26:15,2026-09-21T20:26:15
https://schoolwith.me/search/schools/result/page:24/country_id[.]:4,crawled_not_indexed,2026-09-18,2026-09-21T20:26:15,2026-09-21T20:26:15
https://schoolwith.me/search/schools/result/page:25/country_id[.]:4,crawled_not_indexed,2026-09-18,2026-09-21T20:26:15,2026-09-21T20:26:15
"https://schoolwith.me/search/schools/result/page:278/direction:desc/country_id[ 
]:1",crawled_not_indexed,2026-09-18,2026-09-21T20:26:15,2026-09-21T20:26:15
https://schoolwith.me/search/schools/result/page:27?sort_type=/search/schools/result/sort:lowest_fee_per_month/direction:asc?sort_type%3D%252Fsearch%252Fschools%252Fresult%252Fsort%253Alowest_fee_per_month%252Fdirection%253Aasc%253Fsrc_user%253Dtop_main_ranking_pc,crawled_not_indexed,2026-09-18,2026-09-21T20:26:15,2026-09-21T20:26:15
https://schoolwith.me/search/schools/result/page:4/country_id[-]:5?sort_type=/search/schools/result/direction:asc/country_id%255B-%255D:5/sort:lowest_fee_per_month?sort_type%3D%252Fsearch%252Fschools%252Fresult%252Fdirection%253Adesc%252Fcountry_id%25255B-%25255D%253A5%253Fsort_type%253D%25252Fsearch%25252Fschools%25252Fresult%25252Fdirection%25253Adesc%25252Fcountry_id%2525255B-%2525255D%25253A5,crawled_not_indexed,2026-09-18,2026-09-21T20:26:15,2026-09-21T20:26:15
https://schoolwith.me/search/schools/result/page:66/country_id[-]:2?sort_type=/search/schools/result/sort:lowest_fee_per_month/direction:asc/country_id%255B0%255D:2?sort_type%3D%252Fsearch%252Fschools%252Fresult%252Fdirection%253Adesc%252Fcountry_id%25255B0%25255D%253A2%253Fsort_type%253D%25252Fsearch%25252Fschools%25252Fresult%25252Fsort%25253Alowest_fee_per_month%25252Fdirection%25253Aasc%25252Fcountry_id%2525255B0%2525255D%25253A2,crawled_not_indexed,2026-09-18,2026-09-21T20:26:15,2026-09-21T20:26:15
https://schoolwith.me/search/schools/result/page:67/country_id[-]:2?sort_type=/search/schools/result/sort:lowest_fee_per_month/direction:asc/country_id%255B0%255D:2?sort_type%3D%252Fsearch%252Fschools%252Fresult%252Fdirection%253Adesc%252Fcountry_id%25255B0%25255D%253A2%253Fsort_type%253D%25252Fsearch%25252Fschools%25252Fresult%25252Fsort%25253Alowest_fee_per_month%25252Fdirection%25253Aasc%25252Fcountry_id%2525255B0%2525255D%25253A2,crawled_not_indexed,2026-09-18,2026-09-21T20:26:15,2026-09-21T20:26:15
https://schoolwith.me/search/schools/result/page:72/country_id[-]:2?sort_type=/search/schools/result/sort:lowest_fee_per_month/direction:asc/country_id%255B0%255D:2?sort_type%3D%252Fsearch%252Fschools%252Fresult%252Fdirection%253Adesc%252Fcountry_id%25255B0%25255D%253A2%253Fsort_type%253D%25252Fsearch%25252Fschools%25252Fresult%25252Fsort%25253Alowest_fee_per_month%25252Fdirection%25253Aasc%25252Fcountry_id%2525255B0%2525255D%25253A2,crawled_not_indexed,2026-09-18,2026-09-21T20:26:15,2026-09-21T20:26:15
https://schoolwith.me/search/schools/result/page:75/country_id[-]:2?sort_type=/search/schools/result/sort:lowest_fee_per_month/direction:asc/country_id%255B0%255D:2?sort_type%3D%252Fsearch%252Fschools%252Fresult%252Fdirection%253Adesc%252Fcountry_id%25255B0%25255D%253A2%253Fsort_type%253D%25252Fsearch%25252Fschools%25252Fresult%25252Fsort%25253Alowest_fee_per_month%25252Fdirection%25253Aasc%25252Fcountry_id%2525255B0%2525255D%25253A2,crawled_not_indexed,2026-09-18,2026-09-21T20:26:15,2026-09-21T20:26:15
https://schoolwith.me/search/schools/result/page:76/country_id[-]:2?sort_type=/search/schools/result/sort:lowest_fee_per_month/direction:asc/country_id%255B0%255D:2?sort_type%3D%252Fsearch%252Fschools%252Fresult%252Fdirection%253Adesc%252Fcountry_id%25255B0%25255D%253A2%253Fsort_type%253D%25252Fsearch%25252Fschools%25252Fresult%25252Fsort%25253Alowest_fee_per_month%25252Fdirection%25253Aasc%25252Fcountry_id%2525255B0%2525255D%25253A2,crawled_not_indexed,2026-09-18,2026-09-21T20:26:15,2026-09-21T20:26:15
https://schoolwith.me/search/schools/result/page:77/country_id[-]:2,crawled_not_indexed,2026-09-18,2026-09-21T20:26:15,2026-09-21T20:26:15
https://schoolwith.me/search/schools/result/page:77/country_id[-]:2?sort_type=/search/schools/result/sort:lowest_fee_per_month/direction:asc/country_id%255B0%255D:2?sort_type%3D%252Fsearch%252Fschools%252Fresult%252Fdirection%253Adesc%252Fcountry_id%25255B0%25255D%253A2%253Fsort_type%253D%25252Fsearch%25252Fschools%25252Fresult%25252Fsort%25253Alowest_fee_per_month%25252Fdirection%25253Aasc%25252Fcountry_id%2525255B0%2525255D%25253A2,crawled_not_indexed,2026-09-18,2026-09-21T20:26:15,2026-09-21T20:26:15
https://schoolwith.me/search/schools/result/page:78/country_id[-]:2?sort_type=/search/schools/result/sort:lowest_fee_per_month/direction:asc/country_id%255B0%255D:2?sort_type%3D%252Fsearch%252Fschools%252Fresult%252Fdirection%253Adesc%252Fcountry_id%25255B0%25255D%253A2%253Fsort_type%253D%25252Fsearch%25252Fschools%25252Fresult%25252Fsort%25253Alowest_fee_per_month%25252Fdirection%25253Aasc%25252Fcountry_id%2525255B0%2525255D%25253A2,crawled_not_indexed,2026-09-18,2026-09-21T20:26:15,2026-09-21T20:26:15
https://schoolwith.me/search/schools/result/page:79/country_id[-]:2?sort_type=/search/schools/result/sort:lowest_fee_per_month/direction:asc/country_id%255B0%255D:2?sort_type%3D%252Fsearch%252Fschools%252Fresult%252Fdirection%253Adesc%252Fcountry_id%25255B0%25255D%253A2%253Fsort_type%253D%25252Fsearch%25252Fschools%25252Fresult%25252Fsort%25253Alowest_fee_per_month%25252Fdirection%25253Aasc%25252Fcountry_id%2525255B0%2525255D%25253A2,crawled_not_indexed,2026-09-18,2026-09-21T20:26:15,2026-09-21T20:26:15
https://schoolwith.me/search/schools/result/page:8/country_id[.]:2,crawled_not_indexed,2026-09-18,2026-09-21T20:26:15,2026-09-21T20:26:15
https://schoolwith.me/search/schools/result/search_school_name/sort:lowest_fee_per_month/direction:asc/page:2?sort_type=/search/schools/result/search_school_name/direction:desc?sort_type%3D%252Fsearch%252Fschools%252Fresult%252Fsearch_school_name%252Fdirection%253Adesc%253Fsort_type%253D%25252Fsearch%25252Fschools%25252Fresult%25252Fsearch_school_name%25252Fsort%25253Alowest_fee_per_month%25252Fdirection%25253Aasc,crawled_not_indexed,2026-09-18,2026-09-21T20:26:15,2026-09-21T20:26:15
https://schoolwith.me/search/schools/result/search_school_name/sort:lowest_fee_per_month/direction:asc?sort_type=/search/schools/result/search_school_name/direction:desc?sort_type%3D%252Fsearch%252Fschools%252Fresult%252Fsearch_school_name%252Fdirection%253Adesc%253Fsort_type%253D%25252Fsearch%25252Fschools%25252Fresult%25252Fsearch_school_name%25252Fsort%25253Alowest_fee_per_month%25252Fdirection%25253Aasc,crawled_not_indexed,2026-09-18,2026-09-21T20:26:15,2026-09-21T20:26:15
https://schoolwith.me/search/schools/result/sort:lowest_fee_per_month/direction:asc/search_school_name:オーストラリア/page:2,crawled_not_indexed,2026-09-18,2026-09-21T20:26:15,2026-09-21T20:26:15
https://schoolwith.me/search/schools/result/supports/line/page:35/direction:asc?sort_type=/search/schools/result/supports/line/direction:asc/sort:lowest_fee_per_month?sort_type%3D%252Fsearch%252Fschools%252Fresult%252Fsupports%252Fline%252Fdirection%253Adesc%253Fsort_type%253D%25252Fsearch%25252Fschools%25252Fresult%25252Fsupports%25252Fline%25252Fdirection%25253Aasc%25252Fsort%25253Alowest_fee_per_month%25253Fsort_type%25253D%2525252Fsearch%2525252Fschools%2525252Fresult%2525252Fsupports%2525252Fline%2525252Fdirection%2525253Adesc,crawled_not_indexed,2026-09-18,2026-09-21T20:26:15,2026-09-21T20:26:15
https://schoolwith.me/search/schools/result/supports/supports/line/page:12?sort_type=/search/schools/result/supports/supports/line/sort:lowest_fee_per_month/direction:ASC?sort_type%3D%252Fsearch%252Fschools%252Fresult%252Fsupports%252Fsupports%252Fline,crawled_not_indexed,2026-09-18,2026-09-21T20:26:15,2026-09-21T20:26:15
https://schoolwith.me/search_schools/result/page:3?sort_type=/search/schools/result?sort_type%3D%252Fsearch%252Fschools%252Fresult%252Fsort%253Alowest_fee_per_month%252Fdirection%253AASC%253Fsort_type%253D%25252Fsearch%25252Fschools%25252Fresult%25253Fsort_type%25253D%2525252Fsearch%2525252Fschools%2525252Fresult%2525252Fsort%2525253Atmp_overall_score%2525252Fdirection%2525253ADESC,dup_no_user_canonical,2026-09-18,2026-09-21T20:26:15,2026-09-21T20:26:15
https://schoolwith.me/seminars/register?schedule=464,dup_no_user_canonical,2026-09-18,2026-09-21T20:26:15,2026-09-21T20:26:15
https://schoolwith.me/seminars/register?schedule=466,dup_no_user_canonical,2026-09-18,2026-09-21T20:26:15,2026-09-21T20:26:15
https://schoolwith.me/seminars/register?schedule=492,dup_no_user_canonical,2026-09-18,2026-09-21T20:26:15,2026-09-21T20:26:15
https://schoolwith.me/seminars/register?schedule=844,dup_no_user_canonical,2026-09-18,2026-09-21T20:26:15,2026-09-21T20:26:15
https://schoolwith.me/seminars/register?schedule=848,discovered_not_indexed,2026-09-18,2026-09-21T20:26:15,2026-09-21T20:26:15
https://schoolwith.me/seminars/register?schedule=886,dup_no_user_canonical,2026-09-18,2026-09-21T20:26:15,2026-09-21T20:26:15
https://schoolwith.me/seminars/register?schedule=920,dup_no_user_canonical,2026-09-18,2026-09-21T20:26:15,2026-09-21T20:26:15
https://schoolwith.me/settings/forget_password?a8=KrA0DrUo2L8pjzgCZjBMppIMq.zJ8oIsAj_CszIFMF4o2LAX79TKcLTLGLZsasTBcFbMIvAycrA01s00000024868001,discovered_not_indexed,2026-09-18,2026-09-21T20:26:15,2026-09-21T20:26:15
https://schoolwith.me/settings/forget_password?a8=cETptEiKDYIKbfRwQmafTTCB4TZXIeBCFmyN8eBCKN.CRYTIpYTgSe_B4e_gSe_Y.M_y02ARb2TLb2TK5N.2RHTc.EbgDeT7pekXxs00000024433001,discovered_not_indexed,2026-09-18,2026-09-21T20:26:15,2026-09-21T20:26:15
https://schoolwith.me/types/cambridge?a8=KrA0DrUo2L8pjzgCZjBMppIMq.zJ8oIsAj_CszIFMF4o2LAX79TKcLTLGLZsasTBcFbMIvAycrA01s00000024868001,discovered_not_indexed,2026-09-18,2026-09-21T20:26:15,2026-09-21T20:26:15
https://schoolwith.me/types/gmat?a8=cETptEiKDYIKbfRwQmafTTCB4TZXIeBCFmyN8eBCKN.CRYTIpYTgSe_B4e_gSe_Y.M_y02ARb2TLb2TK5N.2RHTc.EbgDeT7pekXxs00000024433001,discovered_not_indexed,2026-09-18,2026-09-21T20:26:15,2026-09-21T20:26:15
https://schoolwith.me/users/?done=/schools/50071,crawled_not_indexed,2026-09-18,2026-09-21T20:26:15,2026-09-21T20:26:15
