url,group,sitemap
https://schoolwith.me/,TOP,top_other
https://schoolwith.me/?a8=XXX,パラメータ付き,a8
https://schoolwith.me/?afid=POc2mn9nN69dke7L06qAZnJg9TCTWcDE0qe7&cid=c01jjrx2f2hq37h4pxxv7py4t74&p=ph3a8u9yn97o,パラメータ付き,afid
https://schoolwith.me/about,その他,top_other
https://schoolwith.me/ad,その他,top_other
https://schoolwith.me/application_term,その他,top_other
https://schoolwith.me/applications/a_complete/1,その他,applications
https://schoolwith.me/areas/1,エリア,areas
https://schoolwith.me/areas/1/campaign:0/campaign_sort,エリア,sort
https://schoolwith.me/areas/1/climate,エリア,areas
https://schoolwith.me/areas/1/currency_exchange,エリア,areas
https://schoolwith.me/areas/1/district,エリア,areas
https://schoolwith.me/areas/1/expenses,エリア,areas
https://schoolwith.me/areas/1/expenses_1week,エリア,areas
https://schoolwith.me/areas/1/expenses_1year,エリア,areas
https://schoolwith.me/areas/1/expenses_3month,エリア,areas
https://schoolwith.me/areas/1/expenses_6month,エリア,areas
https://schoolwith.me/areas/1/expenses_all,エリア,areas
https://schoolwith.me/areas/1/feature,エリア,areas
https://schoolwith.me/areas/1/flight,エリア,areas
https://schoolwith.me/areas/1/holiday,エリア,areas
https://schoolwith.me/areas/1/life,エリア,areas
https://schoolwith.me/areas/1/safety,エリア,areas
https://schoolwith.me/areas/1/spots,エリア,areas
https://schoolwith.me/areas/1/stay,エリア,areas
https://schoolwith.me/areas/1/transport,エリア,areas
https://schoolwith.me/areas/14,エリア,areas
https://schoolwith.me/areas/14/climate,エリア,areas
https://schoolwith.me/areas/14/currency_exchange,エリア,areas
https://schoolwith.me/areas/14/district,エリア,areas
https://schoolwith.me/areas/14/expenses_all,エリア,areas
https://schoolwith.me/areas/14/feature,エリア,areas
https://schoolwith.me/areas/14/flight,エリア,areas
https://schoolwith.me/areas/14/life,エリア,areas
https://schoolwith.me/areas/14/safety,エリア,areas
https://schoolwith.me/areas/14/spots,エリア,areas
https://schoolwith.me/areas/14/stay,エリア,areas
https://schoolwith.me/areas/19001,エリア,areas
https://schoolwith.me/areas/2,エリア,areas
https://schoolwith.me/areas/2/activity,エリア,areas
https://schoolwith.me/areas/2/climate,エリア,areas
https://schoolwith.me/areas/2/currency_exchange,エリア,areas
https://schoolwith.me/areas/2/district,エリア,areas
https://schoolwith.me/areas/2/expenses_all,エリア,areas
https://schoolwith.me/areas/2/feature,エリア,areas
https://schoolwith.me/areas/2/flight,エリア,areas
https://schoolwith.me/areas/2/life,エリア,areas
https://schoolwith.me/areas/2/safety,エリア,areas
https://schoolwith.me/areas/2/spots,エリア,areas
https://schoolwith.me/areas/2/stay,エリア,areas
https://schoolwith.me/areas/2/transport,エリア,areas
https://schoolwith.me/areas/2001/climate,エリア,areas
https://schoolwith.me/areas/2001/currency_exchange,エリア,areas
https://schoolwith.me/areas/2001/district,エリア,areas
https://schoolwith.me/areas/2001/expenses_all,エリア,areas
https://schoolwith.me/areas/2001/feature,エリア,areas
https://schoolwith.me/areas/2001/flight,エリア,areas
https://schoolwith.me/areas/2001/holiday,エリア,areas
https://schoolwith.me/areas/2001/life,エリア,areas
https://schoolwith.me/areas/2001/safety,エリア,areas
https://schoolwith.me/areas/2001/spots,エリア,areas
https://schoolwith.me/areas/2001/stay,エリア,areas
https://schoolwith.me/areas/2001/transport,エリア,areas
https://schoolwith.me/areas/2002,エリア,areas
https://schoolwith.me/areas/2002/climate,エリア,areas
https://schoolwith.me/areas/2002/currency_exchange,エリア,areas
https://schoolwith.me/areas/2002/district,エリア,areas
https://schoolwith.me/areas/2002/expenses_all,エリア,areas
https://schoolwith.me/areas/2002/feature,エリア,areas
https://schoolwith.me/areas/2002/flight,エリア,areas
https://schoolwith.me/areas/2002/holiday,エリア,areas
https://schoolwith.me/areas/2002/life,エリア,areas
https://schoolwith.me/areas/2002/safety,エリア,areas
https://schoolwith.me/areas/2002/spots,エリア,areas
https://schoolwith.me/areas/2002/stay,エリア,areas
https://schoolwith.me/areas/2002/transport,エリア,areas
https://schoolwith.me/areas/2003,エリア,areas
https://schoolwith.me/areas/2003/climate,エリア,areas
https://schoolwith.me/areas/2003/currency_exchange,エリア,areas
https://schoolwith.me/areas/2003/district,エリア,areas
https://schoolwith.me/areas/2003/expenses,エリア,areas
https://schoolwith.me/areas/2003/expenses_1week,エリア,areas
https://schoolwith.me/areas/2003/expenses_1year,エリア,areas
https://schoolwith.me/areas/2003/expenses_3month,エリア,areas
https://schoolwith.me/areas/2003/expenses_6month,エリア,areas
https://schoolwith.me/areas/2003/expenses_all,エリア,areas
https://schoolwith.me/areas/2003/feature,エリア,areas
https://schoolwith.me/areas/2003/flight,エリア,areas
https://schoolwith.me/areas/2003/holiday,エリア,areas
https://schoolwith.me/areas/2003/life,エリア,areas
https://schoolwith.me/areas/2003/safety,エリア,areas
https://schoolwith.me/areas/2003/spots,エリア,areas
https://schoolwith.me/areas/2003/stay,エリア,areas
https://schoolwith.me/areas/2003/transport,エリア,areas
https://schoolwith.me/areas/2004,エリア,areas
https://schoolwith.me/areas/2004/climate,エリア,areas
https://schoolwith.me/areas/2004/currency_exchange,エリア,areas
https://schoolwith.me/areas/2004/district,エリア,areas
https://schoolwith.me/areas/2004/expenses_1year,エリア,areas
https://schoolwith.me/areas/2004/expenses_all,エリア,areas
https://schoolwith.me/areas/2004/feature,エリア,areas
https://schoolwith.me/areas/2004/flight,エリア,areas
https://schoolwith.me/areas/2004/holiday,エリア,areas
https://schoolwith.me/areas/2004/life,エリア,areas
https://schoolwith.me/areas/2004/safety,エリア,areas
https://schoolwith.me/areas/2004/spots,エリア,areas
https://schoolwith.me/areas/2004/stay,エリア,areas
https://schoolwith.me/areas/2004/transport,エリア,areas
https://schoolwith.me/areas/2005,エリア,areas
https://schoolwith.me/areas/2005/climate,エリア,areas
https://schoolwith.me/areas/2005/currency_exchange,エリア,areas
https://schoolwith.me/areas/2005/district,エリア,areas
https://schoolwith.me/areas/2005/expenses,エリア,areas
https://schoolwith.me/areas/2005/expenses_1week,エリア,areas
https://schoolwith.me/areas/2005/expenses_1year,エリア,areas
https://schoolwith.me/areas/2005/expenses_3month,エリア,areas
https://schoolwith.me/areas/2005/expenses_6month,エリア,areas
https://schoolwith.me/areas/2005/expenses_all,エリア,areas
https://schoolwith.me/areas/2005/feature,エリア,areas
https://schoolwith.me/areas/2005/flight,エリア,areas
https://schoolwith.me/areas/2005/holiday,エリア,areas
https://schoolwith.me/areas/2005/life,エリア,areas
https://schoolwith.me/areas/2005/safety,エリア,areas
https://schoolwith.me/areas/2005/spots,エリア,areas
https://schoolwith.me/areas/2005/stay,エリア,areas
https://schoolwith.me/areas/2005/transport,エリア,areas
https://schoolwith.me/areas/2006,エリア,areas
https://schoolwith.me/areas/2006/climate,エリア,areas
https://schoolwith.me/areas/2006/currency_exchange,エリア,areas
https://schoolwith.me/areas/2006/district,エリア,areas
https://schoolwith.me/areas/2006/expenses_all,エリア,areas
https://schoolwith.me/areas/2006/feature,エリア,areas
https://schoolwith.me/areas/2006/flight,エリア,areas
https://schoolwith.me/areas/2006/holiday,エリア,areas
https://schoolwith.me/areas/2006/life,エリア,areas
https://schoolwith.me/areas/2006/safety,エリア,areas
https://schoolwith.me/areas/2006/spots,エリア,areas
https://schoolwith.me/areas/2006/transport,エリア,areas
https://schoolwith.me/areas/2007,エリア,areas
https://schoolwith.me/areas/2007/climate,エリア,areas
https://schoolwith.me/areas/2007/currency_exchange,エリア,areas
https://schoolwith.me/areas/2007/district,エリア,areas
https://schoolwith.me/areas/2007/expenses_all,エリア,areas
https://schoolwith.me/areas/2007/feature,エリア,areas
https://schoolwith.me/areas/2007/flight,エリア,areas
https://schoolwith.me/areas/2007/holiday,エリア,areas
https://schoolwith.me/areas/2007/life,エリア,areas
https://schoolwith.me/areas/2007/safety,エリア,areas
https://schoolwith.me/areas/2007/spots,エリア,areas
https://schoolwith.me/areas/2007/stay,エリア,areas
https://schoolwith.me/areas/2007/transport,エリア,areas
https://schoolwith.me/areas/2008,エリア,areas
https://schoolwith.me/areas/2008/climate,エリア,areas
https://schoolwith.me/areas/2008/currency_exchange,エリア,areas
https://schoolwith.me/areas/2008/district,エリア,areas
https://schoolwith.me/areas/2008/expenses_all,エリア,areas
https://schoolwith.me/areas/2008/feature,エリア,areas
https://schoolwith.me/areas/2008/flight,エリア,areas
https://schoolwith.me/areas/2008/holiday,エリア,areas
https://schoolwith.me/areas/2008/life,エリア,areas
https://schoolwith.me/areas/2008/safety,エリア,areas
https://schoolwith.me/areas/2008/spots,エリア,areas
https://schoolwith.me/areas/2008/stay,エリア,areas
https://schoolwith.me/areas/2008/transport,エリア,areas
https://schoolwith.me/areas/2009,エリア,areas
https://schoolwith.me/areas/2009/climate,エリア,areas
https://schoolwith.me/areas/2009/currency_exchange,エリア,areas
https://schoolwith.me/areas/2009/district,エリア,areas
https://schoolwith.me/areas/2009/expenses,エリア,areas
https://schoolwith.me/areas/2009/expenses_1week,エリア,areas
https://schoolwith.me/areas/2009/expenses_1year,エリア,areas
https://schoolwith.me/areas/2009/expenses_3month,エリア,areas
https://schoolwith.me/areas/2009/expenses_6month,エリア,areas
https://schoolwith.me/areas/2009/expenses_all,エリア,areas
https://schoolwith.me/areas/2009/feature,エリア,areas
https://schoolwith.me/areas/2009/flight,エリア,areas
https://schoolwith.me/areas/2009/holiday,エリア,areas
https://schoolwith.me/areas/2009/life,エリア,areas
https://schoolwith.me/areas/2009/safety,エリア,areas
https://schoolwith.me/areas/2009/spots,エリア,areas
https://schoolwith.me/areas/2009/stay,エリア,areas
https://schoolwith.me/areas/2009/transport,エリア,areas
https://schoolwith.me/areas/2010/climate,エリア,areas
https://schoolwith.me/areas/2010/currency_exchange,エリア,areas
https://schoolwith.me/areas/2010/district,エリア,areas
https://schoolwith.me/areas/2010/expenses_all,エリア,areas
https://schoolwith.me/areas/2010/feature,エリア,areas
https://schoolwith.me/areas/2010/flight,エリア,areas
https://schoolwith.me/areas/2010/holiday,エリア,areas
https://schoolwith.me/areas/2010/life,エリア,areas
https://schoolwith.me/areas/2010/safety,エリア,areas
https://schoolwith.me/areas/2010/spots,エリア,areas
https://schoolwith.me/areas/2010/stay,エリア,areas
https://schoolwith.me/areas/2010/transport,エリア,areas
https://schoolwith.me/areas/2012/climate,エリア,areas
https://schoolwith.me/areas/2012/expenses_all,エリア,areas
https://schoolwith.me/areas/2012/feature,エリア,areas
https://schoolwith.me/areas/2012/flight,エリア,areas
https://schoolwith.me/areas/2032/climate,エリア,areas
https://schoolwith.me/areas/2032/expenses_all,エリア,areas
https://schoolwith.me/areas/2032/feature,エリア,areas
https://schoolwith.me/areas/2032/flight,エリア,areas
https://schoolwith.me/areas/2056,エリア,areas
https://schoolwith.me/areas/2056/feature,エリア,areas
https://schoolwith.me/areas/2057,エリア,areas
https://schoolwith.me/areas/2057/climate,エリア,areas
https://schoolwith.me/areas/2057/expenses_all,エリア,areas
https://schoolwith.me/areas/2057/feature,エリア,areas
https://schoolwith.me/areas/2057/flight,エリア,areas
https://schoolwith.me/areas/2064/climate,エリア,areas
https://schoolwith.me/areas/2064/feature,エリア,areas
https://schoolwith.me/areas/2069/climate,エリア,areas
https://schoolwith.me/areas/2071,エリア,areas
https://schoolwith.me/areas/2081/feature,エリア,areas
https://schoolwith.me/areas/21001,エリア,areas
https://schoolwith.me/areas/24001,エリア,areas
https://schoolwith.me/areas/3,エリア,areas
https://schoolwith.me/areas/3/climate,エリア,areas
https://schoolwith.me/areas/3/currency_exchange,エリア,areas
https://schoolwith.me/areas/3/district,エリア,areas
https://schoolwith.me/areas/3/expenses_all,エリア,areas
https://schoolwith.me/areas/3/feature,エリア,areas
https://schoolwith.me/areas/3/flight,エリア,areas
https://schoolwith.me/areas/3/life,エリア,areas
https://schoolwith.me/areas/3/safety,エリア,areas
https://schoolwith.me/areas/3/spots,エリア,areas
https://schoolwith.me/areas/3/stay,エリア,areas
https://schoolwith.me/areas/3/transport,エリア,areas
https://schoolwith.me/areas/3001,エリア,areas
https://schoolwith.me/areas/3001/climate,エリア,areas
https://schoolwith.me/areas/3001/currency_exchange,エリア,areas
https://schoolwith.me/areas/3001/district,エリア,areas
https://schoolwith.me/areas/3001/expenses,エリア,areas
https://schoolwith.me/areas/3001/expenses_1week,エリア,areas
https://schoolwith.me/areas/3001/expenses_1year,エリア,areas
https://schoolwith.me/areas/3001/expenses_3month,エリア,areas
https://schoolwith.me/areas/3001/expenses_6month,エリア,areas
https://schoolwith.me/areas/3001/expenses_all,エリア,areas
https://schoolwith.me/areas/3001/feature,エリア,areas
https://schoolwith.me/areas/3001/flight,エリア,areas
https://schoolwith.me/areas/3001/holiday,エリア,areas
https://schoolwith.me/areas/3001/job,エリア,areas
https://schoolwith.me/areas/3001/life,エリア,areas
https://schoolwith.me/areas/3001/safety,エリア,areas
https://schoolwith.me/areas/3001/spots,エリア,areas
https://schoolwith.me/areas/3001/stay,エリア,areas
https://schoolwith.me/areas/3001/transport,エリア,areas
https://schoolwith.me/areas/3002,エリア,areas
https://schoolwith.me/areas/3002/climate,エリア,areas
https://schoolwith.me/areas/3002/currency_exchange,エリア,areas
https://schoolwith.me/areas/3002/district,エリア,areas
https://schoolwith.me/areas/3002/expenses,エリア,areas
https://schoolwith.me/areas/3002/expenses_1week,エリア,areas
https://schoolwith.me/areas/3002/expenses_1year,エリア,areas
https://schoolwith.me/areas/3002/expenses_3month,エリア,areas
https://schoolwith.me/areas/3002/expenses_6month,エリア,areas
https://schoolwith.me/areas/3002/expenses_all,エリア,areas
https://schoolwith.me/areas/3002/feature,エリア,areas
https://schoolwith.me/areas/3002/flight,エリア,areas
https://schoolwith.me/areas/3002/holiday,エリア,areas
https://schoolwith.me/areas/3002/job,エリア,areas
https://schoolwith.me/areas/3002/life,エリア,areas
https://schoolwith.me/areas/3002/safety,エリア,areas
https://schoolwith.me/areas/3002/spots,エリア,areas
https://schoolwith.me/areas/3002/stay,エリア,areas
https://schoolwith.me/areas/3002/transport,エリア,areas
https://schoolwith.me/areas/3003,エリア,areas
https://schoolwith.me/areas/3003/climate,エリア,areas
https://schoolwith.me/areas/3003/currency_exchange,エリア,areas
https://schoolwith.me/areas/3003/district,エリア,areas
https://schoolwith.me/areas/3003/expenses_all,エリア,areas
https://schoolwith.me/areas/3003/feature,エリア,areas
https://schoolwith.me/areas/3003/flight,エリア,areas
https://schoolwith.me/areas/3003/holiday,エリア,areas
https://schoolwith.me/areas/3003/job,エリア,areas
https://schoolwith.me/areas/3003/life,エリア,areas
https://schoolwith.me/areas/3003/safety,エリア,areas
https://schoolwith.me/areas/3003/spots,エリア,areas
https://schoolwith.me/areas/3003/stay,エリア,areas
https://schoolwith.me/areas/3003/transport,エリア,areas
https://schoolwith.me/areas/3004,エリア,areas
https://schoolwith.me/areas/3004/climate,エリア,areas
https://schoolwith.me/areas/3004/currency_exchange,エリア,areas
https://schoolwith.me/areas/3004/district,エリア,areas
https://schoolwith.me/areas/3004/expenses_all,エリア,areas
https://schoolwith.me/areas/3004/feature,エリア,areas
https://schoolwith.me/areas/3004/flight,エリア,areas
https://schoolwith.me/areas/3004/holiday,エリア,areas
https://schoolwith.me/areas/3004/job,エリア,areas
https://schoolwith.me/areas/3004/life,エリア,areas
https://schoolwith.me/areas/3004/safety,エリア,areas
https://schoolwith.me/areas/3004/spots,エリア,areas
https://schoolwith.me/areas/3004/stay,エリア,areas
https://schoolwith.me/areas/3004/transport,エリア,areas
https://schoolwith.me/areas/3005,エリア,areas
https://schoolwith.me/areas/3005/climate,エリア,areas
https://schoolwith.me/areas/3005/currency_exchange,エリア,areas
https://schoolwith.me/areas/3005/district,エリア,areas
https://schoolwith.me/areas/3005/expenses_all,エリア,areas
https://schoolwith.me/areas/3005/feature,エリア,areas
https://schoolwith.me/areas/3005/flight,エリア,areas
https://schoolwith.me/areas/3005/holiday,エリア,areas
https://schoolwith.me/areas/3005/job,エリア,areas
https://schoolwith.me/areas/3005/life,エリア,areas
https://schoolwith.me/areas/3005/safety,エリア,areas
https://schoolwith.me/areas/3005/spots,エリア,areas
https://schoolwith.me/areas/3005/stay,エリア,areas
https://schoolwith.me/areas/3005/transport,エリア,areas
https://schoolwith.me/areas/3006/climate,エリア,areas
https://schoolwith.me/areas/3006/currency_exchange,エリア,areas
https://schoolwith.me/areas/3006/district,エリア,areas
https://schoolwith.me/areas/3006/expenses_all,エリア,areas
https://schoolwith.me/areas/3006/feature,エリア,areas
https://schoolwith.me/areas/3006/flight,エリア,areas
https://schoolwith.me/areas/3006/holiday,エリア,areas
https://schoolwith.me/areas/3006/job,エリア,areas
https://schoolwith.me/areas/3006/life,エリア,areas
https://schoolwith.me/areas/3006/safety,エリア,areas
https://schoolwith.me/areas/3006/spots,エリア,areas
https://schoolwith.me/areas/3006/stay,エリア,areas
https://schoolwith.me/areas/3006/transport,エリア,areas
https://schoolwith.me/areas/3007,エリア,areas
https://schoolwith.me/areas/3007/climate,エリア,areas
https://schoolwith.me/areas/3007/currency_exchange,エリア,areas
https://schoolwith.me/areas/3007/district,エリア,areas
https://schoolwith.me/areas/3007/expenses_all,エリア,areas
https://schoolwith.me/areas/3007/feature,エリア,areas
https://schoolwith.me/areas/3007/flight,エリア,areas
https://schoolwith.me/areas/3007/holiday,エリア,areas
https://schoolwith.me/areas/3007/job,エリア,areas
https://schoolwith.me/areas/3007/life,エリア,areas
https://schoolwith.me/areas/3007/safety,エリア,areas
https://schoolwith.me/areas/3007/spots,エリア,areas
https://schoolwith.me/areas/3007/transport,エリア,areas
https://schoolwith.me/areas/3010,エリア,areas
https://schoolwith.me/areas/3010/climate,エリア,areas
https://schoolwith.me/areas/3010/expenses_all,エリア,areas
https://schoolwith.me/areas/3010/feature,エリア,areas
https://schoolwith.me/areas/3010/flight,エリア,areas
https://schoolwith.me/areas/3010/safety,エリア,areas
https://schoolwith.me/areas/3010/transport,エリア,areas
https://schoolwith.me/areas/3012,エリア,areas
https://schoolwith.me/areas/3012/climate,エリア,areas
https://schoolwith.me/areas/3012/expenses_all,エリア,areas
https://schoolwith.me/areas/3012/feature,エリア,areas
https://schoolwith.me/areas/3012/flight,エリア,areas
https://schoolwith.me/areas/3012/safety,エリア,areas
https://schoolwith.me/areas/4,エリア,areas
https://schoolwith.me/areas/4/climate,エリア,areas
https://schoolwith.me/areas/4/currency_exchange,エリア,areas
https://schoolwith.me/areas/4/district,エリア,areas
https://schoolwith.me/areas/4/expenses_all,エリア,areas
https://schoolwith.me/areas/4/feature,エリア,areas
https://schoolwith.me/areas/4/flight,エリア,areas
https://schoolwith.me/areas/4/life,エリア,areas
https://schoolwith.me/areas/4/safety,エリア,areas
https://schoolwith.me/areas/4/spots,エリア,areas
https://schoolwith.me/areas/4/stay,エリア,areas
https://schoolwith.me/areas/4/transport,エリア,areas
https://schoolwith.me/areas/4001,エリア,areas
https://schoolwith.me/areas/4001/climate,エリア,areas
https://schoolwith.me/areas/4001/currency_exchange,エリア,areas
https://schoolwith.me/areas/4001/district,エリア,areas
https://schoolwith.me/areas/4001/expenses_all,エリア,areas
https://schoolwith.me/areas/4001/feature,エリア,areas
https://schoolwith.me/areas/4001/flight,エリア,areas
https://schoolwith.me/areas/4001/job,エリア,areas
https://schoolwith.me/areas/4001/life,エリア,areas
https://schoolwith.me/areas/4001/safety,エリア,areas
https://schoolwith.me/areas/4001/spots,エリア,areas
https://schoolwith.me/areas/4001/stay,エリア,areas
https://schoolwith.me/areas/4001/transport,エリア,areas
https://schoolwith.me/areas/4002,エリア,areas
https://schoolwith.me/areas/4002/climate,エリア,areas
https://schoolwith.me/areas/4002/currency_exchange,エリア,areas
https://schoolwith.me/areas/4002/district,エリア,areas
https://schoolwith.me/areas/4002/expenses,エリア,areas
https://schoolwith.me/areas/4002/expenses_1week,エリア,areas
https://schoolwith.me/areas/4002/expenses_1year,エリア,areas
https://schoolwith.me/areas/4002/expenses_3month,エリア,areas
https://schoolwith.me/areas/4002/expenses_6month,エリア,areas
https://schoolwith.me/areas/4002/expenses_all,エリア,areas
https://schoolwith.me/areas/4002/feature,エリア,areas
https://schoolwith.me/areas/4002/flight,エリア,areas
https://schoolwith.me/areas/4002/job,エリア,areas
https://schoolwith.me/areas/4002/life,エリア,areas
https://schoolwith.me/areas/4002/safety,エリア,areas
https://schoolwith.me/areas/4002/spots,エリア,areas
https://schoolwith.me/areas/4002/stay,エリア,areas
https://schoolwith.me/areas/4002/transport,エリア,areas
https://schoolwith.me/areas/4003,エリア,areas
https://schoolwith.me/areas/4003/climate,エリア,areas
https://schoolwith.me/areas/4003/currency_exchange,エリア,areas
https://schoolwith.me/areas/4003/district,エリア,areas
https://schoolwith.me/areas/4003/expenses_all,エリア,areas
https://schoolwith.me/areas/4003/feature,エリア,areas
https://schoolwith.me/areas/4003/flight,エリア,areas
https://schoolwith.me/areas/4003/life,エリア,areas
https://schoolwith.me/areas/4003/safety,エリア,areas
https://schoolwith.me/areas/4003/spots,エリア,areas
https://schoolwith.me/areas/4003/stay,エリア,areas
https://schoolwith.me/areas/4003/transport,エリア,areas
https://schoolwith.me/areas/4004,エリア,areas
https://schoolwith.me/areas/4004/climate,エリア,areas
https://schoolwith.me/areas/4004/currency_exchange,エリア,areas
https://schoolwith.me/areas/4004/district,エリア,areas
https://schoolwith.me/areas/4004/expenses_all,エリア,areas
https://schoolwith.me/areas/4004/feature,エリア,areas
https://schoolwith.me/areas/4004/flight,エリア,areas
https://schoolwith.me/areas/4004/life,エリア,areas
https://schoolwith.me/areas/4004/safety,エリア,areas
https://schoolwith.me/areas/4004/spots,エリア,areas
https://schoolwith.me/areas/4004/transport,エリア,areas
https://schoolwith.me/areas/4005,エリア,areas
https://schoolwith.me/areas/4005/climate,エリア,areas
https://schoolwith.me/areas/4005/currency_exchange,エリア,areas
https://schoolwith.me/areas/4005/district,エリア,areas
https://schoolwith.me/areas/4005/expenses_all,エリア,areas
https://schoolwith.me/areas/4005/feature,エリア,areas
https://schoolwith.me/areas/4005/flight,エリア,areas
https://schoolwith.me/areas/4005/life,エリア,areas
https://schoolwith.me/areas/4005/safety,エリア,areas
https://schoolwith.me/areas/4005/spots,エリア,areas
https://schoolwith.me/areas/4005/stay,エリア,areas
https://schoolwith.me/areas/4005/transport,エリア,areas
https://schoolwith.me/areas/4006,エリア,areas
https://schoolwith.me/areas/4006/climate,エリア,areas
https://schoolwith.me/areas/4006/currency_exchange,エリア,areas
https://schoolwith.me/areas/4006/district,エリア,areas
https://schoolwith.me/areas/4006/expenses_all,エリア,areas
https://schoolwith.me/areas/4006/feature,エリア,areas
https://schoolwith.me/areas/4006/flight,エリア,areas
https://schoolwith.me/areas/4006/life,エリア,areas
https://schoolwith.me/areas/4006/safety,エリア,areas
https://schoolwith.me/areas/4006/spots,エリア,areas
https://schoolwith.me/areas/4006/stay,エリア,areas
https://schoolwith.me/areas/4006/transport,エリア,areas
https://schoolwith.me/areas/4007,エリア,areas
https://schoolwith.me/areas/4007/climate,エリア,areas
https://schoolwith.me/areas/4007/currency_exchange,エリア,areas
https://schoolwith.me/areas/4007/district,エリア,areas
https://schoolwith.me/areas/4007/expenses_all,エリア,areas
https://schoolwith.me/areas/4007/feature,エリア,areas
https://schoolwith.me/areas/4007/flight,エリア,areas
https://schoolwith.me/areas/4007/life,エリア,areas
https://schoolwith.me/areas/4007/safety,エリア,areas
https://schoolwith.me/areas/4007/spots,エリア,areas
https://schoolwith.me/areas/4007/stay,エリア,areas
https://schoolwith.me/areas/4007/transport,エリア,areas
https://schoolwith.me/areas/4009,エリア,areas
https://schoolwith.me/areas/4009/feature,エリア,areas
https://schoolwith.me/areas/4011,エリア,areas
https://schoolwith.me/areas/4012,エリア,areas
https://schoolwith.me/areas/4012/climate,エリア,areas
https://schoolwith.me/areas/4012/currency_exchange,エリア,areas
https://schoolwith.me/areas/4012/district,エリア,areas
https://schoolwith.me/areas/4012/expenses_all,エリア,areas
https://schoolwith.me/areas/4012/feature,エリア,areas
https://schoolwith.me/areas/4012/flight,エリア,areas
https://schoolwith.me/areas/4012/life,エリア,areas
https://schoolwith.me/areas/4012/safety,エリア,areas
https://schoolwith.me/areas/4012/spots,エリア,areas
https://schoolwith.me/areas/4012/stay,エリア,areas
https://schoolwith.me/areas/4012/transport,エリア,areas
https://schoolwith.me/areas/5/climate,エリア,areas
https://schoolwith.me/areas/5/currency_exchange,エリア,areas
https://schoolwith.me/areas/5/district,エリア,areas
https://schoolwith.me/areas/5/flight,エリア,areas
https://schoolwith.me/areas/5/life,エリア,areas
https://schoolwith.me/areas/5/spots,エリア,areas
https://schoolwith.me/areas/5/stay,エリア,areas
https://schoolwith.me/areas/5/transport,エリア,areas
https://schoolwith.me/areas/5001,エリア,areas
https://schoolwith.me/areas/5001/climate,エリア,areas
https://schoolwith.me/areas/5001/currency_exchange,エリア,areas
https://schoolwith.me/areas/5001/district,エリア,areas
https://schoolwith.me/areas/5001/expenses,エリア,areas
https://schoolwith.me/areas/5001/expenses_1week,エリア,areas
https://schoolwith.me/areas/5001/expenses_1year,エリア,areas
https://schoolwith.me/areas/5001/expenses_3month,エリア,areas
https://schoolwith.me/areas/5001/expenses_6month,エリア,areas
https://schoolwith.me/areas/5001/expenses_all,エリア,areas
https://schoolwith.me/areas/5001/feature,エリア,areas
https://schoolwith.me/areas/5001/flight,エリア,areas
https://schoolwith.me/areas/5001/holiday,エリア,areas
https://schoolwith.me/areas/5001/job,エリア,areas
https://schoolwith.me/areas/5001/life,エリア,areas
https://schoolwith.me/areas/5001/safety,エリア,areas
https://schoolwith.me/areas/5001/spots,エリア,areas
https://schoolwith.me/areas/5001/stay,エリア,areas
https://schoolwith.me/areas/5001/transport,エリア,areas
https://schoolwith.me/areas/5002,エリア,areas
https://schoolwith.me/areas/5002/climate,エリア,areas
https://schoolwith.me/areas/5002/currency_exchange,エリア,areas
https://schoolwith.me/areas/5002/district,エリア,areas
https://schoolwith.me/areas/5002/expenses_all,エリア,areas
https://schoolwith.me/areas/5002/feature,エリア,areas
https://schoolwith.me/areas/5002/flight,エリア,areas
https://schoolwith.me/areas/5002/holiday,エリア,areas
https://schoolwith.me/areas/5002/job,エリア,areas
https://schoolwith.me/areas/5002/life,エリア,areas
https://schoolwith.me/areas/5002/safety,エリア,areas
https://schoolwith.me/areas/5002/spots,エリア,areas
https://schoolwith.me/areas/5002/stay,エリア,areas
https://schoolwith.me/areas/5002/transport,エリア,areas
https://schoolwith.me/areas/5003,エリア,areas
https://schoolwith.me/areas/5003/climate,エリア,areas
https://schoolwith.me/areas/5003/currency_exchange,エリア,areas
https://schoolwith.me/areas/5003/district,エリア,areas
https://schoolwith.me/areas/5003/expenses,エリア,areas
https://schoolwith.me/areas/5003/expenses_1week,エリア,areas
https://schoolwith.me/areas/5003/expenses_1year,エリア,areas
https://schoolwith.me/areas/5003/expenses_3month,エリア,areas
https://schoolwith.me/areas/5003/expenses_6month,エリア,areas
https://schoolwith.me/areas/5003/expenses_all,エリア,areas
https://schoolwith.me/areas/5003/feature,エリア,areas
https://schoolwith.me/areas/5003/flight,エリア,areas
https://schoolwith.me/areas/5003/holiday,エリア,areas
https://schoolwith.me/areas/5003/life,エリア,areas
https://schoolwith.me/areas/5003/safety,エリア,areas
https://schoolwith.me/areas/5003/spots,エリア,areas
https://schoolwith.me/areas/5003/stay,エリア,areas
https://schoolwith.me/areas/5003/transport,エリア,areas
https://schoolwith.me/areas/5004,エリア,areas
https://schoolwith.me/areas/5004/climate,エリア,areas
https://schoolwith.me/areas/5004/currency_exchange,エリア,areas
https://schoolwith.me/areas/5004/district,エリア,areas
https://schoolwith.me/areas/5004/expenses_all,エリア,areas
https://schoolwith.me/areas/5004/feature,エリア,areas
https://schoolwith.me/areas/5004/flight,エリア,areas
https://schoolwith.me/areas/5004/life,エリア,areas
https://schoolwith.me/areas/5004/safety,エリア,areas
https://schoolwith.me/areas/5004/spots,エリア,areas
https://schoolwith.me/areas/5004/stay,エリア,areas
https://schoolwith.me/areas/5004/transport,エリア,areas
https://schoolwith.me/areas/5005,エリア,areas
https://schoolwith.me/areas/5005/climate,エリア,areas
https://schoolwith.me/areas/5005/currency_exchange,エリア,areas
https://schoolwith.me/areas/5005/district,エリア,areas
https://schoolwith.me/areas/5005/expenses_all,エリア,areas
https://schoolwith.me/areas/5005/feature,エリア,areas
https://schoolwith.me/areas/5005/flight,エリア,areas
https://schoolwith.me/areas/5005/life,エリア,areas
https://schoolwith.me/areas/5005/safety,エリア,areas
https://schoolwith.me/areas/5005/spots,エリア,areas
https://schoolwith.me/areas/5005/stay,エリア,areas
https://schoolwith.me/areas/5005/transport,エリア,areas
https://schoolwith.me/areas/5006,エリア,areas
https://schoolwith.me/areas/5006/climate,エリア,areas
https://schoolwith.me/areas/5006/currency_exchange,エリア,areas
https://schoolwith.me/areas/5006/district,エリア,areas
https://schoolwith.me/areas/5006/expenses_all,エリア,areas
https://schoolwith.me/areas/5006/feature,エリア,areas
https://schoolwith.me/areas/5006/flight,エリア,areas
https://schoolwith.me/areas/5006/life,エリア,areas
https://schoolwith.me/areas/5006/safety,エリア,areas
https://schoolwith.me/areas/5006/spots,エリア,areas
https://schoolwith.me/areas/5006/transport,エリア,areas
https://schoolwith.me/areas/5007,エリア,areas
https://schoolwith.me/areas/5007/climate,エリア,areas
https://schoolwith.me/areas/5007/currency_exchange,エリア,areas
https://schoolwith.me/areas/5007/district,エリア,areas
https://schoolwith.me/areas/5007/expenses_all,エリア,areas
https://schoolwith.me/areas/5007/feature,エリア,areas
https://schoolwith.me/areas/5007/flight,エリア,areas
https://schoolwith.me/areas/5007/life,エリア,areas
https://schoolwith.me/areas/5007/safety,エリア,areas
https://schoolwith.me/areas/5007/spots,エリア,areas
https://schoolwith.me/areas/5007/stay,エリア,areas
https://schoolwith.me/areas/5007/transport,エリア,areas
https://schoolwith.me/areas/5008/climate,エリア,areas
https://schoolwith.me/areas/5008/currency_exchange,エリア,areas
https://schoolwith.me/areas/5008/expenses_all,エリア,areas
https://schoolwith.me/areas/5008/feature,エリア,areas
https://schoolwith.me/areas/5008/flight,エリア,areas
https://schoolwith.me/areas/5008/job,エリア,areas
https://schoolwith.me/areas/5008/safety,エリア,areas
https://schoolwith.me/areas/5008/stay,エリア,areas
https://schoolwith.me/areas/5008/transport,エリア,areas
https://schoolwith.me/areas/5010/climate,エリア,areas
https://schoolwith.me/areas/5010/expenses_all,エリア,areas
https://schoolwith.me/areas/5010/feature,エリア,areas
https://schoolwith.me/areas/5010/flight,エリア,areas
https://schoolwith.me/areas/5014/climate,エリア,areas
https://schoolwith.me/areas/5014/expenses_all,エリア,areas
https://schoolwith.me/areas/5014/feature,エリア,areas
https://schoolwith.me/areas/5014/flight,エリア,areas
https://schoolwith.me/areas/5016/climate,エリア,areas
https://schoolwith.me/areas/5016/expenses_all,エリア,areas
https://schoolwith.me/areas/5016/feature,エリア,areas
https://schoolwith.me/areas/5016/flight,エリア,areas
https://schoolwith.me/areas/5017/climate,エリア,areas
https://schoolwith.me/areas/5017/expenses_all,エリア,areas
https://schoolwith.me/areas/5017/flight,エリア,areas
https://schoolwith.me/areas/5019/climate,エリア,areas
https://schoolwith.me/areas/5020,エリア,areas
https://schoolwith.me/areas/5020/climate,エリア,areas
https://schoolwith.me/areas/5020/expenses_all,エリア,areas
https://schoolwith.me/areas/5020/flight,エリア,areas
https://schoolwith.me/areas/5021,エリア,areas
https://schoolwith.me/areas/5075/climate,エリア,areas
https://schoolwith.me/areas/52001,エリア,areas
https://schoolwith.me/areas/6,エリア,areas
https://schoolwith.me/areas/6/climate,エリア,areas
https://schoolwith.me/areas/6/currency_exchange,エリア,areas
https://schoolwith.me/areas/6/district,エリア,areas
https://schoolwith.me/areas/6/expenses_all,エリア,areas
https://schoolwith.me/areas/6/feature,エリア,areas
https://schoolwith.me/areas/6/flight,エリア,areas
https://schoolwith.me/areas/6/life,エリア,areas
https://schoolwith.me/areas/6/safety,エリア,areas
https://schoolwith.me/areas/6/spots,エリア,areas
https://schoolwith.me/areas/6/stay,エリア,areas
https://schoolwith.me/areas/6/transport,エリア,areas
https://schoolwith.me/areas/6001,エリア,areas
https://schoolwith.me/areas/6001/climate,エリア,areas
https://schoolwith.me/areas/6001/currency_exchange,エリア,areas
https://schoolwith.me/areas/6001/district,エリア,areas
https://schoolwith.me/areas/6001/expenses_all,エリア,areas
https://schoolwith.me/areas/6001/feature,エリア,areas
https://schoolwith.me/areas/6001/flight,エリア,areas
https://schoolwith.me/areas/6001/life,エリア,areas
https://schoolwith.me/areas/6001/safety,エリア,areas
https://schoolwith.me/areas/6001/spots,エリア,areas
https://schoolwith.me/areas/6001/stay,エリア,areas
https://schoolwith.me/areas/6001/transport,エリア,areas
https://schoolwith.me/areas/6002,エリア,areas
https://schoolwith.me/areas/6002/climate,エリア,areas
https://schoolwith.me/areas/6002/currency_exchange,エリア,areas
https://schoolwith.me/areas/6002/district,エリア,areas
https://schoolwith.me/areas/6002/expenses_all,エリア,areas
https://schoolwith.me/areas/6002/feature,エリア,areas
https://schoolwith.me/areas/6002/flight,エリア,areas
https://schoolwith.me/areas/6002/life,エリア,areas
https://schoolwith.me/areas/6002/safety,エリア,areas
https://schoolwith.me/areas/6002/spots,エリア,areas
https://schoolwith.me/areas/6002/stay,エリア,areas
https://schoolwith.me/areas/6002/transport,エリア,areas
https://schoolwith.me/areas/6003/climate,エリア,areas
https://schoolwith.me/areas/6003/district,エリア,areas
https://schoolwith.me/areas/6003/feature,エリア,areas
https://schoolwith.me/areas/6003/flight,エリア,areas
https://schoolwith.me/areas/6003/life,エリア,areas
https://schoolwith.me/areas/6003/spots,エリア,areas
https://schoolwith.me/areas/6003/stay,エリア,areas
https://schoolwith.me/areas/6003/transport,エリア,areas
https://schoolwith.me/areas/6004,エリア,areas
https://schoolwith.me/areas/6004/climate,エリア,areas
https://schoolwith.me/areas/6004/currency_exchange,エリア,areas
https://schoolwith.me/areas/6004/district,エリア,areas
https://schoolwith.me/areas/6004/expenses_all,エリア,areas
https://schoolwith.me/areas/6004/feature,エリア,areas
https://schoolwith.me/areas/6004/flight,エリア,areas
https://schoolwith.me/areas/6004/life,エリア,areas
https://schoolwith.me/areas/6004/page:2,エリア,page
https://schoolwith.me/areas/6004/safety,エリア,areas
https://schoolwith.me/areas/6004/spots,エリア,areas
https://schoolwith.me/areas/6004/stay,エリア,areas
https://schoolwith.me/areas/6004/transport,エリア,areas
https://schoolwith.me/areas/6005/climate,エリア,areas
https://schoolwith.me/areas/6005/currency_exchange,エリア,areas
https://schoolwith.me/areas/6005/district,エリア,areas
https://schoolwith.me/areas/6005/feature,エリア,areas
https://schoolwith.me/areas/6005/flight,エリア,areas
https://schoolwith.me/areas/6005/life,エリア,areas
https://schoolwith.me/areas/6005/safety,エリア,areas
https://schoolwith.me/areas/6005/spots,エリア,areas
https://schoolwith.me/areas/6005/stay,エリア,areas
https://schoolwith.me/areas/6005/transport,エリア,areas
https://schoolwith.me/areas/7,エリア,areas
https://schoolwith.me/areas/7/climate,エリア,areas
https://schoolwith.me/areas/7/currency_exchange,エリア,areas
https://schoolwith.me/areas/7/district,エリア,areas
https://schoolwith.me/areas/7/expenses_all,エリア,areas
https://schoolwith.me/areas/7/feature,エリア,areas
https://schoolwith.me/areas/7/flight,エリア,areas
https://schoolwith.me/areas/7/life,エリア,areas
https://schoolwith.me/areas/7/safety,エリア,areas
https://schoolwith.me/areas/7/spots,エリア,areas
https://schoolwith.me/areas/7/stay,エリア,areas
https://schoolwith.me/areas/7001,エリア,areas
https://schoolwith.me/areas/7001/climate,エリア,areas
https://schoolwith.me/areas/7001/currency_exchange,エリア,areas
https://schoolwith.me/areas/7001/district,エリア,areas
https://schoolwith.me/areas/7001/expenses_all,エリア,areas
https://schoolwith.me/areas/7001/feature,エリア,areas
https://schoolwith.me/areas/7001/flight,エリア,areas
https://schoolwith.me/areas/7001/holiday,エリア,areas
https://schoolwith.me/areas/7001/job,エリア,areas
https://schoolwith.me/areas/7001/life,エリア,areas
https://schoolwith.me/areas/7001/safety,エリア,areas
https://schoolwith.me/areas/7001/spots,エリア,areas
https://schoolwith.me/areas/7001/stay,エリア,areas
https://schoolwith.me/areas/7001/transport,エリア,areas
https://schoolwith.me/areas/7002,エリア,areas
https://schoolwith.me/areas/7002/climate,エリア,areas
https://schoolwith.me/areas/7002/currency_exchange,エリア,areas
https://schoolwith.me/areas/7002/district,エリア,areas
https://schoolwith.me/areas/7002/expenses_all,エリア,areas
https://schoolwith.me/areas/7002/feature,エリア,areas
https://schoolwith.me/areas/7002/flight,エリア,areas
https://schoolwith.me/areas/7002/holiday,エリア,areas
https://schoolwith.me/areas/7002/job,エリア,areas
https://schoolwith.me/areas/7002/life,エリア,areas
https://schoolwith.me/areas/7002/safety,エリア,areas
https://schoolwith.me/areas/7002/spots,エリア,areas
https://schoolwith.me/areas/7002/stay,エリア,areas
https://schoolwith.me/areas/7002/transport,エリア,areas
https://schoolwith.me/areas/7003/climate,エリア,areas
https://schoolwith.me/areas/7003/currency_exchange,エリア,areas
https://schoolwith.me/areas/7003/district,エリア,areas
https://schoolwith.me/areas/7003/feature,エリア,areas
https://schoolwith.me/areas/7003/flight,エリア,areas
https://schoolwith.me/areas/7003/holiday,エリア,areas
https://schoolwith.me/areas/7003/life,エリア,areas
https://schoolwith.me/areas/7003/safety,エリア,areas
https://schoolwith.me/areas/7003/spots,エリア,areas
https://schoolwith.me/areas/7003/stay,エリア,areas
https://schoolwith.me/areas/7003/transport,エリア,areas
https://schoolwith.me/areas/8/climate,エリア,areas
https://schoolwith.me/areas/8/currency_exchange,エリア,areas
https://schoolwith.me/areas/8/district,エリア,areas
https://schoolwith.me/areas/8/flight,エリア,areas
https://schoolwith.me/areas/8/life,エリア,areas
https://schoolwith.me/areas/8/safety,エリア,areas
https://schoolwith.me/areas/8/spots,エリア,areas
https://schoolwith.me/areas/8/stay,エリア,areas
https://schoolwith.me/areas/8001,エリア,areas
https://schoolwith.me/areas/8001/currency_exchange,エリア,areas
https://schoolwith.me/areas/8001/feature,エリア,areas
https://schoolwith.me/areas/8001/safety,エリア,areas
https://schoolwith.me/areas/8001/stay,エリア,areas
https://schoolwith.me/areas/8001/transport,エリア,areas
https://schoolwith.me/areas/8002,エリア,areas
https://schoolwith.me/areas/8002/currency_exchange,エリア,areas
https://schoolwith.me/areas/8002/feature,エリア,areas
https://schoolwith.me/areas/8002/safety,エリア,areas
https://schoolwith.me/areas/8002/stay,エリア,areas
https://schoolwith.me/areas/8002/transport,エリア,areas
https://schoolwith.me/areas/8007,エリア,areas
https://schoolwith.me/areas/8007/currency_exchange,エリア,areas
https://schoolwith.me/areas/8007/feature,エリア,areas
https://schoolwith.me/areas/8007/safety,エリア,areas
https://schoolwith.me/areas/8007/stay,エリア,areas
https://schoolwith.me/areas/8007/transport,エリア,areas
https://schoolwith.me/areas/8008,エリア,areas
https://schoolwith.me/areas/9/feature,エリア,areas
https://schoolwith.me/areas/school/1,エリア,areas
https://schoolwith.me/areas/school/14,エリア,areas
https://schoolwith.me/areas/school/19001,エリア,areas
https://schoolwith.me/areas/school/2,エリア,areas
https://schoolwith.me/areas/school/2002,エリア,areas
https://schoolwith.me/areas/school/2003,エリア,areas
https://schoolwith.me/areas/school/2004,エリア,areas
https://schoolwith.me/areas/school/2005,エリア,areas
https://schoolwith.me/areas/school/2006,エリア,areas
https://schoolwith.me/areas/school/2007,エリア,areas
https://schoolwith.me/areas/school/2008,エリア,areas
https://schoolwith.me/areas/school/2009,エリア,areas
https://schoolwith.me/areas/school/2056,エリア,areas
https://schoolwith.me/areas/school/2057,エリア,areas
https://schoolwith.me/areas/school/2071,エリア,areas
https://schoolwith.me/areas/school/21001,エリア,areas
https://schoolwith.me/areas/school/24001,エリア,areas
https://schoolwith.me/areas/school/3,エリア,areas
https://schoolwith.me/areas/school/3001,エリア,areas
https://schoolwith.me/areas/school/3002,エリア,areas
https://schoolwith.me/areas/school/3003,エリア,areas
https://schoolwith.me/areas/school/3004,エリア,areas
https://schoolwith.me/areas/school/3005,エリア,areas
https://schoolwith.me/areas/school/3007,エリア,areas
https://schoolwith.me/areas/school/3010,エリア,areas
https://schoolwith.me/areas/school/3012,エリア,areas
https://schoolwith.me/areas/school/4,エリア,areas
https://schoolwith.me/areas/school/4001,エリア,areas
https://schoolwith.me/areas/school/4002,エリア,areas
https://schoolwith.me/areas/school/4003,エリア,areas
https://schoolwith.me/areas/school/4004,エリア,areas
https://schoolwith.me/areas/school/4005,エリア,areas
https://schoolwith.me/areas/school/4006,エリア,areas
https://schoolwith.me/areas/school/4007,エリア,areas
https://schoolwith.me/areas/school/4009,エリア,areas
https://schoolwith.me/areas/school/4011,エリア,areas
https://schoolwith.me/areas/school/4012,エリア,areas
https://schoolwith.me/areas/school/5001,エリア,areas
https://schoolwith.me/areas/school/5002,エリア,areas
https://schoolwith.me/areas/school/5003,エリア,areas
https://schoolwith.me/areas/school/5004,エリア,areas
https://schoolwith.me/areas/school/5005,エリア,areas
https://schoolwith.me/areas/school/5006,エリア,areas
https://schoolwith.me/areas/school/5007,エリア,areas
https://schoolwith.me/areas/school/5020,エリア,areas
https://schoolwith.me/areas/school/5021,エリア,areas
https://schoolwith.me/areas/school/52001,エリア,areas
https://schoolwith.me/areas/school/6,エリア,areas
https://schoolwith.me/areas/school/6001,エリア,areas
https://schoolwith.me/areas/school/6002,エリア,areas
https://schoolwith.me/areas/school/6004,エリア,areas
https://schoolwith.me/areas/school/7,エリア,areas
https://schoolwith.me/areas/school/7001,エリア,areas
https://schoolwith.me/areas/school/7002,エリア,areas
https://schoolwith.me/areas/school/8001,エリア,areas
https://schoolwith.me/areas/school/8002,エリア,areas
https://schoolwith.me/areas/school/8007,エリア,areas
https://schoolwith.me/areas/school/8008,エリア,areas
https://schoolwith.me/attention,その他,top_other
https://schoolwith.me/auth/login,その他,top_other
https://schoolwith.me/beginners,その他,top_other
https://schoolwith.me/beginners/step1,その他,top_other
https://schoolwith.me/beginners/step2,その他,top_other
https://schoolwith.me/beginners/step3,その他,top_other
https://schoolwith.me/bestprice,その他,top_other
https://schoolwith.me/business,その他,top_other
https://schoolwith.me/campaigns,その他,top_other
https://schoolwith.me/campaigns/influencer,その他,top_other
https://schoolwith.me/category/schools,カテゴリ,category
https://schoolwith.me/category/schools/abroad_life,カテゴリ,category
https://schoolwith.me/category/schools/abroad_life/country_id:2,カテゴリ,category
https://schoolwith.me/category/schools/abroad_life/country_id:2/area_id:2002,カテゴリ,category
https://schoolwith.me/category/schools/abroad_life/country_id:2/area_id:2003,カテゴリ,category
https://schoolwith.me/category/schools/abroad_life/country_id:2/area_id:2004,カテゴリ,category
https://schoolwith.me/category/schools/abroad_life/country_id:2/area_id:2005,カテゴリ,category
https://schoolwith.me/category/schools/abroad_life/country_id:2/area_id:2006,カテゴリ,category
https://schoolwith.me/category/schools/abroad_life/country_id:2/area_id:2007,カテゴリ,category
https://schoolwith.me/category/schools/abroad_life/country_id:2/area_id:2008,カテゴリ,category
https://schoolwith.me/category/schools/abroad_life/country_id:2/area_id:2009,カテゴリ,category
https://schoolwith.me/category/schools/abroad_life/country_id:2/area_id:2056,カテゴリ,category
https://schoolwith.me/category/schools/abroad_life/country_id:2/area_id:2057,カテゴリ,category
https://schoolwith.me/category/schools/abroad_life/country_id:2/area_id:2071,カテゴリ,category
https://schoolwith.me/category/schools/abroad_life/country_id:3,カテゴリ,category
https://schoolwith.me/category/schools/abroad_life/country_id:3/area_id:3001,カテゴリ,category
https://schoolwith.me/category/schools/abroad_life/country_id:3/area_id:3002,カテゴリ,category
https://schoolwith.me/category/schools/abroad_life/country_id:3/area_id:3003,カテゴリ,category
https://schoolwith.me/category/schools/abroad_life/country_id:3/area_id:3004,カテゴリ,category
https://schoolwith.me/category/schools/abroad_life/country_id:3/area_id:3005,カテゴリ,category
https://schoolwith.me/category/schools/abroad_life/country_id:3/area_id:3007,カテゴリ,category
https://schoolwith.me/category/schools/abroad_life/country_id:3/area_id:3010,カテゴリ,category
https://schoolwith.me/category/schools/abroad_life/country_id:3/area_id:3012,カテゴリ,category
https://schoolwith.me/category/schools/abroad_life/country_id:4,カテゴリ,category
https://schoolwith.me/category/schools/abroad_life/country_id:4/area_id:4001,カテゴリ,category
https://schoolwith.me/category/schools/abroad_life/country_id:4/area_id:4002,カテゴリ,category
https://schoolwith.me/category/schools/abroad_life/country_id:4/area_id:4003,カテゴリ,category
https://schoolwith.me/category/schools/abroad_life/country_id:4/area_id:4004,カテゴリ,category
https://schoolwith.me/category/schools/abroad_life/country_id:4/area_id:4005,カテゴリ,category
https://schoolwith.me/category/schools/abroad_life/country_id:4/area_id:4006,カテゴリ,category
https://schoolwith.me/category/schools/abroad_life/country_id:4/area_id:4007,カテゴリ,category
https://schoolwith.me/category/schools/abroad_life/country_id:4/area_id:4009,カテゴリ,category
https://schoolwith.me/category/schools/abroad_life/country_id:4/area_id:4011,カテゴリ,category
https://schoolwith.me/category/schools/abroad_life/country_id:4/area_id:4012,カテゴリ,category
https://schoolwith.me/category/schools/abroad_life/country_id:5,カテゴリ,category
https://schoolwith.me/category/schools/abroad_life/country_id:5/area_id:5001,カテゴリ,category
https://schoolwith.me/category/schools/abroad_life/country_id:5/area_id:5002,カテゴリ,category
https://schoolwith.me/category/schools/abroad_life/country_id:5/area_id:5003,カテゴリ,category
https://schoolwith.me/category/schools/abroad_life/country_id:5/area_id:5004,カテゴリ,category
https://schoolwith.me/category/schools/abroad_life/country_id:5/area_id:5005,カテゴリ,category
https://schoolwith.me/category/schools/abroad_life/country_id:5/area_id:5006,カテゴリ,category
https://schoolwith.me/category/schools/abroad_life/country_id:5/area_id:5007,カテゴリ,category
https://schoolwith.me/category/schools/abroad_life/country_id:5/area_id:5020,カテゴリ,category
https://schoolwith.me/category/schools/abroad_life/country_id:5/area_id:5021,カテゴリ,category
https://schoolwith.me/category/schools/abroad_life/country_id:6,カテゴリ,category
https://schoolwith.me/category/schools/abroad_life/country_id:6/area_id:6001,カテゴリ,category
https://schoolwith.me/category/schools/abroad_life/country_id:6/area_id:6002,カテゴリ,category
https://schoolwith.me/category/schools/abroad_life/country_id:6/area_id:6004,カテゴリ,category
https://schoolwith.me/category/schools/abroad_life/country_id:7,カテゴリ,category
https://schoolwith.me/category/schools/abroad_life/country_id:7/area_id:7001,カテゴリ,category
https://schoolwith.me/category/schools/abroad_life/country_id:7/area_id:7002,カテゴリ,category
https://schoolwith.me/category/schools/barista,カテゴリ,category
https://schoolwith.me/category/schools/barista/country_id:4,カテゴリ,category
https://schoolwith.me/category/schools/barista/country_id:4/area_id:4002,カテゴリ,category
https://schoolwith.me/category/schools/barista/country_id:4/area_id:4003,カテゴリ,category
https://schoolwith.me/category/schools/barista/country_id:4/area_id:4006,カテゴリ,category
https://schoolwith.me/category/schools/barista/country_id:4/area_id:4011,カテゴリ,category
https://schoolwith.me/category/schools/barista/country_id:5,カテゴリ,category
https://schoolwith.me/category/schools/barista/country_id:5/area_id:5001,カテゴリ,category
https://schoolwith.me/category/schools/barista/country_id:6,カテゴリ,category
https://schoolwith.me/category/schools/barista/country_id:6/area_id:6001,カテゴリ,category
https://schoolwith.me/category/schools/business,カテゴリ,category
https://schoolwith.me/category/schools/business/country_id:1,カテゴリ,category
https://schoolwith.me/category/schools/business/country_id:1/area_id:1,カテゴリ,category
https://schoolwith.me/category/schools/business/country_id:1/area_id:2,カテゴリ,category
https://schoolwith.me/category/schools/business/country_id:1/area_id:3,カテゴリ,category
https://schoolwith.me/category/schools/business/country_id:1/area_id:4,カテゴリ,category
https://schoolwith.me/category/schools/business/country_id:1/area_id:6,カテゴリ,category
https://schoolwith.me/category/schools/business/country_id:1/area_id:7,カテゴリ,category
https://schoolwith.me/category/schools/business/country_id:2,カテゴリ,category
https://schoolwith.me/category/schools/business/country_id:2/area_id:2002,カテゴリ,category
https://schoolwith.me/category/schools/business/country_id:2/area_id:2003,カテゴリ,category
https://schoolwith.me/category/schools/business/country_id:2/area_id:2004,カテゴリ,category
https://schoolwith.me/category/schools/business/country_id:2/area_id:2005,カテゴリ,category
https://schoolwith.me/category/schools/business/country_id:2/area_id:2006,カテゴリ,category
https://schoolwith.me/category/schools/business/country_id:2/area_id:2007,カテゴリ,category
https://schoolwith.me/category/schools/business/country_id:2/area_id:2056,カテゴリ,category
https://schoolwith.me/category/schools/business/country_id:2/area_id:2057,カテゴリ,category
https://schoolwith.me/category/schools/business/country_id:2/area_id:2071,カテゴリ,category
https://schoolwith.me/category/schools/business/country_id:3,カテゴリ,category
https://schoolwith.me/category/schools/business/country_id:3/area_id:3001,カテゴリ,category
https://schoolwith.me/category/schools/business/country_id:3/area_id:3002,カテゴリ,category
https://schoolwith.me/category/schools/business/country_id:3/area_id:3003,カテゴリ,category
https://schoolwith.me/category/schools/business/country_id:3/area_id:3004,カテゴリ,category
https://schoolwith.me/category/schools/business/country_id:3/area_id:3005,カテゴリ,category
https://schoolwith.me/category/schools/business/country_id:3/area_id:3007,カテゴリ,category
https://schoolwith.me/category/schools/business/country_id:3/area_id:3012,カテゴリ,category
https://schoolwith.me/category/schools/business/country_id:4,カテゴリ,category
https://schoolwith.me/category/schools/business/country_id:4/area_id:4001,カテゴリ,category
https://schoolwith.me/category/schools/business/country_id:4/area_id:4002,カテゴリ,category
https://schoolwith.me/category/schools/business/country_id:4/area_id:4003,カテゴリ,category
https://schoolwith.me/category/schools/business/country_id:4/area_id:4004,カテゴリ,category
https://schoolwith.me/category/schools/business/country_id:4/area_id:4005,カテゴリ,category
https://schoolwith.me/category/schools/business/country_id:4/area_id:4006,カテゴリ,category
https://schoolwith.me/category/schools/business/country_id:4/area_id:4007,カテゴリ,category
https://schoolwith.me/category/schools/business/country_id:5,カテゴリ,category
https://schoolwith.me/category/schools/business/country_id:5/area_id:5001,カテゴリ,category
https://schoolwith.me/category/schools/business/country_id:5/area_id:5002,カテゴリ,category
https://schoolwith.me/category/schools/business/country_id:5/area_id:5003,カテゴリ,category
https://schoolwith.me/category/schools/business/country_id:5/area_id:5004,カテゴリ,category
https://schoolwith.me/category/schools/business/country_id:5/area_id:5005,カテゴリ,category
https://schoolwith.me/category/schools/business/country_id:5/area_id:5006,カテゴリ,category
https://schoolwith.me/category/schools/business/country_id:5/area_id:5007,カテゴリ,category
https://schoolwith.me/category/schools/business/country_id:5/area_id:5021,カテゴリ,category
https://schoolwith.me/category/schools/business/country_id:6,カテゴリ,category
https://schoolwith.me/category/schools/business/country_id:6/area_id:6001,カテゴリ,category
https://schoolwith.me/category/schools/business/country_id:6/area_id:6002,カテゴリ,category
https://schoolwith.me/category/schools/business/country_id:6/area_id:6004,カテゴリ,category
https://schoolwith.me/category/schools/business/country_id:7,カテゴリ,category
https://schoolwith.me/category/schools/business/country_id:7/area_id:7001,カテゴリ,category
https://schoolwith.me/category/schools/business/country_id:7/area_id:7002,カテゴリ,category
https://schoolwith.me/category/schools/business/country_id:8,カテゴリ,category
https://schoolwith.me/category/schools/business/country_id:8/area_id:8001,カテゴリ,category
https://schoolwith.me/category/schools/business/country_id:8/area_id:8002,カテゴリ,category
https://schoolwith.me/category/schools/business/country_id:8/area_id:8007,カテゴリ,category
https://schoolwith.me/category/schools/cambridge,カテゴリ,category
https://schoolwith.me/category/schools/cambridge/country_id:1,カテゴリ,category
https://schoolwith.me/category/schools/cambridge/country_id:1/area_id:1,カテゴリ,category
https://schoolwith.me/category/schools/cambridge/country_id:2,カテゴリ,category
https://schoolwith.me/category/schools/cambridge/country_id:2/area_id:2002,カテゴリ,category
https://schoolwith.me/category/schools/cambridge/country_id:2/area_id:2003,カテゴリ,category
https://schoolwith.me/category/schools/cambridge/country_id:2/area_id:2006,カテゴリ,category
https://schoolwith.me/category/schools/cambridge/country_id:2/area_id:2009,カテゴリ,category
https://schoolwith.me/category/schools/cambridge/country_id:3,カテゴリ,category
https://schoolwith.me/category/schools/cambridge/country_id:3/area_id:3001,カテゴリ,category
https://schoolwith.me/category/schools/cambridge/country_id:3/area_id:3002,カテゴリ,category
https://schoolwith.me/category/schools/cambridge/country_id:3/area_id:3005,カテゴリ,category
https://schoolwith.me/category/schools/cambridge/country_id:4,カテゴリ,category
https://schoolwith.me/category/schools/cambridge/country_id:4/area_id:4001,カテゴリ,category
https://schoolwith.me/category/schools/cambridge/country_id:4/area_id:4002,カテゴリ,category
https://schoolwith.me/category/schools/cambridge/country_id:4/area_id:4003,カテゴリ,category
https://schoolwith.me/category/schools/cambridge/country_id:4/area_id:4004,カテゴリ,category
https://schoolwith.me/category/schools/cambridge/country_id:4/area_id:4005,カテゴリ,category
https://schoolwith.me/category/schools/cambridge/country_id:4/area_id:4006,カテゴリ,category
https://schoolwith.me/category/schools/cambridge/country_id:4/area_id:4007,カテゴリ,category
https://schoolwith.me/category/schools/cambridge/country_id:4/area_id:4009,カテゴリ,category
https://schoolwith.me/category/schools/cambridge/country_id:4/area_id:4011,カテゴリ,category
https://schoolwith.me/category/schools/cambridge/country_id:4/area_id:4012,カテゴリ,category
https://schoolwith.me/category/schools/cambridge/country_id:5,カテゴリ,category
https://schoolwith.me/category/schools/cambridge/country_id:5/area_id:5001,カテゴリ,category
https://schoolwith.me/category/schools/cambridge/country_id:5/area_id:5002,カテゴリ,category
https://schoolwith.me/category/schools/cambridge/country_id:5/area_id:5003,カテゴリ,category
https://schoolwith.me/category/schools/cambridge/country_id:5/area_id:5004,カテゴリ,category
https://schoolwith.me/category/schools/cambridge/country_id:5/area_id:5021,カテゴリ,category
https://schoolwith.me/category/schools/cambridge/country_id:6,カテゴリ,category
https://schoolwith.me/category/schools/cambridge/country_id:6/area_id:6001,カテゴリ,category
https://schoolwith.me/category/schools/cambridge/country_id:7,カテゴリ,category
https://schoolwith.me/category/schools/cambridge/country_id:7/area_id:7001,カテゴリ,category
https://schoolwith.me/category/schools/cambridge/country_id:7/area_id:7002,カテゴリ,category
https://schoolwith.me/category/schools/cambridge/country_id:8,カテゴリ,category
https://schoolwith.me/category/schools/cambridge/country_id:8/area_id:8001,カテゴリ,category
https://schoolwith.me/category/schools/cambridge/country_id:8/area_id:8002,カテゴリ,category
https://schoolwith.me/category/schools/cambridge/country_id:8/area_id:8007,カテゴリ,category
https://schoolwith.me/category/schools/cambridge/country_id:8/area_id:8008,カテゴリ,category
https://schoolwith.me/category/schools/campaign,カテゴリ,category
https://schoolwith.me/category/schools/campaign/country_id:1,カテゴリ,category
https://schoolwith.me/category/schools/campaign/country_id:1/area_id:1,カテゴリ,category
https://schoolwith.me/category/schools/campaign/country_id:1/area_id:3,カテゴリ,category
https://schoolwith.me/category/schools/campaign/country_id:1/area_id:4,カテゴリ,category
https://schoolwith.me/category/schools/campaign/country_id:1/area_id:7,カテゴリ,category
https://schoolwith.me/category/schools/campaign/country_id:2,カテゴリ,category
https://schoolwith.me/category/schools/campaign/country_id:2/area_id:2006,カテゴリ,category
https://schoolwith.me/category/schools/campaign/country_id:3,カテゴリ,category
https://schoolwith.me/category/schools/campaign/country_id:3/area_id:3001,カテゴリ,category
https://schoolwith.me/category/schools/campaign/country_id:3/area_id:3002,カテゴリ,category
https://schoolwith.me/category/schools/campaign/country_id:3/area_id:3003,カテゴリ,category
https://schoolwith.me/category/schools/campaign/country_id:3/area_id:3004,カテゴリ,category
https://schoolwith.me/category/schools/campaign/country_id:3/area_id:3005,カテゴリ,category
https://schoolwith.me/category/schools/campaign/country_id:3/area_id:3007,カテゴリ,category
https://schoolwith.me/category/schools/campaign/country_id:3/area_id:3010,カテゴリ,category
https://schoolwith.me/category/schools/campaign/country_id:3/area_id:3012,カテゴリ,category
https://schoolwith.me/category/schools/campaign/country_id:4,カテゴリ,category
https://schoolwith.me/category/schools/campaign/country_id:4/area_id:4001,カテゴリ,category
https://schoolwith.me/category/schools/campaign/country_id:4/area_id:4002,カテゴリ,category
https://schoolwith.me/category/schools/campaign/country_id:4/area_id:4003,カテゴリ,category
https://schoolwith.me/category/schools/campaign/country_id:4/area_id:4004,カテゴリ,category
https://schoolwith.me/category/schools/campaign/country_id:4/area_id:4005,カテゴリ,category
https://schoolwith.me/category/schools/campaign/country_id:4/area_id:4006,カテゴリ,category
https://schoolwith.me/category/schools/campaign/country_id:4/area_id:4007,カテゴリ,category
https://schoolwith.me/category/schools/campaign/country_id:5,カテゴリ,category
https://schoolwith.me/category/schools/campaign/country_id:5/area_id:5001,カテゴリ,category
https://schoolwith.me/category/schools/campaign/country_id:5/area_id:5003,カテゴリ,category
https://schoolwith.me/category/schools/campaign/country_id:5/area_id:5007,カテゴリ,category
https://schoolwith.me/category/schools/campaign/country_id:6,カテゴリ,category
https://schoolwith.me/category/schools/campaign/country_id:6/area_id:6001,カテゴリ,category
https://schoolwith.me/category/schools/campaign/country_id:6/area_id:6002,カテゴリ,category
https://schoolwith.me/category/schools/campaign/country_id:6/area_id:6004,カテゴリ,category
https://schoolwith.me/category/schools/campaign/country_id:7,カテゴリ,category
https://schoolwith.me/category/schools/campaign/country_id:7/area_id:7001,カテゴリ,category
https://schoolwith.me/category/schools/campaign/country_id:8,カテゴリ,category
https://schoolwith.me/category/schools/campaign/country_id:8/area_id:8001,カテゴリ,category
https://schoolwith.me/category/schools/campaign/country_id:8/area_id:8002,カテゴリ,category
https://schoolwith.me/category/schools/campaign/country_id:8/area_id:8007,カテゴリ,category
https://schoolwith.me/category/schools/campaign/country_id:8/area_id:8008,カテゴリ,category
https://schoolwith.me/category/schools/gmat,カテゴリ,category
https://schoolwith.me/category/schools/gmat/country_id:2,カテゴリ,category
https://schoolwith.me/category/schools/gmat/country_id:2/area_id:2002,カテゴリ,category
https://schoolwith.me/category/schools/gmat/country_id:2/area_id:2003,カテゴリ,category
https://schoolwith.me/category/schools/gmat/country_id:2/area_id:2004,カテゴリ,category
https://schoolwith.me/category/schools/gmat/country_id:2/area_id:2006,カテゴリ,category
https://schoolwith.me/category/schools/golf,カテゴリ,category
https://schoolwith.me/category/schools/golf/country_id:1,カテゴリ,category
https://schoolwith.me/category/schools/golf/country_id:1/area_id:1,カテゴリ,category
https://schoolwith.me/category/schools/golf/country_id:1/area_id:2,カテゴリ,category
https://schoolwith.me/category/schools/golf/country_id:1/area_id:4,カテゴリ,category
https://schoolwith.me/category/schools/golf/country_id:2,カテゴリ,category
https://schoolwith.me/category/schools/golf/country_id:2/area_id:2006,カテゴリ,category
https://schoolwith.me/category/schools/golf/country_id:4,カテゴリ,category
https://schoolwith.me/category/schools/golf/country_id:4/area_id:4006,カテゴリ,category
https://schoolwith.me/category/schools/gre,カテゴリ,category
https://schoolwith.me/category/schools/gre/country_id:4,カテゴリ,category
https://schoolwith.me/category/schools/gre/country_id:4/area_id:4001,カテゴリ,category
https://schoolwith.me/category/schools/gre/country_id:4/area_id:4002,カテゴリ,category
https://schoolwith.me/category/schools/gre/country_id:4/area_id:4003,カテゴリ,category
https://schoolwith.me/category/schools/gre/country_id:4/area_id:4004,カテゴリ,category
https://schoolwith.me/category/schools/gre/country_id:4/area_id:4005,カテゴリ,category
https://schoolwith.me/category/schools/gre/country_id:5,カテゴリ,category
https://schoolwith.me/category/schools/gre/country_id:5/area_id:5007,カテゴリ,category
https://schoolwith.me/category/schools/hard_schedule,カテゴリ,category
https://schoolwith.me/category/schools/hard_schedule/country_id:1,カテゴリ,category
https://schoolwith.me/category/schools/hard_schedule/country_id:1/area_id:1,カテゴリ,category
https://schoolwith.me/category/schools/hard_schedule/country_id:1/area_id:3,カテゴリ,category
https://schoolwith.me/category/schools/hard_schedule/country_id:1/area_id:4,カテゴリ,category
https://schoolwith.me/category/schools/ielts,カテゴリ,category
https://schoolwith.me/category/schools/ielts/country_id:1,カテゴリ,category
https://schoolwith.me/category/schools/ielts/country_id:1/area_id:1,カテゴリ,category
https://schoolwith.me/category/schools/ielts/country_id:1/area_id:14,カテゴリ,category
https://schoolwith.me/category/schools/ielts/country_id:1/area_id:3,カテゴリ,category
https://schoolwith.me/category/schools/ielts/country_id:1/area_id:4,カテゴリ,category
https://schoolwith.me/category/schools/ielts/country_id:1/area_id:6,カテゴリ,category
https://schoolwith.me/category/schools/ielts/country_id:1/area_id:7,カテゴリ,category
https://schoolwith.me/category/schools/ielts/country_id:2,カテゴリ,category
https://schoolwith.me/category/schools/ielts/country_id:2/area_id:2002,カテゴリ,category
https://schoolwith.me/category/schools/ielts/country_id:2/area_id:2003,カテゴリ,category
https://schoolwith.me/category/schools/ielts/country_id:2/area_id:2004,カテゴリ,category
https://schoolwith.me/category/schools/ielts/country_id:2/area_id:2005,カテゴリ,category
https://schoolwith.me/category/schools/ielts/country_id:2/area_id:2006,カテゴリ,category
https://schoolwith.me/category/schools/ielts/country_id:3,カテゴリ,category
https://schoolwith.me/category/schools/ielts/country_id:3/area_id:3001,カテゴリ,category
https://schoolwith.me/category/schools/ielts/country_id:3/area_id:3002,カテゴリ,category
https://schoolwith.me/category/schools/ielts/country_id:3/area_id:3003,カテゴリ,category
https://schoolwith.me/category/schools/ielts/country_id:3/area_id:3004,カテゴリ,category
https://schoolwith.me/category/schools/ielts/country_id:3/area_id:3005,カテゴリ,category
https://schoolwith.me/category/schools/ielts/country_id:3/area_id:3007,カテゴリ,category
https://schoolwith.me/category/schools/ielts/country_id:3/area_id:3012,カテゴリ,category
https://schoolwith.me/category/schools/ielts/country_id:4,カテゴリ,category
https://schoolwith.me/category/schools/ielts/country_id:4/area_id:4001,カテゴリ,category
https://schoolwith.me/category/schools/ielts/country_id:4/area_id:4002,カテゴリ,category
https://schoolwith.me/category/schools/ielts/country_id:4/area_id:4003,カテゴリ,category
https://schoolwith.me/category/schools/ielts/country_id:4/area_id:4004,カテゴリ,category
https://schoolwith.me/category/schools/ielts/country_id:4/area_id:4005,カテゴリ,category
https://schoolwith.me/category/schools/ielts/country_id:4/area_id:4006,カテゴリ,category
https://schoolwith.me/category/schools/ielts/country_id:4/area_id:4007,カテゴリ,category
https://schoolwith.me/category/schools/ielts/country_id:4/area_id:4009,カテゴリ,category
https://schoolwith.me/category/schools/ielts/country_id:4/area_id:4011,カテゴリ,category
https://schoolwith.me/category/schools/ielts/country_id:4/area_id:4012,カテゴリ,category
https://schoolwith.me/category/schools/ielts/country_id:5,カテゴリ,category
https://schoolwith.me/category/schools/ielts/country_id:5/area_id:5001,カテゴリ,category
https://schoolwith.me/category/schools/ielts/country_id:5/area_id:5002,カテゴリ,category
https://schoolwith.me/category/schools/ielts/country_id:5/area_id:5003,カテゴリ,category
https://schoolwith.me/category/schools/ielts/country_id:5/area_id:5004,カテゴリ,category
https://schoolwith.me/category/schools/ielts/country_id:5/area_id:5005,カテゴリ,category
https://schoolwith.me/category/schools/ielts/country_id:5/area_id:5006,カテゴリ,category
https://schoolwith.me/category/schools/ielts/country_id:5/area_id:5007,カテゴリ,category
https://schoolwith.me/category/schools/ielts/country_id:5/area_id:5020,カテゴリ,category
https://schoolwith.me/category/schools/ielts/country_id:5/area_id:5021,カテゴリ,category
https://schoolwith.me/category/schools/ielts/country_id:6,カテゴリ,category
https://schoolwith.me/category/schools/ielts/country_id:6/area_id:6001,カテゴリ,category
https://schoolwith.me/category/schools/ielts/country_id:6/area_id:6002,カテゴリ,category
https://schoolwith.me/category/schools/ielts/country_id:6/area_id:6004,カテゴリ,category
https://schoolwith.me/category/schools/ielts/country_id:7,カテゴリ,category
https://schoolwith.me/category/schools/ielts/country_id:7/area_id:7001,カテゴリ,category
https://schoolwith.me/category/schools/ielts/country_id:7/area_id:7002,カテゴリ,category
https://schoolwith.me/category/schools/ielts/country_id:8,カテゴリ,category
https://schoolwith.me/category/schools/ielts/country_id:8/area_id:8001,カテゴリ,category
https://schoolwith.me/category/schools/ielts/country_id:8/area_id:8002,カテゴリ,category
https://schoolwith.me/category/schools/ielts/country_id:8/area_id:8007,カテゴリ,category
https://schoolwith.me/category/schools/ielts/country_id:8/area_id:8008,カテゴリ,category
https://schoolwith.me/category/schools/internship,カテゴリ,category
https://schoolwith.me/category/schools/internship/country_id:1,カテゴリ,category
https://schoolwith.me/category/schools/internship/country_id:1/area_id:1,カテゴリ,category
https://schoolwith.me/category/schools/internship/country_id:1/area_id:2,カテゴリ,category
https://schoolwith.me/category/schools/internship/country_id:2,カテゴリ,category
https://schoolwith.me/category/schools/internship/country_id:2/area_id:2003,カテゴリ,category
https://schoolwith.me/category/schools/internship/country_id:5,カテゴリ,category
https://schoolwith.me/category/schools/internship/country_id:5/area_id:5003,カテゴリ,category
https://schoolwith.me/category/schools/internship/country_id:6,カテゴリ,category
https://schoolwith.me/category/schools/internship/country_id:6/area_id:6001,カテゴリ,category
https://schoolwith.me/category/schools/internship/country_id:8,カテゴリ,category
https://schoolwith.me/category/schools/internship/country_id:8/area_id:8007,カテゴリ,category
https://schoolwith.me/category/schools/it,カテゴリ,category
https://schoolwith.me/category/schools/it/country_id:1,カテゴリ,category
https://schoolwith.me/category/schools/it/country_id:1/area_id:1,カテゴリ,category
https://schoolwith.me/category/schools/japanese_management,カテゴリ,category
https://schoolwith.me/category/schools/japanese_management/country_id:1,カテゴリ,category
https://schoolwith.me/category/schools/japanese_management/country_id:1/area_id:1,カテゴリ,category
https://schoolwith.me/category/schools/japanese_management/country_id:1/area_id:14,カテゴリ,category
https://schoolwith.me/category/schools/japanese_management/country_id:1/area_id:2,カテゴリ,category
https://schoolwith.me/category/schools/korean_management,カテゴリ,category
https://schoolwith.me/category/schools/korean_management/country_id:1,カテゴリ,category
https://schoolwith.me/category/schools/korean_management/country_id:1/area_id:1,カテゴリ,category
https://schoolwith.me/category/schools/korean_management/country_id:1/area_id:3,カテゴリ,category
https://schoolwith.me/category/schools/korean_management/country_id:1/area_id:4,カテゴリ,category
https://schoolwith.me/category/schools/korean_management/country_id:1/area_id:6,カテゴリ,category
https://schoolwith.me/category/schools/korean_management/country_id:1/area_id:7,カテゴリ,category
https://schoolwith.me/category/schools/medical,カテゴリ,category
https://schoolwith.me/category/schools/medical/country_id:3,カテゴリ,category
https://schoolwith.me/category/schools/medical/country_id:3/area_id:3001,カテゴリ,category
https://schoolwith.me/category/schools/medical/country_id:3/area_id:3002,カテゴリ,category
https://schoolwith.me/category/schools/medical/country_id:4,カテゴリ,category
https://schoolwith.me/category/schools/medical/country_id:4/area_id:4001,カテゴリ,category
https://schoolwith.me/category/schools/medical/country_id:4/area_id:4002,カテゴリ,category
https://schoolwith.me/category/schools/medical/country_id:4/area_id:4003,カテゴリ,category
https://schoolwith.me/category/schools/medical/country_id:5,カテゴリ,category
https://schoolwith.me/category/schools/medical/country_id:5/area_id:5001,カテゴリ,category
https://schoolwith.me/category/schools/medical/country_id:5/area_id:5007,カテゴリ,category
https://schoolwith.me/category/schools/medical/country_id:6,カテゴリ,category
https://schoolwith.me/category/schools/medical/country_id:6/area_id:6001,カテゴリ,category
https://schoolwith.me/category/schools/native,カテゴリ,category
https://schoolwith.me/category/schools/native/country_id:1,カテゴリ,category
https://schoolwith.me/category/schools/native/country_id:1/area_id:1,カテゴリ,category
https://schoolwith.me/category/schools/native/country_id:1/area_id:14,カテゴリ,category
https://schoolwith.me/category/schools/native/country_id:1/area_id:2,カテゴリ,category
https://schoolwith.me/category/schools/native/country_id:1/area_id:3,カテゴリ,category
https://schoolwith.me/category/schools/native/country_id:1/area_id:4,カテゴリ,category
https://schoolwith.me/category/schools/native/country_id:1/area_id:6,カテゴリ,category
https://schoolwith.me/category/schools/native/country_id:2,カテゴリ,category
https://schoolwith.me/category/schools/native/country_id:2/area_id:2002,カテゴリ,category
https://schoolwith.me/category/schools/native/country_id:2/area_id:2003,カテゴリ,category
https://schoolwith.me/category/schools/native/country_id:2/area_id:2004,カテゴリ,category
https://schoolwith.me/category/schools/native/country_id:2/area_id:2005,カテゴリ,category
https://schoolwith.me/category/schools/native/country_id:2/area_id:2006,カテゴリ,category
https://schoolwith.me/category/schools/native/country_id:2/area_id:2007,カテゴリ,category
https://schoolwith.me/category/schools/native/country_id:2/area_id:2008,カテゴリ,category
https://schoolwith.me/category/schools/native/country_id:2/area_id:2009,カテゴリ,category
https://schoolwith.me/category/schools/native/country_id:2/area_id:2056,カテゴリ,category
https://schoolwith.me/category/schools/native/country_id:2/area_id:2057,カテゴリ,category
https://schoolwith.me/category/schools/native/country_id:2/area_id:2071,カテゴリ,category
https://schoolwith.me/category/schools/native/country_id:3,カテゴリ,category
https://schoolwith.me/category/schools/native/country_id:3/area_id:3001,カテゴリ,category
https://schoolwith.me/category/schools/native/country_id:3/area_id:3002,カテゴリ,category
https://schoolwith.me/category/schools/native/country_id:3/area_id:3003,カテゴリ,category
https://schoolwith.me/category/schools/native/country_id:3/area_id:3004,カテゴリ,category
https://schoolwith.me/category/schools/native/country_id:3/area_id:3005,カテゴリ,category
https://schoolwith.me/category/schools/native/country_id:3/area_id:3007,カテゴリ,category
https://schoolwith.me/category/schools/native/country_id:3/area_id:3010,カテゴリ,category
https://schoolwith.me/category/schools/native/country_id:3/area_id:3012,カテゴリ,category
https://schoolwith.me/category/schools/native/country_id:4,カテゴリ,category
https://schoolwith.me/category/schools/native/country_id:4/area_id:4001,カテゴリ,category
https://schoolwith.me/category/schools/native/country_id:4/area_id:4002,カテゴリ,category
https://schoolwith.me/category/schools/native/country_id:4/area_id:4003,カテゴリ,category
https://schoolwith.me/category/schools/native/country_id:4/area_id:4004,カテゴリ,category
https://schoolwith.me/category/schools/native/country_id:4/area_id:4005,カテゴリ,category
https://schoolwith.me/category/schools/native/country_id:4/area_id:4006,カテゴリ,category
https://schoolwith.me/category/schools/native/country_id:4/area_id:4007,カテゴリ,category
https://schoolwith.me/category/schools/native/country_id:4/area_id:4009,カテゴリ,category
https://schoolwith.me/category/schools/native/country_id:4/area_id:4011,カテゴリ,category
https://schoolwith.me/category/schools/native/country_id:4/area_id:4012,カテゴリ,category
https://schoolwith.me/category/schools/native/country_id:5,カテゴリ,category
https://schoolwith.me/category/schools/native/country_id:5/area_id:5001,カテゴリ,category
https://schoolwith.me/category/schools/native/country_id:5/area_id:5002,カテゴリ,category
https://schoolwith.me/category/schools/native/country_id:5/area_id:5003,カテゴリ,category
https://schoolwith.me/category/schools/native/country_id:5/area_id:5004,カテゴリ,category
https://schoolwith.me/category/schools/native/country_id:5/area_id:5005,カテゴリ,category
https://schoolwith.me/category/schools/native/country_id:5/area_id:5006,カテゴリ,category
https://schoolwith.me/category/schools/native/country_id:5/area_id:5007,カテゴリ,category
https://schoolwith.me/category/schools/native/country_id:5/area_id:5020,カテゴリ,category
https://schoolwith.me/category/schools/native/country_id:5/area_id:5021,カテゴリ,category
https://schoolwith.me/category/schools/native/country_id:6,カテゴリ,category
https://schoolwith.me/category/schools/native/country_id:6/area_id:6001,カテゴリ,category
https://schoolwith.me/category/schools/native/country_id:6/area_id:6002,カテゴリ,category
https://schoolwith.me/category/schools/native/country_id:6/area_id:6004,カテゴリ,category
https://schoolwith.me/category/schools/native/country_id:7,カテゴリ,category
https://schoolwith.me/category/schools/native/country_id:7/area_id:7001,カテゴリ,category
https://schoolwith.me/category/schools/native/country_id:7/area_id:7002,カテゴリ,category
https://schoolwith.me/category/schools/native/country_id:8,カテゴリ,category
https://schoolwith.me/category/schools/native/country_id:8/area_id:8001,カテゴリ,category
https://schoolwith.me/category/schools/native/country_id:8/area_id:8002,カテゴリ,category
https://schoolwith.me/category/schools/native/country_id:8/area_id:8007,カテゴリ,category
https://schoolwith.me/category/schools/native/country_id:8/area_id:8008,カテゴリ,category
https://schoolwith.me/category/schools/non_japanese,カテゴリ,category
https://schoolwith.me/category/schools/non_japanese/country_id:2,カテゴリ,category
https://schoolwith.me/category/schools/non_japanese/country_id:2/area_id:2002,カテゴリ,category
https://schoolwith.me/category/schools/non_japanese/country_id:2/area_id:2003,カテゴリ,category
https://schoolwith.me/category/schools/non_japanese/country_id:2/area_id:2004,カテゴリ,category
https://schoolwith.me/category/schools/non_japanese/country_id:2/area_id:2005,カテゴリ,category
https://schoolwith.me/category/schools/non_japanese/country_id:2/area_id:2006,カテゴリ,category
https://schoolwith.me/category/schools/non_japanese/country_id:2/area_id:2007,カテゴリ,category
https://schoolwith.me/category/schools/non_japanese/country_id:2/area_id:2008,カテゴリ,category
https://schoolwith.me/category/schools/non_japanese/country_id:2/area_id:2009,カテゴリ,category
https://schoolwith.me/category/schools/non_japanese/country_id:2/area_id:2056,カテゴリ,category
https://schoolwith.me/category/schools/non_japanese/country_id:2/area_id:2057,カテゴリ,category
https://schoolwith.me/category/schools/non_japanese/country_id:3,カテゴリ,category
https://schoolwith.me/category/schools/non_japanese/country_id:3/area_id:3001,カテゴリ,category
https://schoolwith.me/category/schools/non_japanese/country_id:3/area_id:3002,カテゴリ,category
https://schoolwith.me/category/schools/non_japanese/country_id:3/area_id:3004,カテゴリ,category
https://schoolwith.me/category/schools/non_japanese/country_id:3/area_id:3005,カテゴリ,category
https://schoolwith.me/category/schools/non_japanese/country_id:3/area_id:3007,カテゴリ,category
https://schoolwith.me/category/schools/non_japanese/country_id:3/area_id:3010,カテゴリ,category
https://schoolwith.me/category/schools/non_japanese/country_id:3/area_id:3012,カテゴリ,category
https://schoolwith.me/category/schools/non_japanese/country_id:4,カテゴリ,category
https://schoolwith.me/category/schools/non_japanese/country_id:4/area_id:4001,カテゴリ,category
https://schoolwith.me/category/schools/non_japanese/country_id:4/area_id:4002,カテゴリ,category
https://schoolwith.me/category/schools/non_japanese/country_id:4/area_id:4003,カテゴリ,category
https://schoolwith.me/category/schools/non_japanese/country_id:4/area_id:4004,カテゴリ,category
https://schoolwith.me/category/schools/non_japanese/country_id:4/area_id:4005,カテゴリ,category
https://schoolwith.me/category/schools/non_japanese/country_id:4/area_id:4006,カテゴリ,category
https://schoolwith.me/category/schools/non_japanese/country_id:4/area_id:4007,カテゴリ,category
https://schoolwith.me/category/schools/non_japanese/country_id:4/area_id:4009,カテゴリ,category
https://schoolwith.me/category/schools/non_japanese/country_id:4/area_id:4011,カテゴリ,category
https://schoolwith.me/category/schools/non_japanese/country_id:4/area_id:4012,カテゴリ,category
https://schoolwith.me/category/schools/non_japanese/country_id:5,カテゴリ,category
https://schoolwith.me/category/schools/non_japanese/country_id:5/area_id:5001,カテゴリ,category
https://schoolwith.me/category/schools/non_japanese/country_id:5/area_id:5002,カテゴリ,category
https://schoolwith.me/category/schools/non_japanese/country_id:5/area_id:5003,カテゴリ,category
https://schoolwith.me/category/schools/non_japanese/country_id:5/area_id:5004,カテゴリ,category
https://schoolwith.me/category/schools/non_japanese/country_id:5/area_id:5005,カテゴリ,category
https://schoolwith.me/category/schools/non_japanese/country_id:5/area_id:5006,カテゴリ,category
https://schoolwith.me/category/schools/non_japanese/country_id:5/area_id:5007,カテゴリ,category
https://schoolwith.me/category/schools/non_japanese/country_id:5/area_id:5020,カテゴリ,category
https://schoolwith.me/category/schools/non_japanese/country_id:5/area_id:5021,カテゴリ,category
https://schoolwith.me/category/schools/non_japanese/country_id:6,カテゴリ,category
https://schoolwith.me/category/schools/non_japanese/country_id:6/area_id:6001,カテゴリ,category
https://schoolwith.me/category/schools/non_japanese/country_id:6/area_id:6002,カテゴリ,category
https://schoolwith.me/category/schools/non_japanese/country_id:6/area_id:6004,カテゴリ,category
https://schoolwith.me/category/schools/non_japanese/country_id:7,カテゴリ,category
https://schoolwith.me/category/schools/non_japanese/country_id:7/area_id:7001,カテゴリ,category
https://schoolwith.me/category/schools/non_japanese/country_id:7/area_id:7002,カテゴリ,category
https://schoolwith.me/category/schools/non_japanese/country_id:8,カテゴリ,category
https://schoolwith.me/category/schools/non_japanese/country_id:8/area_id:8001,カテゴリ,category
https://schoolwith.me/category/schools/non_japanese/country_id:8/area_id:8002,カテゴリ,category
https://schoolwith.me/category/schools/non_japanese/country_id:8/area_id:8007,カテゴリ,category
https://schoolwith.me/category/schools/non_japanese/country_id:8/area_id:8008,カテゴリ,category
https://schoolwith.me/category/schools/online_english,カテゴリ,category
https://schoolwith.me/category/schools/online_english/country_id:1,カテゴリ,category
https://schoolwith.me/category/schools/online_english/country_id:1/area_id:1,カテゴリ,category
https://schoolwith.me/category/schools/online_english/country_id:1/area_id:2,カテゴリ,category
https://schoolwith.me/category/schools/online_english/country_id:1/area_id:3,カテゴリ,category
https://schoolwith.me/category/schools/online_english/country_id:1/area_id:4,カテゴリ,category
https://schoolwith.me/category/schools/parent_child,カテゴリ,category
https://schoolwith.me/category/schools/parent_child/country_id:1,カテゴリ,category
https://schoolwith.me/category/schools/parent_child/country_id:1/area_id:1,カテゴリ,category
https://schoolwith.me/category/schools/parent_child/country_id:1/area_id:14,カテゴリ,category
https://schoolwith.me/category/schools/parent_child/country_id:1/area_id:3,カテゴリ,category
https://schoolwith.me/category/schools/parent_child/country_id:1/area_id:4,カテゴリ,category
https://schoolwith.me/category/schools/parent_child/country_id:1/area_id:7,カテゴリ,category
https://schoolwith.me/category/schools/senior,カテゴリ,category
https://schoolwith.me/category/schools/senior/country_id:1,カテゴリ,category
https://schoolwith.me/category/schools/senior/country_id:1/area_id:4,カテゴリ,category
https://schoolwith.me/category/schools/short_term,カテゴリ,category
https://schoolwith.me/category/schools/short_term/country_id:1,カテゴリ,category
https://schoolwith.me/category/schools/short_term/country_id:1/area_id:1,カテゴリ,category
https://schoolwith.me/category/schools/short_term/country_id:1/area_id:14,カテゴリ,category
https://schoolwith.me/category/schools/short_term/country_id:1/area_id:2,カテゴリ,category
https://schoolwith.me/category/schools/short_term/country_id:1/area_id:3,カテゴリ,category
https://schoolwith.me/category/schools/short_term/country_id:1/area_id:4,カテゴリ,category
https://schoolwith.me/category/schools/short_term/country_id:1/area_id:6,カテゴリ,category
https://schoolwith.me/category/schools/short_term/country_id:1/area_id:7,カテゴリ,category
https://schoolwith.me/category/schools/short_term/country_id:2,カテゴリ,category
https://schoolwith.me/category/schools/short_term/country_id:2/area_id:2002,カテゴリ,category
https://schoolwith.me/category/schools/short_term/country_id:2/area_id:2003,カテゴリ,category
https://schoolwith.me/category/schools/short_term/country_id:2/area_id:2004,カテゴリ,category
https://schoolwith.me/category/schools/short_term/country_id:2/area_id:2005,カテゴリ,category
https://schoolwith.me/category/schools/short_term/country_id:2/area_id:2006,カテゴリ,category
https://schoolwith.me/category/schools/short_term/country_id:2/area_id:2007,カテゴリ,category
https://schoolwith.me/category/schools/short_term/country_id:2/area_id:2008,カテゴリ,category
https://schoolwith.me/category/schools/short_term/country_id:2/area_id:2009,カテゴリ,category
https://schoolwith.me/category/schools/short_term/country_id:2/area_id:2056,カテゴリ,category
https://schoolwith.me/category/schools/short_term/country_id:2/area_id:2057,カテゴリ,category
https://schoolwith.me/category/schools/short_term/country_id:2/area_id:2071,カテゴリ,category
https://schoolwith.me/category/schools/short_term/country_id:3,カテゴリ,category
https://schoolwith.me/category/schools/short_term/country_id:3/area_id:3001,カテゴリ,category
https://schoolwith.me/category/schools/short_term/country_id:3/area_id:3002,カテゴリ,category
https://schoolwith.me/category/schools/short_term/country_id:3/area_id:3003,カテゴリ,category
https://schoolwith.me/category/schools/short_term/country_id:3/area_id:3004,カテゴリ,category
https://schoolwith.me/category/schools/short_term/country_id:3/area_id:3005,カテゴリ,category
https://schoolwith.me/category/schools/short_term/country_id:3/area_id:3007,カテゴリ,category
https://schoolwith.me/category/schools/short_term/country_id:3/area_id:3010,カテゴリ,category
https://schoolwith.me/category/schools/short_term/country_id:3/area_id:3012,カテゴリ,category
https://schoolwith.me/category/schools/short_term/country_id:4,カテゴリ,category
https://schoolwith.me/category/schools/short_term/country_id:4/area_id:4001,カテゴリ,category
https://schoolwith.me/category/schools/short_term/country_id:4/area_id:4002,カテゴリ,category
https://schoolwith.me/category/schools/short_term/country_id:4/area_id:4003,カテゴリ,category
https://schoolwith.me/category/schools/short_term/country_id:4/area_id:4004,カテゴリ,category
https://schoolwith.me/category/schools/short_term/country_id:4/area_id:4005,カテゴリ,category
https://schoolwith.me/category/schools/short_term/country_id:4/area_id:4006,カテゴリ,category
https://schoolwith.me/category/schools/short_term/country_id:4/area_id:4007,カテゴリ,category
https://schoolwith.me/category/schools/short_term/country_id:4/area_id:4009,カテゴリ,category
https://schoolwith.me/category/schools/short_term/country_id:4/area_id:4011,カテゴリ,category
https://schoolwith.me/category/schools/short_term/country_id:4/area_id:4012,カテゴリ,category
https://schoolwith.me/category/schools/short_term/country_id:5,カテゴリ,category
https://schoolwith.me/category/schools/short_term/country_id:5/area_id:5001,カテゴリ,category
https://schoolwith.me/category/schools/short_term/country_id:5/area_id:5002,カテゴリ,category
https://schoolwith.me/category/schools/short_term/country_id:5/area_id:5003,カテゴリ,category
https://schoolwith.me/category/schools/short_term/country_id:5/area_id:5004,カテゴリ,category
https://schoolwith.me/category/schools/short_term/country_id:5/area_id:5005,カテゴリ,category
https://schoolwith.me/category/schools/short_term/country_id:5/area_id:5006,カテゴリ,category
https://schoolwith.me/category/schools/short_term/country_id:5/area_id:5007,カテゴリ,category
https://schoolwith.me/category/schools/short_term/country_id:5/area_id:5020,カテゴリ,category
https://schoolwith.me/category/schools/short_term/country_id:5/area_id:5021,カテゴリ,category
https://schoolwith.me/category/schools/short_term/country_id:6,カテゴリ,category
https://schoolwith.me/category/schools/short_term/country_id:6/area_id:6001,カテゴリ,category
https://schoolwith.me/category/schools/short_term/country_id:6/area_id:6002,カテゴリ,category
https://schoolwith.me/category/schools/short_term/country_id:6/area_id:6004,カテゴリ,category
https://schoolwith.me/category/schools/short_term/country_id:7,カテゴリ,category
https://schoolwith.me/category/schools/short_term/country_id:7/area_id:7001,カテゴリ,category
https://schoolwith.me/category/schools/short_term/country_id:7/area_id:7002,カテゴリ,category
https://schoolwith.me/category/schools/short_term/country_id:8,カテゴリ,category
https://schoolwith.me/category/schools/short_term/country_id:8/area_id:8001,カテゴリ,category
https://schoolwith.me/category/schools/short_term/country_id:8/area_id:8002,カテゴリ,category
https://schoolwith.me/category/schools/short_term/country_id:8/area_id:8007,カテゴリ,category
https://schoolwith.me/category/schools/short_term/country_id:8/area_id:8008,カテゴリ,category
https://schoolwith.me/category/schools/toefl,カテゴリ,category
https://schoolwith.me/category/schools/toefl/country_id:1,カテゴリ,category
https://schoolwith.me/category/schools/toefl/country_id:1/area_id:1,カテゴリ,category
https://schoolwith.me/category/schools/toefl/country_id:1/area_id:14,カテゴリ,category
https://schoolwith.me/category/schools/toefl/country_id:1/area_id:3,カテゴリ,category
https://schoolwith.me/category/schools/toefl/country_id:1/area_id:4,カテゴリ,category
https://schoolwith.me/category/schools/toefl/country_id:1/area_id:7,カテゴリ,category
https://schoolwith.me/category/schools/toefl/country_id:2,カテゴリ,category
https://schoolwith.me/category/schools/toefl/country_id:2/area_id:2002,カテゴリ,category
https://schoolwith.me/category/schools/toefl/country_id:2/area_id:2003,カテゴリ,category
https://schoolwith.me/category/schools/toefl/country_id:2/area_id:2004,カテゴリ,category
https://schoolwith.me/category/schools/toefl/country_id:2/area_id:2005,カテゴリ,category
https://schoolwith.me/category/schools/toefl/country_id:2/area_id:2006,カテゴリ,category
https://schoolwith.me/category/schools/toefl/country_id:2/area_id:2009,カテゴリ,category
https://schoolwith.me/category/schools/toefl/country_id:3,カテゴリ,category
https://schoolwith.me/category/schools/toefl/country_id:3/area_id:3001,カテゴリ,category
https://schoolwith.me/category/schools/toefl/country_id:3/area_id:3002,カテゴリ,category
https://schoolwith.me/category/schools/toefl/country_id:3/area_id:3004,カテゴリ,category
https://schoolwith.me/category/schools/toefl/country_id:3/area_id:3005,カテゴリ,category
https://schoolwith.me/category/schools/toefl/country_id:5,カテゴリ,category
https://schoolwith.me/category/schools/toefl/country_id:5/area_id:5001,カテゴリ,category
https://schoolwith.me/category/schools/toefl/country_id:5/area_id:5003,カテゴリ,category
https://schoolwith.me/category/schools/toefl/country_id:5/area_id:5004,カテゴリ,category
https://schoolwith.me/category/schools/toefl/country_id:6,カテゴリ,category
https://schoolwith.me/category/schools/toefl/country_id:6/area_id:6001,カテゴリ,category
https://schoolwith.me/category/schools/toefl/country_id:8,カテゴリ,category
https://schoolwith.me/category/schools/toefl/country_id:8/area_id:8001,カテゴリ,category
https://schoolwith.me/category/schools/toefl/country_id:8/area_id:8002,カテゴリ,category
https://schoolwith.me/category/schools/toeic,カテゴリ,category
https://schoolwith.me/category/schools/toeic/country_id:1,カテゴリ,category
https://schoolwith.me/category/schools/toeic/country_id:1/area_id:1,カテゴリ,category
https://schoolwith.me/category/schools/toeic/country_id:1/area_id:14,カテゴリ,category
https://schoolwith.me/category/schools/toeic/country_id:1/area_id:3,カテゴリ,category
https://schoolwith.me/category/schools/toeic/country_id:1/area_id:4,カテゴリ,category
https://schoolwith.me/category/schools/toeic/country_id:1/area_id:6,カテゴリ,category
https://schoolwith.me/category/schools/toeic/country_id:1/area_id:7,カテゴリ,category
https://schoolwith.me/category/schools/toeic/country_id:2,カテゴリ,category
https://schoolwith.me/category/schools/toeic/country_id:2/area_id:2005,カテゴリ,category
https://schoolwith.me/category/schools/toeic/country_id:4,カテゴリ,category
https://schoolwith.me/category/schools/toeic/country_id:4/area_id:4003,カテゴリ,category
https://schoolwith.me/category/schools/toeic/country_id:4/area_id:4006,カテゴリ,category
https://schoolwith.me/category/schools/toeic/country_id:5,カテゴリ,category
https://schoolwith.me/category/schools/toeic/country_id:5/area_id:5001,カテゴリ,category
https://schoolwith.me/category/schools/toeic/country_id:6,カテゴリ,category
https://schoolwith.me/category/schools/toeic/country_id:6/area_id:6001,カテゴリ,category
https://schoolwith.me/category/schools/toeic/country_id:6/area_id:6002,カテゴリ,category
https://schoolwith.me/category/schools/toeic/country_id:6/area_id:6004,カテゴリ,category
https://schoolwith.me/category/schools/toeic/country_id:7,カテゴリ,category
https://schoolwith.me/category/schools/toeic/country_id:7/area_id:7002,カテゴリ,category
https://schoolwith.me/category/schools/toeic/country_id:8,カテゴリ,category
https://schoolwith.me/category/schools/toeic/country_id:8/area_id:8001,カテゴリ,category
https://schoolwith.me/category/schools/toeic/country_id:8/area_id:8002,カテゴリ,category
https://schoolwith.me/category/schools/traveller,カテゴリ,category
https://schoolwith.me/category/schools/traveller/country_id:1,カテゴリ,category
https://schoolwith.me/category/schools/traveller/country_id:1/area_id:1,カテゴリ,category
https://schoolwith.me/category/schools/traveller/country_id:4,カテゴリ,category
https://schoolwith.me/category/schools/traveller/country_id:4/area_id:4007,カテゴリ,category
https://schoolwith.me/category/schools/univ_going,カテゴリ,category
https://schoolwith.me/category/schools/univ_going/country_id:2,カテゴリ,category
https://schoolwith.me/category/schools/univ_going/country_id:2/area_id:2002,カテゴリ,category
https://schoolwith.me/category/schools/univ_going/country_id:2/area_id:2006,カテゴリ,category
https://schoolwith.me/category/schools/univ_going/country_id:2/area_id:2009,カテゴリ,category
https://schoolwith.me/category/schools/univ_going/country_id:3,カテゴリ,category
https://schoolwith.me/category/schools/univ_going/country_id:3/area_id:3001,カテゴリ,category
https://schoolwith.me/category/schools/univ_going/country_id:3/area_id:3002,カテゴリ,category
https://schoolwith.me/category/schools/univ_going/country_id:3/area_id:3004,カテゴリ,category
https://schoolwith.me/category/schools/univ_going/country_id:3/area_id:3005,カテゴリ,category
https://schoolwith.me/category/schools/univ_going/country_id:3/area_id:3007,カテゴリ,category
https://schoolwith.me/category/schools/univ_going/country_id:3/area_id:3012,カテゴリ,category
https://schoolwith.me/category/schools/univ_going/country_id:4,カテゴリ,category
https://schoolwith.me/category/schools/univ_going/country_id:4/area_id:4001,カテゴリ,category
https://schoolwith.me/category/schools/univ_going/country_id:4/area_id:4002,カテゴリ,category
https://schoolwith.me/category/schools/univ_going/country_id:4/area_id:4003,カテゴリ,category
https://schoolwith.me/category/schools/univ_going/country_id:4/area_id:4004,カテゴリ,category
https://schoolwith.me/category/schools/univ_going/country_id:4/area_id:4005,カテゴリ,category
https://schoolwith.me/category/schools/univ_going/country_id:5,カテゴリ,category
https://schoolwith.me/category/schools/univ_going/country_id:5/area_id:5001,カテゴリ,category
https://schoolwith.me/category/schools/univ_going/country_id:6,カテゴリ,category
https://schoolwith.me/category/schools/univ_going/country_id:6/area_id:6001,カテゴリ,category
https://schoolwith.me/category/schools/univ_going/country_id:7,カテゴリ,category
https://schoolwith.me/category/schools/univ_going/country_id:7/area_id:7001,カテゴリ,category
https://schoolwith.me/category/schools/univ_going/country_id:7/area_id:7002,カテゴリ,category
https://schoolwith.me/category/schools/univ_going/country_id:8,カテゴリ,category
https://schoolwith.me/category/schools/univ_going/country_id:8/area_id:8008,カテゴリ,category
https://schoolwith.me/category/schools/vacation,カテゴリ,category
https://schoolwith.me/category/schools/vacation/country_id:1,カテゴリ,category
https://schoolwith.me/category/schools/vacation/country_id:1/area_id:14,カテゴリ,category
https://schoolwith.me/category/schools/vacation/country_id:2,カテゴリ,category
https://schoolwith.me/category/schools/vacation/country_id:2/area_id:2005,カテゴリ,category
https://schoolwith.me/category/schools/vacation/country_id:2/area_id:2009,カテゴリ,category
https://schoolwith.me/category/schools/vacation/country_id:5,カテゴリ,category
https://schoolwith.me/category/schools/vacation/country_id:5/area_id:5004,カテゴリ,category
https://schoolwith.me/category/schools/working_holiday,カテゴリ,category
https://schoolwith.me/category/schools/working_holiday/country_id:3,カテゴリ,category
https://schoolwith.me/category/schools/working_holiday/country_id:3/area_id:3001,カテゴリ,category
https://schoolwith.me/category/schools/working_holiday/country_id:3/area_id:3002,カテゴリ,category
https://schoolwith.me/category/schools/working_holiday/country_id:3/area_id:3003,カテゴリ,category
https://schoolwith.me/category/schools/working_holiday/country_id:3/area_id:3004,カテゴリ,category
https://schoolwith.me/category/schools/working_holiday/country_id:3/area_id:3005,カテゴリ,category
https://schoolwith.me/category/schools/working_holiday/country_id:3/area_id:3007,カテゴリ,category
https://schoolwith.me/category/schools/working_holiday/country_id:3/area_id:3010,カテゴリ,category
https://schoolwith.me/category/schools/working_holiday/country_id:3/area_id:3012,カテゴリ,category
https://schoolwith.me/category/schools/working_holiday/country_id:4,カテゴリ,category
https://schoolwith.me/category/schools/working_holiday/country_id:4/area_id:4001,カテゴリ,category
https://schoolwith.me/category/schools/working_holiday/country_id:4/area_id:4002,カテゴリ,category
https://schoolwith.me/category/schools/working_holiday/country_id:4/area_id:4003,カテゴリ,category
https://schoolwith.me/category/schools/working_holiday/country_id:4/area_id:4004,カテゴリ,category
https://schoolwith.me/category/schools/working_holiday/country_id:4/area_id:4005,カテゴリ,category
https://schoolwith.me/category/schools/working_holiday/country_id:4/area_id:4006,カテゴリ,category
https://schoolwith.me/category/schools/working_holiday/country_id:4/area_id:4007,カテゴリ,category
https://schoolwith.me/category/schools/working_holiday/country_id:4/area_id:4009,カテゴリ,category
https://schoolwith.me/category/schools/working_holiday/country_id:4/area_id:4011,カテゴリ,category
https://schoolwith.me/category/schools/working_holiday/country_id:4/area_id:4012,カテゴリ,category
https://schoolwith.me/category/schools/working_holiday/country_id:5,カテゴリ,category
https://schoolwith.me/category/schools/working_holiday/country_id:5/area_id:5001,カテゴリ,category
https://schoolwith.me/category/schools/working_holiday/country_id:5/area_id:5002,カテゴリ,category
https://schoolwith.me/category/schools/working_holiday/country_id:5/area_id:5003,カテゴリ,category
https://schoolwith.me/category/schools/working_holiday/country_id:5/area_id:5004,カテゴリ,category
https://schoolwith.me/category/schools/working_holiday/country_id:5/area_id:5005,カテゴリ,category
https://schoolwith.me/category/schools/working_holiday/country_id:5/area_id:5006,カテゴリ,category
https://schoolwith.me/category/schools/working_holiday/country_id:5/area_id:5007,カテゴリ,category
https://schoolwith.me/category/schools/working_holiday/country_id:5/area_id:5020,カテゴリ,category
https://schoolwith.me/category/schools/working_holiday/country_id:5/area_id:5021,カテゴリ,category
https://schoolwith.me/category/schools/working_holiday/country_id:6,カテゴリ,category
https://schoolwith.me/category/schools/working_holiday/country_id:6/area_id:6001,カテゴリ,category
https://schoolwith.me/category/schools/working_holiday/country_id:6/area_id:6002,カテゴリ,category
https://schoolwith.me/category/schools/working_holiday/country_id:6/area_id:6004,カテゴリ,category
https://schoolwith.me/category/schools/working_holiday/country_id:7,カテゴリ,category
https://schoolwith.me/category/schools/working_holiday/country_id:7/area_id:7001,カテゴリ,category
https://schoolwith.me/category/schools/working_holiday/country_id:7/area_id:7002,カテゴリ,category
https://schoolwith.me/category/schools/working_holiday_course,カテゴリ,category
https://schoolwith.me/category/schools/working_holiday_course/country_id:1,カテゴリ,category
https://schoolwith.me/category/schools/working_holiday_course/country_id:1/area_id:1,カテゴリ,category
https://schoolwith.me/category/schools/working_holiday_course/country_id:1/area_id:3,カテゴリ,category
https://schoolwith.me/category/schools/working_holiday_course/country_id:3,カテゴリ,category
https://schoolwith.me/category/schools/working_holiday_course/country_id:3/area_id:3001,カテゴリ,category
https://schoolwith.me/category/schools/working_holiday_course/country_id:3/area_id:3002,カテゴリ,category
https://schoolwith.me/category/schools/working_holiday_course/country_id:3/area_id:3004,カテゴリ,category
https://schoolwith.me/columns,その他,columns
https://schoolwith.me/columns/31415,コラム,columns
https://schoolwith.me/columns/31435,コラム,columns
https://schoolwith.me/columns/31449,コラム,columns
https://schoolwith.me/columns/31453,コラム,columns
https://schoolwith.me/columns/31455,コラム,columns
https://schoolwith.me/columns/31461,コラム,columns
https://schoolwith.me/columns/31596,コラム,columns
https://schoolwith.me/columns/31602,コラム,columns
https://schoolwith.me/columns/31607,コラム,columns
https://schoolwith.me/columns/31612,コラム,columns
https://schoolwith.me/columns/31613,コラム,columns
https://schoolwith.me/columns/31649,コラム,columns
https://schoolwith.me/columns/31651,コラム,columns
https://schoolwith.me/columns/31652,コラム,columns
https://schoolwith.me/columns/31653,コラム,columns
https://schoolwith.me/columns/31654,コラム,columns
https://schoolwith.me/columns/31655,コラム,columns
https://schoolwith.me/columns/31656,コラム,columns
https://schoolwith.me/columns/31657,コラム,columns
https://schoolwith.me/columns/31660,コラム,columns
https://schoolwith.me/columns/31661,コラム,columns
https://schoolwith.me/columns/31662,コラム,columns
https://schoolwith.me/columns/31663,コラム,columns
https://schoolwith.me/columns/31664,コラム,columns
https://schoolwith.me/columns/31665,コラム,columns
https://schoolwith.me/columns/31666,コラム,columns
https://schoolwith.me/columns/31667,コラム,columns
https://schoolwith.me/columns/31671,コラム,columns
https://schoolwith.me/columns/31672,コラム,columns
https://schoolwith.me/columns/31673,コラム,columns
https://schoolwith.me/columns/31674,コラム,columns
https://schoolwith.me/columns/31675,コラム,columns
https://schoolwith.me/columns/31676,コラム,columns
https://schoolwith.me/columns/31678,コラム,columns
https://schoolwith.me/columns/31679,コラム,columns
https://schoolwith.me/columns/31681,コラム,columns
https://schoolwith.me/columns/31682,コラム,columns
https://schoolwith.me/columns/31684,コラム,columns
https://schoolwith.me/columns/31686,コラム,columns
https://schoolwith.me/columns/31690,コラム,columns
https://schoolwith.me/columns/31691,コラム,columns
https://schoolwith.me/columns/31692,コラム,columns
https://schoolwith.me/columns/31693,コラム,columns
https://schoolwith.me/columns/31694,コラム,columns
https://schoolwith.me/columns/31695,コラム,columns
https://schoolwith.me/columns/31696,コラム,columns
https://schoolwith.me/columns/31697,コラム,columns
https://schoolwith.me/columns/31698,コラム,columns
https://schoolwith.me/columns/31699,コラム,columns
https://schoolwith.me/columns/31700,コラム,columns
https://schoolwith.me/columns/31701,コラム,columns
https://schoolwith.me/columns/31702,コラム,columns
https://schoolwith.me/columns/31704,コラム,columns
https://schoolwith.me/columns/31705,コラム,columns
https://schoolwith.me/columns/31707,コラム,columns
https://schoolwith.me/columns/31708,コラム,columns
https://schoolwith.me/columns/31709,コラム,columns
https://schoolwith.me/columns/31710,コラム,columns
https://schoolwith.me/columns/31711,コラム,columns
https://schoolwith.me/columns/31712,コラム,columns
https://schoolwith.me/columns/31713,コラム,columns
https://schoolwith.me/columns/31714,コラム,columns
https://schoolwith.me/columns/31715,コラム,columns
https://schoolwith.me/columns/31716,コラム,columns
https://schoolwith.me/columns/31717,コラム,columns
https://schoolwith.me/columns/31718,コラム,columns
https://schoolwith.me/columns/31719,コラム,columns
https://schoolwith.me/columns/31720,コラム,columns
https://schoolwith.me/columns/31721,コラム,columns
https://schoolwith.me/columns/31722,コラム,columns
https://schoolwith.me/columns/31723,コラム,columns
https://schoolwith.me/columns/31724,コラム,columns
https://schoolwith.me/columns/31725,コラム,columns
https://schoolwith.me/columns/31726,コラム,columns
https://schoolwith.me/columns/31727,コラム,columns
https://schoolwith.me/columns/31728,コラム,columns
https://schoolwith.me/columns/31729,コラム,columns
https://schoolwith.me/columns/31730,コラム,columns
https://schoolwith.me/columns/31731,コラム,columns
https://schoolwith.me/columns/31732,コラム,columns
https://schoolwith.me/columns/31733,コラム,columns
https://schoolwith.me/columns/31734,コラム,columns
https://schoolwith.me/columns/31735,コラム,columns
https://schoolwith.me/columns/31736,コラム,columns
https://schoolwith.me/columns/31737,コラム,columns
https://schoolwith.me/columns/31738,コラム,columns
https://schoolwith.me/columns/31739,コラム,columns
https://schoolwith.me/columns/31740,コラム,columns
https://schoolwith.me/columns/31741,コラム,columns
https://schoolwith.me/columns/31742,コラム,columns
https://schoolwith.me/columns/31743,コラム,columns
https://schoolwith.me/columns/31744,コラム,columns
https://schoolwith.me/columns/31745,コラム,columns
https://schoolwith.me/columns/31746,コラム,columns
https://schoolwith.me/columns/31747,コラム,columns
https://schoolwith.me/columns/31748,コラム,columns
https://schoolwith.me/columns/31749,コラム,columns
https://schoolwith.me/columns/31750,コラム,columns
https://schoolwith.me/columns/31751,コラム,columns
https://schoolwith.me/columns/31752,コラム,columns
https://schoolwith.me/columns/31753,コラム,columns
https://schoolwith.me/columns/31754,コラム,columns
https://schoolwith.me/columns/31756,コラム,columns
https://schoolwith.me/columns/31757,コラム,columns
https://schoolwith.me/columns/31758,コラム,columns
https://schoolwith.me/columns/31759,コラム,columns
https://schoolwith.me/columns/31760,コラム,columns
https://schoolwith.me/columns/31761,コラム,columns
https://schoolwith.me/columns/31762,コラム,columns
https://schoolwith.me/columns/31763,コラム,columns
https://schoolwith.me/columns/31764,コラム,columns
https://schoolwith.me/columns/31765,コラム,columns
https://schoolwith.me/columns/31766,コラム,columns
https://schoolwith.me/columns/31767,コラム,columns
https://schoolwith.me/columns/31768,コラム,columns
https://schoolwith.me/columns/31769,コラム,columns
https://schoolwith.me/columns/31770,コラム,columns
https://schoolwith.me/columns/31771,コラム,columns
https://schoolwith.me/columns/31773,コラム,columns
https://schoolwith.me/columns/31775,コラム,columns
https://schoolwith.me/columns/31776,コラム,columns
https://schoolwith.me/columns/31777,コラム,columns
https://schoolwith.me/columns/31778,コラム,columns
https://schoolwith.me/columns/31779,コラム,columns
https://schoolwith.me/columns/31781,コラム,columns
https://schoolwith.me/columns/31782,コラム,columns
https://schoolwith.me/columns/31783,コラム,columns
https://schoolwith.me/columns/31784,コラム,columns
https://schoolwith.me/columns/31785,コラム,columns
https://schoolwith.me/columns/31786,コラム,columns
https://schoolwith.me/columns/31787,コラム,columns
https://schoolwith.me/columns/31788,コラム,columns
https://schoolwith.me/columns/31789,コラム,columns
https://schoolwith.me/columns/31790,コラム,columns
https://schoolwith.me/columns/31791,コラム,columns
https://schoolwith.me/columns/31792,コラム,columns
https://schoolwith.me/columns/31793,コラム,columns
https://schoolwith.me/columns/31794,コラム,columns
https://schoolwith.me/columns/31795,コラム,columns
https://schoolwith.me/columns/31796,コラム,columns
https://schoolwith.me/columns/31797,コラム,columns
https://schoolwith.me/columns/31798,コラム,columns
https://schoolwith.me/columns/31799,コラム,columns
https://schoolwith.me/columns/31800,コラム,columns
https://schoolwith.me/columns/31801,コラム,columns
https://schoolwith.me/columns/31802,コラム,columns
https://schoolwith.me/columns/31803,コラム,columns
https://schoolwith.me/columns/31804,コラム,columns
https://schoolwith.me/columns/31805,コラム,columns
https://schoolwith.me/columns/31806,コラム,columns
https://schoolwith.me/columns/31807,コラム,columns
https://schoolwith.me/columns/31808,コラム,columns
https://schoolwith.me/columns/31809,コラム,columns
https://schoolwith.me/columns/31810,コラム,columns
https://schoolwith.me/columns/31811,コラム,columns
https://schoolwith.me/columns/31812,コラム,columns
https://schoolwith.me/columns/31813,コラム,columns
https://schoolwith.me/columns/31814,コラム,columns
https://schoolwith.me/columns/31815,コラム,columns
https://schoolwith.me/columns/31816,コラム,columns
https://schoolwith.me/columns/31817,コラム,columns
https://schoolwith.me/columns/31818,コラム,columns
https://schoolwith.me/columns/31819,コラム,columns
https://schoolwith.me/columns/31820,コラム,columns
https://schoolwith.me/columns/31821,コラム,columns
https://schoolwith.me/columns/31822,コラム,columns
https://schoolwith.me/columns/31823,コラム,columns
https://schoolwith.me/columns/31824,コラム,columns
https://schoolwith.me/columns/31825,コラム,columns
https://schoolwith.me/columns/31826,コラム,columns
https://schoolwith.me/columns/31827,コラム,columns
https://schoolwith.me/columns/31828,コラム,columns
https://schoolwith.me/columns/31829,コラム,columns
https://schoolwith.me/columns/31830,コラム,columns
https://schoolwith.me/columns/31831,コラム,columns
https://schoolwith.me/columns/31832,コラム,columns
https://schoolwith.me/columns/31833,コラム,columns
https://schoolwith.me/columns/31834,コラム,columns
https://schoolwith.me/columns/31835,コラム,columns
https://schoolwith.me/columns/31836,コラム,columns
https://schoolwith.me/columns/31837,コラム,columns
https://schoolwith.me/columns/31838,コラム,columns
https://schoolwith.me/columns/31839,コラム,columns
https://schoolwith.me/columns/31840,コラム,columns
https://schoolwith.me/columns/31842,コラム,columns
https://schoolwith.me/columns/31843,コラム,columns
https://schoolwith.me/columns/31845,コラム,columns
https://schoolwith.me/columns/31846,コラム,columns
https://schoolwith.me/columns/31847,コラム,columns
https://schoolwith.me/columns/31848,コラム,columns
https://schoolwith.me/columns/31849,コラム,columns
https://schoolwith.me/columns/31850,コラム,columns
https://schoolwith.me/columns/31851,コラム,columns
https://schoolwith.me/columns/31852,コラム,columns
https://schoolwith.me/columns/31854,コラム,columns
https://schoolwith.me/columns/31856,コラム,columns
https://schoolwith.me/columns/31861,コラム,columns
https://schoolwith.me/columns/31862,コラム,columns
https://schoolwith.me/columns/31864,コラム,columns
https://schoolwith.me/columns/31865,コラム,columns
https://schoolwith.me/columns/31866,コラム,columns
https://schoolwith.me/columns/31868,コラム,columns
https://schoolwith.me/columns/31869,コラム,columns
https://schoolwith.me/columns/31870,コラム,columns
https://schoolwith.me/columns/31871,コラム,columns
https://schoolwith.me/columns/31872,コラム,columns
https://schoolwith.me/columns/31873,コラム,columns
https://schoolwith.me/columns/31874,コラム,columns
https://schoolwith.me/columns/31876,コラム,columns
https://schoolwith.me/columns/31877,コラム,columns
https://schoolwith.me/columns/31878,コラム,columns
https://schoolwith.me/columns/31879,コラム,columns
https://schoolwith.me/columns/31881,コラム,columns
https://schoolwith.me/columns/31882,コラム,columns
https://schoolwith.me/columns/31883,コラム,columns
https://schoolwith.me/columns/31884,コラム,columns
https://schoolwith.me/columns/31885,コラム,columns
https://schoolwith.me/columns/31886,コラム,columns
https://schoolwith.me/columns/31888,コラム,columns
https://schoolwith.me/columns/31889,コラム,columns
https://schoolwith.me/columns/31891,コラム,columns
https://schoolwith.me/columns/31892,コラム,columns
https://schoolwith.me/columns/31894,コラム,columns
https://schoolwith.me/columns/31895,コラム,columns
https://schoolwith.me/columns/31896,コラム,columns
https://schoolwith.me/columns/31897,コラム,columns
https://schoolwith.me/columns/31902,コラム,columns
https://schoolwith.me/columns/31903,コラム,columns
https://schoolwith.me/columns/31904,コラム,columns
https://schoolwith.me/columns/31905,コラム,columns
https://schoolwith.me/columns/31906,コラム,columns
https://schoolwith.me/columns/31907,コラム,columns
https://schoolwith.me/columns/31908,コラム,columns
https://schoolwith.me/columns/31909,コラム,columns
https://schoolwith.me/columns/31910,コラム,columns
https://schoolwith.me/columns/31911,コラム,columns
https://schoolwith.me/columns/31912,コラム,columns
https://schoolwith.me/columns/31913,コラム,columns
https://schoolwith.me/columns/31914,コラム,columns
https://schoolwith.me/columns/31915,コラム,columns
https://schoolwith.me/columns/31916,コラム,columns
https://schoolwith.me/columns/31917,コラム,columns
https://schoolwith.me/columns/31918,コラム,columns
https://schoolwith.me/columns/31919,コラム,columns
https://schoolwith.me/columns/31920,コラム,columns
https://schoolwith.me/columns/31921,コラム,columns
https://schoolwith.me/columns/31922,コラム,columns
https://schoolwith.me/columns/31923,コラム,columns
https://schoolwith.me/columns/31924,コラム,columns
https://schoolwith.me/columns/31925,コラム,columns
https://schoolwith.me/columns/31926,コラム,columns
https://schoolwith.me/columns/31927,コラム,columns
https://schoolwith.me/columns/31928,コラム,columns
https://schoolwith.me/columns/31929,コラム,columns
https://schoolwith.me/columns/31930,コラム,columns
https://schoolwith.me/columns/31931,コラム,columns
https://schoolwith.me/columns/31932,コラム,columns
https://schoolwith.me/columns/31933,コラム,columns
https://schoolwith.me/columns/31934,コラム,columns
https://schoolwith.me/columns/31935,コラム,columns
https://schoolwith.me/columns/31937,コラム,columns
https://schoolwith.me/columns/31938,コラム,columns
https://schoolwith.me/columns/31939,コラム,columns
https://schoolwith.me/columns/31940,コラム,columns
https://schoolwith.me/columns/31941,コラム,columns
https://schoolwith.me/columns/31942,コラム,columns
https://schoolwith.me/columns/31943,コラム,columns
https://schoolwith.me/columns/31944,コラム,columns
https://schoolwith.me/columns/31945,コラム,columns
https://schoolwith.me/columns/31946,コラム,columns
https://schoolwith.me/columns/31947,コラム,columns
https://schoolwith.me/columns/31948,コラム,columns
https://schoolwith.me/columns/31949,コラム,columns
https://schoolwith.me/columns/31950,コラム,columns
https://schoolwith.me/columns/31951,コラム,columns
https://schoolwith.me/columns/31952,コラム,columns
https://schoolwith.me/columns/31953,コラム,columns
https://schoolwith.me/columns/31954,コラム,columns
https://schoolwith.me/columns/31955,コラム,columns
https://schoolwith.me/columns/31957,コラム,columns
https://schoolwith.me/columns/31958,コラム,columns
https://schoolwith.me/columns/31959,コラム,columns
https://schoolwith.me/columns/31960,コラム,columns
https://schoolwith.me/columns/31961,コラム,columns
https://schoolwith.me/columns/31962,コラム,columns
https://schoolwith.me/columns/31963,コラム,columns
https://schoolwith.me/columns/31964,コラム,columns
https://schoolwith.me/columns/31965,コラム,columns
https://schoolwith.me/columns/31966,コラム,columns
https://schoolwith.me/columns/31967,コラム,columns
https://schoolwith.me/columns/31968,コラム,columns
https://schoolwith.me/columns/31969,コラム,columns
https://schoolwith.me/columns/31970,コラム,columns
https://schoolwith.me/columns/31971,コラム,columns
https://schoolwith.me/columns/31972,コラム,columns
https://schoolwith.me/columns/31973,コラム,columns
https://schoolwith.me/columns/31974,コラム,columns
https://schoolwith.me/columns/31975,コラム,columns
https://schoolwith.me/columns/31976,コラム,columns
https://schoolwith.me/columns/31977,コラム,columns
https://schoolwith.me/columns/31978,コラム,columns
https://schoolwith.me/columns/31979,コラム,columns
https://schoolwith.me/columns/31980,コラム,columns
https://schoolwith.me/columns/31982,コラム,columns
https://schoolwith.me/columns/31983,コラム,columns
https://schoolwith.me/columns/31984,コラム,columns
https://schoolwith.me/columns/31985,コラム,columns
https://schoolwith.me/columns/31986,コラム,columns
https://schoolwith.me/columns/31987,コラム,columns
https://schoolwith.me/columns/31989,コラム,columns
https://schoolwith.me/columns/31990,コラム,columns
https://schoolwith.me/columns/31991,コラム,columns
https://schoolwith.me/columns/31992,コラム,columns
https://schoolwith.me/columns/31993,コラム,columns
https://schoolwith.me/columns/31994,コラム,columns
https://schoolwith.me/columns/31995,コラム,columns
https://schoolwith.me/columns/31996,コラム,columns
https://schoolwith.me/columns/31997,コラム,columns
https://schoolwith.me/columns/31998,コラム,columns
https://schoolwith.me/columns/31999,コラム,columns
https://schoolwith.me/columns/32000,コラム,columns
https://schoolwith.me/columns/32001,コラム,columns
https://schoolwith.me/columns/32002,コラム,columns
https://schoolwith.me/columns/32003,コラム,columns
https://schoolwith.me/columns/32004,コラム,columns
https://schoolwith.me/columns/32005,コラム,columns
https://schoolwith.me/columns/32006,コラム,columns
https://schoolwith.me/columns/32007,コラム,columns
https://schoolwith.me/columns/32009,コラム,columns
https://schoolwith.me/columns/32010,コラム,columns
https://schoolwith.me/columns/32011,コラム,columns
https://schoolwith.me/columns/32012,コラム,columns
https://schoolwith.me/columns/32013,コラム,columns
https://schoolwith.me/columns/32014,コラム,columns
https://schoolwith.me/columns/32015,コラム,columns
https://schoolwith.me/columns/32016,コラム,columns
https://schoolwith.me/columns/32017,コラム,columns
https://schoolwith.me/columns/32018,コラム,columns
https://schoolwith.me/columns/32019,コラム,columns
https://schoolwith.me/columns/32020,コラム,columns
https://schoolwith.me/columns/32021,コラム,columns
https://schoolwith.me/columns/32022,コラム,columns
https://schoolwith.me/columns/32023,コラム,columns
https://schoolwith.me/columns/32024,コラム,columns
https://schoolwith.me/columns/32026,コラム,columns
https://schoolwith.me/columns/32027,コラム,columns
https://schoolwith.me/columns/32028,コラム,columns
https://schoolwith.me/columns/32030,コラム,columns
https://schoolwith.me/columns/32031,コラム,columns
https://schoolwith.me/columns/32032,コラム,columns
https://schoolwith.me/columns/32033,コラム,columns
https://schoolwith.me/columns/32034,コラム,columns
https://schoolwith.me/columns/32035,コラム,columns
https://schoolwith.me/columns/32036,コラム,columns
https://schoolwith.me/columns/32037,コラム,columns
https://schoolwith.me/columns/32038,コラム,columns
https://schoolwith.me/columns/32040,コラム,columns
https://schoolwith.me/columns/32041,コラム,columns
https://schoolwith.me/columns/32042,コラム,columns
https://schoolwith.me/columns/32043,コラム,columns
https://schoolwith.me/columns/32044,コラム,columns
https://schoolwith.me/columns/32045,コラム,columns
https://schoolwith.me/columns/32046,コラム,columns
https://schoolwith.me/columns/32050,コラム,columns
https://schoolwith.me/columns/32051,コラム,columns
https://schoolwith.me/columns/32052,コラム,columns
https://schoolwith.me/columns/32053,コラム,columns
https://schoolwith.me/columns/32054,コラム,columns
https://schoolwith.me/columns/32056,コラム,columns
https://schoolwith.me/columns/32059,コラム,columns
https://schoolwith.me/columns/32060,コラム,columns
https://schoolwith.me/columns/32061,コラム,columns
https://schoolwith.me/columns/32062,コラム,columns
https://schoolwith.me/columns/32063,コラム,columns
https://schoolwith.me/columns/32064,コラム,columns
https://schoolwith.me/columns/32068,コラム,columns
https://schoolwith.me/columns/32069,コラム,columns
https://schoolwith.me/columns/32070,コラム,columns
https://schoolwith.me/columns/32071,コラム,columns
https://schoolwith.me/columns/32072,コラム,columns
https://schoolwith.me/columns/32073,コラム,columns
https://schoolwith.me/columns/32074,コラム,columns
https://schoolwith.me/columns/32075,コラム,columns
https://schoolwith.me/columns/32076,コラム,columns
https://schoolwith.me/columns/32078,コラム,columns
https://schoolwith.me/columns/32080,コラム,columns
https://schoolwith.me/columns/32082,コラム,columns
https://schoolwith.me/columns/32083,コラム,columns
https://schoolwith.me/columns/32084,コラム,columns
https://schoolwith.me/columns/32085,コラム,columns
https://schoolwith.me/columns/32088,コラム,columns
https://schoolwith.me/columns/32089,コラム,columns
https://schoolwith.me/columns/32091,コラム,columns
https://schoolwith.me/columns/32092,コラム,columns
https://schoolwith.me/columns/32093,コラム,columns
https://schoolwith.me/columns/32098,コラム,columns
https://schoolwith.me/columns/32099,コラム,columns
https://schoolwith.me/columns/32101,コラム,columns
https://schoolwith.me/columns/32102,コラム,columns
https://schoolwith.me/columns/32105,コラム,columns
https://schoolwith.me/columns/32106,コラム,columns
https://schoolwith.me/columns/32107,コラム,columns
https://schoolwith.me/columns/32109,コラム,columns
https://schoolwith.me/columns/32110,コラム,columns
https://schoolwith.me/columns/32111,コラム,columns
https://schoolwith.me/columns/32112,コラム,columns
https://schoolwith.me/columns/32113,コラム,columns
https://schoolwith.me/columns/32114,コラム,columns
https://schoolwith.me/columns/32115,コラム,columns
https://schoolwith.me/columns/32117,コラム,columns
https://schoolwith.me/columns/32119,コラム,columns
https://schoolwith.me/columns/32120,コラム,columns
https://schoolwith.me/columns/32123,コラム,columns
https://schoolwith.me/columns/32124,コラム,columns
https://schoolwith.me/columns/32126,コラム,columns
https://schoolwith.me/columns/32127,コラム,columns
https://schoolwith.me/columns/32129,コラム,columns
https://schoolwith.me/columns/32131,コラム,columns
https://schoolwith.me/columns/32133,コラム,columns
https://schoolwith.me/columns/32134,コラム,columns
https://schoolwith.me/columns/32136,コラム,columns
https://schoolwith.me/columns/32137,コラム,columns
https://schoolwith.me/columns/32139,コラム,columns
https://schoolwith.me/columns/32140,コラム,columns
https://schoolwith.me/columns/32142,コラム,columns
https://schoolwith.me/columns/32144,コラム,columns
https://schoolwith.me/columns/32145,コラム,columns
https://schoolwith.me/columns/32146,コラム,columns
https://schoolwith.me/columns/32147,コラム,columns
https://schoolwith.me/columns/32150,コラム,columns
https://schoolwith.me/columns/32151,コラム,columns
https://schoolwith.me/columns/32152,コラム,columns
https://schoolwith.me/columns/32153,コラム,columns
https://schoolwith.me/columns/32155,コラム,columns
https://schoolwith.me/columns/32157,コラム,columns
https://schoolwith.me/columns/32158,コラム,columns
https://schoolwith.me/columns/32159,コラム,columns
https://schoolwith.me/columns/32160,コラム,columns
https://schoolwith.me/columns/32163,コラム,columns
https://schoolwith.me/columns/32164,コラム,columns
https://schoolwith.me/columns/32165,コラム,columns
https://schoolwith.me/columns/32166,コラム,columns
https://schoolwith.me/columns/32167,コラム,columns
https://schoolwith.me/columns/32169,コラム,columns
https://schoolwith.me/columns/32170,コラム,columns
https://schoolwith.me/columns/32172,コラム,columns
https://schoolwith.me/columns/32173,コラム,columns
https://schoolwith.me/columns/32174,コラム,columns
https://schoolwith.me/columns/32175,コラム,columns
https://schoolwith.me/columns/32178,コラム,columns
https://schoolwith.me/columns/32179,コラム,columns
https://schoolwith.me/columns/32180,コラム,columns
https://schoolwith.me/columns/32181,コラム,columns
https://schoolwith.me/columns/32182,コラム,columns
https://schoolwith.me/columns/32183,コラム,columns
https://schoolwith.me/columns/32184,コラム,columns
https://schoolwith.me/columns/32185,コラム,columns
https://schoolwith.me/columns/32187,コラム,columns
https://schoolwith.me/columns/32190,コラム,columns
https://schoolwith.me/columns/32191,コラム,columns
https://schoolwith.me/columns/32192,コラム,columns
https://schoolwith.me/columns/32196,コラム,columns
https://schoolwith.me/columns/32197,コラム,columns
https://schoolwith.me/columns/32201,コラム,columns
https://schoolwith.me/columns/32202,コラム,columns
https://schoolwith.me/columns/32203,コラム,columns
https://schoolwith.me/columns/32204,コラム,columns
https://schoolwith.me/columns/32205,コラム,columns
https://schoolwith.me/columns/32207,コラム,columns
https://schoolwith.me/columns/32208,コラム,columns
https://schoolwith.me/columns/32209,コラム,columns
https://schoolwith.me/columns/32211,コラム,columns
https://schoolwith.me/columns/32212,コラム,columns
https://schoolwith.me/columns/32214,コラム,columns
https://schoolwith.me/columns/32218,コラム,columns
https://schoolwith.me/columns/32221,コラム,columns
https://schoolwith.me/columns/32224,コラム,columns
https://schoolwith.me/columns/32228,コラム,columns
https://schoolwith.me/columns/32230,コラム,columns
https://schoolwith.me/columns/32232,コラム,columns
https://schoolwith.me/columns/32233,コラム,columns
https://schoolwith.me/columns/32240,コラム,columns
https://schoolwith.me/columns/32244,コラム,columns
https://schoolwith.me/columns/32245,コラム,columns
https://schoolwith.me/columns/32246,コラム,columns
https://schoolwith.me/columns/32247,コラム,columns
https://schoolwith.me/columns/32254,コラム,columns
https://schoolwith.me/columns/32255,コラム,columns
https://schoolwith.me/columns/32261,コラム,columns
https://schoolwith.me/columns/32262,コラム,columns
https://schoolwith.me/columns/32263,コラム,columns
https://schoolwith.me/columns/32266,コラム,columns
https://schoolwith.me/columns/32268,コラム,columns
https://schoolwith.me/columns/32269,コラム,columns
https://schoolwith.me/columns/32270,コラム,columns
https://schoolwith.me/columns/32272,コラム,columns
https://schoolwith.me/columns/32273,コラム,columns
https://schoolwith.me/columns/32275,コラム,columns
https://schoolwith.me/columns/32276,コラム,columns
https://schoolwith.me/columns/32279,コラム,columns
https://schoolwith.me/columns/32283,コラム,columns
https://schoolwith.me/columns/32284,コラム,columns
https://schoolwith.me/columns/32285,コラム,columns
https://schoolwith.me/columns/32286,コラム,columns
https://schoolwith.me/columns/32287,コラム,columns
https://schoolwith.me/columns/32288,コラム,columns
https://schoolwith.me/columns/32289,コラム,columns
https://schoolwith.me/columns/32290,コラム,columns
https://schoolwith.me/columns/32291,コラム,columns
https://schoolwith.me/columns/32292,コラム,columns
https://schoolwith.me/columns/32294,コラム,columns
https://schoolwith.me/columns/32295,コラム,columns
https://schoolwith.me/columns/32296,コラム,columns
https://schoolwith.me/columns/32298,コラム,columns
https://schoolwith.me/columns/32299,コラム,columns
https://schoolwith.me/columns/32300,コラム,columns
https://schoolwith.me/columns/32301,コラム,columns
https://schoolwith.me/columns/32302,コラム,columns
https://schoolwith.me/columns/32303,コラム,columns
https://schoolwith.me/columns/32304,コラム,columns
https://schoolwith.me/columns/32306,コラム,columns
https://schoolwith.me/columns/32307,コラム,columns
https://schoolwith.me/columns/32308,コラム,columns
https://schoolwith.me/columns/32309,コラム,columns
https://schoolwith.me/columns/32310,コラム,columns
https://schoolwith.me/columns/32311,コラム,columns
https://schoolwith.me/columns/32312,コラム,columns
https://schoolwith.me/columns/32313,コラム,columns
https://schoolwith.me/columns/32315,コラム,columns
https://schoolwith.me/columns/32318,コラム,columns
https://schoolwith.me/columns/32319,コラム,columns
https://schoolwith.me/columns/32320,コラム,columns
https://schoolwith.me/columns/32321,コラム,columns
https://schoolwith.me/columns/32322,コラム,columns
https://schoolwith.me/columns/32323,コラム,columns
https://schoolwith.me/columns/32325,コラム,columns
https://schoolwith.me/columns/32326,コラム,columns
https://schoolwith.me/columns/32328,コラム,columns
https://schoolwith.me/columns/32329,コラム,columns
https://schoolwith.me/columns/32330,コラム,columns
https://schoolwith.me/columns/32331,コラム,columns
https://schoolwith.me/columns/32332,コラム,columns
https://schoolwith.me/columns/32333,コラム,columns
https://schoolwith.me/columns/32334,コラム,columns
https://schoolwith.me/columns/32335,コラム,columns
https://schoolwith.me/columns/32336,コラム,columns
https://schoolwith.me/columns/32337,コラム,columns
https://schoolwith.me/columns/32339,コラム,columns
https://schoolwith.me/columns/32341,コラム,columns
https://schoolwith.me/columns/32342,コラム,columns
https://schoolwith.me/columns/32343,コラム,columns
https://schoolwith.me/columns/32344,コラム,columns
https://schoolwith.me/columns/32346,コラム,columns
https://schoolwith.me/columns/32347,コラム,columns
https://schoolwith.me/columns/32348,コラム,columns
https://schoolwith.me/columns/32349,コラム,columns
https://schoolwith.me/columns/32351,コラム,columns
https://schoolwith.me/columns/32353,コラム,columns
https://schoolwith.me/columns/32354,コラム,columns
https://schoolwith.me/columns/32355,コラム,columns
https://schoolwith.me/columns/32356,コラム,columns
https://schoolwith.me/columns/32363,コラム,columns
https://schoolwith.me/columns/32364,コラム,columns
https://schoolwith.me/columns/32365,コラム,columns
https://schoolwith.me/columns/32366,コラム,columns
https://schoolwith.me/columns/32367,コラム,columns
https://schoolwith.me/columns/32368,コラム,columns
https://schoolwith.me/columns/32369,コラム,columns
https://schoolwith.me/columns/32370,コラム,columns
https://schoolwith.me/columns/32371,コラム,columns
https://schoolwith.me/columns/32372,コラム,columns
https://schoolwith.me/columns/32373,コラム,columns
https://schoolwith.me/columns/32374,コラム,columns
https://schoolwith.me/columns/32375,コラム,columns
https://schoolwith.me/columns/32376,コラム,columns
https://schoolwith.me/columns/32377,コラム,columns
https://schoolwith.me/columns/32378,コラム,columns
https://schoolwith.me/columns/32379,コラム,columns
https://schoolwith.me/columns/32380,コラム,columns
https://schoolwith.me/columns/32381,コラム,columns
https://schoolwith.me/columns/32382,コラム,columns
https://schoolwith.me/columns/32383,コラム,columns
https://schoolwith.me/columns/32384,コラム,columns
https://schoolwith.me/columns/32385,コラム,columns
https://schoolwith.me/columns/32386,コラム,columns
https://schoolwith.me/columns/32387,コラム,columns
https://schoolwith.me/columns/32388,コラム,columns
https://schoolwith.me/columns/32389,コラム,columns
https://schoolwith.me/columns/32390,コラム,columns
https://schoolwith.me/columns/32391,コラム,columns
https://schoolwith.me/columns/32392,コラム,columns
https://schoolwith.me/columns/32393,コラム,columns
https://schoolwith.me/columns/32394,コラム,columns
https://schoolwith.me/columns/32395,コラム,columns
https://schoolwith.me/columns/32397,コラム,columns
https://schoolwith.me/columns/32398,コラム,columns
https://schoolwith.me/columns/32399,コラム,columns
https://schoolwith.me/columns/32400,コラム,columns
https://schoolwith.me/columns/32401,コラム,columns
https://schoolwith.me/columns/32402,コラム,columns
https://schoolwith.me/columns/32403,コラム,columns
https://schoolwith.me/columns/32404,コラム,columns
https://schoolwith.me/columns/32405,コラム,columns
https://schoolwith.me/columns/32406,コラム,columns
https://schoolwith.me/columns/32407,コラム,columns
https://schoolwith.me/columns/32408,コラム,columns
https://schoolwith.me/columns/32409,コラム,columns
https://schoolwith.me/columns/32410,コラム,columns
https://schoolwith.me/columns/32411,コラム,columns
https://schoolwith.me/columns/32412,コラム,columns
https://schoolwith.me/columns/32414,コラム,columns
https://schoolwith.me/columns/32415,コラム,columns
https://schoolwith.me/columns/32416,コラム,columns
https://schoolwith.me/columns/32418,コラム,columns
https://schoolwith.me/columns/32419,コラム,columns
https://schoolwith.me/columns/32420,コラム,columns
https://schoolwith.me/columns/32421,コラム,columns
https://schoolwith.me/columns/32422,コラム,columns
https://schoolwith.me/columns/32423,コラム,columns
https://schoolwith.me/columns/32424,コラム,columns
https://schoolwith.me/columns/32425,コラム,columns
https://schoolwith.me/columns/32426,コラム,columns
https://schoolwith.me/columns/32427,コラム,columns
https://schoolwith.me/columns/32428,コラム,columns
https://schoolwith.me/columns/32429,コラム,columns
https://schoolwith.me/columns/32432,コラム,columns
https://schoolwith.me/columns/32433,コラム,columns
https://schoolwith.me/columns/32434,コラム,columns
https://schoolwith.me/columns/32435,コラム,columns
https://schoolwith.me/columns/32436,コラム,columns
https://schoolwith.me/columns/32437,コラム,columns
https://schoolwith.me/columns/32438,コラム,columns
https://schoolwith.me/columns/32439,コラム,columns
https://schoolwith.me/columns/32441,コラム,columns
https://schoolwith.me/columns/32442,コラム,columns
https://schoolwith.me/columns/32443,コラム,columns
https://schoolwith.me/columns/32444,コラム,columns
https://schoolwith.me/columns/32445,コラム,columns
https://schoolwith.me/columns/32446,コラム,columns
https://schoolwith.me/columns/32447,コラム,columns
https://schoolwith.me/columns/32448,コラム,columns
https://schoolwith.me/columns/32449,コラム,columns
https://schoolwith.me/columns/32450,コラム,columns
https://schoolwith.me/columns/32451,コラム,columns
https://schoolwith.me/columns/32452,コラム,columns
https://schoolwith.me/columns/32453,コラム,columns
https://schoolwith.me/columns/32454,コラム,columns
https://schoolwith.me/columns/32455,コラム,columns
https://schoolwith.me/columns/32456,コラム,columns
https://schoolwith.me/columns/32457,コラム,columns
https://schoolwith.me/columns/32458,コラム,columns
https://schoolwith.me/columns/32460,コラム,columns
https://schoolwith.me/columns/32461,コラム,columns
https://schoolwith.me/columns/32463,コラム,columns
https://schoolwith.me/columns/32464,コラム,columns
https://schoolwith.me/columns/32465,コラム,columns
https://schoolwith.me/columns/32466,コラム,columns
https://schoolwith.me/columns/32467,コラム,columns
https://schoolwith.me/columns/32468,コラム,columns
https://schoolwith.me/columns/32469,コラム,columns
https://schoolwith.me/columns/32470,コラム,columns
https://schoolwith.me/columns/32471,コラム,columns
https://schoolwith.me/columns/32472,コラム,columns
https://schoolwith.me/columns/32473,コラム,columns
https://schoolwith.me/columns/32474,コラム,columns
https://schoolwith.me/columns/32475,コラム,columns
https://schoolwith.me/columns/32476,コラム,columns
https://schoolwith.me/columns/32477,コラム,columns
https://schoolwith.me/columns/32478,コラム,columns
https://schoolwith.me/columns/32479,コラム,columns
https://schoolwith.me/columns/32480,コラム,columns
https://schoolwith.me/columns/32481,コラム,columns
https://schoolwith.me/columns/32482,コラム,columns
https://schoolwith.me/columns/32484,コラム,columns
https://schoolwith.me/columns/32485,コラム,columns
https://schoolwith.me/columns/32486,コラム,columns
https://schoolwith.me/columns/32487,コラム,columns
https://schoolwith.me/columns/32488,コラム,columns
https://schoolwith.me/columns/32489,コラム,columns
https://schoolwith.me/columns/32490,コラム,columns
https://schoolwith.me/columns/32491,コラム,columns
https://schoolwith.me/columns/32492,コラム,columns
https://schoolwith.me/columns/32493,コラム,columns
https://schoolwith.me/columns/32494,コラム,columns
https://schoolwith.me/columns/32495,コラム,columns
https://schoolwith.me/columns/32496,コラム,columns
https://schoolwith.me/columns/32497,コラム,columns
https://schoolwith.me/columns/32498,コラム,columns
https://schoolwith.me/columns/32499,コラム,columns
https://schoolwith.me/columns/32500,コラム,columns
https://schoolwith.me/columns/32501,コラム,columns
https://schoolwith.me/columns/32502,コラム,columns
https://schoolwith.me/columns/32503,コラム,columns
https://schoolwith.me/columns/32504,コラム,columns
https://schoolwith.me/columns/32505,コラム,columns
https://schoolwith.me/columns/32506,コラム,columns
https://schoolwith.me/columns/32507,コラム,columns
https://schoolwith.me/columns/32508,コラム,columns
https://schoolwith.me/columns/32509,コラム,columns
https://schoolwith.me/columns/32510,コラム,columns
https://schoolwith.me/columns/32511,コラム,columns
https://schoolwith.me/columns/32512,コラム,columns
https://schoolwith.me/columns/32513,コラム,columns
https://schoolwith.me/columns/32514,コラム,columns
https://schoolwith.me/columns/32515,コラム,columns
https://schoolwith.me/columns/32516,コラム,columns
https://schoolwith.me/columns/32517,コラム,columns
https://schoolwith.me/columns/32518,コラム,columns
https://schoolwith.me/columns/32519,コラム,columns
https://schoolwith.me/columns/32520,コラム,columns
https://schoolwith.me/columns/32521,コラム,columns
https://schoolwith.me/columns/32523,コラム,columns
https://schoolwith.me/columns/32524,コラム,columns
https://schoolwith.me/columns/32525,コラム,columns
https://schoolwith.me/columns/32526,コラム,columns
https://schoolwith.me/columns/32527,コラム,columns
https://schoolwith.me/columns/32528,コラム,columns
https://schoolwith.me/columns/32529,コラム,columns
https://schoolwith.me/columns/32530,コラム,columns
https://schoolwith.me/columns/32531,コラム,columns
https://schoolwith.me/columns/32532,コラム,columns
https://schoolwith.me/columns/32533,コラム,columns
https://schoolwith.me/columns/32534,コラム,columns
https://schoolwith.me/columns/32535,コラム,columns
https://schoolwith.me/columns/32536,コラム,columns
https://schoolwith.me/columns/32537,コラム,columns
https://schoolwith.me/columns/32538,コラム,columns
https://schoolwith.me/columns/32539,コラム,columns
https://schoolwith.me/columns/32540,コラム,columns
https://schoolwith.me/columns/32541,コラム,columns
https://schoolwith.me/columns/32542,コラム,columns
https://schoolwith.me/columns/32544,コラム,columns
https://schoolwith.me/columns/32545,コラム,columns
https://schoolwith.me/columns/32546,コラム,columns
https://schoolwith.me/columns/32547,コラム,columns
https://schoolwith.me/columns/32548,コラム,columns
https://schoolwith.me/columns/32549,コラム,columns
https://schoolwith.me/columns/32550,コラム,columns
https://schoolwith.me/columns/32551,コラム,columns
https://schoolwith.me/columns/32552,コラム,columns
https://schoolwith.me/columns/32553,コラム,columns
https://schoolwith.me/columns/32554,コラム,columns
https://schoolwith.me/columns/32555,コラム,columns
https://schoolwith.me/columns/32556,コラム,columns
https://schoolwith.me/columns/32557,コラム,columns
https://schoolwith.me/columns/32558,コラム,columns
https://schoolwith.me/columns/32561,コラム,columns
https://schoolwith.me/columns/32562,コラム,columns
https://schoolwith.me/columns/32563,コラム,columns
https://schoolwith.me/columns/32564,コラム,columns
https://schoolwith.me/columns/32565,コラム,columns
https://schoolwith.me/columns/32566,コラム,columns
https://schoolwith.me/columns/32567,コラム,columns
https://schoolwith.me/columns/32568,コラム,columns
https://schoolwith.me/columns/32569,コラム,columns
https://schoolwith.me/columns/32570,コラム,columns
https://schoolwith.me/columns/32571,コラム,columns
https://schoolwith.me/columns/32572,コラム,columns
https://schoolwith.me/columns/32573,コラム,columns
https://schoolwith.me/columns/32575,コラム,columns
https://schoolwith.me/columns/32577,コラム,columns
https://schoolwith.me/columns/32578,コラム,columns
https://schoolwith.me/columns/32580,コラム,columns
https://schoolwith.me/columns/32582,コラム,columns
https://schoolwith.me/columns/32583,コラム,columns
https://schoolwith.me/columns/32584,コラム,columns
https://schoolwith.me/columns/32586,コラム,columns
https://schoolwith.me/columns/32588,コラム,columns
https://schoolwith.me/columns/32589,コラム,columns
https://schoolwith.me/columns/32590,コラム,columns
https://schoolwith.me/columns/32591,コラム,columns
https://schoolwith.me/columns/32592,コラム,columns
https://schoolwith.me/columns/32593,コラム,columns
https://schoolwith.me/columns/32594,コラム,columns
https://schoolwith.me/columns/32595,コラム,columns
https://schoolwith.me/columns/32596,コラム,columns
https://schoolwith.me/columns/32597,コラム,columns
https://schoolwith.me/columns/32598,コラム,columns
https://schoolwith.me/columns/32599,コラム,columns
https://schoolwith.me/columns/32600,コラム,columns
https://schoolwith.me/columns/32601,コラム,columns
https://schoolwith.me/columns/32602,コラム,columns
https://schoolwith.me/columns/32603,コラム,columns
https://schoolwith.me/columns/32604,コラム,columns
https://schoolwith.me/columns/32606,コラム,columns
https://schoolwith.me/columns/32609,コラム,columns
https://schoolwith.me/columns/32611,コラム,columns
https://schoolwith.me/columns/32612,コラム,columns
https://schoolwith.me/columns/32613,コラム,columns
https://schoolwith.me/columns/32614,コラム,columns
https://schoolwith.me/columns/32615,コラム,columns
https://schoolwith.me/columns/32616,コラム,columns
https://schoolwith.me/columns/32618,コラム,columns
https://schoolwith.me/columns/32619,コラム,columns
https://schoolwith.me/columns/32622,コラム,columns
https://schoolwith.me/columns/32625,コラム,columns
https://schoolwith.me/columns/32628,コラム,columns
https://schoolwith.me/columns/32629,コラム,columns
https://schoolwith.me/columns/32630,コラム,columns
https://schoolwith.me/columns/32631,コラム,columns
https://schoolwith.me/columns/32635,コラム,columns
https://schoolwith.me/columns/32636,コラム,columns
https://schoolwith.me/columns/32637,コラム,columns
https://schoolwith.me/columns/32638,コラム,columns
https://schoolwith.me/columns/32641,コラム,columns
https://schoolwith.me/columns/32643,コラム,columns
https://schoolwith.me/columns/32644,コラム,columns
https://schoolwith.me/columns/32645,コラム,columns
https://schoolwith.me/columns/32647,コラム,columns
https://schoolwith.me/columns/32648,コラム,columns
https://schoolwith.me/columns/32650,コラム,columns
https://schoolwith.me/columns/32651,コラム,columns
https://schoolwith.me/columns/32652,コラム,columns
https://schoolwith.me/columns/32653,コラム,columns
https://schoolwith.me/columns/32654,コラム,columns
https://schoolwith.me/columns/32655,コラム,columns
https://schoolwith.me/columns/32656,コラム,columns
https://schoolwith.me/columns/32657,コラム,columns
https://schoolwith.me/columns/32658,コラム,columns
https://schoolwith.me/columns/32660,コラム,columns
https://schoolwith.me/columns/32663,コラム,columns
https://schoolwith.me/columns/32664,コラム,columns
https://schoolwith.me/columns/32668,コラム,columns
https://schoolwith.me/columns/32669,コラム,columns
https://schoolwith.me/columns/32670,コラム,columns
https://schoolwith.me/columns/32671,コラム,columns
https://schoolwith.me/columns/32672,コラム,columns
https://schoolwith.me/columns/32676,コラム,columns
https://schoolwith.me/columns/32677,コラム,columns
https://schoolwith.me/columns/32678,コラム,columns
https://schoolwith.me/columns/32679,コラム,columns
https://schoolwith.me/columns/32680,コラム,columns
https://schoolwith.me/columns/32681,コラム,columns
https://schoolwith.me/columns/32683,コラム,columns
https://schoolwith.me/columns/32687,コラム,columns
https://schoolwith.me/columns/32688,コラム,columns
https://schoolwith.me/columns/32689,コラム,columns
https://schoolwith.me/columns/32692,コラム,columns
https://schoolwith.me/columns/32693,コラム,columns
https://schoolwith.me/columns/32695,コラム,columns
https://schoolwith.me/columns/32696,コラム,columns
https://schoolwith.me/columns/32697,コラム,columns
https://schoolwith.me/columns/32699,コラム,columns
https://schoolwith.me/columns/32700,コラム,columns
https://schoolwith.me/columns/32701,コラム,columns
https://schoolwith.me/columns/32704,コラム,columns
https://schoolwith.me/columns/32705,コラム,columns
https://schoolwith.me/columns/32708,コラム,columns
https://schoolwith.me/columns/32709,コラム,columns
https://schoolwith.me/columns/32710,コラム,columns
https://schoolwith.me/columns/32713,コラム,columns
https://schoolwith.me/columns/32714,コラム,columns
https://schoolwith.me/columns/32717,コラム,columns
https://schoolwith.me/columns/32718,コラム,columns
https://schoolwith.me/columns/32721,コラム,columns
https://schoolwith.me/columns/32723,コラム,columns
https://schoolwith.me/columns/32724,コラム,columns
https://schoolwith.me/columns/32725,コラム,columns
https://schoolwith.me/columns/32727,コラム,columns
https://schoolwith.me/columns/32728,コラム,columns
https://schoolwith.me/columns/32731,コラム,columns
https://schoolwith.me/columns/32732,コラム,columns
https://schoolwith.me/columns/32733,コラム,columns
https://schoolwith.me/columns/32736,コラム,columns
https://schoolwith.me/columns/32738,コラム,columns
https://schoolwith.me/columns/32740,コラム,columns
https://schoolwith.me/columns/32741,コラム,columns
https://schoolwith.me/columns/32742,コラム,columns
https://schoolwith.me/columns/32744,コラム,columns
https://schoolwith.me/columns/32745,コラム,columns
https://schoolwith.me/columns/32746,コラム,columns
https://schoolwith.me/columns/32747,コラム,columns
https://schoolwith.me/columns/32748,コラム,columns
https://schoolwith.me/columns/32749,コラム,columns
https://schoolwith.me/columns/32750,コラム,columns
https://schoolwith.me/columns/32751,コラム,columns
https://schoolwith.me/columns/32754,コラム,columns
https://schoolwith.me/columns/32755,コラム,columns
https://schoolwith.me/columns/32756,コラム,columns
https://schoolwith.me/columns/32757,コラム,columns
https://schoolwith.me/columns/32758,コラム,columns
https://schoolwith.me/columns/32759,コラム,columns
https://schoolwith.me/columns/32760,コラム,columns
https://schoolwith.me/columns/32763,コラム,columns
https://schoolwith.me/columns/32764,コラム,columns
https://schoolwith.me/columns/32765,コラム,columns
https://schoolwith.me/columns/32766,コラム,columns
https://schoolwith.me/columns/32767,コラム,columns
https://schoolwith.me/columns/32768,コラム,columns
https://schoolwith.me/columns/32769,コラム,columns
https://schoolwith.me/columns/32771,コラム,columns
https://schoolwith.me/columns/32772,コラム,columns
https://schoolwith.me/columns/32774,コラム,columns
https://schoolwith.me/columns/32775,コラム,columns
https://schoolwith.me/columns/32776,コラム,columns
https://schoolwith.me/columns/32777,コラム,columns
https://schoolwith.me/columns/32778,コラム,columns
https://schoolwith.me/columns/32780,コラム,columns
https://schoolwith.me/columns/32781,コラム,columns
https://schoolwith.me/columns/32784,コラム,columns
https://schoolwith.me/columns/32786,コラム,columns
https://schoolwith.me/columns/32787,コラム,columns
https://schoolwith.me/columns/32788,コラム,columns
https://schoolwith.me/columns/32794,コラム,columns
https://schoolwith.me/columns/32795,コラム,columns
https://schoolwith.me/columns/32796,コラム,columns
https://schoolwith.me/columns/32797,コラム,columns
https://schoolwith.me/columns/32798,コラム,columns
https://schoolwith.me/columns/32799,コラム,columns
https://schoolwith.me/columns/32800,コラム,columns
https://schoolwith.me/columns/32801,コラム,columns
https://schoolwith.me/columns/32802,コラム,columns
https://schoolwith.me/columns/32803,コラム,columns
https://schoolwith.me/columns/32804,コラム,columns
https://schoolwith.me/columns/32805,コラム,columns
https://schoolwith.me/columns/32806,コラム,columns
https://schoolwith.me/columns/32807,コラム,columns
https://schoolwith.me/columns/32808,コラム,columns
https://schoolwith.me/columns/32809,コラム,columns
https://schoolwith.me/columns/32811,コラム,columns
https://schoolwith.me/columns/32812,コラム,columns
https://schoolwith.me/columns/32813,コラム,columns
https://schoolwith.me/columns/32815,コラム,columns
https://schoolwith.me/columns/32816,コラム,columns
https://schoolwith.me/columns/32817,コラム,columns
https://schoolwith.me/columns/32818,コラム,columns
https://schoolwith.me/columns/32819,コラム,columns
https://schoolwith.me/columns/32820,コラム,columns
https://schoolwith.me/columns/32821,コラム,columns
https://schoolwith.me/columns/32822,コラム,columns
https://schoolwith.me/columns/32823,コラム,columns
https://schoolwith.me/columns/32825,コラム,columns
https://schoolwith.me/columns/32826,コラム,columns
https://schoolwith.me/columns/32828,コラム,columns
https://schoolwith.me/columns/32829,コラム,columns
https://schoolwith.me/columns/32830,コラム,columns
https://schoolwith.me/columns/32831,コラム,columns
https://schoolwith.me/columns/32834,コラム,columns
https://schoolwith.me/columns/32835,コラム,columns
https://schoolwith.me/columns/32836,コラム,columns
https://schoolwith.me/columns/32837,コラム,columns
https://schoolwith.me/columns/32838,コラム,columns
https://schoolwith.me/columns/32840,コラム,columns
https://schoolwith.me/columns/32842,コラム,columns
https://schoolwith.me/columns/32843,コラム,columns
https://schoolwith.me/columns/32844,コラム,columns
https://schoolwith.me/columns/32845,コラム,columns
https://schoolwith.me/columns/32846,コラム,columns
https://schoolwith.me/columns/32847,コラム,columns
https://schoolwith.me/columns/32848,コラム,columns
https://schoolwith.me/columns/32849,コラム,columns
https://schoolwith.me/columns/32850,コラム,columns
https://schoolwith.me/columns/32851,コラム,columns
https://schoolwith.me/columns/32852,コラム,columns
https://schoolwith.me/columns/32853,コラム,columns
https://schoolwith.me/columns/32854,コラム,columns
https://schoolwith.me/columns/32857,コラム,columns
https://schoolwith.me/columns/32859,コラム,columns
https://schoolwith.me/columns/32860,コラム,columns
https://schoolwith.me/columns/32861,コラム,columns
https://schoolwith.me/columns/32862,コラム,columns
https://schoolwith.me/columns/32863,コラム,columns
https://schoolwith.me/columns/32864,コラム,columns
https://schoolwith.me/columns/32865,コラム,columns
https://schoolwith.me/columns/32866,コラム,columns
https://schoolwith.me/columns/32867,コラム,columns
https://schoolwith.me/columns/32868,コラム,columns
https://schoolwith.me/columns/32869,コラム,columns
https://schoolwith.me/columns/32870,コラム,columns
https://schoolwith.me/columns/32871,コラム,columns
https://schoolwith.me/columns/32872,コラム,columns
https://schoolwith.me/columns/32873,コラム,columns
https://schoolwith.me/columns/32874,コラム,columns
https://schoolwith.me/columns/32875,コラム,columns
https://schoolwith.me/columns/32877,コラム,columns
https://schoolwith.me/columns/32878,コラム,columns
https://schoolwith.me/columns/32879,コラム,columns
https://schoolwith.me/columns/32880,コラム,columns
https://schoolwith.me/columns/32881,コラム,columns
https://schoolwith.me/columns/32882,コラム,columns
https://schoolwith.me/columns/32883,コラム,columns
https://schoolwith.me/columns/32884,コラム,columns
https://schoolwith.me/columns/32885,コラム,columns
https://schoolwith.me/columns/32886,コラム,columns
https://schoolwith.me/columns/32887,コラム,columns
https://schoolwith.me/columns/32888,コラム,columns
https://schoolwith.me/columns/32890,コラム,columns
https://schoolwith.me/columns/32891,コラム,columns
https://schoolwith.me/columns/32892,コラム,columns
https://schoolwith.me/columns/32893,コラム,columns
https://schoolwith.me/columns/32897,コラム,columns
https://schoolwith.me/columns/32898,コラム,columns
https://schoolwith.me/columns/32900,コラム,columns
https://schoolwith.me/columns/32901,コラム,columns
https://schoolwith.me/columns/32902,コラム,columns
https://schoolwith.me/columns/32903,コラム,columns
https://schoolwith.me/columns/32904,コラム,columns
https://schoolwith.me/columns/32907,コラム,columns
https://schoolwith.me/columns/32908,コラム,columns
https://schoolwith.me/columns/32909,コラム,columns
https://schoolwith.me/columns/32910,コラム,columns
https://schoolwith.me/columns/32912,コラム,columns
https://schoolwith.me/columns/32913,コラム,columns
https://schoolwith.me/columns/32915,コラム,columns
https://schoolwith.me/columns/32917,コラム,columns
https://schoolwith.me/columns/32918,コラム,columns
https://schoolwith.me/columns/32919,コラム,columns
https://schoolwith.me/columns/32920,コラム,columns
https://schoolwith.me/columns/32921,コラム,columns
https://schoolwith.me/columns/32922,コラム,columns
https://schoolwith.me/columns/32923,コラム,columns
https://schoolwith.me/columns/32924,コラム,columns
https://schoolwith.me/columns/32925,コラム,columns
https://schoolwith.me/columns/32926,コラム,columns
https://schoolwith.me/columns/32927,コラム,columns
https://schoolwith.me/columns/32928,コラム,columns
https://schoolwith.me/columns/32929,コラム,columns
https://schoolwith.me/columns/32930,コラム,columns
https://schoolwith.me/columns/32931,コラム,columns
https://schoolwith.me/columns/32932,コラム,columns
https://schoolwith.me/columns/32933,コラム,columns
https://schoolwith.me/columns/32934,コラム,columns
https://schoolwith.me/columns/32937,コラム,columns
https://schoolwith.me/columns/32944,コラム,columns
https://schoolwith.me/columns/32945,コラム,columns
https://schoolwith.me/columns/32946,コラム,columns
https://schoolwith.me/columns/32947,コラム,columns
https://schoolwith.me/columns/32949,コラム,columns
https://schoolwith.me/columns/32950,コラム,columns
https://schoolwith.me/columns/32951,コラム,columns
https://schoolwith.me/columns/32952,コラム,columns
https://schoolwith.me/columns/32954,コラム,columns
https://schoolwith.me/columns/32957,コラム,columns
https://schoolwith.me/columns/32958,コラム,columns
https://schoolwith.me/columns/32959,コラム,columns
https://schoolwith.me/columns/32960,コラム,columns
https://schoolwith.me/columns/32961,コラム,columns
https://schoolwith.me/columns/32962,コラム,columns
https://schoolwith.me/columns/32963,コラム,columns
https://schoolwith.me/columns/32964,コラム,columns
https://schoolwith.me/columns/32965,コラム,columns
https://schoolwith.me/columns/32966,コラム,columns
https://schoolwith.me/columns/32967,コラム,columns
https://schoolwith.me/columns/32969,コラム,columns
https://schoolwith.me/columns/32970,コラム,columns
https://schoolwith.me/columns/32971,コラム,columns
https://schoolwith.me/columns/32972,コラム,columns
https://schoolwith.me/columns/32976,コラム,columns
https://schoolwith.me/columns/32977,コラム,columns
https://schoolwith.me/columns/32978,コラム,columns
https://schoolwith.me/columns/32979,コラム,columns
https://schoolwith.me/columns/32980,コラム,columns
https://schoolwith.me/columns/32983,コラム,columns
https://schoolwith.me/columns/32984,コラム,columns
https://schoolwith.me/columns/32985,コラム,columns
https://schoolwith.me/columns/32988,コラム,columns
https://schoolwith.me/columns/32989,コラム,columns
https://schoolwith.me/columns/32990,コラム,columns
https://schoolwith.me/columns/32991,コラム,columns
https://schoolwith.me/columns/32993,コラム,columns
https://schoolwith.me/columns/32994,コラム,columns
https://schoolwith.me/columns/32996,コラム,columns
https://schoolwith.me/columns/32999,コラム,columns
https://schoolwith.me/columns/33001,コラム,columns
https://schoolwith.me/columns/33002,コラム,columns
https://schoolwith.me/columns/33003,コラム,columns
https://schoolwith.me/columns/33004,コラム,columns
https://schoolwith.me/columns/33005,コラム,columns
https://schoolwith.me/columns/33008,コラム,columns
https://schoolwith.me/columns/33009,コラム,columns
https://schoolwith.me/columns/33011,コラム,columns
https://schoolwith.me/columns/33013,コラム,columns
https://schoolwith.me/columns/33014,コラム,columns
https://schoolwith.me/columns/33016,コラム,columns
https://schoolwith.me/columns/33017,コラム,columns
https://schoolwith.me/columns/33020,コラム,columns
https://schoolwith.me/columns/33021,コラム,columns
https://schoolwith.me/columns/33022,コラム,columns
https://schoolwith.me/columns/33023,コラム,columns
https://schoolwith.me/columns/33026,コラム,columns
https://schoolwith.me/columns/33027,コラム,columns
https://schoolwith.me/columns/33028,コラム,columns
https://schoolwith.me/columns/33029,コラム,columns
https://schoolwith.me/columns/33030,コラム,columns
https://schoolwith.me/columns/33031,コラム,columns
https://schoolwith.me/columns/33032,コラム,columns
https://schoolwith.me/columns/33033,コラム,columns
https://schoolwith.me/columns/33034,コラム,columns
https://schoolwith.me/columns/33035,コラム,columns
https://schoolwith.me/columns/33036,コラム,columns
https://schoolwith.me/columns/33037,コラム,columns
https://schoolwith.me/columns/33039,コラム,columns
https://schoolwith.me/columns/33040,コラム,columns
https://schoolwith.me/columns/33041,コラム,columns
https://schoolwith.me/columns/33042,コラム,columns
https://schoolwith.me/columns/33043,コラム,columns
https://schoolwith.me/columns/33044,コラム,columns
https://schoolwith.me/columns/33049,コラム,columns
https://schoolwith.me/columns/33050,コラム,columns
https://schoolwith.me/columns/33051,コラム,columns
https://schoolwith.me/columns/33052,コラム,columns
https://schoolwith.me/columns/33053,コラム,columns
https://schoolwith.me/columns/33054,コラム,columns
https://schoolwith.me/columns/33055,コラム,columns
https://schoolwith.me/columns/33056,コラム,columns
https://schoolwith.me/columns/33057,コラム,columns
https://schoolwith.me/columns/33063,コラム,columns
https://schoolwith.me/columns/33065,コラム,columns
https://schoolwith.me/columns/33066,コラム,columns
https://schoolwith.me/columns/33067,コラム,columns
https://schoolwith.me/columns/33068,コラム,columns
https://schoolwith.me/columns/33069,コラム,columns
https://schoolwith.me/columns/33070,コラム,columns
https://schoolwith.me/columns/33071,コラム,columns
https://schoolwith.me/columns/33072,コラム,columns
https://schoolwith.me/columns/33073,コラム,columns
https://schoolwith.me/columns/33075,コラム,columns
https://schoolwith.me/columns/33076,コラム,columns
https://schoolwith.me/columns/33077,コラム,columns
https://schoolwith.me/columns/33078,コラム,columns
https://schoolwith.me/columns/33079,コラム,columns
https://schoolwith.me/columns/33081,コラム,columns
https://schoolwith.me/columns/33085,コラム,columns
https://schoolwith.me/columns/33086,コラム,columns
https://schoolwith.me/columns/33087,コラム,columns
https://schoolwith.me/columns/33088,コラム,columns
https://schoolwith.me/columns/33089,コラム,columns
https://schoolwith.me/columns/33090,コラム,columns
https://schoolwith.me/columns/33091,コラム,columns
https://schoolwith.me/columns/33096,コラム,columns
https://schoolwith.me/columns/33097,コラム,columns
https://schoolwith.me/columns/33098,コラム,columns
https://schoolwith.me/columns/33099,コラム,columns
https://schoolwith.me/columns/33100,コラム,columns
https://schoolwith.me/columns/33101,コラム,columns
https://schoolwith.me/columns/33102,コラム,columns
https://schoolwith.me/columns/33103,コラム,columns
https://schoolwith.me/columns/33104,コラム,columns
https://schoolwith.me/columns/33105,コラム,columns
https://schoolwith.me/columns/33107,コラム,columns
https://schoolwith.me/columns/33108,コラム,columns
https://schoolwith.me/columns/33110,コラム,columns
https://schoolwith.me/columns/33114,コラム,columns
https://schoolwith.me/columns/33115,コラム,columns
https://schoolwith.me/columns/33116,コラム,columns
https://schoolwith.me/columns/33117,コラム,columns
https://schoolwith.me/columns/33118,コラム,columns
https://schoolwith.me/columns/33119,コラム,columns
https://schoolwith.me/columns/33120,コラム,columns
https://schoolwith.me/columns/33121,コラム,columns
https://schoolwith.me/columns/33122,コラム,columns
https://schoolwith.me/columns/33123,コラム,columns
https://schoolwith.me/columns/33125,コラム,columns
https://schoolwith.me/columns/33126,コラム,columns
https://schoolwith.me/columns/33127,コラム,columns
https://schoolwith.me/columns/33128,コラム,columns
https://schoolwith.me/columns/33129,コラム,columns
https://schoolwith.me/columns/33130,コラム,columns
https://schoolwith.me/columns/33131,コラム,columns
https://schoolwith.me/columns/33133,コラム,columns
https://schoolwith.me/columns/33135,コラム,columns
https://schoolwith.me/columns/33136,コラム,columns
https://schoolwith.me/columns/33137,コラム,columns
https://schoolwith.me/columns/33138,コラム,columns
https://schoolwith.me/columns/33139,コラム,columns
https://schoolwith.me/columns/33140,コラム,columns
https://schoolwith.me/columns/33141,コラム,columns
https://schoolwith.me/columns/33142,コラム,columns
https://schoolwith.me/columns/33143,コラム,columns
https://schoolwith.me/columns/33146,コラム,columns
https://schoolwith.me/columns/33147,コラム,columns
https://schoolwith.me/columns/33148,コラム,columns
https://schoolwith.me/columns/33149,コラム,columns
https://schoolwith.me/columns/33150,コラム,columns
https://schoolwith.me/columns/33151,コラム,columns
https://schoolwith.me/columns/33152,コラム,columns
https://schoolwith.me/columns/33153,コラム,columns
https://schoolwith.me/columns/33154,コラム,columns
https://schoolwith.me/columns/33155,コラム,columns
https://schoolwith.me/columns/33156,コラム,columns
https://schoolwith.me/columns/33157,コラム,columns
https://schoolwith.me/columns/33158,コラム,columns
https://schoolwith.me/columns/33159,コラム,columns
https://schoolwith.me/columns/33160,コラム,columns
https://schoolwith.me/columns/33161,コラム,columns
https://schoolwith.me/columns/33164,コラム,columns
https://schoolwith.me/columns/33167,コラム,columns
https://schoolwith.me/columns/33170,コラム,columns
https://schoolwith.me/columns/33171,コラム,columns
https://schoolwith.me/columns/33172,コラム,columns
https://schoolwith.me/columns/33173,コラム,columns
https://schoolwith.me/columns/33174,コラム,columns
https://schoolwith.me/columns/33175,コラム,columns
https://schoolwith.me/columns/33176,コラム,columns
https://schoolwith.me/columns/33177,コラム,columns
https://schoolwith.me/columns/33178,コラム,columns
https://schoolwith.me/columns/33180,コラム,columns
https://schoolwith.me/columns/33181,コラム,columns
https://schoolwith.me/columns/33183,コラム,columns
https://schoolwith.me/columns/33184,コラム,columns
https://schoolwith.me/columns/33185,コラム,columns
https://schoolwith.me/columns/33186,コラム,columns
https://schoolwith.me/columns/33187,コラム,columns
https://schoolwith.me/columns/33188,コラム,columns
https://schoolwith.me/columns/33189,コラム,columns
https://schoolwith.me/columns/33190,コラム,columns
https://schoolwith.me/columns/33191,コラム,columns
https://schoolwith.me/columns/33192,コラム,columns
https://schoolwith.me/columns/33193,コラム,columns
https://schoolwith.me/columns/33194,コラム,columns
https://schoolwith.me/columns/33195,コラム,columns
https://schoolwith.me/columns/33196,コラム,columns
https://schoolwith.me/columns/33197,コラム,columns
https://schoolwith.me/columns/33198,コラム,columns
https://schoolwith.me/columns/33199,コラム,columns
https://schoolwith.me/columns/33200,コラム,columns
https://schoolwith.me/columns/33201,コラム,columns
https://schoolwith.me/columns/33202,コラム,columns
https://schoolwith.me/columns/33203,コラム,columns
https://schoolwith.me/columns/33204,コラム,columns
https://schoolwith.me/columns/33205,コラム,columns
https://schoolwith.me/columns/33206,コラム,columns
https://schoolwith.me/columns/33207,コラム,columns
https://schoolwith.me/columns/33208,コラム,columns
https://schoolwith.me/columns/33209,コラム,columns
https://schoolwith.me/columns/33210,コラム,columns
https://schoolwith.me/columns/33211,コラム,columns
https://schoolwith.me/columns/33212,コラム,columns
https://schoolwith.me/columns/33213,コラム,columns
https://schoolwith.me/columns/33214,コラム,columns
https://schoolwith.me/columns/33215,コラム,columns
https://schoolwith.me/columns/33216,コラム,columns
https://schoolwith.me/columns/33217,コラム,columns
https://schoolwith.me/columns/33218,コラム,columns
https://schoolwith.me/columns/33219,コラム,columns
https://schoolwith.me/columns/33220,コラム,columns
https://schoolwith.me/columns/33221,コラム,columns
https://schoolwith.me/columns/33222,コラム,columns
https://schoolwith.me/columns/33223,コラム,columns
https://schoolwith.me/columns/33224,コラム,columns
https://schoolwith.me/columns/33225,コラム,columns
https://schoolwith.me/columns/33226,コラム,columns
https://schoolwith.me/columns/33227,コラム,columns
https://schoolwith.me/columns/33228,コラム,columns
https://schoolwith.me/columns/33229,コラム,columns
https://schoolwith.me/columns/33230,コラム,columns
https://schoolwith.me/columns/33231,コラム,columns
https://schoolwith.me/columns/33232,コラム,columns
https://schoolwith.me/columns/33233,コラム,columns
https://schoolwith.me/columns/33234,コラム,columns
https://schoolwith.me/columns/33236,コラム,columns
https://schoolwith.me/columns/33237,コラム,columns
https://schoolwith.me/columns/33238,コラム,columns
https://schoolwith.me/columns/33239,コラム,columns
https://schoolwith.me/columns/33240,コラム,columns
https://schoolwith.me/columns/33241,コラム,columns
https://schoolwith.me/columns/33242,コラム,columns
https://schoolwith.me/columns/33243,コラム,columns
https://schoolwith.me/columns/33244,コラム,columns
https://schoolwith.me/columns/33245,コラム,columns
https://schoolwith.me/columns/33246,コラム,columns
https://schoolwith.me/columns/33247,コラム,columns
https://schoolwith.me/columns/33248,コラム,columns
https://schoolwith.me/columns/33249,コラム,columns
https://schoolwith.me/columns/33250,コラム,columns
https://schoolwith.me/columns/33251,コラム,columns
https://schoolwith.me/columns/33255,コラム,columns
https://schoolwith.me/columns/33256,コラム,columns
https://schoolwith.me/columns/33257,コラム,columns
https://schoolwith.me/columns/33258,コラム,columns
https://schoolwith.me/columns/33259,コラム,columns
https://schoolwith.me/columns/33260,コラム,columns
https://schoolwith.me/columns/33261,コラム,columns
https://schoolwith.me/columns/33262,コラム,columns
https://schoolwith.me/columns/33263,コラム,columns
https://schoolwith.me/columns/33265,コラム,columns
https://schoolwith.me/columns/33266,コラム,columns
https://schoolwith.me/columns/33267,コラム,columns
https://schoolwith.me/columns/33268,コラム,columns
https://schoolwith.me/columns/33269,コラム,columns
https://schoolwith.me/columns/33270,コラム,columns
https://schoolwith.me/columns/33271,コラム,columns
https://schoolwith.me/columns/33272,コラム,columns
https://schoolwith.me/columns/33273,コラム,columns
https://schoolwith.me/columns/33276,コラム,columns
https://schoolwith.me/columns/33277,コラム,columns
https://schoolwith.me/columns/33278,コラム,columns
https://schoolwith.me/columns/33279,コラム,columns
https://schoolwith.me/columns/33280,コラム,columns
https://schoolwith.me/columns/33281,コラム,columns
https://schoolwith.me/columns/33283,コラム,columns
https://schoolwith.me/columns/33284,コラム,columns
https://schoolwith.me/columns/33285,コラム,columns
https://schoolwith.me/columns/33286,コラム,columns
https://schoolwith.me/columns/33287,コラム,columns
https://schoolwith.me/columns/33289,コラム,columns
https://schoolwith.me/columns/33290,コラム,columns
https://schoolwith.me/columns/33292,コラム,columns
https://schoolwith.me/columns/33293,コラム,columns
https://schoolwith.me/columns/33294,コラム,columns
https://schoolwith.me/columns/33296,コラム,columns
https://schoolwith.me/columns/33297,コラム,columns
https://schoolwith.me/columns/33298,コラム,columns
https://schoolwith.me/columns/33299,コラム,columns
https://schoolwith.me/columns/33300,コラム,columns
https://schoolwith.me/columns/33301,コラム,columns
https://schoolwith.me/columns/33303,コラム,columns
https://schoolwith.me/columns/33304,コラム,columns
https://schoolwith.me/columns/33306,コラム,columns
https://schoolwith.me/columns/33307,コラム,columns
https://schoolwith.me/columns/33308,コラム,columns
https://schoolwith.me/columns/33309,コラム,columns
https://schoolwith.me/columns/33310,コラム,columns
https://schoolwith.me/columns/33311,コラム,columns
https://schoolwith.me/columns/33312,コラム,columns
https://schoolwith.me/columns/33313,コラム,columns
https://schoolwith.me/columns/33315,コラム,columns
https://schoolwith.me/columns/33316,コラム,columns
https://schoolwith.me/columns/33318,コラム,columns
https://schoolwith.me/columns/33319,コラム,columns
https://schoolwith.me/columns/33320,コラム,columns
https://schoolwith.me/columns/33321,コラム,columns
https://schoolwith.me/columns/33322,コラム,columns
https://schoolwith.me/columns/33323,コラム,columns
https://schoolwith.me/columns/33325,コラム,columns
https://schoolwith.me/columns/33326,コラム,columns
https://schoolwith.me/columns/33327,コラム,columns
https://schoolwith.me/columns/33328,コラム,columns
https://schoolwith.me/columns/33329,コラム,columns
https://schoolwith.me/columns/33330,コラム,columns
https://schoolwith.me/columns/33332,コラム,columns
https://schoolwith.me/columns/33333,コラム,columns
https://schoolwith.me/columns/33334,コラム,columns
https://schoolwith.me/columns/33335,コラム,columns
https://schoolwith.me/columns/33336,コラム,columns
https://schoolwith.me/columns/33337,コラム,columns
https://schoolwith.me/columns/33338,コラム,columns
https://schoolwith.me/columns/33340,コラム,columns
https://schoolwith.me/columns/33341,コラム,columns
https://schoolwith.me/columns/33342,コラム,columns
https://schoolwith.me/columns/33343,コラム,columns
https://schoolwith.me/columns/33344,コラム,columns
https://schoolwith.me/columns/33345,コラム,columns
https://schoolwith.me/columns/33346,コラム,columns
https://schoolwith.me/columns/33347,コラム,columns
https://schoolwith.me/columns/33348,コラム,columns
https://schoolwith.me/columns/33349,コラム,columns
https://schoolwith.me/columns/33350,コラム,columns
https://schoolwith.me/columns/33351,コラム,columns
https://schoolwith.me/columns/33353,コラム,columns
https://schoolwith.me/columns/33354,コラム,columns
https://schoolwith.me/columns/33355,コラム,columns
https://schoolwith.me/columns/33356,コラム,columns
https://schoolwith.me/columns/33357,コラム,columns
https://schoolwith.me/columns/33358,コラム,columns
https://schoolwith.me/columns/33359,コラム,columns
https://schoolwith.me/columns/33360,コラム,columns
https://schoolwith.me/columns/33361,コラム,columns
https://schoolwith.me/columns/33362,コラム,columns
https://schoolwith.me/columns/33363,コラム,columns
https://schoolwith.me/columns/33364,コラム,columns
https://schoolwith.me/columns/33367,コラム,columns
https://schoolwith.me/columns/33368,コラム,columns
https://schoolwith.me/columns/33369,コラム,columns
https://schoolwith.me/columns/33370,コラム,columns
https://schoolwith.me/columns/33371,コラム,columns
https://schoolwith.me/columns/33372,コラム,columns
https://schoolwith.me/columns/33373,コラム,columns
https://schoolwith.me/columns/33374,コラム,columns
https://schoolwith.me/columns/33375,コラム,columns
https://schoolwith.me/columns/33376,コラム,columns
https://schoolwith.me/columns/33377,コラム,columns
https://schoolwith.me/columns/33378,コラム,columns
https://schoolwith.me/columns/33379,コラム,columns
https://schoolwith.me/columns/33381,コラム,columns
https://schoolwith.me/columns/33382,コラム,columns
https://schoolwith.me/columns/33383,コラム,columns
https://schoolwith.me/columns/33384,コラム,columns
https://schoolwith.me/columns/33385,コラム,columns
https://schoolwith.me/columns/33386,コラム,columns
https://schoolwith.me/columns/33387,コラム,columns
https://schoolwith.me/columns/33388,コラム,columns
https://schoolwith.me/columns/33389,コラム,columns
https://schoolwith.me/columns/33390,コラム,columns
https://schoolwith.me/columns/33391,コラム,columns
https://schoolwith.me/columns/33392,コラム,columns
https://schoolwith.me/columns/33394,コラム,columns
https://schoolwith.me/columns/33395,コラム,columns
https://schoolwith.me/columns/33396,コラム,columns
https://schoolwith.me/columns/33398,コラム,columns
https://schoolwith.me/columns/33399,コラム,columns
https://schoolwith.me/columns/33402,コラム,columns
https://schoolwith.me/columns/33404,コラム,columns
https://schoolwith.me/columns/33405,コラム,columns
https://schoolwith.me/columns/33407,コラム,columns
https://schoolwith.me/columns/33408,コラム,columns
https://schoolwith.me/columns/33409,コラム,columns
https://schoolwith.me/columns/33410,コラム,columns
https://schoolwith.me/columns/33411,コラム,columns
https://schoolwith.me/columns/33412,コラム,columns
https://schoolwith.me/columns/33413,コラム,columns
https://schoolwith.me/columns/33414,コラム,columns
https://schoolwith.me/columns/33416,コラム,columns
https://schoolwith.me/columns/33417,コラム,columns
https://schoolwith.me/columns/33418,コラム,columns
https://schoolwith.me/columns/33419,コラム,columns
https://schoolwith.me/columns/33420,コラム,columns
https://schoolwith.me/columns/33421,コラム,columns
https://schoolwith.me/columns/33422,コラム,columns
https://schoolwith.me/columns/33423,コラム,columns
https://schoolwith.me/columns/33424,コラム,columns
https://schoolwith.me/columns/33425,コラム,columns
https://schoolwith.me/columns/33426,コラム,columns
https://schoolwith.me/columns/33427,コラム,columns
https://schoolwith.me/columns/33428,コラム,columns
https://schoolwith.me/columns/33429,コラム,columns
https://schoolwith.me/columns/33430,コラム,columns
https://schoolwith.me/columns/33431,コラム,columns
https://schoolwith.me/columns/33432,コラム,columns
https://schoolwith.me/columns/33433,コラム,columns
https://schoolwith.me/columns/33434,コラム,columns
https://schoolwith.me/columns/33436,コラム,columns
https://schoolwith.me/columns/33437,コラム,columns
https://schoolwith.me/columns/33438,コラム,columns
https://schoolwith.me/columns/33439,コラム,columns
https://schoolwith.me/columns/33440,コラム,columns
https://schoolwith.me/columns/33441,コラム,columns
https://schoolwith.me/columns/33442,コラム,columns
https://schoolwith.me/columns/33443,コラム,columns
https://schoolwith.me/columns/33444,コラム,columns
https://schoolwith.me/columns/33445,コラム,columns
https://schoolwith.me/columns/33446,コラム,columns
https://schoolwith.me/columns/33447,コラム,columns
https://schoolwith.me/columns/33448,コラム,columns
https://schoolwith.me/columns/33449,コラム,columns
https://schoolwith.me/columns/33450,コラム,columns
https://schoolwith.me/columns/33451,コラム,columns
https://schoolwith.me/columns/33452,コラム,columns
https://schoolwith.me/columns/33453,コラム,columns
https://schoolwith.me/columns/33454,コラム,columns
https://schoolwith.me/columns/33455,コラム,columns
https://schoolwith.me/columns/33457,コラム,columns
https://schoolwith.me/columns/33458,コラム,columns
https://schoolwith.me/columns/33459,コラム,columns
https://schoolwith.me/columns/33460,コラム,columns
https://schoolwith.me/columns/33461,コラム,columns
https://schoolwith.me/columns/33463,コラム,columns
https://schoolwith.me/columns/33464,コラム,columns
https://schoolwith.me/columns/33465,コラム,columns
https://schoolwith.me/columns/33466,コラム,columns
https://schoolwith.me/columns/33469,コラム,columns
https://schoolwith.me/columns/33470,コラム,columns
https://schoolwith.me/columns/33471,コラム,columns
https://schoolwith.me/columns/33473,コラム,columns
https://schoolwith.me/columns/33474,コラム,columns
https://schoolwith.me/columns/33475,コラム,columns
https://schoolwith.me/columns/33476,コラム,columns
https://schoolwith.me/columns/33477,コラム,columns
https://schoolwith.me/columns/33478,コラム,columns
https://schoolwith.me/columns/33479,コラム,columns
https://schoolwith.me/columns/33480,コラム,columns
https://schoolwith.me/columns/33481,コラム,columns
https://schoolwith.me/columns/33482,コラム,columns
https://schoolwith.me/columns/33483,コラム,columns
https://schoolwith.me/columns/33484,コラム,columns
https://schoolwith.me/columns/33485,コラム,columns
https://schoolwith.me/columns/33486,コラム,columns
https://schoolwith.me/columns/33487,コラム,columns
https://schoolwith.me/columns/33488,コラム,columns
https://schoolwith.me/columns/33489,コラム,columns
https://schoolwith.me/columns/33490,コラム,columns
https://schoolwith.me/columns/33491,コラム,columns
https://schoolwith.me/columns/33492,コラム,columns
https://schoolwith.me/columns/33493,コラム,columns
https://schoolwith.me/columns/33494,コラム,columns
https://schoolwith.me/columns/33495,コラム,columns
https://schoolwith.me/columns/33496,コラム,columns
https://schoolwith.me/columns/33497,コラム,columns
https://schoolwith.me/columns/33498,コラム,columns
https://schoolwith.me/columns/33499,コラム,columns
https://schoolwith.me/columns/33500,コラム,columns
https://schoolwith.me/columns/33501,コラム,columns
https://schoolwith.me/columns/33502,コラム,columns
https://schoolwith.me/columns/33503,コラム,columns
https://schoolwith.me/columns/33504,コラム,columns
https://schoolwith.me/columns/33505,コラム,columns
https://schoolwith.me/columns/33506,コラム,columns
https://schoolwith.me/columns/33508,コラム,columns
https://schoolwith.me/columns/33509,コラム,columns
https://schoolwith.me/columns/33510,コラム,columns
https://schoolwith.me/columns/33511,コラム,columns
https://schoolwith.me/columns/33512,コラム,columns
https://schoolwith.me/columns/33513,コラム,columns
https://schoolwith.me/columns/33514,コラム,columns
https://schoolwith.me/columns/33515,コラム,columns
https://schoolwith.me/columns/33519,コラム,columns
https://schoolwith.me/columns/33520,コラム,columns
https://schoolwith.me/columns/33521,コラム,columns
https://schoolwith.me/columns/33522,コラム,columns
https://schoolwith.me/columns/33523,コラム,columns
https://schoolwith.me/columns/33525,コラム,columns
https://schoolwith.me/columns/33526,コラム,columns
https://schoolwith.me/columns/33527,コラム,columns
https://schoolwith.me/columns/33528,コラム,columns
https://schoolwith.me/columns/33529,コラム,columns
https://schoolwith.me/columns/33530,コラム,columns
https://schoolwith.me/columns/33531,コラム,columns
https://schoolwith.me/columns/33533,コラム,columns
https://schoolwith.me/columns/33534,コラム,columns
https://schoolwith.me/columns/33535,コラム,columns
https://schoolwith.me/columns/33536,コラム,columns
https://schoolwith.me/columns/33537,コラム,columns
https://schoolwith.me/columns/33538,コラム,columns
https://schoolwith.me/columns/33539,コラム,columns
https://schoolwith.me/columns/33540,コラム,columns
https://schoolwith.me/columns/33541,コラム,columns
https://schoolwith.me/columns/33542,コラム,columns
https://schoolwith.me/columns/33543,コラム,columns
https://schoolwith.me/columns/33544,コラム,columns
https://schoolwith.me/columns/33546,コラム,columns
https://schoolwith.me/columns/33547,コラム,columns
https://schoolwith.me/columns/33548,コラム,columns
https://schoolwith.me/columns/33549,コラム,columns
https://schoolwith.me/columns/33550,コラム,columns
https://schoolwith.me/columns/33551,コラム,columns
https://schoolwith.me/columns/33553,コラム,columns
https://schoolwith.me/columns/33554,コラム,columns
https://schoolwith.me/columns/33555,コラム,columns
https://schoolwith.me/columns/33556,コラム,columns
https://schoolwith.me/columns/33557,コラム,columns
https://schoolwith.me/columns/33558,コラム,columns
https://schoolwith.me/columns/33559,コラム,columns
https://schoolwith.me/columns/33560,コラム,columns
https://schoolwith.me/columns/33561,コラム,columns
https://schoolwith.me/columns/33562,コラム,columns
https://schoolwith.me/columns/33563,コラム,columns
https://schoolwith.me/columns/33564,コラム,columns
https://schoolwith.me/columns/33565,コラム,columns
https://schoolwith.me/columns/33566,コラム,columns
https://schoolwith.me/columns/33567,コラム,columns
https://schoolwith.me/columns/33568,コラム,columns
https://schoolwith.me/columns/33569,コラム,columns
https://schoolwith.me/columns/33570,コラム,columns
https://schoolwith.me/columns/33574,コラム,columns
https://schoolwith.me/columns/33575,コラム,columns
https://schoolwith.me/columns/33576,コラム,columns
https://schoolwith.me/columns/33577,コラム,columns
https://schoolwith.me/columns/33578,コラム,columns
https://schoolwith.me/columns/33579,コラム,columns
https://schoolwith.me/columns/33580,コラム,columns
https://schoolwith.me/columns/33581,コラム,columns
https://schoolwith.me/columns/33582,コラム,columns
https://schoolwith.me/columns/33583,コラム,columns
https://schoolwith.me/columns/33587,コラム,columns
https://schoolwith.me/columns/33588,コラム,columns
https://schoolwith.me/columns/33589,コラム,columns
https://schoolwith.me/columns/33590,コラム,columns
https://schoolwith.me/columns/33591,コラム,columns
https://schoolwith.me/columns/33592,コラム,columns
https://schoolwith.me/columns/33593,コラム,columns
https://schoolwith.me/columns/33594,コラム,columns
https://schoolwith.me/columns/33595,コラム,columns
https://schoolwith.me/columns/33596,コラム,columns
https://schoolwith.me/columns/33597,コラム,columns
https://schoolwith.me/columns/33598,コラム,columns
https://schoolwith.me/columns/33599,コラム,columns
https://schoolwith.me/columns/33600,コラム,columns
https://schoolwith.me/columns/33601,コラム,columns
https://schoolwith.me/columns/33602,コラム,columns
https://schoolwith.me/columns/33603,コラム,columns
https://schoolwith.me/columns/33604,コラム,columns
https://schoolwith.me/columns/33605,コラム,columns
https://schoolwith.me/columns/33606,コラム,columns
https://schoolwith.me/columns/33607,コラム,columns
https://schoolwith.me/columns/33608,コラム,columns
https://schoolwith.me/columns/33609,コラム,columns
https://schoolwith.me/columns/33610,コラム,columns
https://schoolwith.me/columns/33611,コラム,columns
https://schoolwith.me/columns/33612,コラム,columns
https://schoolwith.me/columns/33613,コラム,columns
https://schoolwith.me/columns/33614,コラム,columns
https://schoolwith.me/columns/33615,コラム,columns
https://schoolwith.me/columns/33616,コラム,columns
https://schoolwith.me/columns/33617,コラム,columns
https://schoolwith.me/columns/33618,コラム,columns
https://schoolwith.me/columns/33619,コラム,columns
https://schoolwith.me/columns/33620,コラム,columns
https://schoolwith.me/columns/33621,コラム,columns
https://schoolwith.me/columns/33622,コラム,columns
https://schoolwith.me/columns/33623,コラム,columns
https://schoolwith.me/columns/33624,コラム,columns
https://schoolwith.me/columns/33625,コラム,columns
https://schoolwith.me/columns/33626,コラム,columns
https://schoolwith.me/columns/33627,コラム,columns
https://schoolwith.me/columns/33628,コラム,columns
https://schoolwith.me/columns/33629,コラム,columns
https://schoolwith.me/columns/33630,コラム,columns
https://schoolwith.me/columns/33631,コラム,columns
https://schoolwith.me/columns/33632,コラム,columns
https://schoolwith.me/columns/33633,コラム,columns
https://schoolwith.me/columns/33634,コラム,columns
https://schoolwith.me/columns/33635,コラム,columns
https://schoolwith.me/columns/33636,コラム,columns
https://schoolwith.me/columns/33637,コラム,columns
https://schoolwith.me/columns/33638,コラム,columns
https://schoolwith.me/columns/33639,コラム,columns
https://schoolwith.me/columns/33640,コラム,columns
https://schoolwith.me/columns/33641,コラム,columns
https://schoolwith.me/columns/33642,コラム,columns
https://schoolwith.me/columns/33643,コラム,columns
https://schoolwith.me/columns/33644,コラム,columns
https://schoolwith.me/columns/33645,コラム,columns
https://schoolwith.me/columns/33646,コラム,columns
https://schoolwith.me/columns/33647,コラム,columns
https://schoolwith.me/columns/33648,コラム,columns
https://schoolwith.me/columns/33649,コラム,columns
https://schoolwith.me/columns/33650,コラム,columns
https://schoolwith.me/columns/33651,コラム,columns
https://schoolwith.me/columns/33652,コラム,columns
https://schoolwith.me/columns/33653,コラム,columns
https://schoolwith.me/columns/33654,コラム,columns
https://schoolwith.me/columns/33655,コラム,columns
https://schoolwith.me/columns/33656,コラム,columns
https://schoolwith.me/columns/33657,コラム,columns
https://schoolwith.me/columns/33658,コラム,columns
https://schoolwith.me/columns/33659,コラム,columns
https://schoolwith.me/columns/33660,コラム,columns
https://schoolwith.me/columns/33661,コラム,columns
https://schoolwith.me/columns/33662,コラム,columns
https://schoolwith.me/columns/33663,コラム,columns
https://schoolwith.me/columns/33664,コラム,columns
https://schoolwith.me/columns/33665,コラム,columns
https://schoolwith.me/columns/33666,コラム,columns
https://schoolwith.me/columns/33667,コラム,columns
https://schoolwith.me/columns/33668,コラム,columns
https://schoolwith.me/columns/33669,コラム,columns
https://schoolwith.me/columns/33670,コラム,columns
https://schoolwith.me/columns/33671,コラム,columns
https://schoolwith.me/columns/33672,コラム,columns
https://schoolwith.me/columns/33673,コラム,columns
https://schoolwith.me/columns/33674,コラム,columns
https://schoolwith.me/columns/33675,コラム,columns
https://schoolwith.me/columns/33676,コラム,columns
https://schoolwith.me/columns/33677,コラム,columns
https://schoolwith.me/columns/33678,コラム,columns
https://schoolwith.me/columns/33679,コラム,columns
https://schoolwith.me/columns/33680,コラム,columns
https://schoolwith.me/columns/33681,コラム,columns
https://schoolwith.me/columns/33682,コラム,columns
https://schoolwith.me/columns/33683,コラム,columns
https://schoolwith.me/columns/33684,コラム,columns
https://schoolwith.me/columns/33685,コラム,columns
https://schoolwith.me/columns/33686,コラム,columns
https://schoolwith.me/columns/33687,コラム,columns
https://schoolwith.me/columns/33688,コラム,columns
https://schoolwith.me/columns/33689,コラム,columns
https://schoolwith.me/columns/33690,コラム,columns
https://schoolwith.me/columns/33691,コラム,columns
https://schoolwith.me/columns/33694,コラム,columns
https://schoolwith.me/columns/33695,コラム,columns
https://schoolwith.me/columns/33696,コラム,columns
https://schoolwith.me/columns/33697,コラム,columns
https://schoolwith.me/columns/33698,コラム,columns
https://schoolwith.me/columns/33699,コラム,columns
https://schoolwith.me/columns/33700,コラム,columns
https://schoolwith.me/columns/33701,コラム,columns
https://schoolwith.me/columns/33702,コラム,columns
https://schoolwith.me/columns/33703,コラム,columns
https://schoolwith.me/columns/33705,コラム,columns
https://schoolwith.me/columns/33706,コラム,columns
https://schoolwith.me/columns/33707,コラム,columns
https://schoolwith.me/columns/33708,コラム,columns
https://schoolwith.me/columns/33709,コラム,columns
https://schoolwith.me/columns/33710,コラム,columns
https://schoolwith.me/columns/33711,コラム,columns
https://schoolwith.me/columns/33712,コラム,columns
https://schoolwith.me/columns/33713,コラム,columns
https://schoolwith.me/columns/33714,コラム,columns
https://schoolwith.me/columns/33715,コラム,columns
https://schoolwith.me/columns/33716,コラム,columns
https://schoolwith.me/columns/33717,コラム,columns
https://schoolwith.me/columns/33718,コラム,columns
https://schoolwith.me/columns/33719,コラム,columns
https://schoolwith.me/columns/33720,コラム,columns
https://schoolwith.me/columns/33721,コラム,columns
https://schoolwith.me/columns/33722,コラム,columns
https://schoolwith.me/columns/33723,コラム,columns
https://schoolwith.me/columns/33724,コラム,columns
https://schoolwith.me/columns/33725,コラム,columns
https://schoolwith.me/columns/33726,コラム,columns
https://schoolwith.me/columns/33727,コラム,columns
https://schoolwith.me/columns/33728,コラム,columns
https://schoolwith.me/columns/33729,コラム,columns
https://schoolwith.me/columns/33730,コラム,columns
https://schoolwith.me/columns/33731,コラム,columns
https://schoolwith.me/columns/33732,コラム,columns
https://schoolwith.me/columns/33733,コラム,columns
https://schoolwith.me/columns/33734,コラム,columns
https://schoolwith.me/columns/33735,コラム,columns
https://schoolwith.me/columns/33736,コラム,columns
https://schoolwith.me/columns/33737,コラム,columns
https://schoolwith.me/columns/33738,コラム,columns
https://schoolwith.me/columns/33739,コラム,columns
https://schoolwith.me/columns/33741,コラム,columns
https://schoolwith.me/columns/33742,コラム,columns
https://schoolwith.me/columns/33743,コラム,columns
https://schoolwith.me/columns/33744,コラム,columns
https://schoolwith.me/columns/33745,コラム,columns
https://schoolwith.me/columns/33746,コラム,columns
https://schoolwith.me/columns/33747,コラム,columns
https://schoolwith.me/columns/33748,コラム,columns
https://schoolwith.me/columns/33749,コラム,columns
https://schoolwith.me/columns/33750,コラム,columns
https://schoolwith.me/columns/33752,コラム,columns
https://schoolwith.me/columns/33753,コラム,columns
https://schoolwith.me/columns/33754,コラム,columns
https://schoolwith.me/columns/33755,コラム,columns
https://schoolwith.me/columns/33756,コラム,columns
https://schoolwith.me/columns/33761,コラム,columns
https://schoolwith.me/columns/33762,コラム,columns
https://schoolwith.me/columns/33763,コラム,columns
https://schoolwith.me/columns/33764,コラム,columns
https://schoolwith.me/columns/33765,コラム,columns
https://schoolwith.me/columns/33766,コラム,columns
https://schoolwith.me/columns/33767,コラム,columns
https://schoolwith.me/columns/33768,コラム,columns
https://schoolwith.me/columns/33769,コラム,columns
https://schoolwith.me/columns/33770,コラム,columns
https://schoolwith.me/columns/33771,コラム,columns
https://schoolwith.me/columns/33772,コラム,columns
https://schoolwith.me/columns/33773,コラム,columns
https://schoolwith.me/columns/33774,コラム,columns
https://schoolwith.me/columns/33775,コラム,columns
https://schoolwith.me/columns/33776,コラム,columns
https://schoolwith.me/columns/33777,コラム,columns
https://schoolwith.me/columns/33778,コラム,columns
https://schoolwith.me/columns/33779,コラム,columns
https://schoolwith.me/columns/33780,コラム,columns
https://schoolwith.me/columns/33781,コラム,columns
https://schoolwith.me/columns/33782,コラム,columns
https://schoolwith.me/columns/33783,コラム,columns
https://schoolwith.me/columns/33784,コラム,columns
https://schoolwith.me/columns/33785,コラム,columns
https://schoolwith.me/columns/33787,コラム,columns
https://schoolwith.me/columns/33788,コラム,columns
https://schoolwith.me/columns/33789,コラム,columns
https://schoolwith.me/columns/33790,コラム,columns
https://schoolwith.me/columns/33791,コラム,columns
https://schoolwith.me/columns/33792,コラム,columns
https://schoolwith.me/columns/33793,コラム,columns
https://schoolwith.me/columns/33794,コラム,columns
https://schoolwith.me/columns/33797,コラム,columns
https://schoolwith.me/columns/33798,コラム,columns
https://schoolwith.me/columns/33799,コラム,columns
https://schoolwith.me/columns/33800,コラム,columns
https://schoolwith.me/columns/33801,コラム,columns
https://schoolwith.me/columns/33802,コラム,columns
https://schoolwith.me/columns/33803,コラム,columns
https://schoolwith.me/columns/33804,コラム,columns
https://schoolwith.me/columns/33805,コラム,columns
https://schoolwith.me/columns/33807,コラム,columns
https://schoolwith.me/columns/33809,コラム,columns
https://schoolwith.me/columns/33810,コラム,columns
https://schoolwith.me/columns/33811,コラム,columns
https://schoolwith.me/columns/33812,コラム,columns
https://schoolwith.me/columns/33813,コラム,columns
https://schoolwith.me/columns/33814,コラム,columns
https://schoolwith.me/columns/33815,コラム,columns
https://schoolwith.me/columns/33816,コラム,columns
https://schoolwith.me/columns/33817,コラム,columns
https://schoolwith.me/columns/33818,コラム,columns
https://schoolwith.me/columns/33820,コラム,columns
https://schoolwith.me/columns/33821,コラム,columns
https://schoolwith.me/columns/33822,コラム,columns
https://schoolwith.me/columns/33823,コラム,columns
https://schoolwith.me/columns/33824,コラム,columns
https://schoolwith.me/columns/33825,コラム,columns
https://schoolwith.me/columns/33826,コラム,columns
https://schoolwith.me/columns/33827,コラム,columns
https://schoolwith.me/columns/33828,コラム,columns
https://schoolwith.me/columns/33829,コラム,columns
https://schoolwith.me/columns/33831,コラム,columns
https://schoolwith.me/columns/33832,コラム,columns
https://schoolwith.me/columns/33833,コラム,columns
https://schoolwith.me/columns/33834,コラム,columns
https://schoolwith.me/columns/33835,コラム,columns
https://schoolwith.me/columns/33836,コラム,columns
https://schoolwith.me/columns/33837,コラム,columns
https://schoolwith.me/columns/33839,コラム,columns
https://schoolwith.me/columns/33840,コラム,columns
https://schoolwith.me/columns/33841,コラム,columns
https://schoolwith.me/columns/33842,コラム,columns
https://schoolwith.me/columns/33843,コラム,columns
https://schoolwith.me/columns/33845,コラム,columns
https://schoolwith.me/columns/33846,コラム,columns
https://schoolwith.me/columns/33847,コラム,columns
https://schoolwith.me/columns/33848,コラム,columns
https://schoolwith.me/columns/33849,コラム,columns
https://schoolwith.me/columns/33850,コラム,columns
https://schoolwith.me/columns/33851,コラム,columns
https://schoolwith.me/columns/33852,コラム,columns
https://schoolwith.me/columns/33853,コラム,columns
https://schoolwith.me/columns/33854,コラム,columns
https://schoolwith.me/columns/33856,コラム,columns
https://schoolwith.me/columns/33857,コラム,columns
https://schoolwith.me/columns/author/1,コラム,columns
https://schoolwith.me/columns/author/10,コラム,columns
https://schoolwith.me/columns/author/100,コラム,columns
https://schoolwith.me/columns/author/101,コラム,columns
https://schoolwith.me/columns/author/102,コラム,columns
https://schoolwith.me/columns/author/103,コラム,columns
https://schoolwith.me/columns/author/104,コラム,columns
https://schoolwith.me/columns/author/105,コラム,columns
https://schoolwith.me/columns/author/106,コラム,columns
https://schoolwith.me/columns/author/107,コラム,columns
https://schoolwith.me/columns/author/108,コラム,columns
https://schoolwith.me/columns/author/109,コラム,columns
https://schoolwith.me/columns/author/11,コラム,columns
https://schoolwith.me/columns/author/110,コラム,columns
https://schoolwith.me/columns/author/111,コラム,columns
https://schoolwith.me/columns/author/112,コラム,columns
https://schoolwith.me/columns/author/113,コラム,columns
https://schoolwith.me/columns/author/114,コラム,columns
https://schoolwith.me/columns/author/115,コラム,columns
https://schoolwith.me/columns/author/116,コラム,columns
https://schoolwith.me/columns/author/117,コラム,columns
https://schoolwith.me/columns/author/118,コラム,columns
https://schoolwith.me/columns/author/119,コラム,columns
https://schoolwith.me/columns/author/12,コラム,columns
https://schoolwith.me/columns/author/120,コラム,columns
https://schoolwith.me/columns/author/121,コラム,columns
https://schoolwith.me/columns/author/122,コラム,columns
https://schoolwith.me/columns/author/123,コラム,columns
https://schoolwith.me/columns/author/124,コラム,columns
https://schoolwith.me/columns/author/125,コラム,columns
https://schoolwith.me/columns/author/126,コラム,columns
https://schoolwith.me/columns/author/127,コラム,columns
https://schoolwith.me/columns/author/128,コラム,columns
https://schoolwith.me/columns/author/129,コラム,columns
https://schoolwith.me/columns/author/13,コラム,columns
https://schoolwith.me/columns/author/130,コラム,columns
https://schoolwith.me/columns/author/131,コラム,columns
https://schoolwith.me/columns/author/132,コラム,columns
https://schoolwith.me/columns/author/133,コラム,columns
https://schoolwith.me/columns/author/134,コラム,columns
https://schoolwith.me/columns/author/135,コラム,columns
https://schoolwith.me/columns/author/136,コラム,columns
https://schoolwith.me/columns/author/137,コラム,columns
https://schoolwith.me/columns/author/138,コラム,columns
https://schoolwith.me/columns/author/139,コラム,columns
https://schoolwith.me/columns/author/14,コラム,columns
https://schoolwith.me/columns/author/140,コラム,columns
https://schoolwith.me/columns/author/141,コラム,columns
https://schoolwith.me/columns/author/142,コラム,columns
https://schoolwith.me/columns/author/143,コラム,columns
https://schoolwith.me/columns/author/144,コラム,columns
https://schoolwith.me/columns/author/145,コラム,columns
https://schoolwith.me/columns/author/146,コラム,columns
https://schoolwith.me/columns/author/147,コラム,columns
https://schoolwith.me/columns/author/148,コラム,columns
https://schoolwith.me/columns/author/149,コラム,columns
https://schoolwith.me/columns/author/15,コラム,columns
https://schoolwith.me/columns/author/150,コラム,columns
https://schoolwith.me/columns/author/151,コラム,columns
https://schoolwith.me/columns/author/152,コラム,columns
https://schoolwith.me/columns/author/153,コラム,columns
https://schoolwith.me/columns/author/154,コラム,columns
https://schoolwith.me/columns/author/155,コラム,columns
https://schoolwith.me/columns/author/156,コラム,columns
https://schoolwith.me/columns/author/157,コラム,columns
https://schoolwith.me/columns/author/158,コラム,columns
https://schoolwith.me/columns/author/159,コラム,columns
https://schoolwith.me/columns/author/16,コラム,columns
https://schoolwith.me/columns/author/160,コラム,columns
https://schoolwith.me/columns/author/161,コラム,columns
https://schoolwith.me/columns/author/162,コラム,columns
https://schoolwith.me/columns/author/163,コラム,columns
https://schoolwith.me/columns/author/164,コラム,columns
https://schoolwith.me/columns/author/165,コラム,columns
https://schoolwith.me/columns/author/166,コラム,columns
https://schoolwith.me/columns/author/167,コラム,columns
https://schoolwith.me/columns/author/168,コラム,columns
https://schoolwith.me/columns/author/169,コラム,columns
https://schoolwith.me/columns/author/17,コラム,columns
https://schoolwith.me/columns/author/170,コラム,columns
https://schoolwith.me/columns/author/171,コラム,columns
https://schoolwith.me/columns/author/172,コラム,columns
https://schoolwith.me/columns/author/173,コラム,columns
https://schoolwith.me/columns/author/174,コラム,columns
https://schoolwith.me/columns/author/175,コラム,columns
https://schoolwith.me/columns/author/176,コラム,columns
https://schoolwith.me/columns/author/177,コラム,columns
https://schoolwith.me/columns/author/178,コラム,columns
https://schoolwith.me/columns/author/179,コラム,columns
https://schoolwith.me/columns/author/18,コラム,columns
https://schoolwith.me/columns/author/180,コラム,columns
https://schoolwith.me/columns/author/181,コラム,columns
https://schoolwith.me/columns/author/182,コラム,columns
https://schoolwith.me/columns/author/183,コラム,columns
https://schoolwith.me/columns/author/184,コラム,columns
https://schoolwith.me/columns/author/185,コラム,columns
https://schoolwith.me/columns/author/186,コラム,columns
https://schoolwith.me/columns/author/187,コラム,columns
https://schoolwith.me/columns/author/188,コラム,columns
https://schoolwith.me/columns/author/189,コラム,columns
https://schoolwith.me/columns/author/19,コラム,columns
https://schoolwith.me/columns/author/190,コラム,columns
https://schoolwith.me/columns/author/191,コラム,columns
https://schoolwith.me/columns/author/192,コラム,columns
https://schoolwith.me/columns/author/193,コラム,columns
https://schoolwith.me/columns/author/194,コラム,columns
https://schoolwith.me/columns/author/195,コラム,columns
https://schoolwith.me/columns/author/196,コラム,columns
https://schoolwith.me/columns/author/197,コラム,columns
https://schoolwith.me/columns/author/198,コラム,columns
https://schoolwith.me/columns/author/199,コラム,columns
https://schoolwith.me/columns/author/2,コラム,columns
https://schoolwith.me/columns/author/20,コラム,columns
https://schoolwith.me/columns/author/200,コラム,columns
https://schoolwith.me/columns/author/201,コラム,columns
https://schoolwith.me/columns/author/202,コラム,columns
https://schoolwith.me/columns/author/203,コラム,columns
https://schoolwith.me/columns/author/204,コラム,columns
https://schoolwith.me/columns/author/205,コラム,columns
https://schoolwith.me/columns/author/206,コラム,columns
https://schoolwith.me/columns/author/207,コラム,columns
https://schoolwith.me/columns/author/208,コラム,columns
https://schoolwith.me/columns/author/209,コラム,columns
https://schoolwith.me/columns/author/21,コラム,columns
https://schoolwith.me/columns/author/210,コラム,columns
https://schoolwith.me/columns/author/211,コラム,columns
https://schoolwith.me/columns/author/212,コラム,columns
https://schoolwith.me/columns/author/213,コラム,columns
https://schoolwith.me/columns/author/214,コラム,columns
https://schoolwith.me/columns/author/215,コラム,columns
https://schoolwith.me/columns/author/216,コラム,columns
https://schoolwith.me/columns/author/217,コラム,columns
https://schoolwith.me/columns/author/218,コラム,columns
https://schoolwith.me/columns/author/219,コラム,columns
https://schoolwith.me/columns/author/22,コラム,columns
https://schoolwith.me/columns/author/220,コラム,columns
https://schoolwith.me/columns/author/221,コラム,columns
https://schoolwith.me/columns/author/222,コラム,columns
https://schoolwith.me/columns/author/223,コラム,columns
https://schoolwith.me/columns/author/224,コラム,columns
https://schoolwith.me/columns/author/225,コラム,columns
https://schoolwith.me/columns/author/226,コラム,columns
https://schoolwith.me/columns/author/227,コラム,columns
https://schoolwith.me/columns/author/228,コラム,columns
https://schoolwith.me/columns/author/229,コラム,columns
https://schoolwith.me/columns/author/23,コラム,columns
https://schoolwith.me/columns/author/230,コラム,columns
https://schoolwith.me/columns/author/231,コラム,columns
https://schoolwith.me/columns/author/232,コラム,columns
https://schoolwith.me/columns/author/233,コラム,columns
https://schoolwith.me/columns/author/234,コラム,columns
https://schoolwith.me/columns/author/235,コラム,columns
https://schoolwith.me/columns/author/236,コラム,columns
https://schoolwith.me/columns/author/237,コラム,columns
https://schoolwith.me/columns/author/238,コラム,columns
https://schoolwith.me/columns/author/239,コラム,columns
https://schoolwith.me/columns/author/24,コラム,columns
https://schoolwith.me/columns/author/240,コラム,columns
https://schoolwith.me/columns/author/241,コラム,columns
https://schoolwith.me/columns/author/242,コラム,columns
https://schoolwith.me/columns/author/243,コラム,columns
https://schoolwith.me/columns/author/244,コラム,columns
https://schoolwith.me/columns/author/245,コラム,columns
https://schoolwith.me/columns/author/246,コラム,columns
https://schoolwith.me/columns/author/247,コラム,columns
https://schoolwith.me/columns/author/248,コラム,columns
https://schoolwith.me/columns/author/249,コラム,columns
https://schoolwith.me/columns/author/25,コラム,columns
https://schoolwith.me/columns/author/250,コラム,columns
https://schoolwith.me/columns/author/251,コラム,columns
https://schoolwith.me/columns/author/252,コラム,columns
https://schoolwith.me/columns/author/253,コラム,columns
https://schoolwith.me/columns/author/254,コラム,columns
https://schoolwith.me/columns/author/255,コラム,columns
https://schoolwith.me/columns/author/256,コラム,columns
https://schoolwith.me/columns/author/257,コラム,columns
https://schoolwith.me/columns/author/258,コラム,columns
https://schoolwith.me/columns/author/259,コラム,columns
https://schoolwith.me/columns/author/26,コラム,columns
https://schoolwith.me/columns/author/260,コラム,columns
https://schoolwith.me/columns/author/261,コラム,columns
https://schoolwith.me/columns/author/262,コラム,columns
https://schoolwith.me/columns/author/263,コラム,columns
https://schoolwith.me/columns/author/264,コラム,columns
https://schoolwith.me/columns/author/265,コラム,columns
https://schoolwith.me/columns/author/266,コラム,columns
https://schoolwith.me/columns/author/267,コラム,columns
https://schoolwith.me/columns/author/268,コラム,columns
https://schoolwith.me/columns/author/269,コラム,columns
https://schoolwith.me/columns/author/27,コラム,columns
https://schoolwith.me/columns/author/270,コラム,columns
https://schoolwith.me/columns/author/271,コラム,columns
https://schoolwith.me/columns/author/272,コラム,columns
https://schoolwith.me/columns/author/273,コラム,columns
https://schoolwith.me/columns/author/28,コラム,columns
https://schoolwith.me/columns/author/29,コラム,columns
https://schoolwith.me/columns/author/3,コラム,columns
https://schoolwith.me/columns/author/30,コラム,columns
https://schoolwith.me/columns/author/31,コラム,columns
https://schoolwith.me/columns/author/32,コラム,columns
https://schoolwith.me/columns/author/33,コラム,columns
https://schoolwith.me/columns/author/34,コラム,columns
https://schoolwith.me/columns/author/35,コラム,columns
https://schoolwith.me/columns/author/36,コラム,columns
https://schoolwith.me/columns/author/37,コラム,columns
https://schoolwith.me/columns/author/38,コラム,columns
https://schoolwith.me/columns/author/39,コラム,columns
https://schoolwith.me/columns/author/4,コラム,columns
https://schoolwith.me/columns/author/40,コラム,columns
https://schoolwith.me/columns/author/41,コラム,columns
https://schoolwith.me/columns/author/42,コラム,columns
https://schoolwith.me/columns/author/43,コラム,columns
https://schoolwith.me/columns/author/44,コラム,columns
https://schoolwith.me/columns/author/45,コラム,columns
https://schoolwith.me/columns/author/46,コラム,columns
https://schoolwith.me/columns/author/47,コラム,columns
https://schoolwith.me/columns/author/48,コラム,columns
https://schoolwith.me/columns/author/49,コラム,columns
https://schoolwith.me/columns/author/5,コラム,columns
https://schoolwith.me/columns/author/50,コラム,columns
https://schoolwith.me/columns/author/51,コラム,columns
https://schoolwith.me/columns/author/52,コラム,columns
https://schoolwith.me/columns/author/53,コラム,columns
https://schoolwith.me/columns/author/54,コラム,columns
https://schoolwith.me/columns/author/55,コラム,columns
https://schoolwith.me/columns/author/56,コラム,columns
https://schoolwith.me/columns/author/57,コラム,columns
https://schoolwith.me/columns/author/58,コラム,columns
https://schoolwith.me/columns/author/59,コラム,columns
https://schoolwith.me/columns/author/6,コラム,columns
https://schoolwith.me/columns/author/60,コラム,columns
https://schoolwith.me/columns/author/61,コラム,columns
https://schoolwith.me/columns/author/62,コラム,columns
https://schoolwith.me/columns/author/63,コラム,columns
https://schoolwith.me/columns/author/64,コラム,columns
https://schoolwith.me/columns/author/65,コラム,columns
https://schoolwith.me/columns/author/66,コラム,columns
https://schoolwith.me/columns/author/67,コラム,columns
https://schoolwith.me/columns/author/68,コラム,columns
https://schoolwith.me/columns/author/69,コラム,columns
https://schoolwith.me/columns/author/7,コラム,columns
https://schoolwith.me/columns/author/70,コラム,columns
https://schoolwith.me/columns/author/71,コラム,columns
https://schoolwith.me/columns/author/72,コラム,columns
https://schoolwith.me/columns/author/73,コラム,columns
https://schoolwith.me/columns/author/74,コラム,columns
https://schoolwith.me/columns/author/75,コラム,columns
https://schoolwith.me/columns/author/76,コラム,columns
https://schoolwith.me/columns/author/77,コラム,columns
https://schoolwith.me/columns/author/78,コラム,columns
https://schoolwith.me/columns/author/79,コラム,columns
https://schoolwith.me/columns/author/8,コラム,columns
https://schoolwith.me/columns/author/80,コラム,columns
https://schoolwith.me/columns/author/81,コラム,columns
https://schoolwith.me/columns/author/82,コラム,columns
https://schoolwith.me/columns/author/83,コラム,columns
https://schoolwith.me/columns/author/84,コラム,columns
https://schoolwith.me/columns/author/85,コラム,columns
https://schoolwith.me/columns/author/86,コラム,columns
https://schoolwith.me/columns/author/87,コラム,columns
https://schoolwith.me/columns/author/88,コラム,columns
https://schoolwith.me/columns/author/89,コラム,columns
https://schoolwith.me/columns/author/9,コラム,columns
https://schoolwith.me/columns/author/90,コラム,columns
https://schoolwith.me/columns/author/91,コラム,columns
https://schoolwith.me/columns/author/92,コラム,columns
https://schoolwith.me/columns/author/93,コラム,columns
https://schoolwith.me/columns/author/94,コラム,columns
https://schoolwith.me/columns/author/95,コラム,columns
https://schoolwith.me/columns/author/96,コラム,columns
https://schoolwith.me/columns/author/97,コラム,columns
https://schoolwith.me/columns/author/98,コラム,columns
https://schoolwith.me/columns/author/99,コラム,columns
https://schoolwith.me/columns/category/1,コラム,columns
https://schoolwith.me/columns/category/11,コラム,columns
https://schoolwith.me/columns/category/12,コラム,columns
https://schoolwith.me/columns/category/14,コラム,columns
https://schoolwith.me/columns/category/15,コラム,columns
https://schoolwith.me/columns/category/2,コラム,columns
https://schoolwith.me/columns/category/3,コラム,columns
https://schoolwith.me/columns/category/6,コラム,columns
https://schoolwith.me/columns/category/8,コラム,columns
https://schoolwith.me/columns/category/9,コラム,columns
https://schoolwith.me/columns/country/1,コラム,columns
https://schoolwith.me/columns/country/2,コラム,columns
https://schoolwith.me/columns/country/3,コラム,columns
https://schoolwith.me/columns/country/4,コラム,columns
https://schoolwith.me/columns/country/5,コラム,columns
https://schoolwith.me/columns/country/6,コラム,columns
https://schoolwith.me/columns/country/7,コラム,columns
https://schoolwith.me/columns/country/8,コラム,columns
https://schoolwith.me/columns/writer,コラム,columns
https://schoolwith.me/company,その他,top_other
https://schoolwith.me/contacts,その他,contacts
https://schoolwith.me/contacts/business,その他,contacts
https://schoolwith.me/contacts/customer,その他,contacts
https://schoolwith.me/counsel/register,その他,top_other
https://schoolwith.me/countries,その他,top_other
https://schoolwith.me/countries/AE,国,ae
https://schoolwith.me/countries/AE/feature,国,ae
https://schoolwith.me/countries/AE/spots,国,ae
https://schoolwith.me/countries/AE/types/short_term,国,types1
https://schoolwith.me/countries/AU,国,au
https://schoolwith.me/countries/AU/areas,国,au
https://schoolwith.me/countries/AU/baggage,国,au
https://schoolwith.me/countries/AU/basic_information,国,au
https://schoolwith.me/countries/AU/climate,国,au
https://schoolwith.me/countries/AU/course,国,au
https://schoolwith.me/countries/AU/currency_exchange,国,au
https://schoolwith.me/countries/AU/english,国,au
https://schoolwith.me/countries/AU/expenses_all,国,au
https://schoolwith.me/countries/AU/failure,国,au
https://schoolwith.me/countries/AU/feature,国,au
https://schoolwith.me/countries/AU/flight,国,au
https://schoolwith.me/countries/AU/holiday,国,au
https://schoolwith.me/countries/AU/life,国,au
https://schoolwith.me/countries/AU/planning,国,au
https://schoolwith.me/countries/AU/prepare,国,au
https://schoolwith.me/countries/AU/safety,国,au
https://schoolwith.me/countries/AU/schedule,国,au
https://schoolwith.me/countries/AU/spots,国,au
https://schoolwith.me/countries/AU/stay,国,au
https://schoolwith.me/countries/AU/visa,国,au
https://schoolwith.me/countries/CA,国,ca
https://schoolwith.me/countries/CA/activity,国,ca
https://schoolwith.me/countries/CA/areas,国,ca
https://schoolwith.me/countries/CA/baggage,国,ca
https://schoolwith.me/countries/CA/basic_information,国,ca
https://schoolwith.me/countries/CA/climate,国,ca
https://schoolwith.me/countries/CA/course,国,ca
https://schoolwith.me/countries/CA/currency_exchange,国,ca
https://schoolwith.me/countries/CA/english,国,ca
https://schoolwith.me/countries/CA/expenses,国,ca
https://schoolwith.me/countries/CA/expenses_1week,国,ca
https://schoolwith.me/countries/CA/expenses_1year,国,ca
https://schoolwith.me/countries/CA/expenses_2month,国,ca
https://schoolwith.me/countries/CA/expenses_2week,国,ca
https://schoolwith.me/countries/CA/expenses_3month,国,ca
https://schoolwith.me/countries/CA/expenses_3week,国,ca
https://schoolwith.me/countries/CA/expenses_6month,国,ca
https://schoolwith.me/countries/CA/expenses_all,国,ca
https://schoolwith.me/countries/CA/failure,国,ca
https://schoolwith.me/countries/CA/feature,国,ca
https://schoolwith.me/countries/CA/flight,国,ca
https://schoolwith.me/countries/CA/holiday,国,ca
https://schoolwith.me/countries/CA/life,国,ca
https://schoolwith.me/countries/CA/planning,国,ca
https://schoolwith.me/countries/CA/prepare,国,ca
https://schoolwith.me/countries/CA/safety,国,ca
https://schoolwith.me/countries/CA/schedule,国,ca
https://schoolwith.me/countries/CA/spots,国,ca
https://schoolwith.me/countries/CA/stay,国,ca
https://schoolwith.me/countries/CA/visa,国,ca
https://schoolwith.me/countries/FJ,国,fj
https://schoolwith.me/countries/FJ/feature,国,fj
https://schoolwith.me/countries/FJ/spots,国,fj
https://schoolwith.me/countries/HK,国,hk
https://schoolwith.me/countries/HK/feature,国,hk
https://schoolwith.me/countries/HK/spots,国,hk
https://schoolwith.me/countries/ID,国,id
https://schoolwith.me/countries/ID/feature,国,id
https://schoolwith.me/countries/ID/spots,国,id
https://schoolwith.me/countries/IE,国,ie
https://schoolwith.me/countries/IE/areas,国,ie
https://schoolwith.me/countries/IE/baggage,国,ie
https://schoolwith.me/countries/IE/basic_information,国,ie
https://schoolwith.me/countries/IE/climate,国,ie
https://schoolwith.me/countries/IE/course,国,ie
https://schoolwith.me/countries/IE/currency_exchange,国,ie
https://schoolwith.me/countries/IE/english,国,ie
https://schoolwith.me/countries/IE/expenses,国,ie
https://schoolwith.me/countries/IE/expenses_1week,国,ie
https://schoolwith.me/countries/IE/expenses_1year,国,ie
https://schoolwith.me/countries/IE/expenses_2month,国,ie
https://schoolwith.me/countries/IE/expenses_2week,国,ie
https://schoolwith.me/countries/IE/expenses_3month,国,ie
https://schoolwith.me/countries/IE/expenses_3week,国,ie
https://schoolwith.me/countries/IE/expenses_6month,国,ie
https://schoolwith.me/countries/IE/expenses_all,国,ie
https://schoolwith.me/countries/IE/failure,国,ie
https://schoolwith.me/countries/IE/feature,国,ie
https://schoolwith.me/countries/IE/flight,国,ie
https://schoolwith.me/countries/IE/holiday,国,ie
https://schoolwith.me/countries/IE/life,国,ie
https://schoolwith.me/countries/IE/planning,国,ie
https://schoolwith.me/countries/IE/prepare,国,ie
https://schoolwith.me/countries/IE/safety,国,ie
https://schoolwith.me/countries/IE/schedule,国,ie
https://schoolwith.me/countries/IE/spots,国,ie
https://schoolwith.me/countries/IE/stay,国,ie
https://schoolwith.me/countries/IE/visa,国,ie
https://schoolwith.me/countries/IN,国,in
https://schoolwith.me/countries/IN/feature,国,in
https://schoolwith.me/countries/IN/spots,国,in
https://schoolwith.me/countries/MT,国,mt
https://schoolwith.me/countries/MT/areas,国,mt
https://schoolwith.me/countries/MT/baggage,国,mt
https://schoolwith.me/countries/MT/basic_information,国,mt
https://schoolwith.me/countries/MT/climate,国,mt
https://schoolwith.me/countries/MT/course,国,mt
https://schoolwith.me/countries/MT/currency_exchange,国,mt
https://schoolwith.me/countries/MT/district,国,mt
https://schoolwith.me/countries/MT/english,国,mt
https://schoolwith.me/countries/MT/expenses_3month,国,mt
https://schoolwith.me/countries/MT/expenses_all,国,mt
https://schoolwith.me/countries/MT/feature,国,mt
https://schoolwith.me/countries/MT/flight,国,mt
https://schoolwith.me/countries/MT/holiday,国,mt
https://schoolwith.me/countries/MT/life,国,mt
https://schoolwith.me/countries/MT/planning,国,mt
https://schoolwith.me/countries/MT/prepare,国,mt
https://schoolwith.me/countries/MT/safety,国,mt
https://schoolwith.me/countries/MT/schedule,国,mt
https://schoolwith.me/countries/MT/spots,国,mt
https://schoolwith.me/countries/MT/stay,国,mt
https://schoolwith.me/countries/MT/transport,国,mt
https://schoolwith.me/countries/MT/visa,国,mt
https://schoolwith.me/countries/MY,国,my
https://schoolwith.me/countries/MY/feature,国,my
https://schoolwith.me/countries/MY/spots,国,my
https://schoolwith.me/countries/NZ,国,nz
https://schoolwith.me/countries/NZ/activity,国,nz
https://schoolwith.me/countries/NZ/areas,国,nz
https://schoolwith.me/countries/NZ/baggage,国,nz
https://schoolwith.me/countries/NZ/basic_information,国,nz
https://schoolwith.me/countries/NZ/climate,国,nz
https://schoolwith.me/countries/NZ/course,国,nz
https://schoolwith.me/countries/NZ/currency_exchange,国,nz
https://schoolwith.me/countries/NZ/english,国,nz
https://schoolwith.me/countries/NZ/expenses,国,nz
https://schoolwith.me/countries/NZ/expenses_1week,国,nz
https://schoolwith.me/countries/NZ/expenses_1year,国,nz
https://schoolwith.me/countries/NZ/expenses_2month,国,nz
https://schoolwith.me/countries/NZ/expenses_2week,国,nz
https://schoolwith.me/countries/NZ/expenses_3month,国,nz
https://schoolwith.me/countries/NZ/expenses_3week,国,nz
https://schoolwith.me/countries/NZ/expenses_6month,国,nz
https://schoolwith.me/countries/NZ/expenses_all,国,nz
https://schoolwith.me/countries/NZ/failure,国,nz
https://schoolwith.me/countries/NZ/feature,国,nz
https://schoolwith.me/countries/NZ/flight,国,nz
https://schoolwith.me/countries/NZ/holiday,国,nz
https://schoolwith.me/countries/NZ/life,国,nz
https://schoolwith.me/countries/NZ/planning,国,nz
https://schoolwith.me/countries/NZ/prepare,国,nz
https://schoolwith.me/countries/NZ/safety,国,nz
https://schoolwith.me/countries/NZ/schedule,国,nz
https://schoolwith.me/countries/NZ/spots,国,nz
https://schoolwith.me/countries/NZ/stay,国,nz
https://schoolwith.me/countries/NZ/visa,国,nz
https://schoolwith.me/countries/PH,国,ph
https://schoolwith.me/countries/PH/areas,国,ph
https://schoolwith.me/countries/PH/baggage,国,ph
https://schoolwith.me/countries/PH/basic_information,国,ph
https://schoolwith.me/countries/PH/climate,国,ph
https://schoolwith.me/countries/PH/course,国,ph
https://schoolwith.me/countries/PH/currency_exchange,国,ph
https://schoolwith.me/countries/PH/english,国,ph
https://schoolwith.me/countries/PH/expenses,国,ph
https://schoolwith.me/countries/PH/expenses_1week,国,ph
https://schoolwith.me/countries/PH/expenses_1year,国,ph
https://schoolwith.me/countries/PH/expenses_2month,国,ph
https://schoolwith.me/countries/PH/expenses_2week,国,ph
https://schoolwith.me/countries/PH/expenses_3month,国,ph
https://schoolwith.me/countries/PH/expenses_3week,国,ph
https://schoolwith.me/countries/PH/expenses_6month,国,ph
https://schoolwith.me/countries/PH/expenses_all,国,ph
https://schoolwith.me/countries/PH/failure,国,ph
https://schoolwith.me/countries/PH/feature,国,ph
https://schoolwith.me/countries/PH/flight,国,ph
https://schoolwith.me/countries/PH/holiday,国,ph
https://schoolwith.me/countries/PH/life,国,ph
https://schoolwith.me/countries/PH/planning,国,ph
https://schoolwith.me/countries/PH/prepare,国,ph
https://schoolwith.me/countries/PH/safety,国,ph
https://schoolwith.me/countries/PH/schedule,国,ph
https://schoolwith.me/countries/PH/spots,国,ph
https://schoolwith.me/countries/PH/stay,国,ph
https://schoolwith.me/countries/PH/visa,国,ph
https://schoolwith.me/countries/SG,国,sg
https://schoolwith.me/countries/SG/feature,国,sg
https://schoolwith.me/countries/SG/spots,国,sg
https://schoolwith.me/countries/UK,国,uk
https://schoolwith.me/countries/UK/activity,国,uk
https://schoolwith.me/countries/UK/areas,国,uk
https://schoolwith.me/countries/UK/baggage,国,uk
https://schoolwith.me/countries/UK/basic_information,国,uk
https://schoolwith.me/countries/UK/climate,国,uk
https://schoolwith.me/countries/UK/course,国,uk
https://schoolwith.me/countries/UK/currency_exchange,国,uk
https://schoolwith.me/countries/UK/english,国,uk
https://schoolwith.me/countries/UK/expenses,国,uk
https://schoolwith.me/countries/UK/expenses_1week,国,uk
https://schoolwith.me/countries/UK/expenses_1year,国,uk
https://schoolwith.me/countries/UK/expenses_2month,国,uk
https://schoolwith.me/countries/UK/expenses_2week,国,uk
https://schoolwith.me/countries/UK/expenses_3month,国,uk
https://schoolwith.me/countries/UK/expenses_3week,国,uk
https://schoolwith.me/countries/UK/expenses_6month,国,uk
https://schoolwith.me/countries/UK/expenses_all,国,uk
https://schoolwith.me/countries/UK/failure,国,uk
https://schoolwith.me/countries/UK/feature,国,uk
https://schoolwith.me/countries/UK/flight,国,uk
https://schoolwith.me/countries/UK/holiday,国,uk
https://schoolwith.me/countries/UK/life,国,uk
https://schoolwith.me/countries/UK/planning,国,uk
https://schoolwith.me/countries/UK/prepare,国,uk
https://schoolwith.me/countries/UK/safety,国,uk
https://schoolwith.me/countries/UK/schedule,国,uk
https://schoolwith.me/countries/UK/spots,国,uk
https://schoolwith.me/countries/UK/stay,国,uk
https://schoolwith.me/countries/UK/visa,国,uk
https://schoolwith.me/countries/US,国,us
https://schoolwith.me/countries/US/activity,国,us
https://schoolwith.me/countries/US/areas,国,us
https://schoolwith.me/countries/US/baggage,国,us
https://schoolwith.me/countries/US/basic_information,国,us
https://schoolwith.me/countries/US/climate,国,us
https://schoolwith.me/countries/US/course,国,us
https://schoolwith.me/countries/US/currency_exchange,国,us
https://schoolwith.me/countries/US/english,国,us
https://schoolwith.me/countries/US/expenses,国,us
https://schoolwith.me/countries/US/expenses_1week,国,us
https://schoolwith.me/countries/US/expenses_1year,国,us
https://schoolwith.me/countries/US/expenses_2month,国,us
https://schoolwith.me/countries/US/expenses_2week,国,us
https://schoolwith.me/countries/US/expenses_3month,国,us
https://schoolwith.me/countries/US/expenses_3week,国,us
https://schoolwith.me/countries/US/expenses_6month,国,us
https://schoolwith.me/countries/US/expenses_all,国,us
https://schoolwith.me/countries/US/failure,国,us
https://schoolwith.me/countries/US/feature,国,us
https://schoolwith.me/countries/US/flight,国,us
https://schoolwith.me/countries/US/holiday,国,us
https://schoolwith.me/countries/US/life,国,us
https://schoolwith.me/countries/US/planning,国,us
https://schoolwith.me/countries/US/prepare,国,us
https://schoolwith.me/countries/US/safety,国,us
https://schoolwith.me/countries/US/schedule,国,us
https://schoolwith.me/countries/US/spots,国,us
https://schoolwith.me/countries/US/stay,国,us
https://schoolwith.me/countries/US/visa,国,us
https://schoolwith.me/countries/ZA,国,za
https://schoolwith.me/countries/ZA/feature,国,za
https://schoolwith.me/countries/ZA/spots,国,za
https://schoolwith.me/countries/school/AU,国,au
https://schoolwith.me/countries/school/CA,国,ca
https://schoolwith.me/countries/school/FJ,国,fj
https://schoolwith.me/countries/school/ID,国,id
https://schoolwith.me/countries/school/IE,国,ie
https://schoolwith.me/countries/school/MT,国,mt
https://schoolwith.me/countries/school/NZ,国,nz
https://schoolwith.me/countries/school/PH,国,ph
https://schoolwith.me/countries/school/SG,国,sg
https://schoolwith.me/countries/school/UK,国,uk
https://schoolwith.me/countries/school/US,国,us
https://schoolwith.me/countries/school/ZA,国,za
https://schoolwith.me/departure_steps,その他,top_other
https://schoolwith.me/english,その他,top_other
https://schoolwith.me/expenses_studyabroad,その他,top_other
https://schoolwith.me/file/au_baggage.pdf,その他,top_other
https://schoolwith.me/file/ca_baggage.pdf,その他,top_other
https://schoolwith.me/file/english_schedule_table.pdf,その他,top_other
https://schoolwith.me/file/ie_baggage.pdf,その他,top_other
https://schoolwith.me/file/mt_baggage.pdf,その他,top_other
https://schoolwith.me/file/nz_baggage.pdf,その他,top_other
https://schoolwith.me/file/ph_baggage.pdf,その他,top_other
https://schoolwith.me/file/uk_baggage.pdf,その他,top_other
https://schoolwith.me/file/us_baggage.pdf,その他,top_other
https://schoolwith.me/forschools,その他,top_other
https://schoolwith.me/guideline,その他,top_other
https://schoolwith.me/help,ヘルプ,help
https://schoolwith.me/help/1,ヘルプ,help
https://schoolwith.me/help/10,ヘルプ,help
https://schoolwith.me/help/100,ヘルプ,help
https://schoolwith.me/help/101,ヘルプ,help
https://schoolwith.me/help/102,ヘルプ,help
https://schoolwith.me/help/103,ヘルプ,help
https://schoolwith.me/help/104,ヘルプ,help
https://schoolwith.me/help/105,ヘルプ,help
https://schoolwith.me/help/106,ヘルプ,help
https://schoolwith.me/help/107,ヘルプ,help
https://schoolwith.me/help/108,ヘルプ,help
https://schoolwith.me/help/109,ヘルプ,help
https://schoolwith.me/help/11,ヘルプ,help
https://schoolwith.me/help/110,ヘルプ,help
https://schoolwith.me/help/111,ヘルプ,help
https://schoolwith.me/help/112,ヘルプ,help
https://schoolwith.me/help/113,ヘルプ,help
https://schoolwith.me/help/114,ヘルプ,help
https://schoolwith.me/help/115,ヘルプ,help
https://schoolwith.me/help/116,ヘルプ,help
https://schoolwith.me/help/117,ヘルプ,help
https://schoolwith.me/help/118,ヘルプ,help
https://schoolwith.me/help/12,ヘルプ,help
https://schoolwith.me/help/120,ヘルプ,help
https://schoolwith.me/help/121,ヘルプ,help
https://schoolwith.me/help/123,ヘルプ,help
https://schoolwith.me/help/13,ヘルプ,help
https://schoolwith.me/help/130,ヘルプ,help
https://schoolwith.me/help/131,ヘルプ,help
https://schoolwith.me/help/132,ヘルプ,help
https://schoolwith.me/help/133,ヘルプ,help
https://schoolwith.me/help/134,ヘルプ,help
https://schoolwith.me/help/135,ヘルプ,help
https://schoolwith.me/help/136,ヘルプ,help
https://schoolwith.me/help/137,ヘルプ,help
https://schoolwith.me/help/138,ヘルプ,help
https://schoolwith.me/help/139,ヘルプ,help
https://schoolwith.me/help/14,ヘルプ,help
https://schoolwith.me/help/140,ヘルプ,help
https://schoolwith.me/help/141,ヘルプ,help
https://schoolwith.me/help/142,ヘルプ,help
https://schoolwith.me/help/143,ヘルプ,help
https://schoolwith.me/help/144,ヘルプ,help
https://schoolwith.me/help/145,ヘルプ,help
https://schoolwith.me/help/146,ヘルプ,help
https://schoolwith.me/help/147,ヘルプ,help
https://schoolwith.me/help/148,ヘルプ,help
https://schoolwith.me/help/149,ヘルプ,help
https://schoolwith.me/help/15,ヘルプ,help
https://schoolwith.me/help/150,ヘルプ,help
https://schoolwith.me/help/151,ヘルプ,help
https://schoolwith.me/help/152,ヘルプ,help
https://schoolwith.me/help/154,ヘルプ,help
https://schoolwith.me/help/155,ヘルプ,help
https://schoolwith.me/help/156,ヘルプ,help
https://schoolwith.me/help/157,ヘルプ,help
https://schoolwith.me/help/158,ヘルプ,help
https://schoolwith.me/help/159,ヘルプ,help
https://schoolwith.me/help/16,ヘルプ,help
https://schoolwith.me/help/160,ヘルプ,help
https://schoolwith.me/help/161,ヘルプ,help
https://schoolwith.me/help/162,ヘルプ,help
https://schoolwith.me/help/163,ヘルプ,help
https://schoolwith.me/help/164,ヘルプ,help
https://schoolwith.me/help/165,ヘルプ,help
https://schoolwith.me/help/166,ヘルプ,help
https://schoolwith.me/help/167,ヘルプ,help
https://schoolwith.me/help/168,ヘルプ,help
https://schoolwith.me/help/169,ヘルプ,help
https://schoolwith.me/help/17,ヘルプ,help
https://schoolwith.me/help/170,ヘルプ,help
https://schoolwith.me/help/171,ヘルプ,help
https://schoolwith.me/help/172,ヘルプ,help
https://schoolwith.me/help/173,ヘルプ,help
https://schoolwith.me/help/174,ヘルプ,help
https://schoolwith.me/help/175,ヘルプ,help
https://schoolwith.me/help/176,ヘルプ,help
https://schoolwith.me/help/177,ヘルプ,help
https://schoolwith.me/help/178,ヘルプ,help
https://schoolwith.me/help/179,ヘルプ,help
https://schoolwith.me/help/18,ヘルプ,help
https://schoolwith.me/help/180,ヘルプ,help
https://schoolwith.me/help/181,ヘルプ,help
https://schoolwith.me/help/182,ヘルプ,help
https://schoolwith.me/help/183,ヘルプ,help
https://schoolwith.me/help/184,ヘルプ,help
https://schoolwith.me/help/185,ヘルプ,help
https://schoolwith.me/help/186,ヘルプ,help
https://schoolwith.me/help/187,ヘルプ,help
https://schoolwith.me/help/189,ヘルプ,help
https://schoolwith.me/help/19,ヘルプ,help
https://schoolwith.me/help/190,ヘルプ,help
https://schoolwith.me/help/191,ヘルプ,help
https://schoolwith.me/help/192,ヘルプ,help
https://schoolwith.me/help/193,ヘルプ,help
https://schoolwith.me/help/194,ヘルプ,help
https://schoolwith.me/help/195,ヘルプ,help
https://schoolwith.me/help/196,ヘルプ,help
https://schoolwith.me/help/197,ヘルプ,help
https://schoolwith.me/help/198,ヘルプ,help
https://schoolwith.me/help/199,ヘルプ,help
https://schoolwith.me/help/2,ヘルプ,help
https://schoolwith.me/help/20,ヘルプ,help
https://schoolwith.me/help/200,ヘルプ,help
https://schoolwith.me/help/201,ヘルプ,help
https://schoolwith.me/help/202,ヘルプ,help
https://schoolwith.me/help/204,ヘルプ,help
https://schoolwith.me/help/205,ヘルプ,help
https://schoolwith.me/help/206,ヘルプ,help
https://schoolwith.me/help/207,ヘルプ,help
https://schoolwith.me/help/208,ヘルプ,help
https://schoolwith.me/help/209,ヘルプ,help
https://schoolwith.me/help/21,ヘルプ,help
https://schoolwith.me/help/210,ヘルプ,help
https://schoolwith.me/help/211,ヘルプ,help
https://schoolwith.me/help/212,ヘルプ,help
https://schoolwith.me/help/213,ヘルプ,help
https://schoolwith.me/help/215,ヘルプ,help
https://schoolwith.me/help/22,ヘルプ,help
https://schoolwith.me/help/23,ヘルプ,help
https://schoolwith.me/help/24,ヘルプ,help
https://schoolwith.me/help/25,ヘルプ,help
https://schoolwith.me/help/26,ヘルプ,help
https://schoolwith.me/help/27,ヘルプ,help
https://schoolwith.me/help/28,ヘルプ,help
https://schoolwith.me/help/29,ヘルプ,help
https://schoolwith.me/help/3,ヘルプ,help
https://schoolwith.me/help/30,ヘルプ,help
https://schoolwith.me/help/31,ヘルプ,help
https://schoolwith.me/help/32,ヘルプ,help
https://schoolwith.me/help/33,ヘルプ,help
https://schoolwith.me/help/34,ヘルプ,help
https://schoolwith.me/help/35,ヘルプ,help
https://schoolwith.me/help/36,ヘルプ,help
https://schoolwith.me/help/37,ヘルプ,help
https://schoolwith.me/help/38,ヘルプ,help
https://schoolwith.me/help/39,ヘルプ,help
https://schoolwith.me/help/4,ヘルプ,help
https://schoolwith.me/help/40,ヘルプ,help
https://schoolwith.me/help/41,ヘルプ,help
https://schoolwith.me/help/42,ヘルプ,help
https://schoolwith.me/help/43,ヘルプ,help
https://schoolwith.me/help/44,ヘルプ,help
https://schoolwith.me/help/45,ヘルプ,help
https://schoolwith.me/help/46,ヘルプ,help
https://schoolwith.me/help/47,ヘルプ,help
https://schoolwith.me/help/48,ヘルプ,help
https://schoolwith.me/help/49,ヘルプ,help
https://schoolwith.me/help/5,ヘルプ,help
https://schoolwith.me/help/50,ヘルプ,help
https://schoolwith.me/help/51,ヘルプ,help
https://schoolwith.me/help/52,ヘルプ,help
https://schoolwith.me/help/53,ヘルプ,help
https://schoolwith.me/help/54,ヘルプ,help
https://schoolwith.me/help/55,ヘルプ,help
https://schoolwith.me/help/56,ヘルプ,help
https://schoolwith.me/help/57,ヘルプ,help
https://schoolwith.me/help/58,ヘルプ,help
https://schoolwith.me/help/59,ヘルプ,help
https://schoolwith.me/help/6,ヘルプ,help
https://schoolwith.me/help/60,ヘルプ,help
https://schoolwith.me/help/61,ヘルプ,help
https://schoolwith.me/help/62,ヘルプ,help
https://schoolwith.me/help/63,ヘルプ,help
https://schoolwith.me/help/64,ヘルプ,help
https://schoolwith.me/help/65,ヘルプ,help
https://schoolwith.me/help/66,ヘルプ,help
https://schoolwith.me/help/67,ヘルプ,help
https://schoolwith.me/help/68,ヘルプ,help
https://schoolwith.me/help/69,ヘルプ,help
https://schoolwith.me/help/7,ヘルプ,help
https://schoolwith.me/help/70,ヘルプ,help
https://schoolwith.me/help/71,ヘルプ,help
https://schoolwith.me/help/72,ヘルプ,help
https://schoolwith.me/help/73,ヘルプ,help
https://schoolwith.me/help/74,ヘルプ,help
https://schoolwith.me/help/75,ヘルプ,help
https://schoolwith.me/help/76,ヘルプ,help
https://schoolwith.me/help/77,ヘルプ,help
https://schoolwith.me/help/78,ヘルプ,help
https://schoolwith.me/help/79,ヘルプ,help
https://schoolwith.me/help/8,ヘルプ,help
https://schoolwith.me/help/80,ヘルプ,help
https://schoolwith.me/help/81,ヘルプ,help
https://schoolwith.me/help/82,ヘルプ,help
https://schoolwith.me/help/83,ヘルプ,help
https://schoolwith.me/help/84,ヘルプ,help
https://schoolwith.me/help/85,ヘルプ,help
https://schoolwith.me/help/86,ヘルプ,help
https://schoolwith.me/help/87,ヘルプ,help
https://schoolwith.me/help/88,ヘルプ,help
https://schoolwith.me/help/89,ヘルプ,help
https://schoolwith.me/help/9,ヘルプ,help
https://schoolwith.me/help/90,ヘルプ,help
https://schoolwith.me/help/91,ヘルプ,help
https://schoolwith.me/help/92,ヘルプ,help
https://schoolwith.me/help/93,ヘルプ,help
https://schoolwith.me/help/94,ヘルプ,help
https://schoolwith.me/help/95,ヘルプ,help
https://schoolwith.me/help/96,ヘルプ,help
https://schoolwith.me/help/97,ヘルプ,help
https://schoolwith.me/help/98,ヘルプ,help
https://schoolwith.me/help/99,ヘルプ,help
https://schoolwith.me/help/category/about,ヘルプ,help
https://schoolwith.me/help/category/after,ヘルプ,help
https://schoolwith.me/help/category/preparetion,ヘルプ,help
https://schoolwith.me/help/category/procedures,ヘルプ,help
https://schoolwith.me/help/category/schools,ヘルプ,help
https://schoolwith.me/help/category/studying,ヘルプ,help
https://schoolwith.me/legal,その他,top_other
https://schoolwith.me/matchings,マッチング,matchings
https://schoolwith.me/matchings/areas/AU,マッチング,matchings
https://schoolwith.me/matchings/areas/CA,マッチング,matchings
https://schoolwith.me/matchings/areas/IE,マッチング,matchings
https://schoolwith.me/matchings/areas/MT,マッチング,matchings
https://schoolwith.me/matchings/areas/NZ,マッチング,matchings
https://schoolwith.me/matchings/areas/PH,マッチング,matchings
https://schoolwith.me/matchings/areas/UK,マッチング,matchings
https://schoolwith.me/matchings/areas/US,マッチング,matchings
https://schoolwith.me/matchings/countries,マッチング,matchings
https://schoolwith.me/matchings?fbclid=fbclid,パラメータ付き,fbclid
https://schoolwith.me/merit,その他,top_other
https://schoolwith.me/merit/referral,その他,top_other
https://schoolwith.me/message,その他,top_other
https://schoolwith.me/ph_matchings,その他,matchings
https://schoolwith.me/ph_western,その他,top_other
https://schoolwith.me/pre_ryugaku,その他,top_other
https://schoolwith.me/privacypolicy,その他,top_other
https://schoolwith.me/purposes?job=society,パラメータ付き,purposes
https://schoolwith.me/quick_reference,その他,top_other
https://schoolwith.me/reason,その他,top_other
https://schoolwith.me/review_campaign,口コミ,top_other
https://schoolwith.me/reviewpolicy,口コミ,top_other
https://schoolwith.me/reviews/31418,口コミ,reviews
https://schoolwith.me/reviews/31419,口コミ,reviews
https://schoolwith.me/reviews/31420,口コミ,reviews
https://schoolwith.me/reviews/31421,口コミ,reviews
https://schoolwith.me/reviews/31422,口コミ,reviews
https://schoolwith.me/reviews/31423,口コミ,reviews
https://schoolwith.me/reviews/31424,口コミ,reviews
https://schoolwith.me/reviews/31425,口コミ,reviews
https://schoolwith.me/reviews/31426,口コミ,reviews
https://schoolwith.me/reviews/31427,口コミ,reviews
https://schoolwith.me/reviews/31429,口コミ,reviews
https://schoolwith.me/reviews/31430,口コミ,reviews
https://schoolwith.me/reviews/31431,口コミ,reviews
https://schoolwith.me/reviews/31432,口コミ,reviews
https://schoolwith.me/reviews/31434,口コミ,reviews
https://schoolwith.me/reviews/31436,口コミ,reviews
https://schoolwith.me/reviews/31438,口コミ,reviews
https://schoolwith.me/reviews/31440,口コミ,reviews
https://schoolwith.me/reviews/31441,口コミ,reviews
https://schoolwith.me/reviews/31442,口コミ,reviews
https://schoolwith.me/reviews/31443,口コミ,reviews
https://schoolwith.me/reviews/31444,口コミ,reviews
https://schoolwith.me/reviews/31445,口コミ,reviews
https://schoolwith.me/reviews/31446,口コミ,reviews
https://schoolwith.me/reviews/31447,口コミ,reviews
https://schoolwith.me/reviews/31448,口コミ,reviews
https://schoolwith.me/reviews/31449,口コミ,reviews
https://schoolwith.me/reviews/31450,口コミ,reviews
https://schoolwith.me/reviews/31452,口コミ,reviews
https://schoolwith.me/reviews/31453,口コミ,reviews
https://schoolwith.me/reviews/31455,口コミ,reviews
https://schoolwith.me/reviews/31456,口コミ,reviews
https://schoolwith.me/reviews/31457,口コミ,reviews
https://schoolwith.me/reviews/31458,口コミ,reviews
https://schoolwith.me/reviews/31460,口コミ,reviews
https://schoolwith.me/reviews/31461,口コミ,reviews
https://schoolwith.me/reviews/31462,口コミ,reviews
https://schoolwith.me/reviews/31463,口コミ,reviews
https://schoolwith.me/reviews/31464,口コミ,reviews
https://schoolwith.me/reviews/31465,口コミ,reviews
https://schoolwith.me/reviews/31466,口コミ,reviews
https://schoolwith.me/reviews/31467,口コミ,reviews
https://schoolwith.me/reviews/31468,口コミ,reviews
https://schoolwith.me/reviews/31469,口コミ,reviews
https://schoolwith.me/reviews/31472,口コミ,reviews
https://schoolwith.me/reviews/31474,口コミ,reviews
https://schoolwith.me/reviews/31477,口コミ,reviews
https://schoolwith.me/reviews/31478,口コミ,reviews
https://schoolwith.me/reviews/31479,口コミ,reviews
https://schoolwith.me/reviews/31480,口コミ,reviews
https://schoolwith.me/reviews/31481,口コミ,reviews
https://schoolwith.me/reviews/31489,口コミ,reviews
https://schoolwith.me/reviews/31490,口コミ,reviews
https://schoolwith.me/reviews/31491,口コミ,reviews
https://schoolwith.me/reviews/31492,口コミ,reviews
https://schoolwith.me/reviews/31493,口コミ,reviews
https://schoolwith.me/reviews/31494,口コミ,reviews
https://schoolwith.me/reviews/31495,口コミ,reviews
https://schoolwith.me/reviews/31496,口コミ,reviews
https://schoolwith.me/reviews/31497,口コミ,reviews
https://schoolwith.me/reviews/31498,口コミ,reviews
https://schoolwith.me/reviews/31499,口コミ,reviews
https://schoolwith.me/reviews/31500,口コミ,reviews
https://schoolwith.me/reviews/31502,口コミ,reviews
https://schoolwith.me/reviews/31503,口コミ,reviews
https://schoolwith.me/reviews/31504,口コミ,reviews
https://schoolwith.me/reviews/31506,口コミ,reviews
https://schoolwith.me/reviews/31507,口コミ,reviews
https://schoolwith.me/reviews/31509,口コミ,reviews
https://schoolwith.me/reviews/31510,口コミ,reviews
https://schoolwith.me/reviews/31512,口コミ,reviews
https://schoolwith.me/reviews/31513,口コミ,reviews
https://schoolwith.me/reviews/31515,口コミ,reviews
https://schoolwith.me/reviews/31517,口コミ,reviews
https://schoolwith.me/reviews/31518,口コミ,reviews
https://schoolwith.me/reviews/31519,口コミ,reviews
https://schoolwith.me/reviews/31520,口コミ,reviews
https://schoolwith.me/reviews/31521,口コミ,reviews
https://schoolwith.me/reviews/31522,口コミ,reviews
https://schoolwith.me/reviews/31523,口コミ,reviews
https://schoolwith.me/reviews/31524,口コミ,reviews
https://schoolwith.me/reviews/31525,口コミ,reviews
https://schoolwith.me/reviews/31528,口コミ,reviews
https://schoolwith.me/reviews/31530,口コミ,reviews
https://schoolwith.me/reviews/31531,口コミ,reviews
https://schoolwith.me/reviews/31532,口コミ,reviews
https://schoolwith.me/reviews/31533,口コミ,reviews
https://schoolwith.me/reviews/31534,口コミ,reviews
https://schoolwith.me/reviews/31535,口コミ,reviews
https://schoolwith.me/reviews/31536,口コミ,reviews
https://schoolwith.me/reviews/31537,口コミ,reviews
https://schoolwith.me/reviews/31538,口コミ,reviews
https://schoolwith.me/reviews/31539,口コミ,reviews
https://schoolwith.me/reviews/31540,口コミ,reviews
https://schoolwith.me/reviews/31542,口コミ,reviews
https://schoolwith.me/reviews/31543,口コミ,reviews
https://schoolwith.me/reviews/31544,口コミ,reviews
https://schoolwith.me/reviews/31545,口コミ,reviews
https://schoolwith.me/reviews/31546,口コミ,reviews
https://schoolwith.me/reviews/31548,口コミ,reviews
https://schoolwith.me/reviews/31550,口コミ,reviews
https://schoolwith.me/reviews/31551,口コミ,reviews
https://schoolwith.me/reviews/31552,口コミ,reviews
https://schoolwith.me/reviews/31553,口コミ,reviews
https://schoolwith.me/reviews/31554,口コミ,reviews
https://schoolwith.me/reviews/31555,口コミ,reviews
https://schoolwith.me/reviews/31556,口コミ,reviews
https://schoolwith.me/reviews/31557,口コミ,reviews
https://schoolwith.me/reviews/31558,口コミ,reviews
https://schoolwith.me/reviews/31559,口コミ,reviews
https://schoolwith.me/reviews/31560,口コミ,reviews
https://schoolwith.me/reviews/31562,口コミ,reviews
https://schoolwith.me/reviews/31563,口コミ,reviews
https://schoolwith.me/reviews/31564,口コミ,reviews
https://schoolwith.me/reviews/31565,口コミ,reviews
https://schoolwith.me/reviews/31567,口コミ,reviews
https://schoolwith.me/reviews/31568,口コミ,reviews
https://schoolwith.me/reviews/31569,口コミ,reviews
https://schoolwith.me/reviews/31570,口コミ,reviews
https://schoolwith.me/reviews/31572,口コミ,reviews
https://schoolwith.me/reviews/31573,口コミ,reviews
https://schoolwith.me/reviews/31574,口コミ,reviews
https://schoolwith.me/reviews/31575,口コミ,reviews
https://schoolwith.me/reviews/31576,口コミ,reviews
https://schoolwith.me/reviews/31577,口コミ,reviews
https://schoolwith.me/reviews/31580,口コミ,reviews
https://schoolwith.me/reviews/31582,口コミ,reviews
https://schoolwith.me/reviews/31583,口コミ,reviews
https://schoolwith.me/reviews/31584,口コミ,reviews
https://schoolwith.me/reviews/31585,口コミ,reviews
https://schoolwith.me/reviews/31587,口コミ,reviews
https://schoolwith.me/reviews/31588,口コミ,reviews
https://schoolwith.me/reviews/31589,口コミ,reviews
https://schoolwith.me/reviews/31590,口コミ,reviews
https://schoolwith.me/reviews/31593,口コミ,reviews
https://schoolwith.me/reviews/31596,口コミ,reviews
https://schoolwith.me/reviews/31602,口コミ,reviews
https://schoolwith.me/reviews/31603,口コミ,reviews
https://schoolwith.me/reviews/31604,口コミ,reviews
https://schoolwith.me/reviews/31606,口コミ,reviews
https://schoolwith.me/reviews/31608,口コミ,reviews
https://schoolwith.me/reviews/31609,口コミ,reviews
https://schoolwith.me/reviews/31611,口コミ,reviews
https://schoolwith.me/reviews/31612,口コミ,reviews
https://schoolwith.me/reviews/31613,口コミ,reviews
https://schoolwith.me/reviews/31615,口コミ,reviews
https://schoolwith.me/reviews/31617,口コミ,reviews
https://schoolwith.me/reviews/31618,口コミ,reviews
https://schoolwith.me/reviews/31619,口コミ,reviews
https://schoolwith.me/reviews/31620,口コミ,reviews
https://schoolwith.me/reviews/31621,口コミ,reviews
https://schoolwith.me/reviews/31623,口コミ,reviews
https://schoolwith.me/reviews/31624,口コミ,reviews
https://schoolwith.me/reviews/31625,口コミ,reviews
https://schoolwith.me/reviews/31626,口コミ,reviews
https://schoolwith.me/reviews/31628,口コミ,reviews
https://schoolwith.me/reviews/31629,口コミ,reviews
https://schoolwith.me/reviews/31631,口コミ,reviews
https://schoolwith.me/reviews/31633,口コミ,reviews
https://schoolwith.me/reviews/31634,口コミ,reviews
https://schoolwith.me/reviews/31635,口コミ,reviews
https://schoolwith.me/reviews/31636,口コミ,reviews
https://schoolwith.me/reviews/31637,口コミ,reviews
https://schoolwith.me/reviews/31638,口コミ,reviews
https://schoolwith.me/reviews/31639,口コミ,reviews
https://schoolwith.me/reviews/31641,口コミ,reviews
https://schoolwith.me/reviews/31642,口コミ,reviews
https://schoolwith.me/reviews/31643,口コミ,reviews
https://schoolwith.me/reviews/31644,口コミ,reviews
https://schoolwith.me/reviews/31645,口コミ,reviews
https://schoolwith.me/reviews/31646,口コミ,reviews
https://schoolwith.me/reviews/31654,口コミ,reviews
https://schoolwith.me/reviews/31655,口コミ,reviews
https://schoolwith.me/reviews/31657,口コミ,reviews
https://schoolwith.me/reviews/31662,口コミ,reviews
https://schoolwith.me/reviews/31663,口コミ,reviews
https://schoolwith.me/reviews/31664,口コミ,reviews
https://schoolwith.me/reviews/31671,口コミ,reviews
https://schoolwith.me/reviews/31678,口コミ,reviews
https://schoolwith.me/reviews/31680,口コミ,reviews
https://schoolwith.me/reviews/31682,口コミ,reviews
https://schoolwith.me/reviews/31687,口コミ,reviews
https://schoolwith.me/reviews/31691,口コミ,reviews
https://schoolwith.me/reviews/31693,口コミ,reviews
https://schoolwith.me/reviews/31696,口コミ,reviews
https://schoolwith.me/reviews/31697,口コミ,reviews
https://schoolwith.me/reviews/31699,口コミ,reviews
https://schoolwith.me/reviews/31700,口コミ,reviews
https://schoolwith.me/reviews/31701,口コミ,reviews
https://schoolwith.me/reviews/31703,口コミ,reviews
https://schoolwith.me/reviews/31705,口コミ,reviews
https://schoolwith.me/reviews/31706,口コミ,reviews
https://schoolwith.me/reviews/31713,口コミ,reviews
https://schoolwith.me/reviews/31714,口コミ,reviews
https://schoolwith.me/reviews/31715,口コミ,reviews
https://schoolwith.me/reviews/31716,口コミ,reviews
https://schoolwith.me/reviews/31717,口コミ,reviews
https://schoolwith.me/reviews/31721,口コミ,reviews
https://schoolwith.me/reviews/31722,口コミ,reviews
https://schoolwith.me/reviews/31725,口コミ,reviews
https://schoolwith.me/reviews/31726,口コミ,reviews
https://schoolwith.me/reviews/31727,口コミ,reviews
https://schoolwith.me/reviews/31728,口コミ,reviews
https://schoolwith.me/reviews/31729,口コミ,reviews
https://schoolwith.me/reviews/31730,口コミ,reviews
https://schoolwith.me/reviews/31731,口コミ,reviews
https://schoolwith.me/reviews/31734,口コミ,reviews
https://schoolwith.me/reviews/31739,口コミ,reviews
https://schoolwith.me/reviews/31742,口コミ,reviews
https://schoolwith.me/reviews/31743,口コミ,reviews
https://schoolwith.me/reviews/31744,口コミ,reviews
https://schoolwith.me/reviews/31745,口コミ,reviews
https://schoolwith.me/reviews/31746,口コミ,reviews
https://schoolwith.me/reviews/31747,口コミ,reviews
https://schoolwith.me/reviews/31748,口コミ,reviews
https://schoolwith.me/reviews/31751,口コミ,reviews
https://schoolwith.me/reviews/31752,口コミ,reviews
https://schoolwith.me/reviews/31755,口コミ,reviews
https://schoolwith.me/reviews/31761,口コミ,reviews
https://schoolwith.me/reviews/31762,口コミ,reviews
https://schoolwith.me/reviews/31763,口コミ,reviews
https://schoolwith.me/reviews/31766,口コミ,reviews
https://schoolwith.me/reviews/31769,口コミ,reviews
https://schoolwith.me/reviews/31771,口コミ,reviews
https://schoolwith.me/reviews/31773,口コミ,reviews
https://schoolwith.me/reviews/31774,口コミ,reviews
https://schoolwith.me/reviews/31776,口コミ,reviews
https://schoolwith.me/reviews/31777,口コミ,reviews
https://schoolwith.me/reviews/31780,口コミ,reviews
https://schoolwith.me/reviews/31781,口コミ,reviews
https://schoolwith.me/reviews/31782,口コミ,reviews
https://schoolwith.me/reviews/31783,口コミ,reviews
https://schoolwith.me/reviews/31785,口コミ,reviews
https://schoolwith.me/reviews/31790,口コミ,reviews
https://schoolwith.me/reviews/31793,口コミ,reviews
https://schoolwith.me/reviews/31795,口コミ,reviews
https://schoolwith.me/reviews/31796,口コミ,reviews
https://schoolwith.me/reviews/31797,口コミ,reviews
https://schoolwith.me/reviews/31799,口コミ,reviews
https://schoolwith.me/reviews/31800,口コミ,reviews
https://schoolwith.me/reviews/31802,口コミ,reviews
https://schoolwith.me/reviews/31803,口コミ,reviews
https://schoolwith.me/reviews/31806,口コミ,reviews
https://schoolwith.me/reviews/31808,口コミ,reviews
https://schoolwith.me/reviews/31809,口コミ,reviews
https://schoolwith.me/reviews/31812,口コミ,reviews
https://schoolwith.me/reviews/31814,口コミ,reviews
https://schoolwith.me/reviews/31816,口コミ,reviews
https://schoolwith.me/reviews/31817,口コミ,reviews
https://schoolwith.me/reviews/31818,口コミ,reviews
https://schoolwith.me/reviews/31823,口コミ,reviews
https://schoolwith.me/reviews/31824,口コミ,reviews
https://schoolwith.me/reviews/31825,口コミ,reviews
https://schoolwith.me/reviews/31826,口コミ,reviews
https://schoolwith.me/reviews/31829,口コミ,reviews
https://schoolwith.me/reviews/31830,口コミ,reviews
https://schoolwith.me/reviews/31831,口コミ,reviews
https://schoolwith.me/reviews/31832,口コミ,reviews
https://schoolwith.me/reviews/31838,口コミ,reviews
https://schoolwith.me/reviews/31839,口コミ,reviews
https://schoolwith.me/reviews/31840,口コミ,reviews
https://schoolwith.me/reviews/31842,口コミ,reviews
https://schoolwith.me/reviews/31849,口コミ,reviews
https://schoolwith.me/reviews/31850,口コミ,reviews
https://schoolwith.me/reviews/31855,口コミ,reviews
https://schoolwith.me/reviews/31857,口コミ,reviews
https://schoolwith.me/reviews/31858,口コミ,reviews
https://schoolwith.me/reviews/31859,口コミ,reviews
https://schoolwith.me/reviews/31861,口コミ,reviews
https://schoolwith.me/reviews/31862,口コミ,reviews
https://schoolwith.me/reviews/31863,口コミ,reviews
https://schoolwith.me/reviews/31864,口コミ,reviews
https://schoolwith.me/reviews/31865,口コミ,reviews
https://schoolwith.me/reviews/31867,口コミ,reviews
https://schoolwith.me/reviews/31881,口コミ,reviews
https://schoolwith.me/reviews/31883,口コミ,reviews
https://schoolwith.me/reviews/31884,口コミ,reviews
https://schoolwith.me/reviews/31885,口コミ,reviews
https://schoolwith.me/reviews/31886,口コミ,reviews
https://schoolwith.me/reviews/31889,口コミ,reviews
https://schoolwith.me/reviews/31890,口コミ,reviews
https://schoolwith.me/reviews/31891,口コミ,reviews
https://schoolwith.me/reviews/31894,口コミ,reviews
https://schoolwith.me/reviews/31895,口コミ,reviews
https://schoolwith.me/reviews/31898,口コミ,reviews
https://schoolwith.me/reviews/31899,口コミ,reviews
https://schoolwith.me/reviews/31902,口コミ,reviews
https://schoolwith.me/reviews/31904,口コミ,reviews
https://schoolwith.me/reviews/31905,口コミ,reviews
https://schoolwith.me/reviews/31906,口コミ,reviews
https://schoolwith.me/reviews/31907,口コミ,reviews
https://schoolwith.me/reviews/31908,口コミ,reviews
https://schoolwith.me/reviews/31909,口コミ,reviews
https://schoolwith.me/reviews/31910,口コミ,reviews
https://schoolwith.me/reviews/31911,口コミ,reviews
https://schoolwith.me/reviews/31912,口コミ,reviews
https://schoolwith.me/reviews/31913,口コミ,reviews
https://schoolwith.me/reviews/31914,口コミ,reviews
https://schoolwith.me/reviews/31915,口コミ,reviews
https://schoolwith.me/reviews/31916,口コミ,reviews
https://schoolwith.me/reviews/31917,口コミ,reviews
https://schoolwith.me/reviews/31919,口コミ,reviews
https://schoolwith.me/reviews/31923,口コミ,reviews
https://schoolwith.me/reviews/31924,口コミ,reviews
https://schoolwith.me/reviews/31926,口コミ,reviews
https://schoolwith.me/reviews/31927,口コミ,reviews
https://schoolwith.me/reviews/31928,口コミ,reviews
https://schoolwith.me/reviews/31929,口コミ,reviews
https://schoolwith.me/reviews/31930,口コミ,reviews
https://schoolwith.me/reviews/31931,口コミ,reviews
https://schoolwith.me/reviews/31932,口コミ,reviews
https://schoolwith.me/reviews/31933,口コミ,reviews
https://schoolwith.me/reviews/31935,口コミ,reviews
https://schoolwith.me/reviews/31938,口コミ,reviews
https://schoolwith.me/reviews/31942,口コミ,reviews
https://schoolwith.me/reviews/31943,口コミ,reviews
https://schoolwith.me/reviews/31951,口コミ,reviews
https://schoolwith.me/reviews/31952,口コミ,reviews
https://schoolwith.me/reviews/31953,口コミ,reviews
https://schoolwith.me/reviews/31955,口コミ,reviews
https://schoolwith.me/reviews/31956,口コミ,reviews
https://schoolwith.me/reviews/31958,口コミ,reviews
https://schoolwith.me/reviews/31959,口コミ,reviews
https://schoolwith.me/reviews/31960,口コミ,reviews
https://schoolwith.me/reviews/31961,口コミ,reviews
https://schoolwith.me/reviews/31965,口コミ,reviews
https://schoolwith.me/reviews/31968,口コミ,reviews
https://schoolwith.me/reviews/31969,口コミ,reviews
https://schoolwith.me/reviews/31971,口コミ,reviews
https://schoolwith.me/reviews/31972,口コミ,reviews
https://schoolwith.me/reviews/31976,口コミ,reviews
https://schoolwith.me/reviews/31978,口コミ,reviews
https://schoolwith.me/reviews/31979,口コミ,reviews
https://schoolwith.me/reviews/31981,口コミ,reviews
https://schoolwith.me/reviews/31982,口コミ,reviews
https://schoolwith.me/reviews/31983,口コミ,reviews
https://schoolwith.me/reviews/31984,口コミ,reviews
https://schoolwith.me/reviews/31985,口コミ,reviews
https://schoolwith.me/reviews/31986,口コミ,reviews
https://schoolwith.me/reviews/31987,口コミ,reviews
https://schoolwith.me/reviews/31992,口コミ,reviews
https://schoolwith.me/reviews/31993,口コミ,reviews
https://schoolwith.me/reviews/31996,口コミ,reviews
https://schoolwith.me/reviews/31997,口コミ,reviews
https://schoolwith.me/reviews/32002,口コミ,reviews
https://schoolwith.me/reviews/32004,口コミ,reviews
https://schoolwith.me/reviews/32005,口コミ,reviews
https://schoolwith.me/reviews/32006,口コミ,reviews
https://schoolwith.me/reviews/32007,口コミ,reviews
https://schoolwith.me/reviews/32008,口コミ,reviews
https://schoolwith.me/reviews/32012,口コミ,reviews
https://schoolwith.me/reviews/32013,口コミ,reviews
https://schoolwith.me/reviews/32014,口コミ,reviews
https://schoolwith.me/reviews/32015,口コミ,reviews
https://schoolwith.me/reviews/32018,口コミ,reviews
https://schoolwith.me/reviews/32019,口コミ,reviews
https://schoolwith.me/reviews/32020,口コミ,reviews
https://schoolwith.me/reviews/32021,口コミ,reviews
https://schoolwith.me/reviews/32026,口コミ,reviews
https://schoolwith.me/reviews/32027,口コミ,reviews
https://schoolwith.me/reviews/32028,口コミ,reviews
https://schoolwith.me/reviews/32029,口コミ,reviews
https://schoolwith.me/reviews/32033,口コミ,reviews
https://schoolwith.me/reviews/32034,口コミ,reviews
https://schoolwith.me/reviews/32035,口コミ,reviews
https://schoolwith.me/reviews/32036,口コミ,reviews
https://schoolwith.me/reviews/32039,口コミ,reviews
https://schoolwith.me/reviews/32040,口コミ,reviews
https://schoolwith.me/reviews/32041,口コミ,reviews
https://schoolwith.me/reviews/32043,口コミ,reviews
https://schoolwith.me/reviews/32044,口コミ,reviews
https://schoolwith.me/reviews/32046,口コミ,reviews
https://schoolwith.me/reviews/32049,口コミ,reviews
https://schoolwith.me/reviews/32051,口コミ,reviews
https://schoolwith.me/reviews/32052,口コミ,reviews
https://schoolwith.me/reviews/32053,口コミ,reviews
https://schoolwith.me/reviews/32054,口コミ,reviews
https://schoolwith.me/reviews/32056,口コミ,reviews
https://schoolwith.me/reviews/32057,口コミ,reviews
https://schoolwith.me/reviews/32058,口コミ,reviews
https://schoolwith.me/reviews/32059,口コミ,reviews
https://schoolwith.me/reviews/32060,口コミ,reviews
https://schoolwith.me/reviews/32062,口コミ,reviews
https://schoolwith.me/reviews/32063,口コミ,reviews
https://schoolwith.me/reviews/32067,口コミ,reviews
https://schoolwith.me/reviews/32070,口コミ,reviews
https://schoolwith.me/reviews/32072,口コミ,reviews
https://schoolwith.me/reviews/32073,口コミ,reviews
https://schoolwith.me/reviews/32074,口コミ,reviews
https://schoolwith.me/reviews/32075,口コミ,reviews
https://schoolwith.me/reviews/32078,口コミ,reviews
https://schoolwith.me/reviews/32079,口コミ,reviews
https://schoolwith.me/reviews/32080,口コミ,reviews
https://schoolwith.me/reviews/32081,口コミ,reviews
https://schoolwith.me/reviews/32083,口コミ,reviews
https://schoolwith.me/reviews/32084,口コミ,reviews
https://schoolwith.me/reviews/32085,口コミ,reviews
https://schoolwith.me/reviews/32086,口コミ,reviews
https://schoolwith.me/reviews/32087,口コミ,reviews
https://schoolwith.me/reviews/32088,口コミ,reviews
https://schoolwith.me/reviews/32090,口コミ,reviews
https://schoolwith.me/reviews/32091,口コミ,reviews
https://schoolwith.me/reviews/32092,口コミ,reviews
https://schoolwith.me/reviews/32094,口コミ,reviews
https://schoolwith.me/reviews/32095,口コミ,reviews
https://schoolwith.me/reviews/32096,口コミ,reviews
https://schoolwith.me/reviews/32097,口コミ,reviews
https://schoolwith.me/reviews/32098,口コミ,reviews
https://schoolwith.me/reviews/32099,口コミ,reviews
https://schoolwith.me/reviews/32100,口コミ,reviews
https://schoolwith.me/reviews/32101,口コミ,reviews
https://schoolwith.me/reviews/32102,口コミ,reviews
https://schoolwith.me/reviews/32110,口コミ,reviews
https://schoolwith.me/reviews/32112,口コミ,reviews
https://schoolwith.me/reviews/32113,口コミ,reviews
https://schoolwith.me/reviews/32114,口コミ,reviews
https://schoolwith.me/reviews/32115,口コミ,reviews
https://schoolwith.me/reviews/32116,口コミ,reviews
https://schoolwith.me/reviews/32118,口コミ,reviews
https://schoolwith.me/reviews/32119,口コミ,reviews
https://schoolwith.me/reviews/32120,口コミ,reviews
https://schoolwith.me/reviews/32121,口コミ,reviews
https://schoolwith.me/reviews/32123,口コミ,reviews
https://schoolwith.me/reviews/32124,口コミ,reviews
https://schoolwith.me/reviews/32125,口コミ,reviews
https://schoolwith.me/reviews/32126,口コミ,reviews
https://schoolwith.me/reviews/32128,口コミ,reviews
https://schoolwith.me/reviews/32130,口コミ,reviews
https://schoolwith.me/reviews/32131,口コミ,reviews
https://schoolwith.me/reviews/32134,口コミ,reviews
https://schoolwith.me/reviews/32135,口コミ,reviews
https://schoolwith.me/reviews/32137,口コミ,reviews
https://schoolwith.me/reviews/32138,口コミ,reviews
https://schoolwith.me/reviews/32141,口コミ,reviews
https://schoolwith.me/reviews/32143,口コミ,reviews
https://schoolwith.me/reviews/32144,口コミ,reviews
https://schoolwith.me/reviews/32146,口コミ,reviews
https://schoolwith.me/reviews/32147,口コミ,reviews
https://schoolwith.me/reviews/32149,口コミ,reviews
https://schoolwith.me/reviews/32151,口コミ,reviews
https://schoolwith.me/reviews/32153,口コミ,reviews
https://schoolwith.me/reviews/32155,口コミ,reviews
https://schoolwith.me/reviews/32157,口コミ,reviews
https://schoolwith.me/reviews/32159,口コミ,reviews
https://schoolwith.me/reviews/32160,口コミ,reviews
https://schoolwith.me/reviews/32161,口コミ,reviews
https://schoolwith.me/reviews/32163,口コミ,reviews
https://schoolwith.me/reviews/32168,口コミ,reviews
https://schoolwith.me/reviews/32169,口コミ,reviews
https://schoolwith.me/reviews/32175,口コミ,reviews
https://schoolwith.me/reviews/32176,口コミ,reviews
https://schoolwith.me/reviews/32177,口コミ,reviews
https://schoolwith.me/reviews/32179,口コミ,reviews
https://schoolwith.me/reviews/32182,口コミ,reviews
https://schoolwith.me/reviews/32183,口コミ,reviews
https://schoolwith.me/reviews/32185,口コミ,reviews
https://schoolwith.me/reviews/32187,口コミ,reviews
https://schoolwith.me/reviews/32192,口コミ,reviews
https://schoolwith.me/reviews/32193,口コミ,reviews
https://schoolwith.me/reviews/32197,口コミ,reviews
https://schoolwith.me/reviews/32198,口コミ,reviews
https://schoolwith.me/reviews/32199,口コミ,reviews
https://schoolwith.me/reviews/32200,口コミ,reviews
https://schoolwith.me/reviews/32201,口コミ,reviews
https://schoolwith.me/reviews/32202,口コミ,reviews
https://schoolwith.me/reviews/32206,口コミ,reviews
https://schoolwith.me/reviews/32210,口コミ,reviews
https://schoolwith.me/reviews/32211,口コミ,reviews
https://schoolwith.me/reviews/32212,口コミ,reviews
https://schoolwith.me/reviews/32215,口コミ,reviews
https://schoolwith.me/reviews/32217,口コミ,reviews
https://schoolwith.me/reviews/32218,口コミ,reviews
https://schoolwith.me/reviews/32219,口コミ,reviews
https://schoolwith.me/reviews/32220,口コミ,reviews
https://schoolwith.me/reviews/32222,口コミ,reviews
https://schoolwith.me/reviews/32223,口コミ,reviews
https://schoolwith.me/reviews/32238,口コミ,reviews
https://schoolwith.me/reviews/32243,口コミ,reviews
https://schoolwith.me/reviews/32247,口コミ,reviews
https://schoolwith.me/reviews/32248,口コミ,reviews
https://schoolwith.me/reviews/32252,口コミ,reviews
https://schoolwith.me/reviews/32253,口コミ,reviews
https://schoolwith.me/reviews/32262,口コミ,reviews
https://schoolwith.me/reviews/32266,口コミ,reviews
https://schoolwith.me/reviews/32269,口コミ,reviews
https://schoolwith.me/reviews/32271,口コミ,reviews
https://schoolwith.me/reviews/32272,口コミ,reviews
https://schoolwith.me/reviews/32274,口コミ,reviews
https://schoolwith.me/reviews/32275,口コミ,reviews
https://schoolwith.me/reviews/32276,口コミ,reviews
https://schoolwith.me/reviews/32280,口コミ,reviews
https://schoolwith.me/reviews/32282,口コミ,reviews
https://schoolwith.me/reviews/32283,口コミ,reviews
https://schoolwith.me/reviews/32284,口コミ,reviews
https://schoolwith.me/reviews/32285,口コミ,reviews
https://schoolwith.me/reviews/32286,口コミ,reviews
https://schoolwith.me/reviews/32287,口コミ,reviews
https://schoolwith.me/reviews/32288,口コミ,reviews
https://schoolwith.me/reviews/32292,口コミ,reviews
https://schoolwith.me/reviews/32297,口コミ,reviews
https://schoolwith.me/reviews/32298,口コミ,reviews
https://schoolwith.me/reviews/32299,口コミ,reviews
https://schoolwith.me/reviews/32301,口コミ,reviews
https://schoolwith.me/reviews/32302,口コミ,reviews
https://schoolwith.me/reviews/32303,口コミ,reviews
https://schoolwith.me/reviews/32304,口コミ,reviews
https://schoolwith.me/reviews/32305,口コミ,reviews
https://schoolwith.me/reviews/32307,口コミ,reviews
https://schoolwith.me/reviews/32308,口コミ,reviews
https://schoolwith.me/reviews/32309,口コミ,reviews
https://schoolwith.me/reviews/32310,口コミ,reviews
https://schoolwith.me/reviews/32311,口コミ,reviews
https://schoolwith.me/reviews/32313,口コミ,reviews
https://schoolwith.me/reviews/32314,口コミ,reviews
https://schoolwith.me/reviews/32316,口コミ,reviews
https://schoolwith.me/reviews/32319,口コミ,reviews
https://schoolwith.me/reviews/32321,口コミ,reviews
https://schoolwith.me/reviews/32323,口コミ,reviews
https://schoolwith.me/reviews/32327,口コミ,reviews
https://schoolwith.me/reviews/32328,口コミ,reviews
https://schoolwith.me/reviews/32331,口コミ,reviews
https://schoolwith.me/reviews/32332,口コミ,reviews
https://schoolwith.me/reviews/32334,口コミ,reviews
https://schoolwith.me/reviews/32335,口コミ,reviews
https://schoolwith.me/reviews/32337,口コミ,reviews
https://schoolwith.me/reviews/32338,口コミ,reviews
https://schoolwith.me/reviews/32339,口コミ,reviews
https://schoolwith.me/reviews/32340,口コミ,reviews
https://schoolwith.me/reviews/32341,口コミ,reviews
https://schoolwith.me/reviews/32343,口コミ,reviews
https://schoolwith.me/reviews/32344,口コミ,reviews
https://schoolwith.me/reviews/32346,口コミ,reviews
https://schoolwith.me/reviews/32347,口コミ,reviews
https://schoolwith.me/reviews/32348,口コミ,reviews
https://schoolwith.me/reviews/32349,口コミ,reviews
https://schoolwith.me/reviews/32350,口コミ,reviews
https://schoolwith.me/reviews/32351,口コミ,reviews
https://schoolwith.me/reviews/32354,口コミ,reviews
https://schoolwith.me/reviews/32356,口コミ,reviews
https://schoolwith.me/reviews/32357,口コミ,reviews
https://schoolwith.me/reviews/32358,口コミ,reviews
https://schoolwith.me/reviews/32359,口コミ,reviews
https://schoolwith.me/reviews/32360,口コミ,reviews
https://schoolwith.me/reviews/32361,口コミ,reviews
https://schoolwith.me/reviews/32365,口コミ,reviews
https://schoolwith.me/reviews/32367,口コミ,reviews
https://schoolwith.me/reviews/32368,口コミ,reviews
https://schoolwith.me/reviews/32369,口コミ,reviews
https://schoolwith.me/reviews/32370,口コミ,reviews
https://schoolwith.me/reviews/32371,口コミ,reviews
https://schoolwith.me/reviews/32372,口コミ,reviews
https://schoolwith.me/reviews/32374,口コミ,reviews
https://schoolwith.me/reviews/32375,口コミ,reviews
https://schoolwith.me/reviews/32378,口コミ,reviews
https://schoolwith.me/reviews/32380,口コミ,reviews
https://schoolwith.me/reviews/32381,口コミ,reviews
https://schoolwith.me/reviews/32383,口コミ,reviews
https://schoolwith.me/reviews/32384,口コミ,reviews
https://schoolwith.me/reviews/32387,口コミ,reviews
https://schoolwith.me/reviews/32388,口コミ,reviews
https://schoolwith.me/reviews/32391,口コミ,reviews
https://schoolwith.me/reviews/32393,口コミ,reviews
https://schoolwith.me/reviews/32395,口コミ,reviews
https://schoolwith.me/reviews/32397,口コミ,reviews
https://schoolwith.me/reviews/32398,口コミ,reviews
https://schoolwith.me/reviews/32399,口コミ,reviews
https://schoolwith.me/reviews/32400,口コミ,reviews
https://schoolwith.me/reviews/32401,口コミ,reviews
https://schoolwith.me/reviews/32403,口コミ,reviews
https://schoolwith.me/reviews/32404,口コミ,reviews
https://schoolwith.me/reviews/32405,口コミ,reviews
https://schoolwith.me/reviews/32406,口コミ,reviews
https://schoolwith.me/reviews/32407,口コミ,reviews
https://schoolwith.me/reviews/32408,口コミ,reviews
https://schoolwith.me/reviews/32409,口コミ,reviews
https://schoolwith.me/reviews/32410,口コミ,reviews
https://schoolwith.me/reviews/32412,口コミ,reviews
https://schoolwith.me/reviews/32413,口コミ,reviews
https://schoolwith.me/reviews/32414,口コミ,reviews
https://schoolwith.me/reviews/32415,口コミ,reviews
https://schoolwith.me/reviews/32416,口コミ,reviews
https://schoolwith.me/reviews/32417,口コミ,reviews
https://schoolwith.me/reviews/32419,口コミ,reviews
https://schoolwith.me/reviews/32420,口コミ,reviews
https://schoolwith.me/reviews/32421,口コミ,reviews
https://schoolwith.me/reviews/32423,口コミ,reviews
https://schoolwith.me/reviews/32424,口コミ,reviews
https://schoolwith.me/reviews/32425,口コミ,reviews
https://schoolwith.me/reviews/32427,口コミ,reviews
https://schoolwith.me/reviews/32428,口コミ,reviews
https://schoolwith.me/reviews/32430,口コミ,reviews
https://schoolwith.me/reviews/32431,口コミ,reviews
https://schoolwith.me/reviews/32432,口コミ,reviews
https://schoolwith.me/reviews/32434,口コミ,reviews
https://schoolwith.me/reviews/32437,口コミ,reviews
https://schoolwith.me/reviews/32438,口コミ,reviews
https://schoolwith.me/reviews/32439,口コミ,reviews
https://schoolwith.me/reviews/32440,口コミ,reviews
https://schoolwith.me/reviews/32441,口コミ,reviews
https://schoolwith.me/reviews/32443,口コミ,reviews
https://schoolwith.me/reviews/32446,口コミ,reviews
https://schoolwith.me/reviews/32448,口コミ,reviews
https://schoolwith.me/reviews/32449,口コミ,reviews
https://schoolwith.me/reviews/32451,口コミ,reviews
https://schoolwith.me/reviews/32452,口コミ,reviews
https://schoolwith.me/reviews/32454,口コミ,reviews
https://schoolwith.me/reviews/32455,口コミ,reviews
https://schoolwith.me/reviews/32457,口コミ,reviews
https://schoolwith.me/reviews/32458,口コミ,reviews
https://schoolwith.me/reviews/32461,口コミ,reviews
https://schoolwith.me/reviews/32463,口コミ,reviews
https://schoolwith.me/reviews/32464,口コミ,reviews
https://schoolwith.me/reviews/32465,口コミ,reviews
https://schoolwith.me/reviews/32468,口コミ,reviews
https://schoolwith.me/reviews/32469,口コミ,reviews
https://schoolwith.me/reviews/32470,口コミ,reviews
https://schoolwith.me/reviews/32472,口コミ,reviews
https://schoolwith.me/reviews/32474,口コミ,reviews
https://schoolwith.me/reviews/32475,口コミ,reviews
https://schoolwith.me/reviews/32476,口コミ,reviews
https://schoolwith.me/reviews/32477,口コミ,reviews
https://schoolwith.me/reviews/32478,口コミ,reviews
https://schoolwith.me/reviews/32479,口コミ,reviews
https://schoolwith.me/reviews/32480,口コミ,reviews
https://schoolwith.me/reviews/32481,口コミ,reviews
https://schoolwith.me/reviews/32482,口コミ,reviews
https://schoolwith.me/reviews/32484,口コミ,reviews
https://schoolwith.me/reviews/32486,口コミ,reviews
https://schoolwith.me/reviews/32487,口コミ,reviews
https://schoolwith.me/reviews/32489,口コミ,reviews
https://schoolwith.me/reviews/32492,口コミ,reviews
https://schoolwith.me/reviews/32493,口コミ,reviews
https://schoolwith.me/reviews/32494,口コミ,reviews
https://schoolwith.me/reviews/32495,口コミ,reviews
https://schoolwith.me/reviews/32496,口コミ,reviews
https://schoolwith.me/reviews/32500,口コミ,reviews
https://schoolwith.me/reviews/32503,口コミ,reviews
https://schoolwith.me/reviews/32506,口コミ,reviews
https://schoolwith.me/reviews/32511,口コミ,reviews
https://schoolwith.me/reviews/32512,口コミ,reviews
https://schoolwith.me/reviews/32515,口コミ,reviews
https://schoolwith.me/reviews/32517,口コミ,reviews
https://schoolwith.me/reviews/32518,口コミ,reviews
https://schoolwith.me/reviews/32519,口コミ,reviews
https://schoolwith.me/reviews/32520,口コミ,reviews
https://schoolwith.me/reviews/32521,口コミ,reviews
https://schoolwith.me/reviews/32523,口コミ,reviews
https://schoolwith.me/reviews/32524,口コミ,reviews
https://schoolwith.me/reviews/32526,口コミ,reviews
https://schoolwith.me/reviews/32528,口コミ,reviews
https://schoolwith.me/reviews/32532,口コミ,reviews
https://schoolwith.me/reviews/32533,口コミ,reviews
https://schoolwith.me/reviews/32539,口コミ,reviews
https://schoolwith.me/reviews/32543,口コミ,reviews
https://schoolwith.me/reviews/32546,口コミ,reviews
https://schoolwith.me/reviews/32548,口コミ,reviews
https://schoolwith.me/reviews/32550,口コミ,reviews
https://schoolwith.me/reviews/32553,口コミ,reviews
https://schoolwith.me/reviews/32556,口コミ,reviews
https://schoolwith.me/reviews/32557,口コミ,reviews
https://schoolwith.me/reviews/32563,口コミ,reviews
https://schoolwith.me/reviews/32564,口コミ,reviews
https://schoolwith.me/reviews/32565,口コミ,reviews
https://schoolwith.me/reviews/32566,口コミ,reviews
https://schoolwith.me/reviews/32568,口コミ,reviews
https://schoolwith.me/reviews/32569,口コミ,reviews
https://schoolwith.me/reviews/32570,口コミ,reviews
https://schoolwith.me/reviews/32571,口コミ,reviews
https://schoolwith.me/reviews/32573,口コミ,reviews
https://schoolwith.me/reviews/32576,口コミ,reviews
https://schoolwith.me/reviews/32577,口コミ,reviews
https://schoolwith.me/reviews/32578,口コミ,reviews
https://schoolwith.me/reviews/32580,口コミ,reviews
https://schoolwith.me/reviews/32583,口コミ,reviews
https://schoolwith.me/reviews/32584,口コミ,reviews
https://schoolwith.me/reviews/32585,口コミ,reviews
https://schoolwith.me/reviews/32588,口コミ,reviews
https://schoolwith.me/reviews/32589,口コミ,reviews
https://schoolwith.me/reviews/32590,口コミ,reviews
https://schoolwith.me/reviews/32591,口コミ,reviews
https://schoolwith.me/reviews/32593,口コミ,reviews
https://schoolwith.me/reviews/32594,口コミ,reviews
https://schoolwith.me/reviews/32596,口コミ,reviews
https://schoolwith.me/reviews/32597,口コミ,reviews
https://schoolwith.me/reviews/32599,口コミ,reviews
https://schoolwith.me/reviews/32601,口コミ,reviews
https://schoolwith.me/reviews/32604,口コミ,reviews
https://schoolwith.me/reviews/32605,口コミ,reviews
https://schoolwith.me/reviews/32607,口コミ,reviews
https://schoolwith.me/reviews/32609,口コミ,reviews
https://schoolwith.me/reviews/32612,口コミ,reviews
https://schoolwith.me/reviews/32613,口コミ,reviews
https://schoolwith.me/reviews/32615,口コミ,reviews
https://schoolwith.me/reviews/32618,口コミ,reviews
https://schoolwith.me/reviews/32620,口コミ,reviews
https://schoolwith.me/reviews/32621,口コミ,reviews
https://schoolwith.me/reviews/32622,口コミ,reviews
https://schoolwith.me/reviews/32630,口コミ,reviews
https://schoolwith.me/reviews/32632,口コミ,reviews
https://schoolwith.me/reviews/32633,口コミ,reviews
https://schoolwith.me/reviews/32634,口コミ,reviews
https://schoolwith.me/reviews/32640,口コミ,reviews
https://schoolwith.me/reviews/32644,口コミ,reviews
https://schoolwith.me/reviews/32645,口コミ,reviews
https://schoolwith.me/reviews/32647,口コミ,reviews
https://schoolwith.me/reviews/32648,口コミ,reviews
https://schoolwith.me/reviews/32650,口コミ,reviews
https://schoolwith.me/reviews/32655,口コミ,reviews
https://schoolwith.me/reviews/32659,口コミ,reviews
https://schoolwith.me/reviews/32672,口コミ,reviews
https://schoolwith.me/reviews/32674,口コミ,reviews
https://schoolwith.me/reviews/32677,口コミ,reviews
https://schoolwith.me/reviews/32678,口コミ,reviews
https://schoolwith.me/reviews/32679,口コミ,reviews
https://schoolwith.me/reviews/32681,口コミ,reviews
https://schoolwith.me/reviews/32684,口コミ,reviews
https://schoolwith.me/reviews/32685,口コミ,reviews
https://schoolwith.me/reviews/32686,口コミ,reviews
https://schoolwith.me/reviews/32688,口コミ,reviews
https://schoolwith.me/reviews/32689,口コミ,reviews
https://schoolwith.me/reviews/32690,口コミ,reviews
https://schoolwith.me/reviews/32691,口コミ,reviews
https://schoolwith.me/reviews/32693,口コミ,reviews
https://schoolwith.me/reviews/32695,口コミ,reviews
https://schoolwith.me/reviews/32697,口コミ,reviews
https://schoolwith.me/reviews/32698,口コミ,reviews
https://schoolwith.me/reviews/32699,口コミ,reviews
https://schoolwith.me/reviews/32700,口コミ,reviews
https://schoolwith.me/reviews/32701,口コミ,reviews
https://schoolwith.me/reviews/32702,口コミ,reviews
https://schoolwith.me/reviews/32703,口コミ,reviews
https://schoolwith.me/reviews/32704,口コミ,reviews
https://schoolwith.me/reviews/32708,口コミ,reviews
https://schoolwith.me/reviews/32709,口コミ,reviews
https://schoolwith.me/reviews/32712,口コミ,reviews
https://schoolwith.me/reviews/32717,口コミ,reviews
https://schoolwith.me/reviews/32718,口コミ,reviews
https://schoolwith.me/reviews/32719,口コミ,reviews
https://schoolwith.me/reviews/32721,口コミ,reviews
https://schoolwith.me/reviews/32722,口コミ,reviews
https://schoolwith.me/reviews/32724,口コミ,reviews
https://schoolwith.me/reviews/32725,口コミ,reviews
https://schoolwith.me/reviews/32726,口コミ,reviews
https://schoolwith.me/reviews/32727,口コミ,reviews
https://schoolwith.me/reviews/32729,口コミ,reviews
https://schoolwith.me/reviews/32731,口コミ,reviews
https://schoolwith.me/reviews/32734,口コミ,reviews
https://schoolwith.me/reviews/32735,口コミ,reviews
https://schoolwith.me/reviews/32736,口コミ,reviews
https://schoolwith.me/reviews/32737,口コミ,reviews
https://schoolwith.me/reviews/32738,口コミ,reviews
https://schoolwith.me/reviews/32740,口コミ,reviews
https://schoolwith.me/reviews/32743,口コミ,reviews
https://schoolwith.me/reviews/32745,口コミ,reviews
https://schoolwith.me/reviews/32746,口コミ,reviews
https://schoolwith.me/reviews/32748,口コミ,reviews
https://schoolwith.me/reviews/32755,口コミ,reviews
https://schoolwith.me/reviews/32757,口コミ,reviews
https://schoolwith.me/reviews/32758,口コミ,reviews
https://schoolwith.me/reviews/32759,口コミ,reviews
https://schoolwith.me/reviews/32762,口コミ,reviews
https://schoolwith.me/reviews/32763,口コミ,reviews
https://schoolwith.me/reviews/32768,口コミ,reviews
https://schoolwith.me/reviews/32769,口コミ,reviews
https://schoolwith.me/reviews/32770,口コミ,reviews
https://schoolwith.me/reviews/32771,口コミ,reviews
https://schoolwith.me/reviews/32774,口コミ,reviews
https://schoolwith.me/reviews/32775,口コミ,reviews
https://schoolwith.me/reviews/32776,口コミ,reviews
https://schoolwith.me/reviews/32778,口コミ,reviews
https://schoolwith.me/reviews/32779,口コミ,reviews
https://schoolwith.me/reviews/32781,口コミ,reviews
https://schoolwith.me/reviews/32782,口コミ,reviews
https://schoolwith.me/reviews/32783,口コミ,reviews
https://schoolwith.me/reviews/32784,口コミ,reviews
https://schoolwith.me/reviews/32785,口コミ,reviews
https://schoolwith.me/reviews/32787,口コミ,reviews
https://schoolwith.me/reviews/32788,口コミ,reviews
https://schoolwith.me/reviews/32789,口コミ,reviews
https://schoolwith.me/reviews/32790,口コミ,reviews
https://schoolwith.me/reviews/32791,口コミ,reviews
https://schoolwith.me/reviews/32793,口コミ,reviews
https://schoolwith.me/reviews/32794,口コミ,reviews
https://schoolwith.me/reviews/32795,口コミ,reviews
https://schoolwith.me/reviews/32797,口コミ,reviews
https://schoolwith.me/reviews/32798,口コミ,reviews
https://schoolwith.me/reviews/32799,口コミ,reviews
https://schoolwith.me/reviews/32801,口コミ,reviews
https://schoolwith.me/reviews/32803,口コミ,reviews
https://schoolwith.me/reviews/32806,口コミ,reviews
https://schoolwith.me/reviews/32807,口コミ,reviews
https://schoolwith.me/reviews/32811,口コミ,reviews
https://schoolwith.me/reviews/32813,口コミ,reviews
https://schoolwith.me/reviews/32815,口コミ,reviews
https://schoolwith.me/reviews/32818,口コミ,reviews
https://schoolwith.me/reviews/32819,口コミ,reviews
https://schoolwith.me/reviews/32822,口コミ,reviews
https://schoolwith.me/reviews/32823,口コミ,reviews
https://schoolwith.me/reviews/32824,口コミ,reviews
https://schoolwith.me/reviews/32825,口コミ,reviews
https://schoolwith.me/reviews/32826,口コミ,reviews
https://schoolwith.me/reviews/32829,口コミ,reviews
https://schoolwith.me/reviews/32830,口コミ,reviews
https://schoolwith.me/reviews/32835,口コミ,reviews
https://schoolwith.me/reviews/32837,口コミ,reviews
https://schoolwith.me/reviews/32839,口コミ,reviews
https://schoolwith.me/reviews/32840,口コミ,reviews
https://schoolwith.me/reviews/32841,口コミ,reviews
https://schoolwith.me/reviews/32842,口コミ,reviews
https://schoolwith.me/reviews/32843,口コミ,reviews
https://schoolwith.me/reviews/32844,口コミ,reviews
https://schoolwith.me/reviews/32847,口コミ,reviews
https://schoolwith.me/reviews/32850,口コミ,reviews
https://schoolwith.me/reviews/32851,口コミ,reviews
https://schoolwith.me/reviews/32852,口コミ,reviews
https://schoolwith.me/reviews/32855,口コミ,reviews
https://schoolwith.me/reviews/32859,口コミ,reviews
https://schoolwith.me/reviews/32860,口コミ,reviews
https://schoolwith.me/reviews/32862,口コミ,reviews
https://schoolwith.me/reviews/32868,口コミ,reviews
https://schoolwith.me/reviews/32872,口コミ,reviews
https://schoolwith.me/reviews/32873,口コミ,reviews
https://schoolwith.me/reviews/32874,口コミ,reviews
https://schoolwith.me/reviews/32877,口コミ,reviews
https://schoolwith.me/reviews/32878,口コミ,reviews
https://schoolwith.me/reviews/32879,口コミ,reviews
https://schoolwith.me/reviews/32884,口コミ,reviews
https://schoolwith.me/reviews/32886,口コミ,reviews
https://schoolwith.me/reviews/32887,口コミ,reviews
https://schoolwith.me/reviews/32888,口コミ,reviews
https://schoolwith.me/reviews/32889,口コミ,reviews
https://schoolwith.me/reviews/32891,口コミ,reviews
https://schoolwith.me/reviews/32892,口コミ,reviews
https://schoolwith.me/reviews/32894,口コミ,reviews
https://schoolwith.me/reviews/32897,口コミ,reviews
https://schoolwith.me/reviews/32899,口コミ,reviews
https://schoolwith.me/reviews/32900,口コミ,reviews
https://schoolwith.me/reviews/32903,口コミ,reviews
https://schoolwith.me/reviews/32905,口コミ,reviews
https://schoolwith.me/reviews/32907,口コミ,reviews
https://schoolwith.me/reviews/32908,口コミ,reviews
https://schoolwith.me/reviews/32909,口コミ,reviews
https://schoolwith.me/reviews/32910,口コミ,reviews
https://schoolwith.me/reviews/32912,口コミ,reviews
https://schoolwith.me/reviews/32913,口コミ,reviews
https://schoolwith.me/reviews/32914,口コミ,reviews
https://schoolwith.me/reviews/32915,口コミ,reviews
https://schoolwith.me/reviews/32916,口コミ,reviews
https://schoolwith.me/reviews/32917,口コミ,reviews
https://schoolwith.me/reviews/32924,口コミ,reviews
https://schoolwith.me/reviews/32927,口コミ,reviews
https://schoolwith.me/reviews/32930,口コミ,reviews
https://schoolwith.me/reviews/32931,口コミ,reviews
https://schoolwith.me/reviews/32932,口コミ,reviews
https://schoolwith.me/reviews/32934,口コミ,reviews
https://schoolwith.me/reviews/32935,口コミ,reviews
https://schoolwith.me/reviews/32936,口コミ,reviews
https://schoolwith.me/reviews/32937,口コミ,reviews
https://schoolwith.me/reviews/32938,口コミ,reviews
https://schoolwith.me/reviews/32939,口コミ,reviews
https://schoolwith.me/reviews/32940,口コミ,reviews
https://schoolwith.me/reviews/32941,口コミ,reviews
https://schoolwith.me/reviews/32942,口コミ,reviews
https://schoolwith.me/reviews/32943,口コミ,reviews
https://schoolwith.me/reviews/32944,口コミ,reviews
https://schoolwith.me/reviews/32945,口コミ,reviews
https://schoolwith.me/reviews/32946,口コミ,reviews
https://schoolwith.me/reviews/32947,口コミ,reviews
https://schoolwith.me/reviews/32948,口コミ,reviews
https://schoolwith.me/reviews/32949,口コミ,reviews
https://schoolwith.me/reviews/32951,口コミ,reviews
https://schoolwith.me/reviews/32953,口コミ,reviews
https://schoolwith.me/reviews/32955,口コミ,reviews
https://schoolwith.me/reviews/32957,口コミ,reviews
https://schoolwith.me/reviews/32958,口コミ,reviews
https://schoolwith.me/reviews/32959,口コミ,reviews
https://schoolwith.me/reviews/32960,口コミ,reviews
https://schoolwith.me/reviews/32964,口コミ,reviews
https://schoolwith.me/reviews/32966,口コミ,reviews
https://schoolwith.me/reviews/32967,口コミ,reviews
https://schoolwith.me/reviews/32968,口コミ,reviews
https://schoolwith.me/reviews/32969,口コミ,reviews
https://schoolwith.me/reviews/32970,口コミ,reviews
https://schoolwith.me/reviews/32971,口コミ,reviews
https://schoolwith.me/reviews/32972,口コミ,reviews
https://schoolwith.me/reviews/32973,口コミ,reviews
https://schoolwith.me/reviews/32974,口コミ,reviews
https://schoolwith.me/reviews/32975,口コミ,reviews
https://schoolwith.me/reviews/32976,口コミ,reviews
https://schoolwith.me/reviews/32977,口コミ,reviews
https://schoolwith.me/reviews/32982,口コミ,reviews
https://schoolwith.me/reviews/32983,口コミ,reviews
https://schoolwith.me/reviews/32984,口コミ,reviews
https://schoolwith.me/reviews/32985,口コミ,reviews
https://schoolwith.me/reviews/32989,口コミ,reviews
https://schoolwith.me/reviews/32990,口コミ,reviews
https://schoolwith.me/reviews/32991,口コミ,reviews
https://schoolwith.me/reviews/32993,口コミ,reviews
https://schoolwith.me/reviews/32994,口コミ,reviews
https://schoolwith.me/reviews/32995,口コミ,reviews
https://schoolwith.me/reviews/32996,口コミ,reviews
https://schoolwith.me/reviews/32998,口コミ,reviews
https://schoolwith.me/reviews/33002,口コミ,reviews
https://schoolwith.me/reviews/33003,口コミ,reviews
https://schoolwith.me/reviews/33004,口コミ,reviews
https://schoolwith.me/reviews/33005,口コミ,reviews
https://schoolwith.me/reviews/33006,口コミ,reviews
https://schoolwith.me/reviews/33008,口コミ,reviews
https://schoolwith.me/reviews/33009,口コミ,reviews
https://schoolwith.me/reviews/33013,口コミ,reviews
https://schoolwith.me/reviews/33015,口コミ,reviews
https://schoolwith.me/reviews/33016,口コミ,reviews
https://schoolwith.me/reviews/33017,口コミ,reviews
https://schoolwith.me/reviews/33019,口コミ,reviews
https://schoolwith.me/reviews/33020,口コミ,reviews
https://schoolwith.me/reviews/33021,口コミ,reviews
https://schoolwith.me/reviews/33022,口コミ,reviews
https://schoolwith.me/reviews/33023,口コミ,reviews
https://schoolwith.me/reviews/33024,口コミ,reviews
https://schoolwith.me/reviews/33025,口コミ,reviews
https://schoolwith.me/reviews/33028,口コミ,reviews
https://schoolwith.me/reviews/33029,口コミ,reviews
https://schoolwith.me/reviews/33031,口コミ,reviews
https://schoolwith.me/reviews/33033,口コミ,reviews
https://schoolwith.me/reviews/33034,口コミ,reviews
https://schoolwith.me/reviews/33035,口コミ,reviews
https://schoolwith.me/reviews/33037,口コミ,reviews
https://schoolwith.me/reviews/33038,口コミ,reviews
https://schoolwith.me/reviews/33039,口コミ,reviews
https://schoolwith.me/reviews/33041,口コミ,reviews
https://schoolwith.me/reviews/33043,口コミ,reviews
https://schoolwith.me/reviews/33044,口コミ,reviews
https://schoolwith.me/reviews/33045,口コミ,reviews
https://schoolwith.me/reviews/33047,口コミ,reviews
https://schoolwith.me/reviews/33048,口コミ,reviews
https://schoolwith.me/reviews/33050,口コミ,reviews
https://schoolwith.me/reviews/33051,口コミ,reviews
https://schoolwith.me/reviews/33052,口コミ,reviews
https://schoolwith.me/reviews/33053,口コミ,reviews
https://schoolwith.me/reviews/33055,口コミ,reviews
https://schoolwith.me/reviews/33056,口コミ,reviews
https://schoolwith.me/reviews/33058,口コミ,reviews
https://schoolwith.me/reviews/33059,口コミ,reviews
https://schoolwith.me/reviews/33060,口コミ,reviews
https://schoolwith.me/reviews/33064,口コミ,reviews
https://schoolwith.me/reviews/33065,口コミ,reviews
https://schoolwith.me/reviews/33066,口コミ,reviews
https://schoolwith.me/reviews/33070,口コミ,reviews
https://schoolwith.me/reviews/33072,口コミ,reviews
https://schoolwith.me/reviews/33074,口コミ,reviews
https://schoolwith.me/reviews/33075,口コミ,reviews
https://schoolwith.me/reviews/33077,口コミ,reviews
https://schoolwith.me/reviews/33079,口コミ,reviews
https://schoolwith.me/reviews/33080,口コミ,reviews
https://schoolwith.me/reviews/33087,口コミ,reviews
https://schoolwith.me/reviews/33088,口コミ,reviews
https://schoolwith.me/reviews/33091,口コミ,reviews
https://schoolwith.me/reviews/33092,口コミ,reviews
https://schoolwith.me/reviews/33093,口コミ,reviews
https://schoolwith.me/reviews/33095,口コミ,reviews
https://schoolwith.me/reviews/33096,口コミ,reviews
https://schoolwith.me/reviews/33097,口コミ,reviews
https://schoolwith.me/reviews/33098,口コミ,reviews
https://schoolwith.me/reviews/33099,口コミ,reviews
https://schoolwith.me/reviews/33100,口コミ,reviews
https://schoolwith.me/reviews/33101,口コミ,reviews
https://schoolwith.me/reviews/33102,口コミ,reviews
https://schoolwith.me/reviews/33103,口コミ,reviews
https://schoolwith.me/reviews/33105,口コミ,reviews
https://schoolwith.me/reviews/33106,口コミ,reviews
https://schoolwith.me/reviews/33108,口コミ,reviews
https://schoolwith.me/reviews/33109,口コミ,reviews
https://schoolwith.me/reviews/33111,口コミ,reviews
https://schoolwith.me/reviews/33112,口コミ,reviews
https://schoolwith.me/reviews/33113,口コミ,reviews
https://schoolwith.me/reviews/33114,口コミ,reviews
https://schoolwith.me/reviews/33117,口コミ,reviews
https://schoolwith.me/reviews/33118,口コミ,reviews
https://schoolwith.me/reviews/33119,口コミ,reviews
https://schoolwith.me/reviews/33120,口コミ,reviews
https://schoolwith.me/reviews/33122,口コミ,reviews
https://schoolwith.me/reviews/33126,口コミ,reviews
https://schoolwith.me/reviews/33129,口コミ,reviews
https://schoolwith.me/reviews/33130,口コミ,reviews
https://schoolwith.me/reviews/33131,口コミ,reviews
https://schoolwith.me/reviews/33133,口コミ,reviews
https://schoolwith.me/reviews/33134,口コミ,reviews
https://schoolwith.me/reviews/33135,口コミ,reviews
https://schoolwith.me/reviews/33137,口コミ,reviews
https://schoolwith.me/reviews/33138,口コミ,reviews
https://schoolwith.me/reviews/33139,口コミ,reviews
https://schoolwith.me/reviews/33140,口コミ,reviews
https://schoolwith.me/reviews/33141,口コミ,reviews
https://schoolwith.me/reviews/33142,口コミ,reviews
https://schoolwith.me/reviews/33144,口コミ,reviews
https://schoolwith.me/reviews/33146,口コミ,reviews
https://schoolwith.me/reviews/33147,口コミ,reviews
https://schoolwith.me/reviews/33148,口コミ,reviews
https://schoolwith.me/reviews/33149,口コミ,reviews
https://schoolwith.me/reviews/33151,口コミ,reviews
https://schoolwith.me/reviews/33153,口コミ,reviews
https://schoolwith.me/reviews/33157,口コミ,reviews
https://schoolwith.me/reviews/33163,口コミ,reviews
https://schoolwith.me/reviews/33164,口コミ,reviews
https://schoolwith.me/reviews/33166,口コミ,reviews
https://schoolwith.me/reviews/33167,口コミ,reviews
https://schoolwith.me/reviews/33168,口コミ,reviews
https://schoolwith.me/reviews/33181,口コミ,reviews
https://schoolwith.me/reviews/33182,口コミ,reviews
https://schoolwith.me/reviews/33184,口コミ,reviews
https://schoolwith.me/reviews/33185,口コミ,reviews
https://schoolwith.me/reviews/33186,口コミ,reviews
https://schoolwith.me/reviews/33188,口コミ,reviews
https://schoolwith.me/reviews/33191,口コミ,reviews
https://schoolwith.me/reviews/33192,口コミ,reviews
https://schoolwith.me/reviews/33193,口コミ,reviews
https://schoolwith.me/reviews/33194,口コミ,reviews
https://schoolwith.me/reviews/33196,口コミ,reviews
https://schoolwith.me/reviews/33197,口コミ,reviews
https://schoolwith.me/reviews/33199,口コミ,reviews
https://schoolwith.me/reviews/33200,口コミ,reviews
https://schoolwith.me/reviews/33201,口コミ,reviews
https://schoolwith.me/reviews/33202,口コミ,reviews
https://schoolwith.me/reviews/33203,口コミ,reviews
https://schoolwith.me/reviews/33204,口コミ,reviews
https://schoolwith.me/reviews/33206,口コミ,reviews
https://schoolwith.me/reviews/33207,口コミ,reviews
https://schoolwith.me/reviews/33208,口コミ,reviews
https://schoolwith.me/reviews/33210,口コミ,reviews
https://schoolwith.me/reviews/33215,口コミ,reviews
https://schoolwith.me/reviews/33217,口コミ,reviews
https://schoolwith.me/reviews/33218,口コミ,reviews
https://schoolwith.me/reviews/33220,口コミ,reviews
https://schoolwith.me/reviews/33221,口コミ,reviews
https://schoolwith.me/reviews/33224,口コミ,reviews
https://schoolwith.me/reviews/33225,口コミ,reviews
https://schoolwith.me/reviews/33226,口コミ,reviews
https://schoolwith.me/reviews/33229,口コミ,reviews
https://schoolwith.me/reviews/33230,口コミ,reviews
https://schoolwith.me/reviews/33231,口コミ,reviews
https://schoolwith.me/reviews/33232,口コミ,reviews
https://schoolwith.me/reviews/33233,口コミ,reviews
https://schoolwith.me/reviews/33234,口コミ,reviews
https://schoolwith.me/reviews/33235,口コミ,reviews
https://schoolwith.me/reviews/33237,口コミ,reviews
https://schoolwith.me/reviews/33238,口コミ,reviews
https://schoolwith.me/reviews/33240,口コミ,reviews
https://schoolwith.me/reviews/33241,口コミ,reviews
https://schoolwith.me/reviews/33243,口コミ,reviews
https://schoolwith.me/reviews/33244,口コミ,reviews
https://schoolwith.me/reviews/33245,口コミ,reviews
https://schoolwith.me/reviews/33246,口コミ,reviews
https://schoolwith.me/reviews/33248,口コミ,reviews
https://schoolwith.me/reviews/33249,口コミ,reviews
https://schoolwith.me/reviews/33250,口コミ,reviews
https://schoolwith.me/reviews/33251,口コミ,reviews
https://schoolwith.me/reviews/33253,口コミ,reviews
https://schoolwith.me/reviews/33255,口コミ,reviews
https://schoolwith.me/reviews/33257,口コミ,reviews
https://schoolwith.me/reviews/33260,口コミ,reviews
https://schoolwith.me/reviews/33261,口コミ,reviews
https://schoolwith.me/reviews/33267,口コミ,reviews
https://schoolwith.me/reviews/33269,口コミ,reviews
https://schoolwith.me/reviews/33271,口コミ,reviews
https://schoolwith.me/reviews/33272,口コミ,reviews
https://schoolwith.me/reviews/33273,口コミ,reviews
https://schoolwith.me/reviews/33274,口コミ,reviews
https://schoolwith.me/reviews/33277,口コミ,reviews
https://schoolwith.me/reviews/33278,口コミ,reviews
https://schoolwith.me/reviews/33279,口コミ,reviews
https://schoolwith.me/reviews/33280,口コミ,reviews
https://schoolwith.me/reviews/33282,口コミ,reviews
https://schoolwith.me/reviews/33283,口コミ,reviews
https://schoolwith.me/reviews/33284,口コミ,reviews
https://schoolwith.me/reviews/33286,口コミ,reviews
https://schoolwith.me/reviews/33287,口コミ,reviews
https://schoolwith.me/reviews/33288,口コミ,reviews
https://schoolwith.me/reviews/33292,口コミ,reviews
https://schoolwith.me/reviews/33293,口コミ,reviews
https://schoolwith.me/reviews/33295,口コミ,reviews
https://schoolwith.me/reviews/33299,口コミ,reviews
https://schoolwith.me/reviews/33301,口コミ,reviews
https://schoolwith.me/reviews/33303,口コミ,reviews
https://schoolwith.me/reviews/33304,口コミ,reviews
https://schoolwith.me/reviews/33307,口コミ,reviews
https://schoolwith.me/reviews/33309,口コミ,reviews
https://schoolwith.me/reviews/33310,口コミ,reviews
https://schoolwith.me/reviews/33314,口コミ,reviews
https://schoolwith.me/reviews/33318,口コミ,reviews
https://schoolwith.me/reviews/33319,口コミ,reviews
https://schoolwith.me/reviews/33321,口コミ,reviews
https://schoolwith.me/reviews/33323,口コミ,reviews
https://schoolwith.me/reviews/33324,口コミ,reviews
https://schoolwith.me/reviews/33325,口コミ,reviews
https://schoolwith.me/reviews/33326,口コミ,reviews
https://schoolwith.me/reviews/33328,口コミ,reviews
https://schoolwith.me/reviews/33329,口コミ,reviews
https://schoolwith.me/reviews/33330,口コミ,reviews
https://schoolwith.me/reviews/33331,口コミ,reviews
https://schoolwith.me/reviews/33332,口コミ,reviews
https://schoolwith.me/reviews/33334,口コミ,reviews
https://schoolwith.me/reviews/33335,口コミ,reviews
https://schoolwith.me/reviews/33336,口コミ,reviews
https://schoolwith.me/reviews/33337,口コミ,reviews
https://schoolwith.me/reviews/33338,口コミ,reviews
https://schoolwith.me/reviews/33339,口コミ,reviews
https://schoolwith.me/reviews/33340,口コミ,reviews
https://schoolwith.me/reviews/33341,口コミ,reviews
https://schoolwith.me/reviews/33342,口コミ,reviews
https://schoolwith.me/reviews/33343,口コミ,reviews
https://schoolwith.me/reviews/33347,口コミ,reviews
https://schoolwith.me/reviews/33348,口コミ,reviews
https://schoolwith.me/reviews/33349,口コミ,reviews
https://schoolwith.me/reviews/33350,口コミ,reviews
https://schoolwith.me/reviews/33352,口コミ,reviews
https://schoolwith.me/reviews/33354,口コミ,reviews
https://schoolwith.me/reviews/33355,口コミ,reviews
https://schoolwith.me/reviews/33356,口コミ,reviews
https://schoolwith.me/reviews/33357,口コミ,reviews
https://schoolwith.me/reviews/33359,口コミ,reviews
https://schoolwith.me/reviews/33360,口コミ,reviews
https://schoolwith.me/reviews/33363,口コミ,reviews
https://schoolwith.me/reviews/33364,口コミ,reviews
https://schoolwith.me/reviews/33365,口コミ,reviews
https://schoolwith.me/reviews/33366,口コミ,reviews
https://schoolwith.me/reviews/33367,口コミ,reviews
https://schoolwith.me/reviews/33369,口コミ,reviews
https://schoolwith.me/reviews/33372,口コミ,reviews
https://schoolwith.me/reviews/33374,口コミ,reviews
https://schoolwith.me/reviews/33375,口コミ,reviews
https://schoolwith.me/reviews/33377,口コミ,reviews
https://schoolwith.me/reviews/33378,口コミ,reviews
https://schoolwith.me/reviews/33379,口コミ,reviews
https://schoolwith.me/reviews/33380,口コミ,reviews
https://schoolwith.me/reviews/33381,口コミ,reviews
https://schoolwith.me/reviews/33382,口コミ,reviews
https://schoolwith.me/reviews/33384,口コミ,reviews
https://schoolwith.me/reviews/33385,口コミ,reviews
https://schoolwith.me/reviews/33387,口コミ,reviews
https://schoolwith.me/reviews/33389,口コミ,reviews
https://schoolwith.me/reviews/33390,口コミ,reviews
https://schoolwith.me/reviews/33392,口コミ,reviews
https://schoolwith.me/reviews/33393,口コミ,reviews
https://schoolwith.me/reviews/33394,口コミ,reviews
https://schoolwith.me/reviews/33395,口コミ,reviews
https://schoolwith.me/reviews/33397,口コミ,reviews
https://schoolwith.me/reviews/33398,口コミ,reviews
https://schoolwith.me/reviews/33399,口コミ,reviews
https://schoolwith.me/reviews/33400,口コミ,reviews
https://schoolwith.me/reviews/33401,口コミ,reviews
https://schoolwith.me/reviews/33402,口コミ,reviews
https://schoolwith.me/reviews/33403,口コミ,reviews
https://schoolwith.me/reviews/33404,口コミ,reviews
https://schoolwith.me/reviews/33405,口コミ,reviews
https://schoolwith.me/reviews/33406,口コミ,reviews
https://schoolwith.me/reviews/33407,口コミ,reviews
https://schoolwith.me/reviews/33408,口コミ,reviews
https://schoolwith.me/reviews/33409,口コミ,reviews
https://schoolwith.me/reviews/33410,口コミ,reviews
https://schoolwith.me/reviews/33411,口コミ,reviews
https://schoolwith.me/reviews/33412,口コミ,reviews
https://schoolwith.me/reviews/33413,口コミ,reviews
https://schoolwith.me/reviews/33415,口コミ,reviews
https://schoolwith.me/reviews/33417,口コミ,reviews
https://schoolwith.me/reviews/33419,口コミ,reviews
https://schoolwith.me/reviews/33421,口コミ,reviews
https://schoolwith.me/reviews/33422,口コミ,reviews
https://schoolwith.me/reviews/33423,口コミ,reviews
https://schoolwith.me/reviews/33426,口コミ,reviews
https://schoolwith.me/reviews/33427,口コミ,reviews
https://schoolwith.me/reviews/33429,口コミ,reviews
https://schoolwith.me/reviews/33430,口コミ,reviews
https://schoolwith.me/reviews/33431,口コミ,reviews
https://schoolwith.me/reviews/33432,口コミ,reviews
https://schoolwith.me/reviews/33434,口コミ,reviews
https://schoolwith.me/reviews/33435,口コミ,reviews
https://schoolwith.me/reviews/33436,口コミ,reviews
https://schoolwith.me/reviews/33437,口コミ,reviews
https://schoolwith.me/reviews/33438,口コミ,reviews
https://schoolwith.me/reviews/33439,口コミ,reviews
https://schoolwith.me/reviews/33441,口コミ,reviews
https://schoolwith.me/reviews/33442,口コミ,reviews
https://schoolwith.me/reviews/33443,口コミ,reviews
https://schoolwith.me/reviews/33445,口コミ,reviews
https://schoolwith.me/reviews/33446,口コミ,reviews
https://schoolwith.me/reviews/33447,口コミ,reviews
https://schoolwith.me/reviews/33449,口コミ,reviews
https://schoolwith.me/reviews/33450,口コミ,reviews
https://schoolwith.me/reviews/33454,口コミ,reviews
https://schoolwith.me/reviews/33455,口コミ,reviews
https://schoolwith.me/reviews/33457,口コミ,reviews
https://schoolwith.me/reviews/33458,口コミ,reviews
https://schoolwith.me/reviews/33459,口コミ,reviews
https://schoolwith.me/reviews/33460,口コミ,reviews
https://schoolwith.me/reviews/33462,口コミ,reviews
https://schoolwith.me/reviews/33463,口コミ,reviews
https://schoolwith.me/reviews/33464,口コミ,reviews
https://schoolwith.me/reviews/33466,口コミ,reviews
https://schoolwith.me/reviews/33467,口コミ,reviews
https://schoolwith.me/reviews/33468,口コミ,reviews
https://schoolwith.me/reviews/33470,口コミ,reviews
https://schoolwith.me/reviews/33471,口コミ,reviews
https://schoolwith.me/reviews/33472,口コミ,reviews
https://schoolwith.me/reviews/33473,口コミ,reviews
https://schoolwith.me/reviews/33477,口コミ,reviews
https://schoolwith.me/reviews/33478,口コミ,reviews
https://schoolwith.me/reviews/33479,口コミ,reviews
https://schoolwith.me/reviews/33480,口コミ,reviews
https://schoolwith.me/reviews/33481,口コミ,reviews
https://schoolwith.me/reviews/33482,口コミ,reviews
https://schoolwith.me/reviews/33483,口コミ,reviews
https://schoolwith.me/reviews/33484,口コミ,reviews
https://schoolwith.me/reviews/33485,口コミ,reviews
https://schoolwith.me/reviews/33486,口コミ,reviews
https://schoolwith.me/reviews/33488,口コミ,reviews
https://schoolwith.me/reviews/33491,口コミ,reviews
https://schoolwith.me/reviews/33492,口コミ,reviews
https://schoolwith.me/reviews/33494,口コミ,reviews
https://schoolwith.me/reviews/33495,口コミ,reviews
https://schoolwith.me/reviews/33496,口コミ,reviews
https://schoolwith.me/reviews/33497,口コミ,reviews
https://schoolwith.me/reviews/33498,口コミ,reviews
https://schoolwith.me/reviews/33500,口コミ,reviews
https://schoolwith.me/reviews/33502,口コミ,reviews
https://schoolwith.me/reviews/33503,口コミ,reviews
https://schoolwith.me/reviews/33504,口コミ,reviews
https://schoolwith.me/reviews/33508,口コミ,reviews
https://schoolwith.me/reviews/33510,口コミ,reviews
https://schoolwith.me/reviews/33511,口コミ,reviews
https://schoolwith.me/reviews/33516,口コミ,reviews
https://schoolwith.me/reviews/33519,口コミ,reviews
https://schoolwith.me/reviews/33522,口コミ,reviews
https://schoolwith.me/reviews/33524,口コミ,reviews
https://schoolwith.me/reviews/33525,口コミ,reviews
https://schoolwith.me/reviews/33526,口コミ,reviews
https://schoolwith.me/reviews/33527,口コミ,reviews
https://schoolwith.me/reviews/33528,口コミ,reviews
https://schoolwith.me/reviews/33529,口コミ,reviews
https://schoolwith.me/reviews/33530,口コミ,reviews
https://schoolwith.me/reviews/33531,口コミ,reviews
https://schoolwith.me/reviews/33532,口コミ,reviews
https://schoolwith.me/reviews/33533,口コミ,reviews
https://schoolwith.me/reviews/33534,口コミ,reviews
https://schoolwith.me/reviews/33539,口コミ,reviews
https://schoolwith.me/reviews/33540,口コミ,reviews
https://schoolwith.me/reviews/33541,口コミ,reviews
https://schoolwith.me/reviews/33542,口コミ,reviews
https://schoolwith.me/reviews/33543,口コミ,reviews
https://schoolwith.me/reviews/33544,口コミ,reviews
https://schoolwith.me/reviews/33545,口コミ,reviews
https://schoolwith.me/reviews/33546,口コミ,reviews
https://schoolwith.me/reviews/33547,口コミ,reviews
https://schoolwith.me/reviews/33548,口コミ,reviews
https://schoolwith.me/reviews/33549,口コミ,reviews
https://schoolwith.me/reviews/33552,口コミ,reviews
https://schoolwith.me/reviews/33557,口コミ,reviews
https://schoolwith.me/reviews/33560,口コミ,reviews
https://schoolwith.me/reviews/33563,口コミ,reviews
https://schoolwith.me/reviews/33564,口コミ,reviews
https://schoolwith.me/reviews/33565,口コミ,reviews
https://schoolwith.me/reviews/33566,口コミ,reviews
https://schoolwith.me/reviews/33567,口コミ,reviews
https://schoolwith.me/reviews/33568,口コミ,reviews
https://schoolwith.me/reviews/33569,口コミ,reviews
https://schoolwith.me/reviews/33570,口コミ,reviews
https://schoolwith.me/reviews/33571,口コミ,reviews
https://schoolwith.me/reviews/33572,口コミ,reviews
https://schoolwith.me/reviews/33578,口コミ,reviews
https://schoolwith.me/reviews/33579,口コミ,reviews
https://schoolwith.me/reviews/33583,口コミ,reviews
https://schoolwith.me/reviews/33585,口コミ,reviews
https://schoolwith.me/reviews/33586,口コミ,reviews
https://schoolwith.me/reviews/33588,口コミ,reviews
https://schoolwith.me/reviews/33589,口コミ,reviews
https://schoolwith.me/reviews/33590,口コミ,reviews
https://schoolwith.me/reviews/33591,口コミ,reviews
https://schoolwith.me/reviews/33593,口コミ,reviews
https://schoolwith.me/reviews/33594,口コミ,reviews
https://schoolwith.me/reviews/33595,口コミ,reviews
https://schoolwith.me/reviews/33596,口コミ,reviews
https://schoolwith.me/reviews/33597,口コミ,reviews
https://schoolwith.me/reviews/33598,口コミ,reviews
https://schoolwith.me/reviews/33599,口コミ,reviews
https://schoolwith.me/reviews/33600,口コミ,reviews
https://schoolwith.me/reviews/33601,口コミ,reviews
https://schoolwith.me/reviews/33602,口コミ,reviews
https://schoolwith.me/reviews/33606,口コミ,reviews
https://schoolwith.me/reviews/33608,口コミ,reviews
https://schoolwith.me/reviews/33611,口コミ,reviews
https://schoolwith.me/reviews/33612,口コミ,reviews
https://schoolwith.me/reviews/33613,口コミ,reviews
https://schoolwith.me/reviews/33614,口コミ,reviews
https://schoolwith.me/reviews/33616,口コミ,reviews
https://schoolwith.me/reviews/33617,口コミ,reviews
https://schoolwith.me/reviews/33618,口コミ,reviews
https://schoolwith.me/reviews/33619,口コミ,reviews
https://schoolwith.me/reviews/33620,口コミ,reviews
https://schoolwith.me/reviews/33621,口コミ,reviews
https://schoolwith.me/reviews/33622,口コミ,reviews
https://schoolwith.me/reviews/33623,口コミ,reviews
https://schoolwith.me/reviews/33624,口コミ,reviews
https://schoolwith.me/reviews/33625,口コミ,reviews
https://schoolwith.me/reviews/33626,口コミ,reviews
https://schoolwith.me/reviews/33627,口コミ,reviews
https://schoolwith.me/reviews/33628,口コミ,reviews
https://schoolwith.me/reviews/33629,口コミ,reviews
https://schoolwith.me/reviews/33630,口コミ,reviews
https://schoolwith.me/reviews/33631,口コミ,reviews
https://schoolwith.me/reviews/33633,口コミ,reviews
https://schoolwith.me/reviews/33634,口コミ,reviews
https://schoolwith.me/reviews/33635,口コミ,reviews
https://schoolwith.me/reviews/33636,口コミ,reviews
https://schoolwith.me/reviews/33637,口コミ,reviews
https://schoolwith.me/reviews/33638,口コミ,reviews
https://schoolwith.me/reviews/33639,口コミ,reviews
https://schoolwith.me/reviews/33643,口コミ,reviews
https://schoolwith.me/reviews/33644,口コミ,reviews
https://schoolwith.me/reviews/33645,口コミ,reviews
https://schoolwith.me/reviews/33646,口コミ,reviews
https://schoolwith.me/reviews/33647,口コミ,reviews
https://schoolwith.me/reviews/33648,口コミ,reviews
https://schoolwith.me/reviews/33649,口コミ,reviews
https://schoolwith.me/reviews/33650,口コミ,reviews
https://schoolwith.me/reviews/33652,口コミ,reviews
https://schoolwith.me/reviews/33656,口コミ,reviews
https://schoolwith.me/reviews/33657,口コミ,reviews
https://schoolwith.me/reviews/33658,口コミ,reviews
https://schoolwith.me/reviews/33662,口コミ,reviews
https://schoolwith.me/reviews/33665,口コミ,reviews
https://schoolwith.me/reviews/33668,口コミ,reviews
https://schoolwith.me/reviews/33670,口コミ,reviews
https://schoolwith.me/reviews/33672,口コミ,reviews
https://schoolwith.me/reviews/33673,口コミ,reviews
https://schoolwith.me/reviews/33674,口コミ,reviews
https://schoolwith.me/reviews/33675,口コミ,reviews
https://schoolwith.me/reviews/33676,口コミ,reviews
https://schoolwith.me/reviews/33677,口コミ,reviews
https://schoolwith.me/reviews/33678,口コミ,reviews
https://schoolwith.me/reviews/33679,口コミ,reviews
https://schoolwith.me/reviews/33680,口コミ,reviews
https://schoolwith.me/reviews/33681,口コミ,reviews
https://schoolwith.me/reviews/33682,口コミ,reviews
https://schoolwith.me/reviews/33683,口コミ,reviews
https://schoolwith.me/reviews/33685,口コミ,reviews
https://schoolwith.me/reviews/33686,口コミ,reviews
https://schoolwith.me/reviews/33687,口コミ,reviews
https://schoolwith.me/reviews/33688,口コミ,reviews
https://schoolwith.me/reviews/33689,口コミ,reviews
https://schoolwith.me/reviews/33690,口コミ,reviews
https://schoolwith.me/reviews/33691,口コミ,reviews
https://schoolwith.me/reviews/33692,口コミ,reviews
https://schoolwith.me/reviews/33693,口コミ,reviews
https://schoolwith.me/reviews/33694,口コミ,reviews
https://schoolwith.me/reviews/33695,口コミ,reviews
https://schoolwith.me/reviews/33696,口コミ,reviews
https://schoolwith.me/reviews/33698,口コミ,reviews
https://schoolwith.me/reviews/33699,口コミ,reviews
https://schoolwith.me/reviews/33700,口コミ,reviews
https://schoolwith.me/reviews/33702,口コミ,reviews
https://schoolwith.me/reviews/33703,口コミ,reviews
https://schoolwith.me/reviews/33705,口コミ,reviews
https://schoolwith.me/reviews/33708,口コミ,reviews
https://schoolwith.me/reviews/33709,口コミ,reviews
https://schoolwith.me/reviews/33712,口コミ,reviews
https://schoolwith.me/reviews/33713,口コミ,reviews
https://schoolwith.me/reviews/33715,口コミ,reviews
https://schoolwith.me/reviews/33716,口コミ,reviews
https://schoolwith.me/reviews/33719,口コミ,reviews
https://schoolwith.me/reviews/33721,口コミ,reviews
https://schoolwith.me/reviews/33722,口コミ,reviews
https://schoolwith.me/reviews/33723,口コミ,reviews
https://schoolwith.me/reviews/33724,口コミ,reviews
https://schoolwith.me/reviews/33725,口コミ,reviews
https://schoolwith.me/reviews/33727,口コミ,reviews
https://schoolwith.me/reviews/33728,口コミ,reviews
https://schoolwith.me/reviews/33731,口コミ,reviews
https://schoolwith.me/reviews/33733,口コミ,reviews
https://schoolwith.me/reviews/33735,口コミ,reviews
https://schoolwith.me/reviews/33736,口コミ,reviews
https://schoolwith.me/reviews/33737,口コミ,reviews
https://schoolwith.me/reviews/33738,口コミ,reviews
https://schoolwith.me/reviews/33740,口コミ,reviews
https://schoolwith.me/reviews/33741,口コミ,reviews
https://schoolwith.me/reviews/33742,口コミ,reviews
https://schoolwith.me/reviews/33743,口コミ,reviews
https://schoolwith.me/reviews/33745,口コミ,reviews
https://schoolwith.me/reviews/33746,口コミ,reviews
https://schoolwith.me/reviews/33747,口コミ,reviews
https://schoolwith.me/reviews/33748,口コミ,reviews
https://schoolwith.me/reviews/33750,口コミ,reviews
https://schoolwith.me/reviews/33751,口コミ,reviews
https://schoolwith.me/reviews/33752,口コミ,reviews
https://schoolwith.me/reviews/33753,口コミ,reviews
https://schoolwith.me/reviews/33754,口コミ,reviews
https://schoolwith.me/reviews/33756,口コミ,reviews
https://schoolwith.me/reviews/33757,口コミ,reviews
https://schoolwith.me/reviews/33758,口コミ,reviews
https://schoolwith.me/reviews/33759,口コミ,reviews
https://schoolwith.me/reviews/33760,口コミ,reviews
https://schoolwith.me/reviews/33761,口コミ,reviews
https://schoolwith.me/reviews/33762,口コミ,reviews
https://schoolwith.me/reviews/33763,口コミ,reviews
https://schoolwith.me/reviews/33764,口コミ,reviews
https://schoolwith.me/reviews/33765,口コミ,reviews
https://schoolwith.me/reviews/33766,口コミ,reviews
https://schoolwith.me/reviews/33768,口コミ,reviews
https://schoolwith.me/reviews/33769,口コミ,reviews
https://schoolwith.me/reviews/33770,口コミ,reviews
https://schoolwith.me/reviews/33771,口コミ,reviews
https://schoolwith.me/reviews/33772,口コミ,reviews
https://schoolwith.me/reviews/33773,口コミ,reviews
https://schoolwith.me/reviews/33774,口コミ,reviews
https://schoolwith.me/reviews/33775,口コミ,reviews
https://schoolwith.me/reviews/33776,口コミ,reviews
https://schoolwith.me/reviews/33777,口コミ,reviews
https://schoolwith.me/reviews/33778,口コミ,reviews
https://schoolwith.me/reviews/33779,口コミ,reviews
https://schoolwith.me/reviews/33780,口コミ,reviews
https://schoolwith.me/reviews/33781,口コミ,reviews
https://schoolwith.me/reviews/33782,口コミ,reviews
https://schoolwith.me/reviews/33783,口コミ,reviews
https://schoolwith.me/reviews/33785,口コミ,reviews
https://schoolwith.me/reviews/33786,口コミ,reviews
https://schoolwith.me/reviews/33787,口コミ,reviews
https://schoolwith.me/reviews/33791,口コミ,reviews
https://schoolwith.me/reviews/33794,口コミ,reviews
https://schoolwith.me/reviews/33795,口コミ,reviews
https://schoolwith.me/reviews/33796,口コミ,reviews
https://schoolwith.me/reviews/33797,口コミ,reviews
https://schoolwith.me/reviews/33798,口コミ,reviews
https://schoolwith.me/reviews/33799,口コミ,reviews
https://schoolwith.me/reviews/33800,口コミ,reviews
https://schoolwith.me/reviews/33801,口コミ,reviews
https://schoolwith.me/reviews/33803,口コミ,reviews
https://schoolwith.me/reviews/33804,口コミ,reviews
https://schoolwith.me/reviews/33806,口コミ,reviews
https://schoolwith.me/reviews/33807,口コミ,reviews
https://schoolwith.me/reviews/33810,口コミ,reviews
https://schoolwith.me/reviews/33812,口コミ,reviews
https://schoolwith.me/reviews/33814,口コミ,reviews
https://schoolwith.me/reviews/33815,口コミ,reviews
https://schoolwith.me/reviews/33817,口コミ,reviews
https://schoolwith.me/reviews/33820,口コミ,reviews
https://schoolwith.me/reviews/33821,口コミ,reviews
https://schoolwith.me/reviews/33822,口コミ,reviews
https://schoolwith.me/reviews/33827,口コミ,reviews
https://schoolwith.me/reviews/33828,口コミ,reviews
https://schoolwith.me/reviews/33829,口コミ,reviews
https://schoolwith.me/reviews/33830,口コミ,reviews
https://schoolwith.me/reviews/33831,口コミ,reviews
https://schoolwith.me/reviews/33832,口コミ,reviews
https://schoolwith.me/reviews/33834,口コミ,reviews
https://schoolwith.me/reviews/33835,口コミ,reviews
https://schoolwith.me/reviews/33838,口コミ,reviews
https://schoolwith.me/reviews/33840,口コミ,reviews
https://schoolwith.me/reviews/33841,口コミ,reviews
https://schoolwith.me/reviews/33842,口コミ,reviews
https://schoolwith.me/reviews/33843,口コミ,reviews
https://schoolwith.me/reviews/33844,口コミ,reviews
https://schoolwith.me/reviews/33845,口コミ,reviews
https://schoolwith.me/reviews/33846,口コミ,reviews
https://schoolwith.me/reviews/33848,口コミ,reviews
https://schoolwith.me/reviews/33849,口コミ,reviews
https://schoolwith.me/reviews/33852,口コミ,reviews
https://schoolwith.me/reviews/33854,口コミ,reviews
https://schoolwith.me/reviews/33856,口コミ,reviews
https://schoolwith.me/reviews/33857,口コミ,reviews
https://schoolwith.me/reviews/33858,口コミ,reviews
https://schoolwith.me/reviews/33859,口コミ,reviews
https://schoolwith.me/reviews/33862,口コミ,reviews
https://schoolwith.me/reviews/33863,口コミ,reviews
https://schoolwith.me/reviews/33865,口コミ,reviews
https://schoolwith.me/reviews/33871,口コミ,reviews
https://schoolwith.me/reviews/33872,口コミ,reviews
https://schoolwith.me/reviews/33874,口コミ,reviews
https://schoolwith.me/reviews/33875,口コミ,reviews
https://schoolwith.me/reviews/33876,口コミ,reviews
https://schoolwith.me/reviews/33877,口コミ,reviews
https://schoolwith.me/reviews/33878,口コミ,reviews
https://schoolwith.me/reviews/33883,口コミ,reviews
https://schoolwith.me/reviews/33884,口コミ,reviews
https://schoolwith.me/reviews/33885,口コミ,reviews
https://schoolwith.me/reviews/33888,口コミ,reviews
https://schoolwith.me/reviews/33889,口コミ,reviews
https://schoolwith.me/reviews/33891,口コミ,reviews
https://schoolwith.me/reviews/33892,口コミ,reviews
https://schoolwith.me/reviews/33894,口コミ,reviews
https://schoolwith.me/reviews/33895,口コミ,reviews
https://schoolwith.me/reviews/33896,口コミ,reviews
https://schoolwith.me/reviews/33897,口コミ,reviews
https://schoolwith.me/reviews/33898,口コミ,reviews
https://schoolwith.me/reviews/33900,口コミ,reviews
https://schoolwith.me/reviews/33901,口コミ,reviews
https://schoolwith.me/reviews/33902,口コミ,reviews
https://schoolwith.me/reviews/33903,口コミ,reviews
https://schoolwith.me/reviews/33904,口コミ,reviews
https://schoolwith.me/reviews/33905,口コミ,reviews
https://schoolwith.me/reviews/33906,口コミ,reviews
https://schoolwith.me/reviews/33907,口コミ,reviews
https://schoolwith.me/reviews/33908,口コミ,reviews
https://schoolwith.me/reviews/33909,口コミ,reviews
https://schoolwith.me/reviews/33910,口コミ,reviews
https://schoolwith.me/reviews/33911,口コミ,reviews
https://schoolwith.me/reviews/33912,口コミ,reviews
https://schoolwith.me/reviews/33913,口コミ,reviews
https://schoolwith.me/reviews/33914,口コミ,reviews
https://schoolwith.me/reviews/33915,口コミ,reviews
https://schoolwith.me/reviews/33916,口コミ,reviews
https://schoolwith.me/reviews/33917,口コミ,reviews
https://schoolwith.me/reviews/33918,口コミ,reviews
https://schoolwith.me/reviews/33920,口コミ,reviews
https://schoolwith.me/reviews/33924,口コミ,reviews
https://schoolwith.me/reviews/33925,口コミ,reviews
https://schoolwith.me/reviews/33926,口コミ,reviews
https://schoolwith.me/reviews/33927,口コミ,reviews
https://schoolwith.me/reviews/33929,口コミ,reviews
https://schoolwith.me/reviews/33931,口コミ,reviews
https://schoolwith.me/reviews/33932,口コミ,reviews
https://schoolwith.me/reviews/33933,口コミ,reviews
https://schoolwith.me/reviews/33935,口コミ,reviews
https://schoolwith.me/reviews/33936,口コミ,reviews
https://schoolwith.me/reviews/33937,口コミ,reviews
https://schoolwith.me/reviews/33938,口コミ,reviews
https://schoolwith.me/reviews/33939,口コミ,reviews
https://schoolwith.me/reviews/33940,口コミ,reviews
https://schoolwith.me/reviews/33944,口コミ,reviews
https://schoolwith.me/reviews/33945,口コミ,reviews
https://schoolwith.me/reviews/33946,口コミ,reviews
https://schoolwith.me/reviews/33947,口コミ,reviews
https://schoolwith.me/reviews/33948,口コミ,reviews
https://schoolwith.me/reviews/33949,口コミ,reviews
https://schoolwith.me/reviews/33950,口コミ,reviews
https://schoolwith.me/reviews/33951,口コミ,reviews
https://schoolwith.me/reviews/33953,口コミ,reviews
https://schoolwith.me/reviews/33954,口コミ,reviews
https://schoolwith.me/reviews/33955,口コミ,reviews
https://schoolwith.me/reviews/33957,口コミ,reviews
https://schoolwith.me/reviews/33958,口コミ,reviews
https://schoolwith.me/reviews/33960,口コミ,reviews
https://schoolwith.me/reviews/33961,口コミ,reviews
https://schoolwith.me/reviews/33963,口コミ,reviews
https://schoolwith.me/reviews/33966,口コミ,reviews
https://schoolwith.me/reviews/33967,口コミ,reviews
https://schoolwith.me/reviews/33968,口コミ,reviews
https://schoolwith.me/reviews/33969,口コミ,reviews
https://schoolwith.me/reviews/33971,口コミ,reviews
https://schoolwith.me/reviews/33972,口コミ,reviews
https://schoolwith.me/reviews/33973,口コミ,reviews
https://schoolwith.me/reviews/33974,口コミ,reviews
https://schoolwith.me/reviews/33975,口コミ,reviews
https://schoolwith.me/reviews/33976,口コミ,reviews
https://schoolwith.me/reviews/33978,口コミ,reviews
https://schoolwith.me/reviews/33979,口コミ,reviews
https://schoolwith.me/reviews/33980,口コミ,reviews
https://schoolwith.me/reviews/33981,口コミ,reviews
https://schoolwith.me/reviews/33982,口コミ,reviews
https://schoolwith.me/reviews/33983,口コミ,reviews
https://schoolwith.me/reviews/33984,口コミ,reviews
https://schoolwith.me/reviews/33985,口コミ,reviews
https://schoolwith.me/reviews/33991,口コミ,reviews
https://schoolwith.me/reviews/33992,口コミ,reviews
https://schoolwith.me/reviews/33994,口コミ,reviews
https://schoolwith.me/reviews/33999,口コミ,reviews
https://schoolwith.me/reviews/34001,口コミ,reviews
https://schoolwith.me/reviews/34003,口コミ,reviews
https://schoolwith.me/reviews/34005,口コミ,reviews
https://schoolwith.me/reviews/34006,口コミ,reviews
https://schoolwith.me/reviews/34008,口コミ,reviews
https://schoolwith.me/reviews/34012,口コミ,reviews
https://schoolwith.me/reviews/34015,口コミ,reviews
https://schoolwith.me/reviews/34016,口コミ,reviews
https://schoolwith.me/reviews/34017,口コミ,reviews
https://schoolwith.me/reviews/34018,口コミ,reviews
https://schoolwith.me/reviews/34019,口コミ,reviews
https://schoolwith.me/reviews/34020,口コミ,reviews
https://schoolwith.me/reviews/34022,口コミ,reviews
https://schoolwith.me/reviews/34023,口コミ,reviews
https://schoolwith.me/reviews/34024,口コミ,reviews
https://schoolwith.me/reviews/34026,口コミ,reviews
https://schoolwith.me/reviews/34027,口コミ,reviews
https://schoolwith.me/reviews/34028,口コミ,reviews
https://schoolwith.me/reviews/34029,口コミ,reviews
https://schoolwith.me/reviews/34030,口コミ,reviews
https://schoolwith.me/reviews/34031,口コミ,reviews
https://schoolwith.me/reviews/34032,口コミ,reviews
https://schoolwith.me/reviews/34033,口コミ,reviews
https://schoolwith.me/reviews/34034,口コミ,reviews
https://schoolwith.me/reviews/34036,口コミ,reviews
https://schoolwith.me/reviews/34037,口コミ,reviews
https://schoolwith.me/reviews/34039,口コミ,reviews
https://schoolwith.me/reviews/34045,口コミ,reviews
https://schoolwith.me/reviews/34049,口コミ,reviews
https://schoolwith.me/reviews/34050,口コミ,reviews
https://schoolwith.me/reviews/34052,口コミ,reviews
https://schoolwith.me/reviews/34054,口コミ,reviews
https://schoolwith.me/reviews/34056,口コミ,reviews
https://schoolwith.me/reviews/34057,口コミ,reviews
https://schoolwith.me/reviews/34060,口コミ,reviews
https://schoolwith.me/reviews/34062,口コミ,reviews
https://schoolwith.me/reviews/34065,口コミ,reviews
https://schoolwith.me/reviews/34066,口コミ,reviews
https://schoolwith.me/reviews/34067,口コミ,reviews
https://schoolwith.me/reviews/34068,口コミ,reviews
https://schoolwith.me/reviews/34069,口コミ,reviews
https://schoolwith.me/reviews/34071,口コミ,reviews
https://schoolwith.me/reviews/34072,口コミ,reviews
https://schoolwith.me/reviews/34073,口コミ,reviews
https://schoolwith.me/reviews/34075,口コミ,reviews
https://schoolwith.me/reviews/34076,口コミ,reviews
https://schoolwith.me/reviews/34077,口コミ,reviews
https://schoolwith.me/reviews/34078,口コミ,reviews
https://schoolwith.me/reviews/34079,口コミ,reviews
https://schoolwith.me/reviews/34080,口コミ,reviews
https://schoolwith.me/reviews/34081,口コミ,reviews
https://schoolwith.me/reviews/34083,口コミ,reviews
https://schoolwith.me/reviews/34084,口コミ,reviews
https://schoolwith.me/reviews/34085,口コミ,reviews
https://schoolwith.me/reviews/34086,口コミ,reviews
https://schoolwith.me/reviews/34097,口コミ,reviews
https://schoolwith.me/reviews/34099,口コミ,reviews
https://schoolwith.me/reviews/34100,口コミ,reviews
https://schoolwith.me/reviews/34101,口コミ,reviews
https://schoolwith.me/reviews/34104,口コミ,reviews
https://schoolwith.me/reviews/34105,口コミ,reviews
https://schoolwith.me/reviews/34106,口コミ,reviews
https://schoolwith.me/reviews/34109,口コミ,reviews
https://schoolwith.me/reviews/34114,口コミ,reviews
https://schoolwith.me/reviews/34117,口コミ,reviews
https://schoolwith.me/reviews/34118,口コミ,reviews
https://schoolwith.me/reviews/34120,口コミ,reviews
https://schoolwith.me/reviews/34121,口コミ,reviews
https://schoolwith.me/reviews/34124,口コミ,reviews
https://schoolwith.me/reviews/34125,口コミ,reviews
https://schoolwith.me/reviews/34126,口コミ,reviews
https://schoolwith.me/reviews/34127,口コミ,reviews
https://schoolwith.me/reviews/34130,口コミ,reviews
https://schoolwith.me/reviews/34132,口コミ,reviews
https://schoolwith.me/reviews/34152,口コミ,reviews
https://schoolwith.me/reviews/34153,口コミ,reviews
https://schoolwith.me/reviews/34154,口コミ,reviews
https://schoolwith.me/reviews/34157,口コミ,reviews
https://schoolwith.me/reviews/34162,口コミ,reviews
https://schoolwith.me/reviews/34167,口コミ,reviews
https://schoolwith.me/reviews/34169,口コミ,reviews
https://schoolwith.me/reviews/34174,口コミ,reviews
https://schoolwith.me/reviews/34175,口コミ,reviews
https://schoolwith.me/reviews/34180,口コミ,reviews
https://schoolwith.me/reviews/34181,口コミ,reviews
https://schoolwith.me/reviews/34182,口コミ,reviews
https://schoolwith.me/reviews/34185,口コミ,reviews
https://schoolwith.me/reviews/34186,口コミ,reviews
https://schoolwith.me/reviews/34188,口コミ,reviews
https://schoolwith.me/reviews/34190,口コミ,reviews
https://schoolwith.me/reviews/34191,口コミ,reviews
https://schoolwith.me/reviews/34192,口コミ,reviews
https://schoolwith.me/reviews/34194,口コミ,reviews
https://schoolwith.me/reviews/34195,口コミ,reviews
https://schoolwith.me/reviews/34199,口コミ,reviews
https://schoolwith.me/reviews/34200,口コミ,reviews
https://schoolwith.me/reviews/34202,口コミ,reviews
https://schoolwith.me/reviews/34205,口コミ,reviews
https://schoolwith.me/reviews/34206,口コミ,reviews
https://schoolwith.me/reviews/34209,口コミ,reviews
https://schoolwith.me/reviews/34210,口コミ,reviews
https://schoolwith.me/reviews/34212,口コミ,reviews
https://schoolwith.me/reviews/34213,口コミ,reviews
https://schoolwith.me/reviews/34214,口コミ,reviews
https://schoolwith.me/reviews/34217,口コミ,reviews
https://schoolwith.me/reviews/34218,口コミ,reviews
https://schoolwith.me/reviews/34222,口コミ,reviews
https://schoolwith.me/reviews/34224,口コミ,reviews
https://schoolwith.me/reviews/34226,口コミ,reviews
https://schoolwith.me/reviews/34228,口コミ,reviews
https://schoolwith.me/reviews/34229,口コミ,reviews
https://schoolwith.me/reviews/34230,口コミ,reviews
https://schoolwith.me/reviews/34232,口コミ,reviews
https://schoolwith.me/reviews/34233,口コミ,reviews
https://schoolwith.me/reviews/34234,口コミ,reviews
https://schoolwith.me/reviews/34235,口コミ,reviews
https://schoolwith.me/reviews/34236,口コミ,reviews
https://schoolwith.me/reviews/34238,口コミ,reviews
https://schoolwith.me/reviews/34239,口コミ,reviews
https://schoolwith.me/reviews/34240,口コミ,reviews
https://schoolwith.me/reviews/34241,口コミ,reviews
https://schoolwith.me/reviews/34242,口コミ,reviews
https://schoolwith.me/reviews/34243,口コミ,reviews
https://schoolwith.me/reviews/34244,口コミ,reviews
https://schoolwith.me/reviews/34245,口コミ,reviews
https://schoolwith.me/reviews/34247,口コミ,reviews
https://schoolwith.me/reviews/34248,口コミ,reviews
https://schoolwith.me/reviews/34250,口コミ,reviews
https://schoolwith.me/reviews/34251,口コミ,reviews
https://schoolwith.me/reviews/34252,口コミ,reviews
https://schoolwith.me/reviews/34253,口コミ,reviews
https://schoolwith.me/reviews/34254,口コミ,reviews
https://schoolwith.me/reviews/34255,口コミ,reviews
https://schoolwith.me/reviews/34256,口コミ,reviews
https://schoolwith.me/reviews/34258,口コミ,reviews
https://schoolwith.me/reviews/34259,口コミ,reviews
https://schoolwith.me/reviews/34260,口コミ,reviews
https://schoolwith.me/reviews/34262,口コミ,reviews
https://schoolwith.me/reviews/34264,口コミ,reviews
https://schoolwith.me/reviews/34265,口コミ,reviews
https://schoolwith.me/reviews/34267,口コミ,reviews
https://schoolwith.me/reviews/34268,口コミ,reviews
https://schoolwith.me/reviews/34269,口コミ,reviews
https://schoolwith.me/reviews/34270,口コミ,reviews
https://schoolwith.me/reviews/34275,口コミ,reviews
https://schoolwith.me/reviews/34277,口コミ,reviews
https://schoolwith.me/reviews/34278,口コミ,reviews
https://schoolwith.me/reviews/34279,口コミ,reviews
https://schoolwith.me/reviews/34281,口コミ,reviews
https://schoolwith.me/reviews/34282,口コミ,reviews
https://schoolwith.me/reviews/34285,口コミ,reviews
https://schoolwith.me/reviews/34286,口コミ,reviews
https://schoolwith.me/reviews/34287,口コミ,reviews
https://schoolwith.me/reviews/34289,口コミ,reviews
https://schoolwith.me/reviews/34290,口コミ,reviews
https://schoolwith.me/reviews/34291,口コミ,reviews
https://schoolwith.me/reviews/34294,口コミ,reviews
https://schoolwith.me/reviews/34295,口コミ,reviews
https://schoolwith.me/reviews/34296,口コミ,reviews
https://schoolwith.me/reviews/34297,口コミ,reviews
https://schoolwith.me/reviews/34299,口コミ,reviews
https://schoolwith.me/reviews/34303,口コミ,reviews
https://schoolwith.me/reviews/34306,口コミ,reviews
https://schoolwith.me/reviews/34307,口コミ,reviews
https://schoolwith.me/reviews/34308,口コミ,reviews
https://schoolwith.me/reviews/34310,口コミ,reviews
https://schoolwith.me/reviews/34312,口コミ,reviews
https://schoolwith.me/reviews/34313,口コミ,reviews
https://schoolwith.me/reviews/34314,口コミ,reviews
https://schoolwith.me/reviews/34316,口コミ,reviews
https://schoolwith.me/reviews/34317,口コミ,reviews
https://schoolwith.me/reviews/34318,口コミ,reviews
https://schoolwith.me/reviews/34319,口コミ,reviews
https://schoolwith.me/reviews/34320,口コミ,reviews
https://schoolwith.me/reviews/34321,口コミ,reviews
https://schoolwith.me/reviews/34323,口コミ,reviews
https://schoolwith.me/reviews/34324,口コミ,reviews
https://schoolwith.me/reviews/34325,口コミ,reviews
https://schoolwith.me/reviews/34326,口コミ,reviews
https://schoolwith.me/reviews/34327,口コミ,reviews
https://schoolwith.me/reviews/34328,口コミ,reviews
https://schoolwith.me/reviews/34330,口コミ,reviews
https://schoolwith.me/reviews/34331,口コミ,reviews
https://schoolwith.me/reviews/34409,口コミ,reviews
https://schoolwith.me/reviews/34410,口コミ,reviews
https://schoolwith.me/reviews/34418,口コミ,reviews
https://schoolwith.me/reviews/34419,口コミ,reviews
https://schoolwith.me/reviews/34420,口コミ,reviews
https://schoolwith.me/reviews/34421,口コミ,reviews
https://schoolwith.me/reviews/34422,口コミ,reviews
https://schoolwith.me/reviews/34423,口コミ,reviews
https://schoolwith.me/reviews/34425,口コミ,reviews
https://schoolwith.me/reviews/34426,口コミ,reviews
https://schoolwith.me/reviews/34428,口コミ,reviews
https://schoolwith.me/reviews/34429,口コミ,reviews
https://schoolwith.me/reviews/34430,口コミ,reviews
https://schoolwith.me/reviews/34431,口コミ,reviews
https://schoolwith.me/reviews/34435,口コミ,reviews
https://schoolwith.me/reviews/34436,口コミ,reviews
https://schoolwith.me/reviews/34437,口コミ,reviews
https://schoolwith.me/reviews/34440,口コミ,reviews
https://schoolwith.me/reviews/34441,口コミ,reviews
https://schoolwith.me/reviews/34444,口コミ,reviews
https://schoolwith.me/reviews/34446,口コミ,reviews
https://schoolwith.me/reviews/34447,口コミ,reviews
https://schoolwith.me/reviews/34448,口コミ,reviews
https://schoolwith.me/reviews/34449,口コミ,reviews
https://schoolwith.me/reviews/34450,口コミ,reviews
https://schoolwith.me/reviews/34451,口コミ,reviews
https://schoolwith.me/reviews/34453,口コミ,reviews
https://schoolwith.me/reviews/34454,口コミ,reviews
https://schoolwith.me/reviews/34455,口コミ,reviews
https://schoolwith.me/reviews/34456,口コミ,reviews
https://schoolwith.me/reviews/34457,口コミ,reviews
https://schoolwith.me/reviews/34460,口コミ,reviews
https://schoolwith.me/reviews/34465,口コミ,reviews
https://schoolwith.me/reviews/34466,口コミ,reviews
https://schoolwith.me/reviews/34467,口コミ,reviews
https://schoolwith.me/reviews/34468,口コミ,reviews
https://schoolwith.me/reviews/34469,口コミ,reviews
https://schoolwith.me/reviews/34470,口コミ,reviews
https://schoolwith.me/reviews/34471,口コミ,reviews
https://schoolwith.me/reviews/34475,口コミ,reviews
https://schoolwith.me/reviews/34477,口コミ,reviews
https://schoolwith.me/reviews/34478,口コミ,reviews
https://schoolwith.me/reviews/34482,口コミ,reviews
https://schoolwith.me/reviews/34483,口コミ,reviews
https://schoolwith.me/reviews/34484,口コミ,reviews
https://schoolwith.me/reviews/34485,口コミ,reviews
https://schoolwith.me/reviews/34486,口コミ,reviews
https://schoolwith.me/reviews/34487,口コミ,reviews
https://schoolwith.me/reviews/34488,口コミ,reviews
https://schoolwith.me/reviews/34489,口コミ,reviews
https://schoolwith.me/reviews/34490,口コミ,reviews
https://schoolwith.me/reviews/34491,口コミ,reviews
https://schoolwith.me/reviews/34492,口コミ,reviews
https://schoolwith.me/reviews/34493,口コミ,reviews
https://schoolwith.me/reviews/34494,口コミ,reviews
https://schoolwith.me/reviews/34495,口コミ,reviews
https://schoolwith.me/reviews/34496,口コミ,reviews
https://schoolwith.me/reviews/34497,口コミ,reviews
https://schoolwith.me/reviews/34498,口コミ,reviews
https://schoolwith.me/reviews/34501,口コミ,reviews
https://schoolwith.me/reviews/34503,口コミ,reviews
https://schoolwith.me/reviews/34504,口コミ,reviews
https://schoolwith.me/reviews/34506,口コミ,reviews
https://schoolwith.me/reviews/34507,口コミ,reviews
https://schoolwith.me/reviews/34508,口コミ,reviews
https://schoolwith.me/reviews/34510,口コミ,reviews
https://schoolwith.me/reviews/34511,口コミ,reviews
https://schoolwith.me/reviews/34514,口コミ,reviews
https://schoolwith.me/reviews/34516,口コミ,reviews
https://schoolwith.me/reviews/34517,口コミ,reviews
https://schoolwith.me/reviews/34519,口コミ,reviews
https://schoolwith.me/reviews/34520,口コミ,reviews
https://schoolwith.me/reviews/34524,口コミ,reviews
https://schoolwith.me/reviews/34525,口コミ,reviews
https://schoolwith.me/reviews/34526,口コミ,reviews
https://schoolwith.me/reviews/34530,口コミ,reviews
https://schoolwith.me/reviews/34532,口コミ,reviews
https://schoolwith.me/reviews/34533,口コミ,reviews
https://schoolwith.me/reviews/34534,口コミ,reviews
https://schoolwith.me/reviews/34535,口コミ,reviews
https://schoolwith.me/reviews/34536,口コミ,reviews
https://schoolwith.me/reviews/34537,口コミ,reviews
https://schoolwith.me/reviews/34541,口コミ,reviews
https://schoolwith.me/reviews/34545,口コミ,reviews
https://schoolwith.me/reviews/34546,口コミ,reviews
https://schoolwith.me/reviews/34547,口コミ,reviews
https://schoolwith.me/reviews/34548,口コミ,reviews
https://schoolwith.me/reviews/34551,口コミ,reviews
https://schoolwith.me/reviews/34552,口コミ,reviews
https://schoolwith.me/reviews/34553,口コミ,reviews
https://schoolwith.me/reviews/34556,口コミ,reviews
https://schoolwith.me/reviews/34557,口コミ,reviews
https://schoolwith.me/reviews/34559,口コミ,reviews
https://schoolwith.me/reviews/34563,口コミ,reviews
https://schoolwith.me/reviews/34570,口コミ,reviews
https://schoolwith.me/reviews/34572,口コミ,reviews
https://schoolwith.me/reviews/34573,口コミ,reviews
https://schoolwith.me/reviews/34577,口コミ,reviews
https://schoolwith.me/reviews/34583,口コミ,reviews
https://schoolwith.me/reviews/34585,口コミ,reviews
https://schoolwith.me/reviews/34586,口コミ,reviews
https://schoolwith.me/reviews/34587,口コミ,reviews
https://schoolwith.me/reviews/34588,口コミ,reviews
https://schoolwith.me/reviews/34589,口コミ,reviews
https://schoolwith.me/reviews/34592,口コミ,reviews
https://schoolwith.me/reviews/34595,口コミ,reviews
https://schoolwith.me/reviews/34596,口コミ,reviews
https://schoolwith.me/reviews/34597,口コミ,reviews
https://schoolwith.me/reviews/34599,口コミ,reviews
https://schoolwith.me/reviews/34600,口コミ,reviews
https://schoolwith.me/reviews/34602,口コミ,reviews
https://schoolwith.me/reviews/34603,口コミ,reviews
https://schoolwith.me/reviews/34604,口コミ,reviews
https://schoolwith.me/reviews/34605,口コミ,reviews
https://schoolwith.me/reviews/34607,口コミ,reviews
https://schoolwith.me/reviews/34608,口コミ,reviews
https://schoolwith.me/reviews/34611,口コミ,reviews
https://schoolwith.me/reviews/34613,口コミ,reviews
https://schoolwith.me/reviews/34615,口コミ,reviews
https://schoolwith.me/reviews/34616,口コミ,reviews
https://schoolwith.me/reviews/34618,口コミ,reviews
https://schoolwith.me/reviews/34619,口コミ,reviews
https://schoolwith.me/reviews/34620,口コミ,reviews
https://schoolwith.me/reviews/34624,口コミ,reviews
https://schoolwith.me/reviews/34627,口コミ,reviews
https://schoolwith.me/reviews/34628,口コミ,reviews
https://schoolwith.me/reviews/34632,口コミ,reviews
https://schoolwith.me/reviews/34635,口コミ,reviews
https://schoolwith.me/reviews/34638,口コミ,reviews
https://schoolwith.me/reviews/34639,口コミ,reviews
https://schoolwith.me/reviews/34644,口コミ,reviews
https://schoolwith.me/reviews/34648,口コミ,reviews
https://schoolwith.me/reviews/34649,口コミ,reviews
https://schoolwith.me/reviews/34650,口コミ,reviews
https://schoolwith.me/reviews/34651,口コミ,reviews
https://schoolwith.me/reviews/34654,口コミ,reviews
https://schoolwith.me/reviews/34655,口コミ,reviews
https://schoolwith.me/reviews/34656,口コミ,reviews
https://schoolwith.me/reviews/34657,口コミ,reviews
https://schoolwith.me/reviews/34658,口コミ,reviews
https://schoolwith.me/reviews/34659,口コミ,reviews
https://schoolwith.me/reviews/34660,口コミ,reviews
https://schoolwith.me/reviews/34661,口コミ,reviews
https://schoolwith.me/reviews/34663,口コミ,reviews
https://schoolwith.me/reviews/34665,口コミ,reviews
https://schoolwith.me/reviews/34666,口コミ,reviews
https://schoolwith.me/reviews/34668,口コミ,reviews
https://schoolwith.me/reviews/34672,口コミ,reviews
https://schoolwith.me/reviews/34673,口コミ,reviews
https://schoolwith.me/reviews/34677,口コミ,reviews
https://schoolwith.me/reviews/34679,口コミ,reviews
https://schoolwith.me/reviews/34680,口コミ,reviews
https://schoolwith.me/reviews/34682,口コミ,reviews
https://schoolwith.me/reviews/34683,口コミ,reviews
https://schoolwith.me/reviews/34684,口コミ,reviews
https://schoolwith.me/reviews/34686,口コミ,reviews
https://schoolwith.me/reviews/34690,口コミ,reviews
https://schoolwith.me/reviews/34691,口コミ,reviews
https://schoolwith.me/reviews/34695,口コミ,reviews
https://schoolwith.me/reviews/34696,口コミ,reviews
https://schoolwith.me/reviews/34697,口コミ,reviews
https://schoolwith.me/reviews/34698,口コミ,reviews
https://schoolwith.me/reviews/34699,口コミ,reviews
https://schoolwith.me/reviews/34700,口コミ,reviews
https://schoolwith.me/reviews/34701,口コミ,reviews
https://schoolwith.me/reviews/34702,口コミ,reviews
https://schoolwith.me/reviews/34703,口コミ,reviews
https://schoolwith.me/reviews/34705,口コミ,reviews
https://schoolwith.me/reviews/34706,口コミ,reviews
https://schoolwith.me/reviews/34707,口コミ,reviews
https://schoolwith.me/reviews/34708,口コミ,reviews
https://schoolwith.me/reviews/34711,口コミ,reviews
https://schoolwith.me/reviews/34712,口コミ,reviews
https://schoolwith.me/reviews/34714,口コミ,reviews
https://schoolwith.me/reviews/34715,口コミ,reviews
https://schoolwith.me/reviews/34716,口コミ,reviews
https://schoolwith.me/reviews/34717,口コミ,reviews
https://schoolwith.me/reviews/34722,口コミ,reviews
https://schoolwith.me/reviews/34723,口コミ,reviews
https://schoolwith.me/reviews/34724,口コミ,reviews
https://schoolwith.me/reviews/34725,口コミ,reviews
https://schoolwith.me/reviews/34727,口コミ,reviews
https://schoolwith.me/reviews/34728,口コミ,reviews
https://schoolwith.me/reviews/34729,口コミ,reviews
https://schoolwith.me/reviews/34730,口コミ,reviews
https://schoolwith.me/reviews/34732,口コミ,reviews
https://schoolwith.me/reviews/34733,口コミ,reviews
https://schoolwith.me/reviews/34735,口コミ,reviews
https://schoolwith.me/reviews/34736,口コミ,reviews
https://schoolwith.me/reviews/34737,口コミ,reviews
https://schoolwith.me/reviews/34738,口コミ,reviews
https://schoolwith.me/reviews/34739,口コミ,reviews
https://schoolwith.me/reviews/34740,口コミ,reviews
https://schoolwith.me/reviews/34741,口コミ,reviews
https://schoolwith.me/reviews/34742,口コミ,reviews
https://schoolwith.me/reviews/34743,口コミ,reviews
https://schoolwith.me/reviews/34744,口コミ,reviews
https://schoolwith.me/reviews/34745,口コミ,reviews
https://schoolwith.me/reviews/34746,口コミ,reviews
https://schoolwith.me/reviews/34747,口コミ,reviews
https://schoolwith.me/reviews/34749,口コミ,reviews
https://schoolwith.me/reviews/34751,口コミ,reviews
https://schoolwith.me/reviews/34752,口コミ,reviews
https://schoolwith.me/reviews/34753,口コミ,reviews
https://schoolwith.me/reviews/34754,口コミ,reviews
https://schoolwith.me/reviews/34755,口コミ,reviews
https://schoolwith.me/reviews/34756,口コミ,reviews
https://schoolwith.me/reviews/34758,口コミ,reviews
https://schoolwith.me/reviews/34759,口コミ,reviews
https://schoolwith.me/reviews/34760,口コミ,reviews
https://schoolwith.me/reviews/34761,口コミ,reviews
https://schoolwith.me/reviews/34762,口コミ,reviews
https://schoolwith.me/reviews/34763,口コミ,reviews
https://schoolwith.me/reviews/34764,口コミ,reviews
https://schoolwith.me/reviews/34767,口コミ,reviews
https://schoolwith.me/reviews/34768,口コミ,reviews
https://schoolwith.me/reviews/34770,口コミ,reviews
https://schoolwith.me/reviews/34773,口コミ,reviews
https://schoolwith.me/reviews/34775,口コミ,reviews
https://schoolwith.me/reviews/34779,口コミ,reviews
https://schoolwith.me/reviews/34780,口コミ,reviews
https://schoolwith.me/reviews/34781,口コミ,reviews
https://schoolwith.me/reviews/34782,口コミ,reviews
https://schoolwith.me/reviews/34783,口コミ,reviews
https://schoolwith.me/reviews/34784,口コミ,reviews
https://schoolwith.me/reviews/34786,口コミ,reviews
https://schoolwith.me/reviews/34787,口コミ,reviews
https://schoolwith.me/reviews/34788,口コミ,reviews
https://schoolwith.me/reviews/34789,口コミ,reviews
https://schoolwith.me/reviews/34791,口コミ,reviews
https://schoolwith.me/reviews/34796,口コミ,reviews
https://schoolwith.me/reviews/34798,口コミ,reviews
https://schoolwith.me/reviews/34799,口コミ,reviews
https://schoolwith.me/reviews/34801,口コミ,reviews
https://schoolwith.me/reviews/34804,口コミ,reviews
https://schoolwith.me/reviews/34807,口コミ,reviews
https://schoolwith.me/reviews/34809,口コミ,reviews
https://schoolwith.me/reviews/34810,口コミ,reviews
https://schoolwith.me/reviews/34812,口コミ,reviews
https://schoolwith.me/reviews/34814,口コミ,reviews
https://schoolwith.me/reviews/34815,口コミ,reviews
https://schoolwith.me/reviews/34816,口コミ,reviews
https://schoolwith.me/reviews/34817,口コミ,reviews
https://schoolwith.me/reviews/34818,口コミ,reviews
https://schoolwith.me/reviews/34819,口コミ,reviews
https://schoolwith.me/reviews/34820,口コミ,reviews
https://schoolwith.me/reviews/34822,口コミ,reviews
https://schoolwith.me/reviews/34823,口コミ,reviews
https://schoolwith.me/reviews/34824,口コミ,reviews
https://schoolwith.me/reviews/34825,口コミ,reviews
https://schoolwith.me/reviews/34827,口コミ,reviews
https://schoolwith.me/reviews/34828,口コミ,reviews
https://schoolwith.me/reviews/34829,口コミ,reviews
https://schoolwith.me/reviews/34830,口コミ,reviews
https://schoolwith.me/reviews/34831,口コミ,reviews
https://schoolwith.me/reviews/34832,口コミ,reviews
https://schoolwith.me/reviews/34834,口コミ,reviews
https://schoolwith.me/reviews/34835,口コミ,reviews
https://schoolwith.me/reviews/34839,口コミ,reviews
https://schoolwith.me/reviews/34840,口コミ,reviews
https://schoolwith.me/reviews/34841,口コミ,reviews
https://schoolwith.me/reviews/34842,口コミ,reviews
https://schoolwith.me/reviews/34843,口コミ,reviews
https://schoolwith.me/reviews/34845,口コミ,reviews
https://schoolwith.me/reviews/34846,口コミ,reviews
https://schoolwith.me/reviews/34847,口コミ,reviews
https://schoolwith.me/reviews/34848,口コミ,reviews
https://schoolwith.me/reviews/34849,口コミ,reviews
https://schoolwith.me/reviews/34852,口コミ,reviews
https://schoolwith.me/reviews/34854,口コミ,reviews
https://schoolwith.me/reviews/34856,口コミ,reviews
https://schoolwith.me/reviews/34857,口コミ,reviews
https://schoolwith.me/reviews/34861,口コミ,reviews
https://schoolwith.me/reviews/34862,口コミ,reviews
https://schoolwith.me/reviews/34866,口コミ,reviews
https://schoolwith.me/reviews/34867,口コミ,reviews
https://schoolwith.me/reviews/34868,口コミ,reviews
https://schoolwith.me/reviews/34869,口コミ,reviews
https://schoolwith.me/reviews/34870,口コミ,reviews
https://schoolwith.me/reviews/34871,口コミ,reviews
https://schoolwith.me/reviews/34872,口コミ,reviews
https://schoolwith.me/reviews/34873,口コミ,reviews
https://schoolwith.me/reviews/34874,口コミ,reviews
https://schoolwith.me/reviews/34876,口コミ,reviews
https://schoolwith.me/reviews/34877,口コミ,reviews
https://schoolwith.me/reviews/34878,口コミ,reviews
https://schoolwith.me/reviews/34879,口コミ,reviews
https://schoolwith.me/reviews/34881,口コミ,reviews
https://schoolwith.me/reviews/34882,口コミ,reviews
https://schoolwith.me/reviews/34883,口コミ,reviews
https://schoolwith.me/reviews/34886,口コミ,reviews
https://schoolwith.me/reviews/34887,口コミ,reviews
https://schoolwith.me/reviews/34888,口コミ,reviews
https://schoolwith.me/reviews/34889,口コミ,reviews
https://schoolwith.me/reviews/34891,口コミ,reviews
https://schoolwith.me/reviews/34892,口コミ,reviews
https://schoolwith.me/reviews/34893,口コミ,reviews
https://schoolwith.me/reviews/34894,口コミ,reviews
https://schoolwith.me/reviews/34895,口コミ,reviews
https://schoolwith.me/reviews/34896,口コミ,reviews
https://schoolwith.me/reviews/34898,口コミ,reviews
https://schoolwith.me/reviews/34899,口コミ,reviews
https://schoolwith.me/reviews/34900,口コミ,reviews
https://schoolwith.me/reviews/34901,口コミ,reviews
https://schoolwith.me/reviews/34902,口コミ,reviews
https://schoolwith.me/reviews/34903,口コミ,reviews
https://schoolwith.me/reviews/34904,口コミ,reviews
https://schoolwith.me/reviews/34905,口コミ,reviews
https://schoolwith.me/reviews/34908,口コミ,reviews
https://schoolwith.me/reviews/34909,口コミ,reviews
https://schoolwith.me/reviews/34910,口コミ,reviews
https://schoolwith.me/reviews/34911,口コミ,reviews
https://schoolwith.me/reviews/34914,口コミ,reviews
https://schoolwith.me/reviews/34915,口コミ,reviews
https://schoolwith.me/reviews/34916,口コミ,reviews
https://schoolwith.me/reviews/34917,口コミ,reviews
https://schoolwith.me/reviews/34918,口コミ,reviews
https://schoolwith.me/reviews/34920,口コミ,reviews
https://schoolwith.me/reviews/34922,口コミ,reviews
https://schoolwith.me/reviews/34926,口コミ,reviews
https://schoolwith.me/reviews/34928,口コミ,reviews
https://schoolwith.me/reviews/34929,口コミ,reviews
https://schoolwith.me/reviews/34930,口コミ,reviews
https://schoolwith.me/reviews/34931,口コミ,reviews
https://schoolwith.me/reviews/34933,口コミ,reviews
https://schoolwith.me/reviews/34934,口コミ,reviews
https://schoolwith.me/reviews/34935,口コミ,reviews
https://schoolwith.me/reviews/34938,口コミ,reviews
https://schoolwith.me/reviews/34939,口コミ,reviews
https://schoolwith.me/reviews/34941,口コミ,reviews
https://schoolwith.me/reviews/34942,口コミ,reviews
https://schoolwith.me/reviews/34944,口コミ,reviews
https://schoolwith.me/reviews/34945,口コミ,reviews
https://schoolwith.me/reviews/34947,口コミ,reviews
https://schoolwith.me/reviews/34948,口コミ,reviews
https://schoolwith.me/reviews/34949,口コミ,reviews
https://schoolwith.me/reviews/34950,口コミ,reviews
https://schoolwith.me/reviews/34951,口コミ,reviews
https://schoolwith.me/reviews/34952,口コミ,reviews
https://schoolwith.me/reviews/34953,口コミ,reviews
https://schoolwith.me/reviews/34954,口コミ,reviews
https://schoolwith.me/reviews/34956,口コミ,reviews
https://schoolwith.me/reviews/34957,口コミ,reviews
https://schoolwith.me/reviews/34960,口コミ,reviews
https://schoolwith.me/reviews/34964,口コミ,reviews
https://schoolwith.me/reviews/34965,口コミ,reviews
https://schoolwith.me/reviews/34966,口コミ,reviews
https://schoolwith.me/reviews/34967,口コミ,reviews
https://schoolwith.me/reviews/34968,口コミ,reviews
https://schoolwith.me/reviews/34969,口コミ,reviews
https://schoolwith.me/reviews/34970,口コミ,reviews
https://schoolwith.me/reviews/34971,口コミ,reviews
https://schoolwith.me/reviews/34972,口コミ,reviews
https://schoolwith.me/reviews/34973,口コミ,reviews
https://schoolwith.me/reviews/34975,口コミ,reviews
https://schoolwith.me/reviews/34976,口コミ,reviews
https://schoolwith.me/reviews/34978,口コミ,reviews
https://schoolwith.me/reviews/34979,口コミ,reviews
https://schoolwith.me/reviews/34980,口コミ,reviews
https://schoolwith.me/reviews/34982,口コミ,reviews
https://schoolwith.me/reviews/34983,口コミ,reviews
https://schoolwith.me/reviews/34984,口コミ,reviews
https://schoolwith.me/reviews/34986,口コミ,reviews
https://schoolwith.me/reviews/34987,口コミ,reviews
https://schoolwith.me/reviews/34990,口コミ,reviews
https://schoolwith.me/reviews/34991,口コミ,reviews
https://schoolwith.me/reviews/34994,口コミ,reviews
https://schoolwith.me/reviews/34999,口コミ,reviews
https://schoolwith.me/reviews/35000,口コミ,reviews
https://schoolwith.me/reviews/35001,口コミ,reviews
https://schoolwith.me/reviews/35003,口コミ,reviews
https://schoolwith.me/reviews/35004,口コミ,reviews
https://schoolwith.me/reviews/35005,口コミ,reviews
https://schoolwith.me/reviews/35006,口コミ,reviews
https://schoolwith.me/reviews/35007,口コミ,reviews
https://schoolwith.me/reviews/35008,口コミ,reviews
https://schoolwith.me/reviews/35009,口コミ,reviews
https://schoolwith.me/reviews/35010,口コミ,reviews
https://schoolwith.me/reviews/35011,口コミ,reviews
https://schoolwith.me/reviews/35012,口コミ,reviews
https://schoolwith.me/reviews/35013,口コミ,reviews
https://schoolwith.me/reviews/35014,口コミ,reviews
https://schoolwith.me/reviews/35015,口コミ,reviews
https://schoolwith.me/reviews/35016,口コミ,reviews
https://schoolwith.me/reviews/35017,口コミ,reviews
https://schoolwith.me/reviews/35018,口コミ,reviews
https://schoolwith.me/reviews/35019,口コミ,reviews
https://schoolwith.me/reviews/35020,口コミ,reviews
https://schoolwith.me/reviews/35021,口コミ,reviews
https://schoolwith.me/reviews/35022,口コミ,reviews
https://schoolwith.me/reviews/35026,口コミ,reviews
https://schoolwith.me/reviews/35028,口コミ,reviews
https://schoolwith.me/reviews/35029,口コミ,reviews
https://schoolwith.me/reviews/35030,口コミ,reviews
https://schoolwith.me/reviews/35031,口コミ,reviews
https://schoolwith.me/reviews/35032,口コミ,reviews
https://schoolwith.me/reviews/35033,口コミ,reviews
https://schoolwith.me/reviews/35034,口コミ,reviews
https://schoolwith.me/reviews/35035,口コミ,reviews
https://schoolwith.me/reviews/35037,口コミ,reviews
https://schoolwith.me/reviews/35038,口コミ,reviews
https://schoolwith.me/reviews/35039,口コミ,reviews
https://schoolwith.me/reviews/35040,口コミ,reviews
https://schoolwith.me/reviews/35041,口コミ,reviews
https://schoolwith.me/reviews/35042,口コミ,reviews
https://schoolwith.me/reviews/35043,口コミ,reviews
https://schoolwith.me/reviews/35044,口コミ,reviews
https://schoolwith.me/reviews/35045,口コミ,reviews
https://schoolwith.me/reviews/35046,口コミ,reviews
https://schoolwith.me/reviews/35047,口コミ,reviews
https://schoolwith.me/reviews/35048,口コミ,reviews
https://schoolwith.me/reviews/35049,口コミ,reviews
https://schoolwith.me/reviews/35050,口コミ,reviews
https://schoolwith.me/reviews/35052,口コミ,reviews
https://schoolwith.me/reviews/35054,口コミ,reviews
https://schoolwith.me/reviews/35055,口コミ,reviews
https://schoolwith.me/reviews/35056,口コミ,reviews
https://schoolwith.me/reviews/35057,口コミ,reviews
https://schoolwith.me/reviews/35059,口コミ,reviews
https://schoolwith.me/reviews/35061,口コミ,reviews
https://schoolwith.me/reviews/35063,口コミ,reviews
https://schoolwith.me/reviews/35065,口コミ,reviews
https://schoolwith.me/reviews/35066,口コミ,reviews
https://schoolwith.me/reviews/35067,口コミ,reviews
https://schoolwith.me/reviews/35068,口コミ,reviews
https://schoolwith.me/reviews/35069,口コミ,reviews
https://schoolwith.me/reviews/35071,口コミ,reviews
https://schoolwith.me/reviews/35072,口コミ,reviews
https://schoolwith.me/reviews/35073,口コミ,reviews
https://schoolwith.me/reviews/35075,口コミ,reviews
https://schoolwith.me/reviews/35076,口コミ,reviews
https://schoolwith.me/reviews/35077,口コミ,reviews
https://schoolwith.me/reviews/35078,口コミ,reviews
https://schoolwith.me/reviews/35079,口コミ,reviews
https://schoolwith.me/reviews/35080,口コミ,reviews
https://schoolwith.me/reviews/35081,口コミ,reviews
https://schoolwith.me/reviews/35085,口コミ,reviews
https://schoolwith.me/reviews/35087,口コミ,reviews
https://schoolwith.me/reviews/35089,口コミ,reviews
https://schoolwith.me/reviews/35090,口コミ,reviews
https://schoolwith.me/reviews/35093,口コミ,reviews
https://schoolwith.me/reviews/35094,口コミ,reviews
https://schoolwith.me/reviews/35098,口コミ,reviews
https://schoolwith.me/reviews/35099,口コミ,reviews
https://schoolwith.me/reviews/35100,口コミ,reviews
https://schoolwith.me/reviews/35102,口コミ,reviews
https://schoolwith.me/reviews/35103,口コミ,reviews
https://schoolwith.me/reviews/35108,口コミ,reviews
https://schoolwith.me/reviews/35110,口コミ,reviews
https://schoolwith.me/reviews/35111,口コミ,reviews
https://schoolwith.me/reviews/35113,口コミ,reviews
https://schoolwith.me/reviews/35114,口コミ,reviews
https://schoolwith.me/reviews/35115,口コミ,reviews
https://schoolwith.me/reviews/35117,口コミ,reviews
https://schoolwith.me/reviews/35121,口コミ,reviews
https://schoolwith.me/reviews/35122,口コミ,reviews
https://schoolwith.me/reviews/35123,口コミ,reviews
https://schoolwith.me/reviews/35125,口コミ,reviews
https://schoolwith.me/reviews/35126,口コミ,reviews
https://schoolwith.me/reviews/35127,口コミ,reviews
https://schoolwith.me/reviews/35128,口コミ,reviews
https://schoolwith.me/reviews/35129,口コミ,reviews
https://schoolwith.me/reviews/35130,口コミ,reviews
https://schoolwith.me/reviews/35131,口コミ,reviews
https://schoolwith.me/reviews/35132,口コミ,reviews
https://schoolwith.me/reviews/35135,口コミ,reviews
https://schoolwith.me/reviews/35136,口コミ,reviews
https://schoolwith.me/reviews/35137,口コミ,reviews
https://schoolwith.me/reviews/35138,口コミ,reviews
https://schoolwith.me/reviews/35139,口コミ,reviews
https://schoolwith.me/reviews/35140,口コミ,reviews
https://schoolwith.me/reviews/35141,口コミ,reviews
https://schoolwith.me/reviews/35142,口コミ,reviews
https://schoolwith.me/reviews/35143,口コミ,reviews
https://schoolwith.me/reviews/35144,口コミ,reviews
https://schoolwith.me/reviews/35145,口コミ,reviews
https://schoolwith.me/reviews/35146,口コミ,reviews
https://schoolwith.me/reviews/35148,口コミ,reviews
https://schoolwith.me/reviews/35149,口コミ,reviews
https://schoolwith.me/reviews/35150,口コミ,reviews
https://schoolwith.me/reviews/35151,口コミ,reviews
https://schoolwith.me/reviews/35153,口コミ,reviews
https://schoolwith.me/reviews/35156,口コミ,reviews
https://schoolwith.me/reviews/35158,口コミ,reviews
https://schoolwith.me/reviews/35159,口コミ,reviews
https://schoolwith.me/reviews/35160,口コミ,reviews
https://schoolwith.me/reviews/35161,口コミ,reviews
https://schoolwith.me/reviews/35162,口コミ,reviews
https://schoolwith.me/reviews/35163,口コミ,reviews
https://schoolwith.me/reviews/35164,口コミ,reviews
https://schoolwith.me/reviews/35165,口コミ,reviews
https://schoolwith.me/reviews/35167,口コミ,reviews
https://schoolwith.me/reviews/35171,口コミ,reviews
https://schoolwith.me/reviews/35172,口コミ,reviews
https://schoolwith.me/reviews/35173,口コミ,reviews
https://schoolwith.me/reviews/35174,口コミ,reviews
https://schoolwith.me/reviews/35175,口コミ,reviews
https://schoolwith.me/reviews/35176,口コミ,reviews
https://schoolwith.me/reviews/35178,口コミ,reviews
https://schoolwith.me/reviews/35179,口コミ,reviews
https://schoolwith.me/reviews/35180,口コミ,reviews
https://schoolwith.me/reviews/35181,口コミ,reviews
https://schoolwith.me/reviews/35182,口コミ,reviews
https://schoolwith.me/reviews/35183,口コミ,reviews
https://schoolwith.me/reviews/35184,口コミ,reviews
https://schoolwith.me/reviews/35186,口コミ,reviews
https://schoolwith.me/reviews/35187,口コミ,reviews
https://schoolwith.me/reviews/35189,口コミ,reviews
https://schoolwith.me/reviews/35190,口コミ,reviews
https://schoolwith.me/reviews/35191,口コミ,reviews
https://schoolwith.me/reviews/35193,口コミ,reviews
https://schoolwith.me/reviews/35195,口コミ,reviews
https://schoolwith.me/reviews/35198,口コミ,reviews
https://schoolwith.me/reviews/35202,口コミ,reviews
https://schoolwith.me/reviews/35203,口コミ,reviews
https://schoolwith.me/reviews/35204,口コミ,reviews
https://schoolwith.me/reviews/35205,口コミ,reviews
https://schoolwith.me/reviews/35206,口コミ,reviews
https://schoolwith.me/reviews/35207,口コミ,reviews
https://schoolwith.me/reviews/35208,口コミ,reviews
https://schoolwith.me/reviews/35209,口コミ,reviews
https://schoolwith.me/reviews/35210,口コミ,reviews
https://schoolwith.me/reviews/35211,口コミ,reviews
https://schoolwith.me/reviews/35212,口コミ,reviews
https://schoolwith.me/reviews/35216,口コミ,reviews
https://schoolwith.me/reviews/35217,口コミ,reviews
https://schoolwith.me/reviews/35218,口コミ,reviews
https://schoolwith.me/reviews/35221,口コミ,reviews
https://schoolwith.me/reviews/35222,口コミ,reviews
https://schoolwith.me/reviews/35224,口コミ,reviews
https://schoolwith.me/reviews/35225,口コミ,reviews
https://schoolwith.me/reviews/35226,口コミ,reviews
https://schoolwith.me/reviews/35228,口コミ,reviews
https://schoolwith.me/reviews/35229,口コミ,reviews
https://schoolwith.me/reviews/35230,口コミ,reviews
https://schoolwith.me/reviews/35233,口コミ,reviews
https://schoolwith.me/reviews/35237,口コミ,reviews
https://schoolwith.me/reviews/35239,口コミ,reviews
https://schoolwith.me/reviews/35240,口コミ,reviews
https://schoolwith.me/reviews/35243,口コミ,reviews
https://schoolwith.me/reviews/35244,口コミ,reviews
https://schoolwith.me/reviews/35245,口コミ,reviews
https://schoolwith.me/reviews/35247,口コミ,reviews
https://schoolwith.me/reviews/35248,口コミ,reviews
https://schoolwith.me/reviews/35251,口コミ,reviews
https://schoolwith.me/reviews/35252,口コミ,reviews
https://schoolwith.me/reviews/35253,口コミ,reviews
https://schoolwith.me/reviews/35254,口コミ,reviews
https://schoolwith.me/reviews/35255,口コミ,reviews
https://schoolwith.me/reviews/35256,口コミ,reviews
https://schoolwith.me/reviews/35259,口コミ,reviews
https://schoolwith.me/reviews/35260,口コミ,reviews
https://schoolwith.me/reviews/35261,口コミ,reviews
https://schoolwith.me/reviews/35265,口コミ,reviews
https://schoolwith.me/reviews/35266,口コミ,reviews
https://schoolwith.me/reviews/35267,口コミ,reviews
https://schoolwith.me/reviews/35268,口コミ,reviews
https://schoolwith.me/reviews/35272,口コミ,reviews
https://schoolwith.me/reviews/35275,口コミ,reviews
https://schoolwith.me/reviews/35276,口コミ,reviews
https://schoolwith.me/reviews/35277,口コミ,reviews
https://schoolwith.me/reviews/35279,口コミ,reviews
https://schoolwith.me/reviews/35280,口コミ,reviews
https://schoolwith.me/reviews/35281,口コミ,reviews
https://schoolwith.me/reviews/35282,口コミ,reviews
https://schoolwith.me/reviews/35283,口コミ,reviews
https://schoolwith.me/reviews/35285,口コミ,reviews
https://schoolwith.me/reviews/35287,口コミ,reviews
https://schoolwith.me/reviews/35290,口コミ,reviews
https://schoolwith.me/reviews/35291,口コミ,reviews
https://schoolwith.me/reviews/35293,口コミ,reviews
https://schoolwith.me/reviews/35296,口コミ,reviews
https://schoolwith.me/reviews/35297,口コミ,reviews
https://schoolwith.me/reviews/35300,口コミ,reviews
https://schoolwith.me/reviews/35302,口コミ,reviews
https://schoolwith.me/reviews/35305,口コミ,reviews
https://schoolwith.me/reviews/35306,口コミ,reviews
https://schoolwith.me/reviews/35307,口コミ,reviews
https://schoolwith.me/reviews/35308,口コミ,reviews
https://schoolwith.me/reviews/35309,口コミ,reviews
https://schoolwith.me/reviews/35310,口コミ,reviews
https://schoolwith.me/reviews/35319,口コミ,reviews
https://schoolwith.me/reviews/35320,口コミ,reviews
https://schoolwith.me/reviews/35322,口コミ,reviews
https://schoolwith.me/reviews/35323,口コミ,reviews
https://schoolwith.me/reviews/35324,口コミ,reviews
https://schoolwith.me/reviews/35325,口コミ,reviews
https://schoolwith.me/reviews/35327,口コミ,reviews
https://schoolwith.me/reviews/35328,口コミ,reviews
https://schoolwith.me/reviews/35330,口コミ,reviews
https://schoolwith.me/reviews/35331,口コミ,reviews
https://schoolwith.me/reviews/35332,口コミ,reviews
https://schoolwith.me/reviews/35333,口コミ,reviews
https://schoolwith.me/reviews/35335,口コミ,reviews
https://schoolwith.me/reviews/35336,口コミ,reviews
https://schoolwith.me/reviews/35337,口コミ,reviews
https://schoolwith.me/reviews/35338,口コミ,reviews
https://schoolwith.me/reviews/35339,口コミ,reviews
https://schoolwith.me/reviews/35340,口コミ,reviews
https://schoolwith.me/reviews/35341,口コミ,reviews
https://schoolwith.me/reviews/35342,口コミ,reviews
https://schoolwith.me/reviews/35345,口コミ,reviews
https://schoolwith.me/reviews/35346,口コミ,reviews
https://schoolwith.me/reviews/35348,口コミ,reviews
https://schoolwith.me/reviews/35351,口コミ,reviews
https://schoolwith.me/reviews/35354,口コミ,reviews
https://schoolwith.me/reviews/35356,口コミ,reviews
https://schoolwith.me/reviews/35358,口コミ,reviews
https://schoolwith.me/reviews/35360,口コミ,reviews
https://schoolwith.me/reviews/35364,口コミ,reviews
https://schoolwith.me/reviews/35365,口コミ,reviews
https://schoolwith.me/reviews/35367,口コミ,reviews
https://schoolwith.me/reviews/35368,口コミ,reviews
https://schoolwith.me/reviews/35370,口コミ,reviews
https://schoolwith.me/reviews/35371,口コミ,reviews
https://schoolwith.me/reviews/35374,口コミ,reviews
https://schoolwith.me/reviews/35376,口コミ,reviews
https://schoolwith.me/reviews/35377,口コミ,reviews
https://schoolwith.me/reviews/35378,口コミ,reviews
https://schoolwith.me/reviews/35380,口コミ,reviews
https://schoolwith.me/reviews/35385,口コミ,reviews
https://schoolwith.me/reviews/35386,口コミ,reviews
https://schoolwith.me/reviews/35387,口コミ,reviews
https://schoolwith.me/reviews/35391,口コミ,reviews
https://schoolwith.me/reviews/35392,口コミ,reviews
https://schoolwith.me/reviews/35394,口コミ,reviews
https://schoolwith.me/reviews/35395,口コミ,reviews
https://schoolwith.me/reviews/35401,口コミ,reviews
https://schoolwith.me/reviews/35403,口コミ,reviews
https://schoolwith.me/reviews/35404,口コミ,reviews
https://schoolwith.me/reviews/35405,口コミ,reviews
https://schoolwith.me/reviews/35406,口コミ,reviews
https://schoolwith.me/reviews/35408,口コミ,reviews
https://schoolwith.me/reviews/35409,口コミ,reviews
https://schoolwith.me/reviews/35410,口コミ,reviews
https://schoolwith.me/reviews/35411,口コミ,reviews
https://schoolwith.me/reviews/35412,口コミ,reviews
https://schoolwith.me/reviews/35413,口コミ,reviews
https://schoolwith.me/reviews/35414,口コミ,reviews
https://schoolwith.me/reviews/35415,口コミ,reviews
https://schoolwith.me/reviews/35416,口コミ,reviews
https://schoolwith.me/reviews/35417,口コミ,reviews
https://schoolwith.me/reviews/35418,口コミ,reviews
https://schoolwith.me/reviews/35419,口コミ,reviews
https://schoolwith.me/reviews/35420,口コミ,reviews
https://schoolwith.me/reviews/35421,口コミ,reviews
https://schoolwith.me/reviews/35422,口コミ,reviews
https://schoolwith.me/reviews/35423,口コミ,reviews
https://schoolwith.me/reviews/35424,口コミ,reviews
https://schoolwith.me/reviews/35425,口コミ,reviews
https://schoolwith.me/reviews/35426,口コミ,reviews
https://schoolwith.me/reviews/35427,口コミ,reviews
https://schoolwith.me/reviews/35428,口コミ,reviews
https://schoolwith.me/reviews/35430,口コミ,reviews
https://schoolwith.me/reviews/35432,口コミ,reviews
https://schoolwith.me/reviews/35433,口コミ,reviews
https://schoolwith.me/reviews/35434,口コミ,reviews
https://schoolwith.me/reviews/35436,口コミ,reviews
https://schoolwith.me/reviews/35437,口コミ,reviews
https://schoolwith.me/reviews/35438,口コミ,reviews
https://schoolwith.me/reviews/35439,口コミ,reviews
https://schoolwith.me/reviews/35440,口コミ,reviews
https://schoolwith.me/reviews/35441,口コミ,reviews
https://schoolwith.me/reviews/35443,口コミ,reviews
https://schoolwith.me/reviews/35446,口コミ,reviews
https://schoolwith.me/reviews/35447,口コミ,reviews
https://schoolwith.me/reviews/35448,口コミ,reviews
https://schoolwith.me/reviews/35452,口コミ,reviews
https://schoolwith.me/reviews/35453,口コミ,reviews
https://schoolwith.me/reviews/35454,口コミ,reviews
https://schoolwith.me/reviews/35457,口コミ,reviews
https://schoolwith.me/reviews/35458,口コミ,reviews
https://schoolwith.me/reviews/35459,口コミ,reviews
https://schoolwith.me/reviews/35460,口コミ,reviews
https://schoolwith.me/reviews/35462,口コミ,reviews
https://schoolwith.me/reviews/35463,口コミ,reviews
https://schoolwith.me/reviews/35467,口コミ,reviews
https://schoolwith.me/reviews/35468,口コミ,reviews
https://schoolwith.me/reviews/35469,口コミ,reviews
https://schoolwith.me/reviews/35471,口コミ,reviews
https://schoolwith.me/reviews/35472,口コミ,reviews
https://schoolwith.me/reviews/35473,口コミ,reviews
https://schoolwith.me/reviews/35474,口コミ,reviews
https://schoolwith.me/reviews/35475,口コミ,reviews
https://schoolwith.me/reviews/35477,口コミ,reviews
https://schoolwith.me/reviews/35479,口コミ,reviews
https://schoolwith.me/reviews/35480,口コミ,reviews
https://schoolwith.me/reviews/35482,口コミ,reviews
https://schoolwith.me/reviews/35483,口コミ,reviews
https://schoolwith.me/reviews/35488,口コミ,reviews
https://schoolwith.me/reviews/35489,口コミ,reviews
https://schoolwith.me/reviews/35490,口コミ,reviews
https://schoolwith.me/reviews/35491,口コミ,reviews
https://schoolwith.me/reviews/35494,口コミ,reviews
https://schoolwith.me/reviews/35497,口コミ,reviews
https://schoolwith.me/reviews/35498,口コミ,reviews
https://schoolwith.me/reviews/35499,口コミ,reviews
https://schoolwith.me/reviews/35507,口コミ,reviews
https://schoolwith.me/reviews/35508,口コミ,reviews
https://schoolwith.me/reviews/35510,口コミ,reviews
https://schoolwith.me/reviews/35511,口コミ,reviews
https://schoolwith.me/reviews/35514,口コミ,reviews
https://schoolwith.me/reviews/35515,口コミ,reviews
https://schoolwith.me/reviews/35516,口コミ,reviews
https://schoolwith.me/reviews/35517,口コミ,reviews
https://schoolwith.me/reviews/35518,口コミ,reviews
https://schoolwith.me/reviews/35519,口コミ,reviews
https://schoolwith.me/reviews/35520,口コミ,reviews
https://schoolwith.me/reviews/35521,口コミ,reviews
https://schoolwith.me/reviews/35523,口コミ,reviews
https://schoolwith.me/reviews/35524,口コミ,reviews
https://schoolwith.me/reviews/35525,口コミ,reviews
https://schoolwith.me/reviews/35526,口コミ,reviews
https://schoolwith.me/reviews/35531,口コミ,reviews
https://schoolwith.me/reviews/35532,口コミ,reviews
https://schoolwith.me/reviews/35535,口コミ,reviews
https://schoolwith.me/reviews/35537,口コミ,reviews
https://schoolwith.me/reviews/35538,口コミ,reviews
https://schoolwith.me/reviews/35541,口コミ,reviews
https://schoolwith.me/reviews/35544,口コミ,reviews
https://schoolwith.me/reviews/35545,口コミ,reviews
https://schoolwith.me/reviews/35546,口コミ,reviews
https://schoolwith.me/reviews/35547,口コミ,reviews
https://schoolwith.me/reviews/35549,口コミ,reviews
https://schoolwith.me/reviews/35552,口コミ,reviews
https://schoolwith.me/reviews/35554,口コミ,reviews
https://schoolwith.me/reviews/35555,口コミ,reviews
https://schoolwith.me/reviews/35557,口コミ,reviews
https://schoolwith.me/reviews/35559,口コミ,reviews
https://schoolwith.me/reviews/35561,口コミ,reviews
https://schoolwith.me/reviews/35562,口コミ,reviews
https://schoolwith.me/reviews/35563,口コミ,reviews
https://schoolwith.me/reviews/35565,口コミ,reviews
https://schoolwith.me/reviews/35567,口コミ,reviews
https://schoolwith.me/reviews/35568,口コミ,reviews
https://schoolwith.me/reviews/35570,口コミ,reviews
https://schoolwith.me/reviews/35572,口コミ,reviews
https://schoolwith.me/reviews/35574,口コミ,reviews
https://schoolwith.me/reviews/35575,口コミ,reviews
https://schoolwith.me/reviews/35577,口コミ,reviews
https://schoolwith.me/reviews/35578,口コミ,reviews
https://schoolwith.me/reviews/35579,口コミ,reviews
https://schoolwith.me/reviews/35582,口コミ,reviews
https://schoolwith.me/reviews/35588,口コミ,reviews
https://schoolwith.me/reviews/35589,口コミ,reviews
https://schoolwith.me/reviews/35590,口コミ,reviews
https://schoolwith.me/reviews/35591,口コミ,reviews
https://schoolwith.me/reviews/35593,口コミ,reviews
https://schoolwith.me/reviews/35594,口コミ,reviews
https://schoolwith.me/reviews/35597,口コミ,reviews
https://schoolwith.me/reviews/35598,口コミ,reviews
https://schoolwith.me/reviews/35599,口コミ,reviews
https://schoolwith.me/reviews/35601,口コミ,reviews
https://schoolwith.me/reviews/35602,口コミ,reviews
https://schoolwith.me/reviews/35604,口コミ,reviews
https://schoolwith.me/reviews/35605,口コミ,reviews
https://schoolwith.me/reviews/35606,口コミ,reviews
https://schoolwith.me/reviews/35607,口コミ,reviews
https://schoolwith.me/reviews/35610,口コミ,reviews
https://schoolwith.me/reviews/35611,口コミ,reviews
https://schoolwith.me/reviews/35613,口コミ,reviews
https://schoolwith.me/reviews/35614,口コミ,reviews
https://schoolwith.me/reviews/35621,口コミ,reviews
https://schoolwith.me/reviews/35624,口コミ,reviews
https://schoolwith.me/reviews/35626,口コミ,reviews
https://schoolwith.me/reviews/35628,口コミ,reviews
https://schoolwith.me/reviews/35629,口コミ,reviews
https://schoolwith.me/reviews/35630,口コミ,reviews
https://schoolwith.me/reviews/35632,口コミ,reviews
https://schoolwith.me/reviews/35633,口コミ,reviews
https://schoolwith.me/reviews/35634,口コミ,reviews
https://schoolwith.me/reviews/35637,口コミ,reviews
https://schoolwith.me/reviews/35638,口コミ,reviews
https://schoolwith.me/reviews/35639,口コミ,reviews
https://schoolwith.me/reviews/35641,口コミ,reviews
https://schoolwith.me/reviews/35643,口コミ,reviews
https://schoolwith.me/reviews/35644,口コミ,reviews
https://schoolwith.me/reviews/35646,口コミ,reviews
https://schoolwith.me/reviews/35647,口コミ,reviews
https://schoolwith.me/reviews/35650,口コミ,reviews
https://schoolwith.me/reviews/35651,口コミ,reviews
https://schoolwith.me/reviews/35652,口コミ,reviews
https://schoolwith.me/reviews/35653,口コミ,reviews
https://schoolwith.me/reviews/35656,口コミ,reviews
https://schoolwith.me/reviews/35657,口コミ,reviews
https://schoolwith.me/reviews/35660,口コミ,reviews
https://schoolwith.me/reviews/35662,口コミ,reviews
https://schoolwith.me/reviews/35664,口コミ,reviews
https://schoolwith.me/reviews/35666,口コミ,reviews
https://schoolwith.me/reviews/35667,口コミ,reviews
https://schoolwith.me/reviews/35668,口コミ,reviews
https://schoolwith.me/reviews/35669,口コミ,reviews
https://schoolwith.me/reviews/35670,口コミ,reviews
https://schoolwith.me/reviews/35672,口コミ,reviews
https://schoolwith.me/reviews/35677,口コミ,reviews
https://schoolwith.me/reviews/35680,口コミ,reviews
https://schoolwith.me/reviews/35682,口コミ,reviews
https://schoolwith.me/reviews/35683,口コミ,reviews
https://schoolwith.me/reviews/35685,口コミ,reviews
https://schoolwith.me/reviews/35687,口コミ,reviews
https://schoolwith.me/reviews/35688,口コミ,reviews
https://schoolwith.me/reviews/35691,口コミ,reviews
https://schoolwith.me/reviews/35693,口コミ,reviews
https://schoolwith.me/reviews/35695,口コミ,reviews
https://schoolwith.me/reviews/35696,口コミ,reviews
https://schoolwith.me/reviews/35697,口コミ,reviews
https://schoolwith.me/reviews/35698,口コミ,reviews
https://schoolwith.me/reviews/35699,口コミ,reviews
https://schoolwith.me/reviews/35700,口コミ,reviews
https://schoolwith.me/reviews/35702,口コミ,reviews
https://schoolwith.me/reviews/35703,口コミ,reviews
https://schoolwith.me/reviews/35704,口コミ,reviews
https://schoolwith.me/reviews/35705,口コミ,reviews
https://schoolwith.me/reviews/35706,口コミ,reviews
https://schoolwith.me/reviews/35708,口コミ,reviews
https://schoolwith.me/reviews/35709,口コミ,reviews
https://schoolwith.me/reviews/35711,口コミ,reviews
https://schoolwith.me/reviews/35713,口コミ,reviews
https://schoolwith.me/reviews/35714,口コミ,reviews
https://schoolwith.me/reviews/35715,口コミ,reviews
https://schoolwith.me/reviews/35716,口コミ,reviews
https://schoolwith.me/reviews/35717,口コミ,reviews
https://schoolwith.me/reviews/35718,口コミ,reviews
https://schoolwith.me/reviews/35720,口コミ,reviews
https://schoolwith.me/reviews/35722,口コミ,reviews
https://schoolwith.me/reviews/35723,口コミ,reviews
https://schoolwith.me/reviews/35724,口コミ,reviews
https://schoolwith.me/reviews/35725,口コミ,reviews
https://schoolwith.me/reviews/35726,口コミ,reviews
https://schoolwith.me/reviews/35727,口コミ,reviews
https://schoolwith.me/reviews/35728,口コミ,reviews
https://schoolwith.me/reviews/35729,口コミ,reviews
https://schoolwith.me/reviews/35731,口コミ,reviews
https://schoolwith.me/reviews/35732,口コミ,reviews
https://schoolwith.me/reviews/35734,口コミ,reviews
https://schoolwith.me/reviews/35736,口コミ,reviews
https://schoolwith.me/reviews/35737,口コミ,reviews
https://schoolwith.me/reviews/35738,口コミ,reviews
https://schoolwith.me/reviews/35739,口コミ,reviews
https://schoolwith.me/reviews/35740,口コミ,reviews
https://schoolwith.me/reviews/35741,口コミ,reviews
https://schoolwith.me/reviews/35742,口コミ,reviews
https://schoolwith.me/reviews/35744,口コミ,reviews
https://schoolwith.me/reviews/35747,口コミ,reviews
https://schoolwith.me/reviews/35748,口コミ,reviews
https://schoolwith.me/reviews/35749,口コミ,reviews
https://schoolwith.me/reviews/35750,口コミ,reviews
https://schoolwith.me/reviews/35751,口コミ,reviews
https://schoolwith.me/reviews/35752,口コミ,reviews
https://schoolwith.me/reviews/35753,口コミ,reviews
https://schoolwith.me/reviews/35755,口コミ,reviews
https://schoolwith.me/reviews/35756,口コミ,reviews
https://schoolwith.me/reviews/35757,口コミ,reviews
https://schoolwith.me/reviews/35760,口コミ,reviews
https://schoolwith.me/reviews/35762,口コミ,reviews
https://schoolwith.me/reviews/35763,口コミ,reviews
https://schoolwith.me/reviews/35764,口コミ,reviews
https://schoolwith.me/reviews/35765,口コミ,reviews
https://schoolwith.me/reviews/35768,口コミ,reviews
https://schoolwith.me/reviews/35770,口コミ,reviews
https://schoolwith.me/reviews/35774,口コミ,reviews
https://schoolwith.me/reviews/35777,口コミ,reviews
https://schoolwith.me/reviews/35780,口コミ,reviews
https://schoolwith.me/reviews/35782,口コミ,reviews
https://schoolwith.me/reviews/35783,口コミ,reviews
https://schoolwith.me/reviews/35784,口コミ,reviews
https://schoolwith.me/reviews/35787,口コミ,reviews
https://schoolwith.me/reviews/35788,口コミ,reviews
https://schoolwith.me/reviews/35789,口コミ,reviews
https://schoolwith.me/reviews/35794,口コミ,reviews
https://schoolwith.me/reviews/35796,口コミ,reviews
https://schoolwith.me/reviews/35797,口コミ,reviews
https://schoolwith.me/reviews/35800,口コミ,reviews
https://schoolwith.me/reviews/35801,口コミ,reviews
https://schoolwith.me/reviews/35802,口コミ,reviews
https://schoolwith.me/reviews/35805,口コミ,reviews
https://schoolwith.me/reviews/35810,口コミ,reviews
https://schoolwith.me/reviews/35811,口コミ,reviews
https://schoolwith.me/reviews/35812,口コミ,reviews
https://schoolwith.me/reviews/35813,口コミ,reviews
https://schoolwith.me/reviews/35814,口コミ,reviews
https://schoolwith.me/reviews/35815,口コミ,reviews
https://schoolwith.me/reviews/35822,口コミ,reviews
https://schoolwith.me/reviews/35823,口コミ,reviews
https://schoolwith.me/reviews/35824,口コミ,reviews
https://schoolwith.me/reviews/35825,口コミ,reviews
https://schoolwith.me/reviews/35827,口コミ,reviews
https://schoolwith.me/reviews/35830,口コミ,reviews
https://schoolwith.me/reviews/35835,口コミ,reviews
https://schoolwith.me/reviews/35836,口コミ,reviews
https://schoolwith.me/reviews/35837,口コミ,reviews
https://schoolwith.me/reviews/35839,口コミ,reviews
https://schoolwith.me/reviews/35841,口コミ,reviews
https://schoolwith.me/reviews/35842,口コミ,reviews
https://schoolwith.me/reviews/35845,口コミ,reviews
https://schoolwith.me/reviews/35847,口コミ,reviews
https://schoolwith.me/reviews/35849,口コミ,reviews
https://schoolwith.me/reviews/35850,口コミ,reviews
https://schoolwith.me/reviews/35853,口コミ,reviews
https://schoolwith.me/reviews/35859,口コミ,reviews
https://schoolwith.me/reviews/35860,口コミ,reviews
https://schoolwith.me/reviews/35861,口コミ,reviews
https://schoolwith.me/reviews/35862,口コミ,reviews
https://schoolwith.me/reviews/35863,口コミ,reviews
https://schoolwith.me/reviews/35867,口コミ,reviews
https://schoolwith.me/reviews/35868,口コミ,reviews
https://schoolwith.me/reviews/35869,口コミ,reviews
https://schoolwith.me/reviews/35870,口コミ,reviews
https://schoolwith.me/reviews/35873,口コミ,reviews
https://schoolwith.me/reviews/35874,口コミ,reviews
https://schoolwith.me/reviews/35875,口コミ,reviews
https://schoolwith.me/reviews/35877,口コミ,reviews
https://schoolwith.me/reviews/35878,口コミ,reviews
https://schoolwith.me/reviews/35879,口コミ,reviews
https://schoolwith.me/reviews/35880,口コミ,reviews
https://schoolwith.me/reviews/35881,口コミ,reviews
https://schoolwith.me/reviews/35883,口コミ,reviews
https://schoolwith.me/reviews/35884,口コミ,reviews
https://schoolwith.me/reviews/35885,口コミ,reviews
https://schoolwith.me/reviews/35889,口コミ,reviews
https://schoolwith.me/reviews/35892,口コミ,reviews
https://schoolwith.me/reviews/35895,口コミ,reviews
https://schoolwith.me/reviews/35896,口コミ,reviews
https://schoolwith.me/reviews/35897,口コミ,reviews
https://schoolwith.me/reviews/35898,口コミ,reviews
https://schoolwith.me/reviews/35899,口コミ,reviews
https://schoolwith.me/reviews/35900,口コミ,reviews
https://schoolwith.me/reviews/35901,口コミ,reviews
https://schoolwith.me/reviews/35904,口コミ,reviews
https://schoolwith.me/reviews/35907,口コミ,reviews
https://schoolwith.me/reviews/35908,口コミ,reviews
https://schoolwith.me/reviews/35909,口コミ,reviews
https://schoolwith.me/reviews/35910,口コミ,reviews
https://schoolwith.me/reviews/35911,口コミ,reviews
https://schoolwith.me/reviews/35913,口コミ,reviews
https://schoolwith.me/reviews/35915,口コミ,reviews
https://schoolwith.me/reviews/35916,口コミ,reviews
https://schoolwith.me/reviews/35917,口コミ,reviews
https://schoolwith.me/reviews/35918,口コミ,reviews
https://schoolwith.me/reviews/35919,口コミ,reviews
https://schoolwith.me/reviews/35921,口コミ,reviews
https://schoolwith.me/reviews/35924,口コミ,reviews
https://schoolwith.me/reviews/35930,口コミ,reviews
https://schoolwith.me/reviews/35931,口コミ,reviews
https://schoolwith.me/reviews/35934,口コミ,reviews
https://schoolwith.me/reviews/35937,口コミ,reviews
https://schoolwith.me/reviews/35938,口コミ,reviews
https://schoolwith.me/reviews/35941,口コミ,reviews
https://schoolwith.me/reviews/35944,口コミ,reviews
https://schoolwith.me/reviews/35946,口コミ,reviews
https://schoolwith.me/reviews/35948,口コミ,reviews
https://schoolwith.me/reviews/35949,口コミ,reviews
https://schoolwith.me/reviews/35950,口コミ,reviews
https://schoolwith.me/reviews/35952,口コミ,reviews
https://schoolwith.me/reviews/35954,口コミ,reviews
https://schoolwith.me/reviews/35956,口コミ,reviews
https://schoolwith.me/reviews/35957,口コミ,reviews
https://schoolwith.me/reviews/35960,口コミ,reviews
https://schoolwith.me/reviews/35961,口コミ,reviews
https://schoolwith.me/reviews/35964,口コミ,reviews
https://schoolwith.me/reviews/35965,口コミ,reviews
https://schoolwith.me/reviews/35967,口コミ,reviews
https://schoolwith.me/reviews/35968,口コミ,reviews
https://schoolwith.me/reviews/35970,口コミ,reviews
https://schoolwith.me/reviews/35971,口コミ,reviews
https://schoolwith.me/reviews/35972,口コミ,reviews
https://schoolwith.me/reviews/35973,口コミ,reviews
https://schoolwith.me/reviews/35974,口コミ,reviews
https://schoolwith.me/reviews/35976,口コミ,reviews
https://schoolwith.me/reviews/35977,口コミ,reviews
https://schoolwith.me/reviews/35978,口コミ,reviews
https://schoolwith.me/reviews/35980,口コミ,reviews
https://schoolwith.me/reviews/35983,口コミ,reviews
https://schoolwith.me/reviews/35986,口コミ,reviews
https://schoolwith.me/reviews/35989,口コミ,reviews
https://schoolwith.me/reviews/35990,口コミ,reviews
https://schoolwith.me/reviews/35993,口コミ,reviews
https://schoolwith.me/reviews/35994,口コミ,reviews
https://schoolwith.me/reviews/35995,口コミ,reviews
https://schoolwith.me/reviews/35996,口コミ,reviews
https://schoolwith.me/reviews/35998,口コミ,reviews
https://schoolwith.me/reviews/35999,口コミ,reviews
https://schoolwith.me/reviews/36000,口コミ,reviews
https://schoolwith.me/reviews/36001,口コミ,reviews
https://schoolwith.me/reviews/36002,口コミ,reviews
https://schoolwith.me/reviews/36003,口コミ,reviews
https://schoolwith.me/reviews/36004,口コミ,reviews
https://schoolwith.me/reviews/36005,口コミ,reviews
https://schoolwith.me/reviews/36007,口コミ,reviews
https://schoolwith.me/reviews/36008,口コミ,reviews
https://schoolwith.me/reviews/36009,口コミ,reviews
https://schoolwith.me/reviews/36011,口コミ,reviews
https://schoolwith.me/reviews/36014,口コミ,reviews
https://schoolwith.me/reviews/36016,口コミ,reviews
https://schoolwith.me/reviews/36018,口コミ,reviews
https://schoolwith.me/reviews/36021,口コミ,reviews
https://schoolwith.me/reviews/36022,口コミ,reviews
https://schoolwith.me/reviews/36023,口コミ,reviews
https://schoolwith.me/reviews/36027,口コミ,reviews
https://schoolwith.me/reviews/36028,口コミ,reviews
https://schoolwith.me/reviews/36030,口コミ,reviews
https://schoolwith.me/reviews/36032,口コミ,reviews
https://schoolwith.me/reviews/36033,口コミ,reviews
https://schoolwith.me/reviews/36037,口コミ,reviews
https://schoolwith.me/reviews/36039,口コミ,reviews
https://schoolwith.me/reviews/36040,口コミ,reviews
https://schoolwith.me/reviews/36041,口コミ,reviews
https://schoolwith.me/reviews/36042,口コミ,reviews
https://schoolwith.me/reviews/36043,口コミ,reviews
https://schoolwith.me/reviews/36044,口コミ,reviews
https://schoolwith.me/reviews/36045,口コミ,reviews
https://schoolwith.me/reviews/36046,口コミ,reviews
https://schoolwith.me/reviews/36048,口コミ,reviews
https://schoolwith.me/reviews/36049,口コミ,reviews
https://schoolwith.me/reviews/36050,口コミ,reviews
https://schoolwith.me/reviews/36051,口コミ,reviews
https://schoolwith.me/reviews/36052,口コミ,reviews
https://schoolwith.me/reviews/36053,口コミ,reviews
https://schoolwith.me/reviews/36054,口コミ,reviews
https://schoolwith.me/reviews/36055,口コミ,reviews
https://schoolwith.me/reviews/36056,口コミ,reviews
https://schoolwith.me/reviews/36057,口コミ,reviews
https://schoolwith.me/reviews/36060,口コミ,reviews
https://schoolwith.me/reviews/36061,口コミ,reviews
https://schoolwith.me/reviews/36062,口コミ,reviews
https://schoolwith.me/reviews/36064,口コミ,reviews
https://schoolwith.me/reviews/36065,口コミ,reviews
https://schoolwith.me/reviews/36068,口コミ,reviews
https://schoolwith.me/reviews/36069,口コミ,reviews
https://schoolwith.me/reviews/36073,口コミ,reviews
https://schoolwith.me/reviews/36076,口コミ,reviews
https://schoolwith.me/reviews/36077,口コミ,reviews
https://schoolwith.me/reviews/36078,口コミ,reviews
https://schoolwith.me/reviews/36081,口コミ,reviews
https://schoolwith.me/reviews/36082,口コミ,reviews
https://schoolwith.me/reviews/36083,口コミ,reviews
https://schoolwith.me/reviews/36084,口コミ,reviews
https://schoolwith.me/reviews/36085,口コミ,reviews
https://schoolwith.me/reviews/36089,口コミ,reviews
https://schoolwith.me/reviews/36092,口コミ,reviews
https://schoolwith.me/reviews/36093,口コミ,reviews
https://schoolwith.me/reviews/36095,口コミ,reviews
https://schoolwith.me/reviews/36097,口コミ,reviews
https://schoolwith.me/reviews/36099,口コミ,reviews
https://schoolwith.me/reviews/36100,口コミ,reviews
https://schoolwith.me/reviews/36101,口コミ,reviews
https://schoolwith.me/reviews/36103,口コミ,reviews
https://schoolwith.me/reviews/36104,口コミ,reviews
https://schoolwith.me/reviews/36107,口コミ,reviews
https://schoolwith.me/reviews/36112,口コミ,reviews
https://schoolwith.me/reviews/36116,口コミ,reviews
https://schoolwith.me/reviews/36118,口コミ,reviews
https://schoolwith.me/reviews/36119,口コミ,reviews
https://schoolwith.me/reviews/36122,口コミ,reviews
https://schoolwith.me/reviews/36125,口コミ,reviews
https://schoolwith.me/reviews/36126,口コミ,reviews
https://schoolwith.me/reviews/36127,口コミ,reviews
https://schoolwith.me/reviews/36129,口コミ,reviews
https://schoolwith.me/reviews/36130,口コミ,reviews
https://schoolwith.me/reviews/36132,口コミ,reviews
https://schoolwith.me/reviews/36133,口コミ,reviews
https://schoolwith.me/reviews/36134,口コミ,reviews
https://schoolwith.me/reviews/36135,口コミ,reviews
https://schoolwith.me/reviews/36140,口コミ,reviews
https://schoolwith.me/reviews/36144,口コミ,reviews
https://schoolwith.me/reviews/36148,口コミ,reviews
https://schoolwith.me/reviews/36149,口コミ,reviews
https://schoolwith.me/reviews/36150,口コミ,reviews
https://schoolwith.me/reviews/36151,口コミ,reviews
https://schoolwith.me/reviews/36155,口コミ,reviews
https://schoolwith.me/reviews/36158,口コミ,reviews
https://schoolwith.me/reviews/36163,口コミ,reviews
https://schoolwith.me/reviews/36164,口コミ,reviews
https://schoolwith.me/reviews/36168,口コミ,reviews
https://schoolwith.me/reviews/36171,口コミ,reviews
https://schoolwith.me/reviews/36172,口コミ,reviews
https://schoolwith.me/reviews/36173,口コミ,reviews
https://schoolwith.me/reviews/36177,口コミ,reviews
https://schoolwith.me/reviews/36181,口コミ,reviews
https://schoolwith.me/reviews/36182,口コミ,reviews
https://schoolwith.me/reviews/36183,口コミ,reviews
https://schoolwith.me/reviews/36184,口コミ,reviews
https://schoolwith.me/reviews/36186,口コミ,reviews
https://schoolwith.me/reviews/36187,口コミ,reviews
https://schoolwith.me/reviews/36188,口コミ,reviews
https://schoolwith.me/reviews/36190,口コミ,reviews
https://schoolwith.me/reviews/36191,口コミ,reviews
https://schoolwith.me/reviews/36192,口コミ,reviews
https://schoolwith.me/reviews/36193,口コミ,reviews
https://schoolwith.me/reviews/36194,口コミ,reviews
https://schoolwith.me/reviews/36195,口コミ,reviews
https://schoolwith.me/reviews/36196,口コミ,reviews
https://schoolwith.me/reviews/36198,口コミ,reviews
https://schoolwith.me/reviews/36199,口コミ,reviews
https://schoolwith.me/reviews/36200,口コミ,reviews
https://schoolwith.me/reviews/36201,口コミ,reviews
https://schoolwith.me/reviews/36205,口コミ,reviews
https://schoolwith.me/reviews/36206,口コミ,reviews
https://schoolwith.me/reviews/36207,口コミ,reviews
https://schoolwith.me/reviews/36208,口コミ,reviews
https://schoolwith.me/reviews/36211,口コミ,reviews
https://schoolwith.me/reviews/36212,口コミ,reviews
https://schoolwith.me/reviews/36213,口コミ,reviews
https://schoolwith.me/reviews/36214,口コミ,reviews
https://schoolwith.me/reviews/36216,口コミ,reviews
https://schoolwith.me/reviews/36217,口コミ,reviews
https://schoolwith.me/reviews/36219,口コミ,reviews
https://schoolwith.me/reviews/36220,口コミ,reviews
https://schoolwith.me/reviews/36222,口コミ,reviews
https://schoolwith.me/reviews/36225,口コミ,reviews
https://schoolwith.me/reviews/36226,口コミ,reviews
https://schoolwith.me/reviews/36227,口コミ,reviews
https://schoolwith.me/reviews/36229,口コミ,reviews
https://schoolwith.me/reviews/36231,口コミ,reviews
https://schoolwith.me/reviews/36233,口コミ,reviews
https://schoolwith.me/reviews/36235,口コミ,reviews
https://schoolwith.me/reviews/36237,口コミ,reviews
https://schoolwith.me/reviews/36238,口コミ,reviews
https://schoolwith.me/reviews/36240,口コミ,reviews
https://schoolwith.me/reviews/36241,口コミ,reviews
https://schoolwith.me/reviews/36242,口コミ,reviews
https://schoolwith.me/reviews/36245,口コミ,reviews
https://schoolwith.me/reviews/36247,口コミ,reviews
https://schoolwith.me/reviews/36249,口コミ,reviews
https://schoolwith.me/reviews/36250,口コミ,reviews
https://schoolwith.me/reviews/36251,口コミ,reviews
https://schoolwith.me/reviews/36252,口コミ,reviews
https://schoolwith.me/reviews/36253,口コミ,reviews
https://schoolwith.me/reviews/36254,口コミ,reviews
https://schoolwith.me/reviews/36255,口コミ,reviews
https://schoolwith.me/reviews/36257,口コミ,reviews
https://schoolwith.me/reviews/36259,口コミ,reviews
https://schoolwith.me/reviews/36260,口コミ,reviews
https://schoolwith.me/reviews/36263,口コミ,reviews
https://schoolwith.me/reviews/36265,口コミ,reviews
https://schoolwith.me/reviews/36267,口コミ,reviews
https://schoolwith.me/reviews/36270,口コミ,reviews
https://schoolwith.me/reviews/36273,口コミ,reviews
https://schoolwith.me/reviews/36274,口コミ,reviews
https://schoolwith.me/reviews/36275,口コミ,reviews
https://schoolwith.me/reviews/36277,口コミ,reviews
https://schoolwith.me/reviews/36278,口コミ,reviews
https://schoolwith.me/reviews/36279,口コミ,reviews
https://schoolwith.me/reviews/36280,口コミ,reviews
https://schoolwith.me/reviews/36282,口コミ,reviews
https://schoolwith.me/reviews/36286,口コミ,reviews
https://schoolwith.me/reviews/36288,口コミ,reviews
https://schoolwith.me/reviews/36290,口コミ,reviews
https://schoolwith.me/reviews/36292,口コミ,reviews
https://schoolwith.me/reviews/36293,口コミ,reviews
https://schoolwith.me/reviews/36296,口コミ,reviews
https://schoolwith.me/reviews/36297,口コミ,reviews
https://schoolwith.me/reviews/36302,口コミ,reviews
https://schoolwith.me/reviews/36308,口コミ,reviews
https://schoolwith.me/reviews/36310,口コミ,reviews
https://schoolwith.me/reviews/36311,口コミ,reviews
https://schoolwith.me/reviews/36314,口コミ,reviews
https://schoolwith.me/reviews/36315,口コミ,reviews
https://schoolwith.me/reviews/36316,口コミ,reviews
https://schoolwith.me/reviews/36317,口コミ,reviews
https://schoolwith.me/reviews/36318,口コミ,reviews
https://schoolwith.me/reviews/36319,口コミ,reviews
https://schoolwith.me/reviews/36320,口コミ,reviews
https://schoolwith.me/reviews/36321,口コミ,reviews
https://schoolwith.me/reviews/36322,口コミ,reviews
https://schoolwith.me/reviews/36323,口コミ,reviews
https://schoolwith.me/reviews/36324,口コミ,reviews
https://schoolwith.me/reviews/36325,口コミ,reviews
https://schoolwith.me/reviews/36326,口コミ,reviews
https://schoolwith.me/reviews/36327,口コミ,reviews
https://schoolwith.me/reviews/36328,口コミ,reviews
https://schoolwith.me/reviews/36329,口コミ,reviews
https://schoolwith.me/reviews/36330,口コミ,reviews
https://schoolwith.me/reviews/36332,口コミ,reviews
https://schoolwith.me/reviews/36333,口コミ,reviews
https://schoolwith.me/reviews/36334,口コミ,reviews
https://schoolwith.me/reviews/36338,口コミ,reviews
https://schoolwith.me/reviews/36339,口コミ,reviews
https://schoolwith.me/reviews/36340,口コミ,reviews
https://schoolwith.me/reviews/36342,口コミ,reviews
https://schoolwith.me/reviews/36343,口コミ,reviews
https://schoolwith.me/reviews/36344,口コミ,reviews
https://schoolwith.me/reviews/36345,口コミ,reviews
https://schoolwith.me/reviews/36346,口コミ,reviews
https://schoolwith.me/reviews/36347,口コミ,reviews
https://schoolwith.me/reviews/36348,口コミ,reviews
https://schoolwith.me/reviews/36350,口コミ,reviews
https://schoolwith.me/reviews/36351,口コミ,reviews
https://schoolwith.me/reviews/36353,口コミ,reviews
https://schoolwith.me/reviews/36355,口コミ,reviews
https://schoolwith.me/reviews/36356,口コミ,reviews
https://schoolwith.me/reviews/36358,口コミ,reviews
https://schoolwith.me/reviews/36360,口コミ,reviews
https://schoolwith.me/reviews/36362,口コミ,reviews
https://schoolwith.me/reviews/36363,口コミ,reviews
https://schoolwith.me/reviews/36365,口コミ,reviews
https://schoolwith.me/reviews/36367,口コミ,reviews
https://schoolwith.me/reviews/36368,口コミ,reviews
https://schoolwith.me/reviews/36370,口コミ,reviews
https://schoolwith.me/reviews/36371,口コミ,reviews
https://schoolwith.me/reviews/36372,口コミ,reviews
https://schoolwith.me/reviews/36375,口コミ,reviews
https://schoolwith.me/reviews/36376,口コミ,reviews
https://schoolwith.me/reviews/36377,口コミ,reviews
https://schoolwith.me/reviews/36379,口コミ,reviews
https://schoolwith.me/reviews/36380,口コミ,reviews
https://schoolwith.me/reviews/36381,口コミ,reviews
https://schoolwith.me/reviews/36382,口コミ,reviews
https://schoolwith.me/reviews/36386,口コミ,reviews
https://schoolwith.me/reviews/36387,口コミ,reviews
https://schoolwith.me/reviews/36389,口コミ,reviews
https://schoolwith.me/reviews/36395,口コミ,reviews
https://schoolwith.me/reviews/36397,口コミ,reviews
https://schoolwith.me/reviews/36398,口コミ,reviews
https://schoolwith.me/reviews/36400,口コミ,reviews
https://schoolwith.me/reviews/36401,口コミ,reviews
https://schoolwith.me/reviews/36404,口コミ,reviews
https://schoolwith.me/reviews/36406,口コミ,reviews
https://schoolwith.me/reviews/36408,口コミ,reviews
https://schoolwith.me/reviews/36409,口コミ,reviews
https://schoolwith.me/reviews/36410,口コミ,reviews
https://schoolwith.me/reviews/36411,口コミ,reviews
https://schoolwith.me/reviews/36412,口コミ,reviews
https://schoolwith.me/reviews/36416,口コミ,reviews
https://schoolwith.me/reviews/36417,口コミ,reviews
https://schoolwith.me/reviews/36418,口コミ,reviews
https://schoolwith.me/reviews/36420,口コミ,reviews
https://schoolwith.me/reviews/36424,口コミ,reviews
https://schoolwith.me/reviews/36426,口コミ,reviews
https://schoolwith.me/reviews/36427,口コミ,reviews
https://schoolwith.me/reviews/36428,口コミ,reviews
https://schoolwith.me/reviews/36429,口コミ,reviews
https://schoolwith.me/reviews/36430,口コミ,reviews
https://schoolwith.me/reviews/36431,口コミ,reviews
https://schoolwith.me/reviews/36433,口コミ,reviews
https://schoolwith.me/reviews/36436,口コミ,reviews
https://schoolwith.me/reviews/36437,口コミ,reviews
https://schoolwith.me/reviews/36439,口コミ,reviews
https://schoolwith.me/reviews/36440,口コミ,reviews
https://schoolwith.me/reviews/36442,口コミ,reviews
https://schoolwith.me/reviews/36445,口コミ,reviews
https://schoolwith.me/reviews/36446,口コミ,reviews
https://schoolwith.me/reviews/36447,口コミ,reviews
https://schoolwith.me/reviews/36449,口コミ,reviews
https://schoolwith.me/reviews/36452,口コミ,reviews
https://schoolwith.me/reviews/36453,口コミ,reviews
https://schoolwith.me/reviews/36454,口コミ,reviews
https://schoolwith.me/reviews/36457,口コミ,reviews
https://schoolwith.me/reviews/36458,口コミ,reviews
https://schoolwith.me/reviews/36459,口コミ,reviews
https://schoolwith.me/reviews/36460,口コミ,reviews
https://schoolwith.me/reviews/36461,口コミ,reviews
https://schoolwith.me/reviews/36462,口コミ,reviews
https://schoolwith.me/reviews/36463,口コミ,reviews
https://schoolwith.me/reviews/36465,口コミ,reviews
https://schoolwith.me/reviews/36466,口コミ,reviews
https://schoolwith.me/reviews/36467,口コミ,reviews
https://schoolwith.me/reviews/36468,口コミ,reviews
https://schoolwith.me/reviews/36469,口コミ,reviews
https://schoolwith.me/reviews/36471,口コミ,reviews
https://schoolwith.me/reviews/36472,口コミ,reviews
https://schoolwith.me/reviews/36474,口コミ,reviews
https://schoolwith.me/reviews/36475,口コミ,reviews
https://schoolwith.me/reviews/36476,口コミ,reviews
https://schoolwith.me/reviews/36477,口コミ,reviews
https://schoolwith.me/reviews/36479,口コミ,reviews
https://schoolwith.me/reviews/36480,口コミ,reviews
https://schoolwith.me/reviews/36482,口コミ,reviews
https://schoolwith.me/reviews/36486,口コミ,reviews
https://schoolwith.me/reviews/36488,口コミ,reviews
https://schoolwith.me/reviews/36489,口コミ,reviews
https://schoolwith.me/reviews/36490,口コミ,reviews
https://schoolwith.me/reviews/36491,口コミ,reviews
https://schoolwith.me/reviews/36492,口コミ,reviews
https://schoolwith.me/reviews/36493,口コミ,reviews
https://schoolwith.me/reviews/36494,口コミ,reviews
https://schoolwith.me/reviews/36495,口コミ,reviews
https://schoolwith.me/reviews/36496,口コミ,reviews
https://schoolwith.me/reviews/36497,口コミ,reviews
https://schoolwith.me/reviews/36499,口コミ,reviews
https://schoolwith.me/reviews/36500,口コミ,reviews
https://schoolwith.me/reviews/36501,口コミ,reviews
https://schoolwith.me/reviews/36502,口コミ,reviews
https://schoolwith.me/reviews/36503,口コミ,reviews
https://schoolwith.me/reviews/36505,口コミ,reviews
https://schoolwith.me/reviews/36506,口コミ,reviews
https://schoolwith.me/reviews/36507,口コミ,reviews
https://schoolwith.me/reviews/36508,口コミ,reviews
https://schoolwith.me/reviews/36509,口コミ,reviews
https://schoolwith.me/reviews/36511,口コミ,reviews
https://schoolwith.me/reviews/36514,口コミ,reviews
https://schoolwith.me/reviews/36516,口コミ,reviews
https://schoolwith.me/reviews/36517,口コミ,reviews
https://schoolwith.me/reviews/36519,口コミ,reviews
https://schoolwith.me/reviews/36521,口コミ,reviews
https://schoolwith.me/reviews/36522,口コミ,reviews
https://schoolwith.me/reviews/36523,口コミ,reviews
https://schoolwith.me/reviews/36525,口コミ,reviews
https://schoolwith.me/reviews/36526,口コミ,reviews
https://schoolwith.me/reviews/36527,口コミ,reviews
https://schoolwith.me/reviews/36528,口コミ,reviews
https://schoolwith.me/reviews/36530,口コミ,reviews
https://schoolwith.me/reviews/36531,口コミ,reviews
https://schoolwith.me/reviews/36532,口コミ,reviews
https://schoolwith.me/reviews/36534,口コミ,reviews
https://schoolwith.me/reviews/36537,口コミ,reviews
https://schoolwith.me/reviews/36538,口コミ,reviews
https://schoolwith.me/reviews/36541,口コミ,reviews
https://schoolwith.me/reviews/36543,口コミ,reviews
https://schoolwith.me/reviews/36545,口コミ,reviews
https://schoolwith.me/reviews/36546,口コミ,reviews
https://schoolwith.me/reviews/36547,口コミ,reviews
https://schoolwith.me/reviews/36549,口コミ,reviews
https://schoolwith.me/reviews/36550,口コミ,reviews
https://schoolwith.me/reviews/36551,口コミ,reviews
https://schoolwith.me/reviews/36552,口コミ,reviews
https://schoolwith.me/reviews/36553,口コミ,reviews
https://schoolwith.me/reviews/36554,口コミ,reviews
https://schoolwith.me/reviews/36555,口コミ,reviews
https://schoolwith.me/reviews/36556,口コミ,reviews
https://schoolwith.me/reviews/36557,口コミ,reviews
https://schoolwith.me/reviews/36558,口コミ,reviews
https://schoolwith.me/reviews/36559,口コミ,reviews
https://schoolwith.me/reviews/36560,口コミ,reviews
https://schoolwith.me/reviews/36561,口コミ,reviews
https://schoolwith.me/reviews/36563,口コミ,reviews
https://schoolwith.me/reviews/36564,口コミ,reviews
https://schoolwith.me/reviews/36565,口コミ,reviews
https://schoolwith.me/reviews/36567,口コミ,reviews
https://schoolwith.me/reviews/36568,口コミ,reviews
https://schoolwith.me/reviews/36569,口コミ,reviews
https://schoolwith.me/reviews/36570,口コミ,reviews
https://schoolwith.me/reviews/36571,口コミ,reviews
https://schoolwith.me/reviews/36573,口コミ,reviews
https://schoolwith.me/reviews/36574,口コミ,reviews
https://schoolwith.me/reviews/36575,口コミ,reviews
https://schoolwith.me/reviews/36576,口コミ,reviews
https://schoolwith.me/reviews/36577,口コミ,reviews
https://schoolwith.me/reviews/36578,口コミ,reviews
https://schoolwith.me/reviews/36579,口コミ,reviews
https://schoolwith.me/reviews/36580,口コミ,reviews
https://schoolwith.me/reviews/36581,口コミ,reviews
https://schoolwith.me/reviews/36583,口コミ,reviews
https://schoolwith.me/reviews/36587,口コミ,reviews
https://schoolwith.me/reviews/36588,口コミ,reviews
https://schoolwith.me/reviews/36590,口コミ,reviews
https://schoolwith.me/reviews/36593,口コミ,reviews
https://schoolwith.me/reviews/36595,口コミ,reviews
https://schoolwith.me/reviews/36596,口コミ,reviews
https://schoolwith.me/reviews/36597,口コミ,reviews
https://schoolwith.me/reviews/36600,口コミ,reviews
https://schoolwith.me/reviews/36601,口コミ,reviews
https://schoolwith.me/reviews/36602,口コミ,reviews
https://schoolwith.me/reviews/36604,口コミ,reviews
https://schoolwith.me/reviews/36605,口コミ,reviews
https://schoolwith.me/reviews/36606,口コミ,reviews
https://schoolwith.me/reviews/36608,口コミ,reviews
https://schoolwith.me/reviews/36610,口コミ,reviews
https://schoolwith.me/reviews/36614,口コミ,reviews
https://schoolwith.me/reviews/36617,口コミ,reviews
https://schoolwith.me/reviews/36618,口コミ,reviews
https://schoolwith.me/reviews/36619,口コミ,reviews
https://schoolwith.me/reviews/36620,口コミ,reviews
https://schoolwith.me/reviews/36621,口コミ,reviews
https://schoolwith.me/reviews/36622,口コミ,reviews
https://schoolwith.me/reviews/36623,口コミ,reviews
https://schoolwith.me/reviews/36624,口コミ,reviews
https://schoolwith.me/reviews/36625,口コミ,reviews
https://schoolwith.me/reviews/36628,口コミ,reviews
https://schoolwith.me/reviews/36629,口コミ,reviews
https://schoolwith.me/reviews/36630,口コミ,reviews
https://schoolwith.me/reviews/36631,口コミ,reviews
https://schoolwith.me/reviews/36637,口コミ,reviews
https://schoolwith.me/reviews/36638,口コミ,reviews
https://schoolwith.me/reviews/36639,口コミ,reviews
https://schoolwith.me/reviews/36640,口コミ,reviews
https://schoolwith.me/reviews/36641,口コミ,reviews
https://schoolwith.me/reviews/36642,口コミ,reviews
https://schoolwith.me/reviews/36643,口コミ,reviews
https://schoolwith.me/reviews/36644,口コミ,reviews
https://schoolwith.me/reviews/36646,口コミ,reviews
https://schoolwith.me/reviews/36648,口コミ,reviews
https://schoolwith.me/reviews/36649,口コミ,reviews
https://schoolwith.me/reviews/36650,口コミ,reviews
https://schoolwith.me/reviews/36652,口コミ,reviews
https://schoolwith.me/reviews/36654,口コミ,reviews
https://schoolwith.me/reviews/36655,口コミ,reviews
https://schoolwith.me/reviews/36656,口コミ,reviews
https://schoolwith.me/reviews/36658,口コミ,reviews
https://schoolwith.me/reviews/36659,口コミ,reviews
https://schoolwith.me/reviews/36660,口コミ,reviews
https://schoolwith.me/reviews/36661,口コミ,reviews
https://schoolwith.me/reviews/36663,口コミ,reviews
https://schoolwith.me/reviews/36664,口コミ,reviews
https://schoolwith.me/reviews/36665,口コミ,reviews
https://schoolwith.me/reviews/36666,口コミ,reviews
https://schoolwith.me/reviews/36667,口コミ,reviews
https://schoolwith.me/reviews/36668,口コミ,reviews
https://schoolwith.me/reviews/36669,口コミ,reviews
https://schoolwith.me/reviews/36670,口コミ,reviews
https://schoolwith.me/reviews/36671,口コミ,reviews
https://schoolwith.me/reviews/36672,口コミ,reviews
https://schoolwith.me/reviews/36673,口コミ,reviews
https://schoolwith.me/reviews/36674,口コミ,reviews
https://schoolwith.me/reviews/36677,口コミ,reviews
https://schoolwith.me/reviews/36678,口コミ,reviews
https://schoolwith.me/reviews/36681,口コミ,reviews
https://schoolwith.me/reviews/36682,口コミ,reviews
https://schoolwith.me/reviews/36689,口コミ,reviews
https://schoolwith.me/reviews/36692,口コミ,reviews
https://schoolwith.me/reviews/36693,口コミ,reviews
https://schoolwith.me/reviews/36694,口コミ,reviews
https://schoolwith.me/reviews/36695,口コミ,reviews
https://schoolwith.me/reviews/36697,口コミ,reviews
https://schoolwith.me/reviews/36700,口コミ,reviews
https://schoolwith.me/reviews/36701,口コミ,reviews
https://schoolwith.me/reviews/36703,口コミ,reviews
https://schoolwith.me/reviews/36707,口コミ,reviews
https://schoolwith.me/reviews/36714,口コミ,reviews
https://schoolwith.me/reviews/36715,口コミ,reviews
https://schoolwith.me/reviews/36718,口コミ,reviews
https://schoolwith.me/reviews/36719,口コミ,reviews
https://schoolwith.me/reviews/36722,口コミ,reviews
https://schoolwith.me/reviews/36724,口コミ,reviews
https://schoolwith.me/reviews/36726,口コミ,reviews
https://schoolwith.me/reviews/36731,口コミ,reviews
https://schoolwith.me/reviews/36733,口コミ,reviews
https://schoolwith.me/reviews/36734,口コミ,reviews
https://schoolwith.me/reviews/36735,口コミ,reviews
https://schoolwith.me/reviews/36736,口コミ,reviews
https://schoolwith.me/reviews/36737,口コミ,reviews
https://schoolwith.me/reviews/36738,口コミ,reviews
https://schoolwith.me/reviews/36739,口コミ,reviews
https://schoolwith.me/reviews/36744,口コミ,reviews
https://schoolwith.me/reviews/36745,口コミ,reviews
https://schoolwith.me/reviews/36746,口コミ,reviews
https://schoolwith.me/reviews/36747,口コミ,reviews
https://schoolwith.me/reviews/36748,口コミ,reviews
https://schoolwith.me/reviews/36750,口コミ,reviews
https://schoolwith.me/reviews/36751,口コミ,reviews
https://schoolwith.me/reviews/36752,口コミ,reviews
https://schoolwith.me/reviews/36753,口コミ,reviews
https://schoolwith.me/reviews/36756,口コミ,reviews
https://schoolwith.me/reviews/36758,口コミ,reviews
https://schoolwith.me/reviews/36761,口コミ,reviews
https://schoolwith.me/reviews/36762,口コミ,reviews
https://schoolwith.me/reviews/36764,口コミ,reviews
https://schoolwith.me/reviews/36767,口コミ,reviews
https://schoolwith.me/reviews/36769,口コミ,reviews
https://schoolwith.me/reviews/36770,口コミ,reviews
https://schoolwith.me/reviews/36771,口コミ,reviews
https://schoolwith.me/reviews/36772,口コミ,reviews
https://schoolwith.me/reviews/36773,口コミ,reviews
https://schoolwith.me/reviews/36774,口コミ,reviews
https://schoolwith.me/reviews/36775,口コミ,reviews
https://schoolwith.me/reviews/36776,口コミ,reviews
https://schoolwith.me/reviews/36777,口コミ,reviews
https://schoolwith.me/reviews/36778,口コミ,reviews
https://schoolwith.me/reviews/36779,口コミ,reviews
https://schoolwith.me/reviews/36780,口コミ,reviews
https://schoolwith.me/reviews/36782,口コミ,reviews
https://schoolwith.me/reviews/36784,口コミ,reviews
https://schoolwith.me/reviews/36786,口コミ,reviews
https://schoolwith.me/reviews/36787,口コミ,reviews
https://schoolwith.me/reviews/36789,口コミ,reviews
https://schoolwith.me/reviews/36791,口コミ,reviews
https://schoolwith.me/reviews/36795,口コミ,reviews
https://schoolwith.me/reviews/36796,口コミ,reviews
https://schoolwith.me/reviews/36798,口コミ,reviews
https://schoolwith.me/reviews/36801,口コミ,reviews
https://schoolwith.me/reviews/36802,口コミ,reviews
https://schoolwith.me/reviews/36803,口コミ,reviews
https://schoolwith.me/reviews/36804,口コミ,reviews
https://schoolwith.me/reviews/36805,口コミ,reviews
https://schoolwith.me/reviews/36807,口コミ,reviews
https://schoolwith.me/reviews/36808,口コミ,reviews
https://schoolwith.me/reviews/36813,口コミ,reviews
https://schoolwith.me/reviews/36814,口コミ,reviews
https://schoolwith.me/reviews/36818,口コミ,reviews
https://schoolwith.me/reviews/36822,口コミ,reviews
https://schoolwith.me/reviews/36824,口コミ,reviews
https://schoolwith.me/reviews/36825,口コミ,reviews
https://schoolwith.me/reviews/36826,口コミ,reviews
https://schoolwith.me/reviews/36827,口コミ,reviews
https://schoolwith.me/reviews/36829,口コミ,reviews
https://schoolwith.me/reviews/36830,口コミ,reviews
https://schoolwith.me/reviews/36831,口コミ,reviews
https://schoolwith.me/reviews/36832,口コミ,reviews
https://schoolwith.me/reviews/36833,口コミ,reviews
https://schoolwith.me/reviews/36835,口コミ,reviews
https://schoolwith.me/reviews/36837,口コミ,reviews
https://schoolwith.me/reviews/36838,口コミ,reviews
https://schoolwith.me/reviews/36839,口コミ,reviews
https://schoolwith.me/reviews/36840,口コミ,reviews
https://schoolwith.me/reviews/36842,口コミ,reviews
https://schoolwith.me/reviews/36843,口コミ,reviews
https://schoolwith.me/reviews/36845,口コミ,reviews
https://schoolwith.me/reviews/36849,口コミ,reviews
https://schoolwith.me/reviews/36852,口コミ,reviews
https://schoolwith.me/reviews/36856,口コミ,reviews
https://schoolwith.me/reviews/36857,口コミ,reviews
https://schoolwith.me/reviews/36861,口コミ,reviews
https://schoolwith.me/reviews/36869,口コミ,reviews
https://schoolwith.me/reviews/36871,口コミ,reviews
https://schoolwith.me/reviews/36873,口コミ,reviews
https://schoolwith.me/reviews/36874,口コミ,reviews
https://schoolwith.me/reviews/36876,口コミ,reviews
https://schoolwith.me/reviews/36877,口コミ,reviews
https://schoolwith.me/reviews/36879,口コミ,reviews
https://schoolwith.me/reviews/36880,口コミ,reviews
https://schoolwith.me/reviews/36883,口コミ,reviews
https://schoolwith.me/reviews/36889,口コミ,reviews
https://schoolwith.me/reviews/36890,口コミ,reviews
https://schoolwith.me/reviews/36893,口コミ,reviews
https://schoolwith.me/reviews/36896,口コミ,reviews
https://schoolwith.me/reviews/36897,口コミ,reviews
https://schoolwith.me/reviews/36901,口コミ,reviews
https://schoolwith.me/reviews/36902,口コミ,reviews
https://schoolwith.me/reviews/36903,口コミ,reviews
https://schoolwith.me/reviews/36909,口コミ,reviews
https://schoolwith.me/reviews/36910,口コミ,reviews
https://schoolwith.me/reviews/36912,口コミ,reviews
https://schoolwith.me/reviews/36915,口コミ,reviews
https://schoolwith.me/reviews/36917,口コミ,reviews
https://schoolwith.me/reviews/36919,口コミ,reviews
https://schoolwith.me/reviews/36920,口コミ,reviews
https://schoolwith.me/reviews/36921,口コミ,reviews
https://schoolwith.me/reviews/36922,口コミ,reviews
https://schoolwith.me/reviews/36923,口コミ,reviews
https://schoolwith.me/reviews/36926,口コミ,reviews
https://schoolwith.me/reviews/36927,口コミ,reviews
https://schoolwith.me/reviews/36928,口コミ,reviews
https://schoolwith.me/reviews/36929,口コミ,reviews
https://schoolwith.me/reviews/36931,口コミ,reviews
https://schoolwith.me/reviews/36933,口コミ,reviews
https://schoolwith.me/reviews/36935,口コミ,reviews
https://schoolwith.me/reviews/36940,口コミ,reviews
https://schoolwith.me/reviews/36941,口コミ,reviews
https://schoolwith.me/reviews/36942,口コミ,reviews
https://schoolwith.me/reviews/36943,口コミ,reviews
https://schoolwith.me/reviews/36944,口コミ,reviews
https://schoolwith.me/reviews/36952,口コミ,reviews
https://schoolwith.me/reviews/36953,口コミ,reviews
https://schoolwith.me/reviews/36954,口コミ,reviews
https://schoolwith.me/reviews/36965,口コミ,reviews
https://schoolwith.me/reviews/36966,口コミ,reviews
https://schoolwith.me/reviews/36967,口コミ,reviews
https://schoolwith.me/reviews/36972,口コミ,reviews
https://schoolwith.me/reviews/36973,口コミ,reviews
https://schoolwith.me/reviews/36975,口コミ,reviews
https://schoolwith.me/reviews/36976,口コミ,reviews
https://schoolwith.me/reviews/36977,口コミ,reviews
https://schoolwith.me/reviews/36979,口コミ,reviews
https://schoolwith.me/reviews/36980,口コミ,reviews
https://schoolwith.me/reviews/36981,口コミ,reviews
https://schoolwith.me/reviews/36988,口コミ,reviews
https://schoolwith.me/reviews/36990,口コミ,reviews
https://schoolwith.me/reviews/36995,口コミ,reviews
https://schoolwith.me/reviews/37005,口コミ,reviews
https://schoolwith.me/reviews/37006,口コミ,reviews
https://schoolwith.me/reviews/37008,口コミ,reviews
https://schoolwith.me/reviews/37017,口コミ,reviews
https://schoolwith.me/reviews/37018,口コミ,reviews
https://schoolwith.me/reviews/37022,口コミ,reviews
https://schoolwith.me/reviews/37029,口コミ,reviews
https://schoolwith.me/reviews/37030,口コミ,reviews
https://schoolwith.me/reviews/37031,口コミ,reviews
https://schoolwith.me/reviews/37032,口コミ,reviews
https://schoolwith.me/reviews/37035,口コミ,reviews
https://schoolwith.me/reviews/37037,口コミ,reviews
https://schoolwith.me/reviews/37038,口コミ,reviews
https://schoolwith.me/reviews/37039,口コミ,reviews
https://schoolwith.me/reviews/37044,口コミ,reviews
https://schoolwith.me/reviews/37051,口コミ,reviews
https://schoolwith.me/reviews/37053,口コミ,reviews
https://schoolwith.me/reviews/37056,口コミ,reviews
https://schoolwith.me/reviews/37057,口コミ,reviews
https://schoolwith.me/reviews/37064,口コミ,reviews
https://schoolwith.me/reviews/37067,口コミ,reviews
https://schoolwith.me/reviews/37068,口コミ,reviews
https://schoolwith.me/reviews/37070,口コミ,reviews
https://schoolwith.me/reviews/37074,口コミ,reviews
https://schoolwith.me/reviews/37077,口コミ,reviews
https://schoolwith.me/reviews/37085,口コミ,reviews
https://schoolwith.me/reviews/37091,口コミ,reviews
https://schoolwith.me/reviews/37092,口コミ,reviews
https://schoolwith.me/reviews/37094,口コミ,reviews
https://schoolwith.me/reviews/37097,口コミ,reviews
https://schoolwith.me/reviews/37106,口コミ,reviews
https://schoolwith.me/reviews/37107,口コミ,reviews
https://schoolwith.me/reviews/37109,口コミ,reviews
https://schoolwith.me/reviews/37110,口コミ,reviews
https://schoolwith.me/reviews/37115,口コミ,reviews
https://schoolwith.me/reviews/37116,口コミ,reviews
https://schoolwith.me/reviews/37117,口コミ,reviews
https://schoolwith.me/reviews/37120,口コミ,reviews
https://schoolwith.me/reviews/37121,口コミ,reviews
https://schoolwith.me/reviews/37123,口コミ,reviews
https://schoolwith.me/reviews/37125,口コミ,reviews
https://schoolwith.me/reviews/37129,口コミ,reviews
https://schoolwith.me/reviews/37140,口コミ,reviews
https://schoolwith.me/reviews/37148,口コミ,reviews
https://schoolwith.me/reviews/37149,口コミ,reviews
https://schoolwith.me/reviews/37150,口コミ,reviews
https://schoolwith.me/reviews/37159,口コミ,reviews
https://schoolwith.me/reviews/37160,口コミ,reviews
https://schoolwith.me/reviews/37161,口コミ,reviews
https://schoolwith.me/reviews/37163,口コミ,reviews
https://schoolwith.me/reviews/37167,口コミ,reviews
https://schoolwith.me/reviews/37170,口コミ,reviews
https://schoolwith.me/reviews/37172,口コミ,reviews
https://schoolwith.me/reviews/37174,口コミ,reviews
https://schoolwith.me/reviews/37176,口コミ,reviews
https://schoolwith.me/reviews/37179,口コミ,reviews
https://schoolwith.me/reviews/37188,口コミ,reviews
https://schoolwith.me/reviews/37189,口コミ,reviews
https://schoolwith.me/reviews/37190,口コミ,reviews
https://schoolwith.me/reviews/37193,口コミ,reviews
https://schoolwith.me/reviews/37194,口コミ,reviews
https://schoolwith.me/reviews/37195,口コミ,reviews
https://schoolwith.me/reviews/37197,口コミ,reviews
https://schoolwith.me/reviews/37199,口コミ,reviews
https://schoolwith.me/reviews/37205,口コミ,reviews
https://schoolwith.me/reviews/37207,口コミ,reviews
https://schoolwith.me/reviews/37208,口コミ,reviews
https://schoolwith.me/reviews/37210,口コミ,reviews
https://schoolwith.me/reviews/37211,口コミ,reviews
https://schoolwith.me/reviews/37212,口コミ,reviews
https://schoolwith.me/reviews/37213,口コミ,reviews
https://schoolwith.me/reviews/37214,口コミ,reviews
https://schoolwith.me/reviews/37215,口コミ,reviews
https://schoolwith.me/reviews/37216,口コミ,reviews
https://schoolwith.me/reviews/37217,口コミ,reviews
https://schoolwith.me/reviews/37218,口コミ,reviews
https://schoolwith.me/reviews/37219,口コミ,reviews
https://schoolwith.me/reviews/37220,口コミ,reviews
https://schoolwith.me/reviews/37221,口コミ,reviews
https://schoolwith.me/reviews/37222,口コミ,reviews
https://schoolwith.me/reviews/37223,口コミ,reviews
https://schoolwith.me/reviews/37224,口コミ,reviews
https://schoolwith.me/reviews/37225,口コミ,reviews
https://schoolwith.me/reviews/37229,口コミ,reviews
https://schoolwith.me/reviews/37230,口コミ,reviews
https://schoolwith.me/reviews/37233,口コミ,reviews
https://schoolwith.me/reviews/37236,口コミ,reviews
https://schoolwith.me/reviews/37238,口コミ,reviews
https://schoolwith.me/reviews/37240,口コミ,reviews
https://schoolwith.me/reviews/37241,口コミ,reviews
https://schoolwith.me/reviews/37242,口コミ,reviews
https://schoolwith.me/reviews/37246,口コミ,reviews
https://schoolwith.me/reviews/37248,口コミ,reviews
https://schoolwith.me/reviews/37249,口コミ,reviews
https://schoolwith.me/reviews/37253,口コミ,reviews
https://schoolwith.me/reviews/37255,口コミ,reviews
https://schoolwith.me/reviews/37256,口コミ,reviews
https://schoolwith.me/reviews/37258,口コミ,reviews
https://schoolwith.me/reviews/37259,口コミ,reviews
https://schoolwith.me/reviews/37260,口コミ,reviews
https://schoolwith.me/reviews/37261,口コミ,reviews
https://schoolwith.me/reviews/37263,口コミ,reviews
https://schoolwith.me/reviews/37264,口コミ,reviews
https://schoolwith.me/reviews/37265,口コミ,reviews
https://schoolwith.me/reviews/37266,口コミ,reviews
https://schoolwith.me/reviews/37267,口コミ,reviews
https://schoolwith.me/reviews/37268,口コミ,reviews
https://schoolwith.me/reviews/37269,口コミ,reviews
https://schoolwith.me/reviews/37270,口コミ,reviews
https://schoolwith.me/reviews/37271,口コミ,reviews
https://schoolwith.me/reviews/37273,口コミ,reviews
https://schoolwith.me/reviews/37274,口コミ,reviews
https://schoolwith.me/reviews/37275,口コミ,reviews
https://schoolwith.me/reviews/37276,口コミ,reviews
https://schoolwith.me/reviews/37277,口コミ,reviews
https://schoolwith.me/reviews/37279,口コミ,reviews
https://schoolwith.me/reviews/37280,口コミ,reviews
https://schoolwith.me/reviews/37281,口コミ,reviews
https://schoolwith.me/reviews/37282,口コミ,reviews
https://schoolwith.me/reviews/37283,口コミ,reviews
https://schoolwith.me/reviews/37284,口コミ,reviews
https://schoolwith.me/reviews/37285,口コミ,reviews
https://schoolwith.me/reviews/37286,口コミ,reviews
https://schoolwith.me/reviews/37287,口コミ,reviews
https://schoolwith.me/reviews/37288,口コミ,reviews
https://schoolwith.me/reviews/37289,口コミ,reviews
https://schoolwith.me/reviews/37292,口コミ,reviews
https://schoolwith.me/reviews/37293,口コミ,reviews
https://schoolwith.me/reviews/37294,口コミ,reviews
https://schoolwith.me/reviews/37295,口コミ,reviews
https://schoolwith.me/reviews/37296,口コミ,reviews
https://schoolwith.me/reviews/37297,口コミ,reviews
https://schoolwith.me/reviews/37307,口コミ,reviews
https://schoolwith.me/reviews/37308,口コミ,reviews
https://schoolwith.me/reviews/37309,口コミ,reviews
https://schoolwith.me/reviews/37310,口コミ,reviews
https://schoolwith.me/reviews/37311,口コミ,reviews
https://schoolwith.me/reviews/37312,口コミ,reviews
https://schoolwith.me/reviews/37314,口コミ,reviews
https://schoolwith.me/reviews/37315,口コミ,reviews
https://schoolwith.me/reviews/37318,口コミ,reviews
https://schoolwith.me/reviews/37319,口コミ,reviews
https://schoolwith.me/reviews/37320,口コミ,reviews
https://schoolwith.me/reviews/37324,口コミ,reviews
https://schoolwith.me/reviews/37325,口コミ,reviews
https://schoolwith.me/reviews/37327,口コミ,reviews
https://schoolwith.me/reviews/37328,口コミ,reviews
https://schoolwith.me/reviews/37329,口コミ,reviews
https://schoolwith.me/reviews/37330,口コミ,reviews
https://schoolwith.me/reviews/37334,口コミ,reviews
https://schoolwith.me/reviews/37335,口コミ,reviews
https://schoolwith.me/reviews/37337,口コミ,reviews
https://schoolwith.me/reviews/37338,口コミ,reviews
https://schoolwith.me/reviews/37340,口コミ,reviews
https://schoolwith.me/reviews/37341,口コミ,reviews
https://schoolwith.me/reviews/37342,口コミ,reviews
https://schoolwith.me/reviews/37343,口コミ,reviews
https://schoolwith.me/reviews/37344,口コミ,reviews
https://schoolwith.me/reviews/37346,口コミ,reviews
https://schoolwith.me/reviews/37349,口コミ,reviews
https://schoolwith.me/reviews/37352,口コミ,reviews
https://schoolwith.me/reviews/37354,口コミ,reviews
https://schoolwith.me/reviews/37358,口コミ,reviews
https://schoolwith.me/reviews/37359,口コミ,reviews
https://schoolwith.me/reviews/37360,口コミ,reviews
https://schoolwith.me/reviews/37361,口コミ,reviews
https://schoolwith.me/reviews/37363,口コミ,reviews
https://schoolwith.me/reviews/37366,口コミ,reviews
https://schoolwith.me/reviews/37368,口コミ,reviews
https://schoolwith.me/reviews/37371,口コミ,reviews
https://schoolwith.me/reviews/37373,口コミ,reviews
https://schoolwith.me/reviews/37376,口コミ,reviews
https://schoolwith.me/reviews/37377,口コミ,reviews
https://schoolwith.me/reviews/37380,口コミ,reviews
https://schoolwith.me/reviews/37383,口コミ,reviews
https://schoolwith.me/reviews/37384,口コミ,reviews
https://schoolwith.me/reviews/37386,口コミ,reviews
https://schoolwith.me/reviews/37387,口コミ,reviews
https://schoolwith.me/reviews/37388,口コミ,reviews
https://schoolwith.me/reviews/37389,口コミ,reviews
https://schoolwith.me/reviews/37390,口コミ,reviews
https://schoolwith.me/reviews/37391,口コミ,reviews
https://schoolwith.me/reviews/37392,口コミ,reviews
https://schoolwith.me/reviews/37394,口コミ,reviews
https://schoolwith.me/reviews/37396,口コミ,reviews
https://schoolwith.me/reviews/37397,口コミ,reviews
https://schoolwith.me/reviews/37401,口コミ,reviews
https://schoolwith.me/reviews/37405,口コミ,reviews
https://schoolwith.me/reviews/37406,口コミ,reviews
https://schoolwith.me/reviews/37408,口コミ,reviews
https://schoolwith.me/reviews/37409,口コミ,reviews
https://schoolwith.me/reviews/37410,口コミ,reviews
https://schoolwith.me/reviews/37411,口コミ,reviews
https://schoolwith.me/reviews/37412,口コミ,reviews
https://schoolwith.me/reviews/37414,口コミ,reviews
https://schoolwith.me/reviews/37418,口コミ,reviews
https://schoolwith.me/reviews/37420,口コミ,reviews
https://schoolwith.me/reviews/37423,口コミ,reviews
https://schoolwith.me/reviews/37425,口コミ,reviews
https://schoolwith.me/reviews/37427,口コミ,reviews
https://schoolwith.me/reviews/37428,口コミ,reviews
https://schoolwith.me/reviews/37430,口コミ,reviews
https://schoolwith.me/reviews/37431,口コミ,reviews
https://schoolwith.me/reviews/37433,口コミ,reviews
https://schoolwith.me/reviews/37434,口コミ,reviews
https://schoolwith.me/reviews/37435,口コミ,reviews
https://schoolwith.me/reviews/37436,口コミ,reviews
https://schoolwith.me/reviews/37437,口コミ,reviews
https://schoolwith.me/reviews/37438,口コミ,reviews
https://schoolwith.me/reviews/37439,口コミ,reviews
https://schoolwith.me/reviews/37441,口コミ,reviews
https://schoolwith.me/reviews/37443,口コミ,reviews
https://schoolwith.me/reviews/37446,口コミ,reviews
https://schoolwith.me/reviews/37447,口コミ,reviews
https://schoolwith.me/reviews/37448,口コミ,reviews
https://schoolwith.me/reviews/37451,口コミ,reviews
https://schoolwith.me/reviews/37453,口コミ,reviews
https://schoolwith.me/reviews/37454,口コミ,reviews
https://schoolwith.me/reviews/37456,口コミ,reviews
https://schoolwith.me/reviews/37458,口コミ,reviews
https://schoolwith.me/reviews/37459,口コミ,reviews
https://schoolwith.me/reviews/37460,口コミ,reviews
https://schoolwith.me/reviews/37461,口コミ,reviews
https://schoolwith.me/reviews/37463,口コミ,reviews
https://schoolwith.me/reviews/37465,口コミ,reviews
https://schoolwith.me/reviews/37467,口コミ,reviews
https://schoolwith.me/reviews/37469,口コミ,reviews
https://schoolwith.me/reviews/37470,口コミ,reviews
https://schoolwith.me/reviews/37471,口コミ,reviews
https://schoolwith.me/reviews/37475,口コミ,reviews
https://schoolwith.me/reviews/37476,口コミ,reviews
https://schoolwith.me/reviews/37479,口コミ,reviews
https://schoolwith.me/reviews/37482,口コミ,reviews
https://schoolwith.me/reviews/37483,口コミ,reviews
https://schoolwith.me/reviews/37484,口コミ,reviews
https://schoolwith.me/reviews/37486,口コミ,reviews
https://schoolwith.me/reviews/37487,口コミ,reviews
https://schoolwith.me/reviews/37488,口コミ,reviews
https://schoolwith.me/reviews/37489,口コミ,reviews
https://schoolwith.me/reviews/37490,口コミ,reviews
https://schoolwith.me/reviews/37491,口コミ,reviews
https://schoolwith.me/reviews/37492,口コミ,reviews
https://schoolwith.me/reviews/37493,口コミ,reviews
https://schoolwith.me/reviews/37494,口コミ,reviews
https://schoolwith.me/reviews/37496,口コミ,reviews
https://schoolwith.me/reviews/37499,口コミ,reviews
https://schoolwith.me/reviews/37500,口コミ,reviews
https://schoolwith.me/reviews/37501,口コミ,reviews
https://schoolwith.me/reviews/37508,口コミ,reviews
https://schoolwith.me/reviews/37509,口コミ,reviews
https://schoolwith.me/reviews/37510,口コミ,reviews
https://schoolwith.me/reviews/37512,口コミ,reviews
https://schoolwith.me/reviews/37514,口コミ,reviews
https://schoolwith.me/reviews/37516,口コミ,reviews
https://schoolwith.me/reviews/37517,口コミ,reviews
https://schoolwith.me/reviews/37520,口コミ,reviews
https://schoolwith.me/reviews/37521,口コミ,reviews
https://schoolwith.me/reviews/37523,口コミ,reviews
https://schoolwith.me/reviews/37525,口コミ,reviews
https://schoolwith.me/reviews/37528,口コミ,reviews
https://schoolwith.me/reviews/37529,口コミ,reviews
https://schoolwith.me/reviews/37532,口コミ,reviews
https://schoolwith.me/reviews/37534,口コミ,reviews
https://schoolwith.me/reviews/37535,口コミ,reviews
https://schoolwith.me/reviews/37537,口コミ,reviews
https://schoolwith.me/reviews/37539,口コミ,reviews
https://schoolwith.me/reviews/37542,口コミ,reviews
https://schoolwith.me/reviews/37543,口コミ,reviews
https://schoolwith.me/reviews/37549,口コミ,reviews
https://schoolwith.me/reviews/37550,口コミ,reviews
https://schoolwith.me/reviews/37551,口コミ,reviews
https://schoolwith.me/reviews/37552,口コミ,reviews
https://schoolwith.me/reviews/37553,口コミ,reviews
https://schoolwith.me/reviews/37555,口コミ,reviews
https://schoolwith.me/reviews/37557,口コミ,reviews
https://schoolwith.me/reviews/37558,口コミ,reviews
https://schoolwith.me/reviews/37563,口コミ,reviews
https://schoolwith.me/reviews/37567,口コミ,reviews
https://schoolwith.me/reviews/37568,口コミ,reviews
https://schoolwith.me/reviews/37569,口コミ,reviews
https://schoolwith.me/reviews/37570,口コミ,reviews
https://schoolwith.me/reviews/37571,口コミ,reviews
https://schoolwith.me/reviews/37572,口コミ,reviews
https://schoolwith.me/reviews/37573,口コミ,reviews
https://schoolwith.me/reviews/37574,口コミ,reviews
https://schoolwith.me/reviews/37575,口コミ,reviews
https://schoolwith.me/reviews/37576,口コミ,reviews
https://schoolwith.me/reviews/37577,口コミ,reviews
https://schoolwith.me/reviews/37578,口コミ,reviews
https://schoolwith.me/reviews/37579,口コミ,reviews
https://schoolwith.me/reviews/37580,口コミ,reviews
https://schoolwith.me/reviews/37581,口コミ,reviews
https://schoolwith.me/reviews/37582,口コミ,reviews
https://schoolwith.me/reviews/37583,口コミ,reviews
https://schoolwith.me/reviews/37586,口コミ,reviews
https://schoolwith.me/reviews/37589,口コミ,reviews
https://schoolwith.me/reviews/37590,口コミ,reviews
https://schoolwith.me/reviews/37592,口コミ,reviews
https://schoolwith.me/reviews/37593,口コミ,reviews
https://schoolwith.me/reviews/37594,口コミ,reviews
https://schoolwith.me/reviews/37595,口コミ,reviews
https://schoolwith.me/reviews/37598,口コミ,reviews
https://schoolwith.me/reviews/37599,口コミ,reviews
https://schoolwith.me/reviews/37602,口コミ,reviews
https://schoolwith.me/reviews/37603,口コミ,reviews
https://schoolwith.me/reviews/37604,口コミ,reviews
https://schoolwith.me/reviews/37605,口コミ,reviews
https://schoolwith.me/reviews/37608,口コミ,reviews
https://schoolwith.me/reviews/37611,口コミ,reviews
https://schoolwith.me/reviews/37614,口コミ,reviews
https://schoolwith.me/reviews/37615,口コミ,reviews
https://schoolwith.me/reviews/37616,口コミ,reviews
https://schoolwith.me/reviews/37618,口コミ,reviews
https://schoolwith.me/reviews/37620,口コミ,reviews
https://schoolwith.me/reviews/37621,口コミ,reviews
https://schoolwith.me/reviews/37622,口コミ,reviews
https://schoolwith.me/reviews/37624,口コミ,reviews
https://schoolwith.me/reviews/37625,口コミ,reviews
https://schoolwith.me/reviews/37626,口コミ,reviews
https://schoolwith.me/reviews/37627,口コミ,reviews
https://schoolwith.me/reviews/37629,口コミ,reviews
https://schoolwith.me/reviews/37632,口コミ,reviews
https://schoolwith.me/reviews/37633,口コミ,reviews
https://schoolwith.me/reviews/37634,口コミ,reviews
https://schoolwith.me/reviews/37636,口コミ,reviews
https://schoolwith.me/reviews/37637,口コミ,reviews
https://schoolwith.me/reviews/37639,口コミ,reviews
https://schoolwith.me/reviews/37640,口コミ,reviews
https://schoolwith.me/reviews/37643,口コミ,reviews
https://schoolwith.me/reviews/37644,口コミ,reviews
https://schoolwith.me/reviews/37646,口コミ,reviews
https://schoolwith.me/reviews/37647,口コミ,reviews
https://schoolwith.me/reviews/37648,口コミ,reviews
https://schoolwith.me/reviews/37651,口コミ,reviews
https://schoolwith.me/reviews/37652,口コミ,reviews
https://schoolwith.me/reviews/37653,口コミ,reviews
https://schoolwith.me/reviews/37654,口コミ,reviews
https://schoolwith.me/reviews/37655,口コミ,reviews
https://schoolwith.me/reviews/37657,口コミ,reviews
https://schoolwith.me/reviews/37658,口コミ,reviews
https://schoolwith.me/reviews/37660,口コミ,reviews
https://schoolwith.me/reviews/37661,口コミ,reviews
https://schoolwith.me/reviews/37662,口コミ,reviews
https://schoolwith.me/reviews/37664,口コミ,reviews
https://schoolwith.me/reviews/37666,口コミ,reviews
https://schoolwith.me/reviews/37667,口コミ,reviews
https://schoolwith.me/reviews/37671,口コミ,reviews
https://schoolwith.me/reviews/37672,口コミ,reviews
https://schoolwith.me/reviews/37674,口コミ,reviews
https://schoolwith.me/reviews/37676,口コミ,reviews
https://schoolwith.me/reviews/37677,口コミ,reviews
https://schoolwith.me/reviews/37678,口コミ,reviews
https://schoolwith.me/reviews/37679,口コミ,reviews
https://schoolwith.me/reviews/37680,口コミ,reviews
https://schoolwith.me/reviews/37682,口コミ,reviews
https://schoolwith.me/reviews/37683,口コミ,reviews
https://schoolwith.me/reviews/37686,口コミ,reviews
https://schoolwith.me/reviews/37687,口コミ,reviews
https://schoolwith.me/reviews/37688,口コミ,reviews
https://schoolwith.me/reviews/37689,口コミ,reviews
https://schoolwith.me/reviews/37690,口コミ,reviews
https://schoolwith.me/reviews/37691,口コミ,reviews
https://schoolwith.me/reviews/37696,口コミ,reviews
https://schoolwith.me/reviews/37697,口コミ,reviews
https://schoolwith.me/reviews/37698,口コミ,reviews
https://schoolwith.me/reviews/37699,口コミ,reviews
https://schoolwith.me/reviews/37701,口コミ,reviews
https://schoolwith.me/reviews/37704,口コミ,reviews
https://schoolwith.me/reviews/37705,口コミ,reviews
https://schoolwith.me/reviews/37708,口コミ,reviews
https://schoolwith.me/reviews/37711,口コミ,reviews
https://schoolwith.me/reviews/37712,口コミ,reviews
https://schoolwith.me/reviews/37713,口コミ,reviews
https://schoolwith.me/reviews/37719,口コミ,reviews
https://schoolwith.me/reviews/37720,口コミ,reviews
https://schoolwith.me/reviews/37722,口コミ,reviews
https://schoolwith.me/reviews/37723,口コミ,reviews
https://schoolwith.me/reviews/37725,口コミ,reviews
https://schoolwith.me/reviews/37726,口コミ,reviews
https://schoolwith.me/reviews/37727,口コミ,reviews
https://schoolwith.me/reviews/37728,口コミ,reviews
https://schoolwith.me/reviews/37729,口コミ,reviews
https://schoolwith.me/reviews/37731,口コミ,reviews
https://schoolwith.me/reviews/37732,口コミ,reviews
https://schoolwith.me/reviews/37733,口コミ,reviews
https://schoolwith.me/reviews/37734,口コミ,reviews
https://schoolwith.me/reviews/37735,口コミ,reviews
https://schoolwith.me/reviews/37737,口コミ,reviews
https://schoolwith.me/reviews/37739,口コミ,reviews
https://schoolwith.me/reviews/37740,口コミ,reviews
https://schoolwith.me/reviews/37741,口コミ,reviews
https://schoolwith.me/reviews/37742,口コミ,reviews
https://schoolwith.me/reviews/37743,口コミ,reviews
https://schoolwith.me/reviews/37748,口コミ,reviews
https://schoolwith.me/reviews/37750,口コミ,reviews
https://schoolwith.me/reviews/37751,口コミ,reviews
https://schoolwith.me/reviews/37752,口コミ,reviews
https://schoolwith.me/reviews/37753,口コミ,reviews
https://schoolwith.me/reviews/37754,口コミ,reviews
https://schoolwith.me/reviews/37755,口コミ,reviews
https://schoolwith.me/reviews/37756,口コミ,reviews
https://schoolwith.me/reviews/37757,口コミ,reviews
https://schoolwith.me/reviews/37759,口コミ,reviews
https://schoolwith.me/reviews/37760,口コミ,reviews
https://schoolwith.me/reviews/37761,口コミ,reviews
https://schoolwith.me/reviews/37764,口コミ,reviews
https://schoolwith.me/reviews/37765,口コミ,reviews
https://schoolwith.me/reviews/37766,口コミ,reviews
https://schoolwith.me/reviews/37767,口コミ,reviews
https://schoolwith.me/reviews/37768,口コミ,reviews
https://schoolwith.me/reviews/37769,口コミ,reviews
https://schoolwith.me/reviews/37772,口コミ,reviews
https://schoolwith.me/reviews/37773,口コミ,reviews
https://schoolwith.me/reviews/37779,口コミ,reviews
https://schoolwith.me/reviews/37780,口コミ,reviews
https://schoolwith.me/reviews/37781,口コミ,reviews
https://schoolwith.me/reviews/37783,口コミ,reviews
https://schoolwith.me/reviews/37785,口コミ,reviews
https://schoolwith.me/reviews/37786,口コミ,reviews
https://schoolwith.me/reviews/37789,口コミ,reviews
https://schoolwith.me/reviews/37791,口コミ,reviews
https://schoolwith.me/reviews/37792,口コミ,reviews
https://schoolwith.me/reviews/37793,口コミ,reviews
https://schoolwith.me/reviews/37794,口コミ,reviews
https://schoolwith.me/reviews/37795,口コミ,reviews
https://schoolwith.me/reviews/37796,口コミ,reviews
https://schoolwith.me/reviews/37798,口コミ,reviews
https://schoolwith.me/reviews/37803,口コミ,reviews
https://schoolwith.me/reviews/37804,口コミ,reviews
https://schoolwith.me/reviews/37805,口コミ,reviews
https://schoolwith.me/reviews/37807,口コミ,reviews
https://schoolwith.me/reviews/37808,口コミ,reviews
https://schoolwith.me/reviews/37809,口コミ,reviews
https://schoolwith.me/reviews/37811,口コミ,reviews
https://schoolwith.me/reviews/37813,口コミ,reviews
https://schoolwith.me/reviews/37817,口コミ,reviews
https://schoolwith.me/reviews/37819,口コミ,reviews
https://schoolwith.me/reviews/37821,口コミ,reviews
https://schoolwith.me/reviews/37825,口コミ,reviews
https://schoolwith.me/reviews/37827,口コミ,reviews
https://schoolwith.me/reviews/37828,口コミ,reviews
https://schoolwith.me/reviews/37829,口コミ,reviews
https://schoolwith.me/reviews/37831,口コミ,reviews
https://schoolwith.me/reviews/37832,口コミ,reviews
https://schoolwith.me/reviews/37833,口コミ,reviews
https://schoolwith.me/reviews/37835,口コミ,reviews
https://schoolwith.me/reviews/37837,口コミ,reviews
https://schoolwith.me/reviews/37838,口コミ,reviews
https://schoolwith.me/reviews/37840,口コミ,reviews
https://schoolwith.me/reviews/37843,口コミ,reviews
https://schoolwith.me/reviews/37845,口コミ,reviews
https://schoolwith.me/reviews/37846,口コミ,reviews
https://schoolwith.me/reviews/37847,口コミ,reviews
https://schoolwith.me/reviews/37848,口コミ,reviews
https://schoolwith.me/reviews/37849,口コミ,reviews
https://schoolwith.me/reviews/37850,口コミ,reviews
https://schoolwith.me/reviews/37854,口コミ,reviews
https://schoolwith.me/reviews/37856,口コミ,reviews
https://schoolwith.me/reviews/37857,口コミ,reviews
https://schoolwith.me/reviews/37858,口コミ,reviews
https://schoolwith.me/reviews/37859,口コミ,reviews
https://schoolwith.me/reviews/37862,口コミ,reviews
https://schoolwith.me/reviews/37865,口コミ,reviews
https://schoolwith.me/reviews/37867,口コミ,reviews
https://schoolwith.me/reviews/37868,口コミ,reviews
https://schoolwith.me/reviews/37874,口コミ,reviews
https://schoolwith.me/reviews/37876,口コミ,reviews
https://schoolwith.me/reviews/37877,口コミ,reviews
https://schoolwith.me/reviews/37880,口コミ,reviews
https://schoolwith.me/reviews/37882,口コミ,reviews
https://schoolwith.me/reviews/37884,口コミ,reviews
https://schoolwith.me/reviews/37886,口コミ,reviews
https://schoolwith.me/reviews/37889,口コミ,reviews
https://schoolwith.me/reviews/37890,口コミ,reviews
https://schoolwith.me/reviews/37891,口コミ,reviews
https://schoolwith.me/reviews/37892,口コミ,reviews
https://schoolwith.me/reviews/37894,口コミ,reviews
https://schoolwith.me/reviews/37895,口コミ,reviews
https://schoolwith.me/reviews/37896,口コミ,reviews
https://schoolwith.me/reviews/37899,口コミ,reviews
https://schoolwith.me/reviews/37901,口コミ,reviews
https://schoolwith.me/reviews/37902,口コミ,reviews
https://schoolwith.me/reviews/37903,口コミ,reviews
https://schoolwith.me/reviews/37904,口コミ,reviews
https://schoolwith.me/reviews/37905,口コミ,reviews
https://schoolwith.me/reviews/37906,口コミ,reviews
https://schoolwith.me/reviews/37908,口コミ,reviews
https://schoolwith.me/reviews/37909,口コミ,reviews
https://schoolwith.me/reviews/37910,口コミ,reviews
https://schoolwith.me/reviews/37911,口コミ,reviews
https://schoolwith.me/reviews/37914,口コミ,reviews
https://schoolwith.me/reviews/37915,口コミ,reviews
https://schoolwith.me/reviews/37917,口コミ,reviews
https://schoolwith.me/reviews/37923,口コミ,reviews
https://schoolwith.me/reviews/37924,口コミ,reviews
https://schoolwith.me/reviews/37927,口コミ,reviews
https://schoolwith.me/reviews/37930,口コミ,reviews
https://schoolwith.me/reviews/37931,口コミ,reviews
https://schoolwith.me/reviews/37932,口コミ,reviews
https://schoolwith.me/reviews/37934,口コミ,reviews
https://schoolwith.me/reviews/37935,口コミ,reviews
https://schoolwith.me/reviews/37936,口コミ,reviews
https://schoolwith.me/reviews/37937,口コミ,reviews
https://schoolwith.me/reviews/37939,口コミ,reviews
https://schoolwith.me/reviews/37940,口コミ,reviews
https://schoolwith.me/reviews/37941,口コミ,reviews
https://schoolwith.me/reviews/37942,口コミ,reviews
https://schoolwith.me/reviews/37943,口コミ,reviews
https://schoolwith.me/reviews/37944,口コミ,reviews
https://schoolwith.me/reviews/37951,口コミ,reviews
https://schoolwith.me/reviews/37952,口コミ,reviews
https://schoolwith.me/reviews/37955,口コミ,reviews
https://schoolwith.me/reviews/37956,口コミ,reviews
https://schoolwith.me/reviews/37957,口コミ,reviews
https://schoolwith.me/reviews/37958,口コミ,reviews
https://schoolwith.me/reviews/37959,口コミ,reviews
https://schoolwith.me/reviews/37960,口コミ,reviews
https://schoolwith.me/reviews/37961,口コミ,reviews
https://schoolwith.me/reviews/37963,口コミ,reviews
https://schoolwith.me/reviews/37964,口コミ,reviews
https://schoolwith.me/reviews/37965,口コミ,reviews
https://schoolwith.me/reviews/37966,口コミ,reviews
https://schoolwith.me/reviews/37967,口コミ,reviews
https://schoolwith.me/reviews/37968,口コミ,reviews
https://schoolwith.me/reviews/37969,口コミ,reviews
https://schoolwith.me/reviews/37970,口コミ,reviews
https://schoolwith.me/reviews/37972,口コミ,reviews
https://schoolwith.me/reviews/37974,口コミ,reviews
https://schoolwith.me/reviews/37976,口コミ,reviews
https://schoolwith.me/reviews/37977,口コミ,reviews
https://schoolwith.me/reviews/37978,口コミ,reviews
https://schoolwith.me/reviews/37979,口コミ,reviews
https://schoolwith.me/reviews/37980,口コミ,reviews
https://schoolwith.me/reviews/37981,口コミ,reviews
https://schoolwith.me/reviews/37982,口コミ,reviews
https://schoolwith.me/reviews/37983,口コミ,reviews
https://schoolwith.me/reviews/37984,口コミ,reviews
https://schoolwith.me/reviews/37985,口コミ,reviews
https://schoolwith.me/reviews/37986,口コミ,reviews
https://schoolwith.me/reviews/37987,口コミ,reviews
https://schoolwith.me/reviews/37988,口コミ,reviews
https://schoolwith.me/reviews/37989,口コミ,reviews
https://schoolwith.me/reviews/37990,口コミ,reviews
https://schoolwith.me/reviews/37991,口コミ,reviews
https://schoolwith.me/reviews/37993,口コミ,reviews
https://schoolwith.me/reviews/37994,口コミ,reviews
https://schoolwith.me/reviews/37995,口コミ,reviews
https://schoolwith.me/reviews/37997,口コミ,reviews
https://schoolwith.me/reviews/37998,口コミ,reviews
https://schoolwith.me/reviews/37999,口コミ,reviews
https://schoolwith.me/reviews/38000,口コミ,reviews
https://schoolwith.me/reviews/38003,口コミ,reviews
https://schoolwith.me/reviews/38004,口コミ,reviews
https://schoolwith.me/reviews/38005,口コミ,reviews
https://schoolwith.me/reviews/38006,口コミ,reviews
https://schoolwith.me/reviews/38007,口コミ,reviews
https://schoolwith.me/reviews/38008,口コミ,reviews
https://schoolwith.me/reviews/38011,口コミ,reviews
https://schoolwith.me/reviews/38012,口コミ,reviews
https://schoolwith.me/reviews/38014,口コミ,reviews
https://schoolwith.me/reviews/38015,口コミ,reviews
https://schoolwith.me/reviews/38016,口コミ,reviews
https://schoolwith.me/reviews/38017,口コミ,reviews
https://schoolwith.me/reviews/38018,口コミ,reviews
https://schoolwith.me/reviews/38023,口コミ,reviews
https://schoolwith.me/reviews/38025,口コミ,reviews
https://schoolwith.me/reviews/38030,口コミ,reviews
https://schoolwith.me/reviews/38031,口コミ,reviews
https://schoolwith.me/reviews/38034,口コミ,reviews
https://schoolwith.me/reviews/38035,口コミ,reviews
https://schoolwith.me/reviews/38036,口コミ,reviews
https://schoolwith.me/reviews/38037,口コミ,reviews
https://schoolwith.me/reviews/38041,口コミ,reviews
https://schoolwith.me/reviews/38043,口コミ,reviews
https://schoolwith.me/reviews/38044,口コミ,reviews
https://schoolwith.me/reviews/38046,口コミ,reviews
https://schoolwith.me/reviews/38047,口コミ,reviews
https://schoolwith.me/reviews/38048,口コミ,reviews
https://schoolwith.me/reviews/38049,口コミ,reviews
https://schoolwith.me/reviews/38056,口コミ,reviews
https://schoolwith.me/reviews/38057,口コミ,reviews
https://schoolwith.me/reviews/38058,口コミ,reviews
https://schoolwith.me/reviews/38059,口コミ,reviews
https://schoolwith.me/reviews/38060,口コミ,reviews
https://schoolwith.me/reviews/38061,口コミ,reviews
https://schoolwith.me/reviews/38062,口コミ,reviews
https://schoolwith.me/reviews/38063,口コミ,reviews
https://schoolwith.me/reviews/38066,口コミ,reviews
https://schoolwith.me/reviews/38067,口コミ,reviews
https://schoolwith.me/reviews/38068,口コミ,reviews
https://schoolwith.me/reviews/38069,口コミ,reviews
https://schoolwith.me/reviews/38072,口コミ,reviews
https://schoolwith.me/reviews/38073,口コミ,reviews
https://schoolwith.me/reviews/38074,口コミ,reviews
https://schoolwith.me/reviews/38075,口コミ,reviews
https://schoolwith.me/reviews/38077,口コミ,reviews
https://schoolwith.me/reviews/38078,口コミ,reviews
https://schoolwith.me/reviews/38079,口コミ,reviews
https://schoolwith.me/reviews/38080,口コミ,reviews
https://schoolwith.me/reviews/38081,口コミ,reviews
https://schoolwith.me/reviews/38083,口コミ,reviews
https://schoolwith.me/reviews/38084,口コミ,reviews
https://schoolwith.me/reviews/38085,口コミ,reviews
https://schoolwith.me/reviews/38089,口コミ,reviews
https://schoolwith.me/reviews/38090,口コミ,reviews
https://schoolwith.me/reviews/38091,口コミ,reviews
https://schoolwith.me/reviews/38092,口コミ,reviews
https://schoolwith.me/reviews/38094,口コミ,reviews
https://schoolwith.me/reviews/38095,口コミ,reviews
https://schoolwith.me/reviews/38096,口コミ,reviews
https://schoolwith.me/reviews/38097,口コミ,reviews
https://schoolwith.me/reviews/38098,口コミ,reviews
https://schoolwith.me/reviews/38099,口コミ,reviews
https://schoolwith.me/reviews/38101,口コミ,reviews
https://schoolwith.me/reviews/38105,口コミ,reviews
https://schoolwith.me/reviews/38110,口コミ,reviews
https://schoolwith.me/reviews/38111,口コミ,reviews
https://schoolwith.me/reviews/38112,口コミ,reviews
https://schoolwith.me/reviews/38113,口コミ,reviews
https://schoolwith.me/reviews/38114,口コミ,reviews
https://schoolwith.me/reviews/38115,口コミ,reviews
https://schoolwith.me/reviews/38117,口コミ,reviews
https://schoolwith.me/reviews/38119,口コミ,reviews
https://schoolwith.me/reviews/38120,口コミ,reviews
https://schoolwith.me/reviews/38121,口コミ,reviews
https://schoolwith.me/reviews/38125,口コミ,reviews
https://schoolwith.me/reviews/38128,口コミ,reviews
https://schoolwith.me/reviews/38129,口コミ,reviews
https://schoolwith.me/reviews/38130,口コミ,reviews
https://schoolwith.me/reviews/38131,口コミ,reviews
https://schoolwith.me/reviews/38133,口コミ,reviews
https://schoolwith.me/reviews/38135,口コミ,reviews
https://schoolwith.me/reviews/38136,口コミ,reviews
https://schoolwith.me/reviews/38137,口コミ,reviews
https://schoolwith.me/reviews/38138,口コミ,reviews
https://schoolwith.me/reviews/38139,口コミ,reviews
https://schoolwith.me/reviews/38140,口コミ,reviews
https://schoolwith.me/reviews/38141,口コミ,reviews
https://schoolwith.me/reviews/38146,口コミ,reviews
https://schoolwith.me/reviews/38147,口コミ,reviews
https://schoolwith.me/reviews/38148,口コミ,reviews
https://schoolwith.me/reviews/38150,口コミ,reviews
https://schoolwith.me/reviews/38153,口コミ,reviews
https://schoolwith.me/reviews/38154,口コミ,reviews
https://schoolwith.me/reviews/38155,口コミ,reviews
https://schoolwith.me/reviews/38157,口コミ,reviews
https://schoolwith.me/reviews/38158,口コミ,reviews
https://schoolwith.me/reviews/38159,口コミ,reviews
https://schoolwith.me/reviews/38160,口コミ,reviews
https://schoolwith.me/reviews/38161,口コミ,reviews
https://schoolwith.me/reviews/38163,口コミ,reviews
https://schoolwith.me/reviews/38165,口コミ,reviews
https://schoolwith.me/reviews/38166,口コミ,reviews
https://schoolwith.me/reviews/38168,口コミ,reviews
https://schoolwith.me/reviews/38169,口コミ,reviews
https://schoolwith.me/reviews/38170,口コミ,reviews
https://schoolwith.me/reviews/38172,口コミ,reviews
https://schoolwith.me/reviews/38173,口コミ,reviews
https://schoolwith.me/reviews/38175,口コミ,reviews
https://schoolwith.me/reviews/38181,口コミ,reviews
https://schoolwith.me/reviews/38182,口コミ,reviews
https://schoolwith.me/reviews/38183,口コミ,reviews
https://schoolwith.me/reviews/38184,口コミ,reviews
https://schoolwith.me/reviews/38187,口コミ,reviews
https://schoolwith.me/reviews/38188,口コミ,reviews
https://schoolwith.me/reviews/38189,口コミ,reviews
https://schoolwith.me/reviews/38190,口コミ,reviews
https://schoolwith.me/reviews/38198,口コミ,reviews
https://schoolwith.me/reviews/38199,口コミ,reviews
https://schoolwith.me/reviews/38200,口コミ,reviews
https://schoolwith.me/reviews/38203,口コミ,reviews
https://schoolwith.me/reviews/38204,口コミ,reviews
https://schoolwith.me/reviews/38205,口コミ,reviews
https://schoolwith.me/reviews/38207,口コミ,reviews
https://schoolwith.me/reviews/38208,口コミ,reviews
https://schoolwith.me/reviews/38212,口コミ,reviews
https://schoolwith.me/reviews/38213,口コミ,reviews
https://schoolwith.me/reviews/38214,口コミ,reviews
https://schoolwith.me/reviews/38215,口コミ,reviews
https://schoolwith.me/reviews/38216,口コミ,reviews
https://schoolwith.me/reviews/38218,口コミ,reviews
https://schoolwith.me/reviews/38219,口コミ,reviews
https://schoolwith.me/reviews/38220,口コミ,reviews
https://schoolwith.me/reviews/38223,口コミ,reviews
https://schoolwith.me/reviews/38224,口コミ,reviews
https://schoolwith.me/reviews/38226,口コミ,reviews
https://schoolwith.me/reviews/38227,口コミ,reviews
https://schoolwith.me/reviews/38228,口コミ,reviews
https://schoolwith.me/reviews/38229,口コミ,reviews
https://schoolwith.me/reviews/38230,口コミ,reviews
https://schoolwith.me/reviews/38231,口コミ,reviews
https://schoolwith.me/reviews/38232,口コミ,reviews
https://schoolwith.me/reviews/38233,口コミ,reviews
https://schoolwith.me/reviews/38234,口コミ,reviews
https://schoolwith.me/reviews/38235,口コミ,reviews
https://schoolwith.me/reviews/38236,口コミ,reviews
https://schoolwith.me/reviews/38239,口コミ,reviews
https://schoolwith.me/reviews/38241,口コミ,reviews
https://schoolwith.me/reviews/38242,口コミ,reviews
https://schoolwith.me/reviews/38244,口コミ,reviews
https://schoolwith.me/reviews/38246,口コミ,reviews
https://schoolwith.me/reviews/38247,口コミ,reviews
https://schoolwith.me/reviews/38249,口コミ,reviews
https://schoolwith.me/reviews/38250,口コミ,reviews
https://schoolwith.me/reviews/38251,口コミ,reviews
https://schoolwith.me/reviews/38252,口コミ,reviews
https://schoolwith.me/reviews/38253,口コミ,reviews
https://schoolwith.me/reviews/38254,口コミ,reviews
https://schoolwith.me/reviews/38255,口コミ,reviews
https://schoolwith.me/reviews/38256,口コミ,reviews
https://schoolwith.me/reviews/38257,口コミ,reviews
https://schoolwith.me/reviews/38258,口コミ,reviews
https://schoolwith.me/reviews/38259,口コミ,reviews
https://schoolwith.me/reviews/38260,口コミ,reviews
https://schoolwith.me/reviews/38262,口コミ,reviews
https://schoolwith.me/reviews/38264,口コミ,reviews
https://schoolwith.me/reviews/38265,口コミ,reviews
https://schoolwith.me/reviews/38266,口コミ,reviews
https://schoolwith.me/reviews/38267,口コミ,reviews
https://schoolwith.me/reviews/38270,口コミ,reviews
https://schoolwith.me/reviews/38271,口コミ,reviews
https://schoolwith.me/reviews/38273,口コミ,reviews
https://schoolwith.me/reviews/38279,口コミ,reviews
https://schoolwith.me/reviews/38281,口コミ,reviews
https://schoolwith.me/reviews/38282,口コミ,reviews
https://schoolwith.me/reviews/38284,口コミ,reviews
https://schoolwith.me/reviews/38285,口コミ,reviews
https://schoolwith.me/reviews/38286,口コミ,reviews
https://schoolwith.me/reviews/38287,口コミ,reviews
https://schoolwith.me/reviews/38291,口コミ,reviews
https://schoolwith.me/reviews/38293,口コミ,reviews
https://schoolwith.me/reviews/38294,口コミ,reviews
https://schoolwith.me/reviews/38295,口コミ,reviews
https://schoolwith.me/reviews/38296,口コミ,reviews
https://schoolwith.me/reviews/38298,口コミ,reviews
https://schoolwith.me/reviews/38300,口コミ,reviews
https://schoolwith.me/reviews/38301,口コミ,reviews
https://schoolwith.me/reviews/38302,口コミ,reviews
https://schoolwith.me/reviews/38304,口コミ,reviews
https://schoolwith.me/reviews/38308,口コミ,reviews
https://schoolwith.me/reviews/38309,口コミ,reviews
https://schoolwith.me/reviews/38311,口コミ,reviews
https://schoolwith.me/reviews/38314,口コミ,reviews
https://schoolwith.me/reviews/38316,口コミ,reviews
https://schoolwith.me/reviews/38317,口コミ,reviews
https://schoolwith.me/reviews/38319,口コミ,reviews
https://schoolwith.me/reviews/38321,口コミ,reviews
https://schoolwith.me/reviews/38322,口コミ,reviews
https://schoolwith.me/reviews/38330,口コミ,reviews
https://schoolwith.me/reviews/38331,口コミ,reviews
https://schoolwith.me/reviews/38332,口コミ,reviews
https://schoolwith.me/reviews/38333,口コミ,reviews
https://schoolwith.me/reviews/38335,口コミ,reviews
https://schoolwith.me/reviews/38336,口コミ,reviews
https://schoolwith.me/reviews/38339,口コミ,reviews
https://schoolwith.me/reviews/38341,口コミ,reviews
https://schoolwith.me/reviews/38344,口コミ,reviews
https://schoolwith.me/reviews/38345,口コミ,reviews
https://schoolwith.me/reviews/38348,口コミ,reviews
https://schoolwith.me/reviews/38349,口コミ,reviews
https://schoolwith.me/reviews/38352,口コミ,reviews
https://schoolwith.me/reviews/38353,口コミ,reviews
https://schoolwith.me/reviews/38355,口コミ,reviews
https://schoolwith.me/reviews/38359,口コミ,reviews
https://schoolwith.me/reviews/38360,口コミ,reviews
https://schoolwith.me/reviews/38361,口コミ,reviews
https://schoolwith.me/reviews/38363,口コミ,reviews
https://schoolwith.me/reviews/38366,口コミ,reviews
https://schoolwith.me/reviews/38370,口コミ,reviews
https://schoolwith.me/reviews/38371,口コミ,reviews
https://schoolwith.me/reviews/38373,口コミ,reviews
https://schoolwith.me/reviews/38374,口コミ,reviews
https://schoolwith.me/reviews/38376,口コミ,reviews
https://schoolwith.me/reviews/38378,口コミ,reviews
https://schoolwith.me/reviews/38380,口コミ,reviews
https://schoolwith.me/reviews/38381,口コミ,reviews
https://schoolwith.me/reviews/38382,口コミ,reviews
https://schoolwith.me/reviews/38383,口コミ,reviews
https://schoolwith.me/reviews/38387,口コミ,reviews
https://schoolwith.me/reviews/38388,口コミ,reviews
https://schoolwith.me/reviews/38390,口コミ,reviews
https://schoolwith.me/reviews/38391,口コミ,reviews
https://schoolwith.me/reviews/38392,口コミ,reviews
https://schoolwith.me/reviews/38396,口コミ,reviews
https://schoolwith.me/reviews/38399,口コミ,reviews
https://schoolwith.me/reviews/38400,口コミ,reviews
https://schoolwith.me/reviews/38401,口コミ,reviews
https://schoolwith.me/reviews/38403,口コミ,reviews
https://schoolwith.me/reviews/38406,口コミ,reviews
https://schoolwith.me/reviews/38408,口コミ,reviews
https://schoolwith.me/reviews/38409,口コミ,reviews
https://schoolwith.me/reviews/38410,口コミ,reviews
https://schoolwith.me/reviews/38411,口コミ,reviews
https://schoolwith.me/reviews/38413,口コミ,reviews
https://schoolwith.me/reviews/38414,口コミ,reviews
https://schoolwith.me/reviews/38415,口コミ,reviews
https://schoolwith.me/reviews/38416,口コミ,reviews
https://schoolwith.me/reviews/38417,口コミ,reviews
https://schoolwith.me/reviews/38419,口コミ,reviews
https://schoolwith.me/reviews/38420,口コミ,reviews
https://schoolwith.me/reviews/38428,口コミ,reviews
https://schoolwith.me/reviews/38429,口コミ,reviews
https://schoolwith.me/reviews/38430,口コミ,reviews
https://schoolwith.me/reviews/38432,口コミ,reviews
https://schoolwith.me/reviews/38434,口コミ,reviews
https://schoolwith.me/reviews/38436,口コミ,reviews
https://schoolwith.me/reviews/38438,口コミ,reviews
https://schoolwith.me/reviews/38440,口コミ,reviews
https://schoolwith.me/reviews/38441,口コミ,reviews
https://schoolwith.me/reviews/38442,口コミ,reviews
https://schoolwith.me/reviews/38443,口コミ,reviews
https://schoolwith.me/reviews/38446,口コミ,reviews
https://schoolwith.me/reviews/38447,口コミ,reviews
https://schoolwith.me/reviews/38449,口コミ,reviews
https://schoolwith.me/reviews/38451,口コミ,reviews
https://schoolwith.me/reviews/38452,口コミ,reviews
https://schoolwith.me/reviews/38454,口コミ,reviews
https://schoolwith.me/reviews/38456,口コミ,reviews
https://schoolwith.me/reviews/38459,口コミ,reviews
https://schoolwith.me/reviews/38463,口コミ,reviews
https://schoolwith.me/reviews/38465,口コミ,reviews
https://schoolwith.me/reviews/38466,口コミ,reviews
https://schoolwith.me/reviews/38467,口コミ,reviews
https://schoolwith.me/reviews/38469,口コミ,reviews
https://schoolwith.me/reviews/38470,口コミ,reviews
https://schoolwith.me/reviews/38474,口コミ,reviews
https://schoolwith.me/reviews/38475,口コミ,reviews
https://schoolwith.me/reviews/38478,口コミ,reviews
https://schoolwith.me/reviews/38479,口コミ,reviews
https://schoolwith.me/reviews/38480,口コミ,reviews
https://schoolwith.me/reviews/38481,口コミ,reviews
https://schoolwith.me/reviews/38482,口コミ,reviews
https://schoolwith.me/reviews/38483,口コミ,reviews
https://schoolwith.me/reviews/38487,口コミ,reviews
https://schoolwith.me/reviews/38490,口コミ,reviews
https://schoolwith.me/reviews/38492,口コミ,reviews
https://schoolwith.me/reviews/38494,口コミ,reviews
https://schoolwith.me/reviews/38496,口コミ,reviews
https://schoolwith.me/reviews/38498,口コミ,reviews
https://schoolwith.me/reviews/38504,口コミ,reviews
https://schoolwith.me/reviews/38505,口コミ,reviews
https://schoolwith.me/reviews/38512,口コミ,reviews
https://schoolwith.me/reviews/38515,口コミ,reviews
https://schoolwith.me/reviews/38518,口コミ,reviews
https://schoolwith.me/reviews/38519,口コミ,reviews
https://schoolwith.me/reviews/38521,口コミ,reviews
https://schoolwith.me/reviews/38522,口コミ,reviews
https://schoolwith.me/reviews/38524,口コミ,reviews
https://schoolwith.me/reviews/38534,口コミ,reviews
https://schoolwith.me/reviews/38536,口コミ,reviews
https://schoolwith.me/reviews/38538,口コミ,reviews
https://schoolwith.me/reviews/38543,口コミ,reviews
https://schoolwith.me/reviews/38544,口コミ,reviews
https://schoolwith.me/reviews/38545,口コミ,reviews
https://schoolwith.me/reviews/38546,口コミ,reviews
https://schoolwith.me/reviews/38547,口コミ,reviews
https://schoolwith.me/reviews/38548,口コミ,reviews
https://schoolwith.me/reviews/38549,口コミ,reviews
https://schoolwith.me/reviews/38550,口コミ,reviews
https://schoolwith.me/reviews/38554,口コミ,reviews
https://schoolwith.me/reviews/38555,口コミ,reviews
https://schoolwith.me/reviews/38556,口コミ,reviews
https://schoolwith.me/reviews/38557,口コミ,reviews
https://schoolwith.me/reviews/38559,口コミ,reviews
https://schoolwith.me/reviews/38560,口コミ,reviews
https://schoolwith.me/reviews/38561,口コミ,reviews
https://schoolwith.me/reviews/38563,口コミ,reviews
https://schoolwith.me/reviews/38564,口コミ,reviews
https://schoolwith.me/reviews/38565,口コミ,reviews
https://schoolwith.me/reviews/38566,口コミ,reviews
https://schoolwith.me/reviews/38567,口コミ,reviews
https://schoolwith.me/reviews/38568,口コミ,reviews
https://schoolwith.me/reviews/38572,口コミ,reviews
https://schoolwith.me/reviews/38573,口コミ,reviews
https://schoolwith.me/reviews/38574,口コミ,reviews
https://schoolwith.me/reviews/38575,口コミ,reviews
https://schoolwith.me/reviews/38576,口コミ,reviews
https://schoolwith.me/reviews/38577,口コミ,reviews
https://schoolwith.me/reviews/38578,口コミ,reviews
https://schoolwith.me/reviews/38581,口コミ,reviews
https://schoolwith.me/reviews/38588,口コミ,reviews
https://schoolwith.me/reviews/38589,口コミ,reviews
https://schoolwith.me/reviews/38592,口コミ,reviews
https://schoolwith.me/reviews/38594,口コミ,reviews
https://schoolwith.me/reviews/38597,口コミ,reviews
https://schoolwith.me/reviews/38598,口コミ,reviews
https://schoolwith.me/reviews/38599,口コミ,reviews
https://schoolwith.me/reviews/38602,口コミ,reviews
https://schoolwith.me/reviews/38605,口コミ,reviews
https://schoolwith.me/reviews/38606,口コミ,reviews
https://schoolwith.me/reviews/38609,口コミ,reviews
https://schoolwith.me/reviews/38610,口コミ,reviews
https://schoolwith.me/reviews/38612,口コミ,reviews
https://schoolwith.me/reviews/38613,口コミ,reviews
https://schoolwith.me/reviews/38614,口コミ,reviews
https://schoolwith.me/reviews/38617,口コミ,reviews
https://schoolwith.me/reviews/38618,口コミ,reviews
https://schoolwith.me/reviews/38619,口コミ,reviews
https://schoolwith.me/reviews/38620,口コミ,reviews
https://schoolwith.me/reviews/38621,口コミ,reviews
https://schoolwith.me/reviews/38622,口コミ,reviews
https://schoolwith.me/reviews/38623,口コミ,reviews
https://schoolwith.me/reviews/38624,口コミ,reviews
https://schoolwith.me/reviews/38625,口コミ,reviews
https://schoolwith.me/reviews/38628,口コミ,reviews
https://schoolwith.me/reviews/38629,口コミ,reviews
https://schoolwith.me/reviews/38630,口コミ,reviews
https://schoolwith.me/reviews/38631,口コミ,reviews
https://schoolwith.me/reviews/38632,口コミ,reviews
https://schoolwith.me/reviews/38633,口コミ,reviews
https://schoolwith.me/reviews/38636,口コミ,reviews
https://schoolwith.me/reviews/38638,口コミ,reviews
https://schoolwith.me/reviews/38640,口コミ,reviews
https://schoolwith.me/reviews/38641,口コミ,reviews
https://schoolwith.me/reviews/38643,口コミ,reviews
https://schoolwith.me/reviews/38646,口コミ,reviews
https://schoolwith.me/reviews/38648,口コミ,reviews
https://schoolwith.me/reviews/38649,口コミ,reviews
https://schoolwith.me/reviews/38650,口コミ,reviews
https://schoolwith.me/reviews/38653,口コミ,reviews
https://schoolwith.me/reviews/38654,口コミ,reviews
https://schoolwith.me/reviews/38655,口コミ,reviews
https://schoolwith.me/reviews/38656,口コミ,reviews
https://schoolwith.me/reviews/38657,口コミ,reviews
https://schoolwith.me/reviews/38658,口コミ,reviews
https://schoolwith.me/reviews/38659,口コミ,reviews
https://schoolwith.me/reviews/38660,口コミ,reviews
https://schoolwith.me/reviews/38661,口コミ,reviews
https://schoolwith.me/reviews/38668,口コミ,reviews
https://schoolwith.me/reviews/38669,口コミ,reviews
https://schoolwith.me/reviews/38670,口コミ,reviews
https://schoolwith.me/reviews/38671,口コミ,reviews
https://schoolwith.me/reviews/38672,口コミ,reviews
https://schoolwith.me/reviews/38674,口コミ,reviews
https://schoolwith.me/reviews/38675,口コミ,reviews
https://schoolwith.me/reviews/38676,口コミ,reviews
https://schoolwith.me/reviews/38677,口コミ,reviews
https://schoolwith.me/reviews/38679,口コミ,reviews
https://schoolwith.me/reviews/38680,口コミ,reviews
https://schoolwith.me/reviews/38681,口コミ,reviews
https://schoolwith.me/reviews/38683,口コミ,reviews
https://schoolwith.me/reviews/38685,口コミ,reviews
https://schoolwith.me/reviews/38687,口コミ,reviews
https://schoolwith.me/reviews/38688,口コミ,reviews
https://schoolwith.me/reviews/38690,口コミ,reviews
https://schoolwith.me/reviews/38696,口コミ,reviews
https://schoolwith.me/reviews/38698,口コミ,reviews
https://schoolwith.me/reviews/38700,口コミ,reviews
https://schoolwith.me/reviews/38701,口コミ,reviews
https://schoolwith.me/reviews/38702,口コミ,reviews
https://schoolwith.me/reviews/38704,口コミ,reviews
https://schoolwith.me/reviews/38706,口コミ,reviews
https://schoolwith.me/reviews/38707,口コミ,reviews
https://schoolwith.me/reviews/38708,口コミ,reviews
https://schoolwith.me/reviews/38711,口コミ,reviews
https://schoolwith.me/reviews/38712,口コミ,reviews
https://schoolwith.me/reviews/38715,口コミ,reviews
https://schoolwith.me/reviews/38722,口コミ,reviews
https://schoolwith.me/reviews/38723,口コミ,reviews
https://schoolwith.me/reviews/38724,口コミ,reviews
https://schoolwith.me/reviews/38726,口コミ,reviews
https://schoolwith.me/reviews/38727,口コミ,reviews
https://schoolwith.me/reviews/38728,口コミ,reviews
https://schoolwith.me/reviews/38730,口コミ,reviews
https://schoolwith.me/reviews/38734,口コミ,reviews
https://schoolwith.me/reviews/38735,口コミ,reviews
https://schoolwith.me/reviews/38737,口コミ,reviews
https://schoolwith.me/reviews/38738,口コミ,reviews
https://schoolwith.me/reviews/38739,口コミ,reviews
https://schoolwith.me/reviews/38740,口コミ,reviews
https://schoolwith.me/reviews/38741,口コミ,reviews
https://schoolwith.me/reviews/38743,口コミ,reviews
https://schoolwith.me/reviews/38744,口コミ,reviews
https://schoolwith.me/reviews/38749,口コミ,reviews
https://schoolwith.me/reviews/38751,口コミ,reviews
https://schoolwith.me/reviews/38754,口コミ,reviews
https://schoolwith.me/reviews/38757,口コミ,reviews
https://schoolwith.me/reviews/38758,口コミ,reviews
https://schoolwith.me/reviews/38762,口コミ,reviews
https://schoolwith.me/reviews/38763,口コミ,reviews
https://schoolwith.me/reviews/38765,口コミ,reviews
https://schoolwith.me/reviews/38766,口コミ,reviews
https://schoolwith.me/reviews/38767,口コミ,reviews
https://schoolwith.me/reviews/38769,口コミ,reviews
https://schoolwith.me/reviews/38770,口コミ,reviews
https://schoolwith.me/reviews/38771,口コミ,reviews
https://schoolwith.me/reviews/38774,口コミ,reviews
https://schoolwith.me/reviews/38776,口コミ,reviews
https://schoolwith.me/reviews/38777,口コミ,reviews
https://schoolwith.me/reviews/38778,口コミ,reviews
https://schoolwith.me/reviews/38780,口コミ,reviews
https://schoolwith.me/reviews/38782,口コミ,reviews
https://schoolwith.me/reviews/38785,口コミ,reviews
https://schoolwith.me/reviews/38787,口コミ,reviews
https://schoolwith.me/reviews/38792,口コミ,reviews
https://schoolwith.me/reviews/38793,口コミ,reviews
https://schoolwith.me/reviews/38794,口コミ,reviews
https://schoolwith.me/reviews/38796,口コミ,reviews
https://schoolwith.me/reviews/38798,口コミ,reviews
https://schoolwith.me/reviews/38799,口コミ,reviews
https://schoolwith.me/reviews/38800,口コミ,reviews
https://schoolwith.me/reviews/38801,口コミ,reviews
https://schoolwith.me/reviews/38803,口コミ,reviews
https://schoolwith.me/reviews/38805,口コミ,reviews
https://schoolwith.me/reviews/38806,口コミ,reviews
https://schoolwith.me/reviews/38807,口コミ,reviews
https://schoolwith.me/reviews/38809,口コミ,reviews
https://schoolwith.me/reviews/38810,口コミ,reviews
https://schoolwith.me/reviews/38811,口コミ,reviews
https://schoolwith.me/reviews/38812,口コミ,reviews
https://schoolwith.me/reviews/38813,口コミ,reviews
https://schoolwith.me/reviews/38815,口コミ,reviews
https://schoolwith.me/reviews/38816,口コミ,reviews
https://schoolwith.me/reviews/38817,口コミ,reviews
https://schoolwith.me/reviews/38818,口コミ,reviews
https://schoolwith.me/reviews/38820,口コミ,reviews
https://schoolwith.me/reviews/38821,口コミ,reviews
https://schoolwith.me/reviews/38822,口コミ,reviews
https://schoolwith.me/reviews/38823,口コミ,reviews
https://schoolwith.me/reviews/38825,口コミ,reviews
https://schoolwith.me/reviews/38826,口コミ,reviews
https://schoolwith.me/reviews/38827,口コミ,reviews
https://schoolwith.me/reviews/38828,口コミ,reviews
https://schoolwith.me/reviews/38829,口コミ,reviews
https://schoolwith.me/reviews/38830,口コミ,reviews
https://schoolwith.me/reviews/38831,口コミ,reviews
https://schoolwith.me/reviews/38832,口コミ,reviews
https://schoolwith.me/reviews/38833,口コミ,reviews
https://schoolwith.me/reviews/38834,口コミ,reviews
https://schoolwith.me/reviews/38835,口コミ,reviews
https://schoolwith.me/reviews/38837,口コミ,reviews
https://schoolwith.me/reviews/38838,口コミ,reviews
https://schoolwith.me/reviews/38839,口コミ,reviews
https://schoolwith.me/reviews/38840,口コミ,reviews
https://schoolwith.me/reviews/38842,口コミ,reviews
https://schoolwith.me/reviews/38843,口コミ,reviews
https://schoolwith.me/reviews/38845,口コミ,reviews
https://schoolwith.me/reviews/38846,口コミ,reviews
https://schoolwith.me/reviews/38847,口コミ,reviews
https://schoolwith.me/reviews/38848,口コミ,reviews
https://schoolwith.me/reviews/38850,口コミ,reviews
https://schoolwith.me/reviews/38851,口コミ,reviews
https://schoolwith.me/reviews/38853,口コミ,reviews
https://schoolwith.me/reviews/38854,口コミ,reviews
https://schoolwith.me/reviews/38855,口コミ,reviews
https://schoolwith.me/reviews/38856,口コミ,reviews
https://schoolwith.me/reviews/38857,口コミ,reviews
https://schoolwith.me/reviews/38858,口コミ,reviews
https://schoolwith.me/reviews/38859,口コミ,reviews
https://schoolwith.me/reviews/38862,口コミ,reviews
https://schoolwith.me/reviews/38863,口コミ,reviews
https://schoolwith.me/reviews/38864,口コミ,reviews
https://schoolwith.me/reviews/38866,口コミ,reviews
https://schoolwith.me/reviews/38869,口コミ,reviews
https://schoolwith.me/reviews/38872,口コミ,reviews
https://schoolwith.me/reviews/38874,口コミ,reviews
https://schoolwith.me/reviews/38875,口コミ,reviews
https://schoolwith.me/reviews/38876,口コミ,reviews
https://schoolwith.me/reviews/38879,口コミ,reviews
https://schoolwith.me/reviews/38880,口コミ,reviews
https://schoolwith.me/reviews/38881,口コミ,reviews
https://schoolwith.me/reviews/38882,口コミ,reviews
https://schoolwith.me/reviews/38883,口コミ,reviews
https://schoolwith.me/reviews/38885,口コミ,reviews
https://schoolwith.me/reviews/38887,口コミ,reviews
https://schoolwith.me/reviews/38889,口コミ,reviews
https://schoolwith.me/reviews/38890,口コミ,reviews
https://schoolwith.me/reviews/38892,口コミ,reviews
https://schoolwith.me/reviews/38894,口コミ,reviews
https://schoolwith.me/reviews/38895,口コミ,reviews
https://schoolwith.me/reviews/38896,口コミ,reviews
https://schoolwith.me/reviews/38897,口コミ,reviews
https://schoolwith.me/reviews/38898,口コミ,reviews
https://schoolwith.me/reviews/38900,口コミ,reviews
https://schoolwith.me/reviews/38901,口コミ,reviews
https://schoolwith.me/reviews/38902,口コミ,reviews
https://schoolwith.me/reviews/38903,口コミ,reviews
https://schoolwith.me/reviews/38904,口コミ,reviews
https://schoolwith.me/reviews/38907,口コミ,reviews
https://schoolwith.me/reviews/38909,口コミ,reviews
https://schoolwith.me/reviews/38910,口コミ,reviews
https://schoolwith.me/reviews/38911,口コミ,reviews
https://schoolwith.me/reviews/38912,口コミ,reviews
https://schoolwith.me/reviews/38914,口コミ,reviews
https://schoolwith.me/reviews/38917,口コミ,reviews
https://schoolwith.me/reviews/38918,口コミ,reviews
https://schoolwith.me/reviews/38919,口コミ,reviews
https://schoolwith.me/reviews/38921,口コミ,reviews
https://schoolwith.me/reviews/38923,口コミ,reviews
https://schoolwith.me/reviews/38924,口コミ,reviews
https://schoolwith.me/reviews/38925,口コミ,reviews
https://schoolwith.me/reviews/38928,口コミ,reviews
https://schoolwith.me/reviews/38929,口コミ,reviews
https://schoolwith.me/reviews/38931,口コミ,reviews
https://schoolwith.me/reviews/38932,口コミ,reviews
https://schoolwith.me/reviews/38938,口コミ,reviews
https://schoolwith.me/reviews/38939,口コミ,reviews
https://schoolwith.me/reviews/38940,口コミ,reviews
https://schoolwith.me/reviews/38941,口コミ,reviews
https://schoolwith.me/reviews/38942,口コミ,reviews
https://schoolwith.me/reviews/38943,口コミ,reviews
https://schoolwith.me/reviews/38946,口コミ,reviews
https://schoolwith.me/reviews/38947,口コミ,reviews
https://schoolwith.me/reviews/38949,口コミ,reviews
https://schoolwith.me/reviews/38951,口コミ,reviews
https://schoolwith.me/reviews/38952,口コミ,reviews
https://schoolwith.me/reviews/38954,口コミ,reviews
https://schoolwith.me/reviews/38955,口コミ,reviews
https://schoolwith.me/reviews/38956,口コミ,reviews
https://schoolwith.me/reviews/38957,口コミ,reviews
https://schoolwith.me/reviews/38959,口コミ,reviews
https://schoolwith.me/reviews/38960,口コミ,reviews
https://schoolwith.me/reviews/38961,口コミ,reviews
https://schoolwith.me/reviews/38962,口コミ,reviews
https://schoolwith.me/reviews/38963,口コミ,reviews
https://schoolwith.me/reviews/38964,口コミ,reviews
https://schoolwith.me/reviews/38965,口コミ,reviews
https://schoolwith.me/reviews/38966,口コミ,reviews
https://schoolwith.me/reviews/38967,口コミ,reviews
https://schoolwith.me/reviews/38968,口コミ,reviews
https://schoolwith.me/reviews/38969,口コミ,reviews
https://schoolwith.me/reviews/38970,口コミ,reviews
https://schoolwith.me/reviews/38971,口コミ,reviews
https://schoolwith.me/reviews/38973,口コミ,reviews
https://schoolwith.me/reviews/38974,口コミ,reviews
https://schoolwith.me/reviews/38975,口コミ,reviews
https://schoolwith.me/reviews/38977,口コミ,reviews
https://schoolwith.me/reviews/38979,口コミ,reviews
https://schoolwith.me/reviews/38980,口コミ,reviews
https://schoolwith.me/reviews/38983,口コミ,reviews
https://schoolwith.me/reviews/38985,口コミ,reviews
https://schoolwith.me/reviews/38986,口コミ,reviews
https://schoolwith.me/reviews/38987,口コミ,reviews
https://schoolwith.me/reviews/38988,口コミ,reviews
https://schoolwith.me/reviews/38989,口コミ,reviews
https://schoolwith.me/reviews/38993,口コミ,reviews
https://schoolwith.me/reviews/38994,口コミ,reviews
https://schoolwith.me/reviews/38996,口コミ,reviews
https://schoolwith.me/reviews/39001,口コミ,reviews
https://schoolwith.me/reviews/39004,口コミ,reviews
https://schoolwith.me/reviews/39005,口コミ,reviews
https://schoolwith.me/reviews/39007,口コミ,reviews
https://schoolwith.me/reviews/39010,口コミ,reviews
https://schoolwith.me/reviews/39012,口コミ,reviews
https://schoolwith.me/reviews/39013,口コミ,reviews
https://schoolwith.me/reviews/39015,口コミ,reviews
https://schoolwith.me/reviews/39016,口コミ,reviews
https://schoolwith.me/reviews/39017,口コミ,reviews
https://schoolwith.me/reviews/39018,口コミ,reviews
https://schoolwith.me/reviews/39019,口コミ,reviews
https://schoolwith.me/reviews/39027,口コミ,reviews
https://schoolwith.me/reviews/39028,口コミ,reviews
https://schoolwith.me/reviews/39030,口コミ,reviews
https://schoolwith.me/reviews/39032,口コミ,reviews
https://schoolwith.me/reviews/39033,口コミ,reviews
https://schoolwith.me/reviews/39034,口コミ,reviews
https://schoolwith.me/reviews/39035,口コミ,reviews
https://schoolwith.me/reviews/39036,口コミ,reviews
https://schoolwith.me/reviews/39037,口コミ,reviews
https://schoolwith.me/reviews/39039,口コミ,reviews
https://schoolwith.me/reviews/39041,口コミ,reviews
https://schoolwith.me/reviews/39043,口コミ,reviews
https://schoolwith.me/reviews/39044,口コミ,reviews
https://schoolwith.me/reviews/39045,口コミ,reviews
https://schoolwith.me/reviews/39046,口コミ,reviews
https://schoolwith.me/reviews/39047,口コミ,reviews
https://schoolwith.me/reviews/39050,口コミ,reviews
https://schoolwith.me/reviews/39051,口コミ,reviews
https://schoolwith.me/reviews/39052,口コミ,reviews
https://schoolwith.me/reviews/39054,口コミ,reviews
https://schoolwith.me/reviews/39055,口コミ,reviews
https://schoolwith.me/reviews/39056,口コミ,reviews
https://schoolwith.me/reviews/39059,口コミ,reviews
https://schoolwith.me/reviews/39061,口コミ,reviews
https://schoolwith.me/reviews/39063,口コミ,reviews
https://schoolwith.me/reviews/39066,口コミ,reviews
https://schoolwith.me/reviews/39069,口コミ,reviews
https://schoolwith.me/reviews/39070,口コミ,reviews
https://schoolwith.me/reviews/39072,口コミ,reviews
https://schoolwith.me/reviews/39074,口コミ,reviews
https://schoolwith.me/reviews/39075,口コミ,reviews
https://schoolwith.me/reviews/39076,口コミ,reviews
https://schoolwith.me/reviews/39078,口コミ,reviews
https://schoolwith.me/reviews/39079,口コミ,reviews
https://schoolwith.me/reviews/39081,口コミ,reviews
https://schoolwith.me/reviews/39083,口コミ,reviews
https://schoolwith.me/reviews/39084,口コミ,reviews
https://schoolwith.me/reviews/39085,口コミ,reviews
https://schoolwith.me/reviews/39086,口コミ,reviews
https://schoolwith.me/reviews/39087,口コミ,reviews
https://schoolwith.me/reviews/39088,口コミ,reviews
https://schoolwith.me/reviews/39089,口コミ,reviews
https://schoolwith.me/reviews/39090,口コミ,reviews
https://schoolwith.me/reviews/39091,口コミ,reviews
https://schoolwith.me/reviews/39092,口コミ,reviews
https://schoolwith.me/reviews/39093,口コミ,reviews
https://schoolwith.me/reviews/39094,口コミ,reviews
https://schoolwith.me/reviews/39095,口コミ,reviews
https://schoolwith.me/reviews/39096,口コミ,reviews
https://schoolwith.me/reviews/39097,口コミ,reviews
https://schoolwith.me/reviews/39099,口コミ,reviews
https://schoolwith.me/reviews/39100,口コミ,reviews
https://schoolwith.me/reviews/39101,口コミ,reviews
https://schoolwith.me/reviews/39102,口コミ,reviews
https://schoolwith.me/reviews/39103,口コミ,reviews
https://schoolwith.me/reviews/39105,口コミ,reviews
https://schoolwith.me/reviews/39106,口コミ,reviews
https://schoolwith.me/reviews/39107,口コミ,reviews
https://schoolwith.me/reviews/39108,口コミ,reviews
https://schoolwith.me/reviews/39110,口コミ,reviews
https://schoolwith.me/reviews/39111,口コミ,reviews
https://schoolwith.me/reviews/39112,口コミ,reviews
https://schoolwith.me/reviews/39116,口コミ,reviews
https://schoolwith.me/reviews/39117,口コミ,reviews
https://schoolwith.me/reviews/39118,口コミ,reviews
https://schoolwith.me/reviews/39121,口コミ,reviews
https://schoolwith.me/reviews/39122,口コミ,reviews
https://schoolwith.me/reviews/39124,口コミ,reviews
https://schoolwith.me/reviews/39126,口コミ,reviews
https://schoolwith.me/reviews/39127,口コミ,reviews
https://schoolwith.me/reviews/39128,口コミ,reviews
https://schoolwith.me/reviews/39129,口コミ,reviews
https://schoolwith.me/reviews/39131,口コミ,reviews
https://schoolwith.me/reviews/39133,口コミ,reviews
https://schoolwith.me/reviews/39137,口コミ,reviews
https://schoolwith.me/reviews/39139,口コミ,reviews
https://schoolwith.me/reviews/39140,口コミ,reviews
https://schoolwith.me/reviews/39141,口コミ,reviews
https://schoolwith.me/reviews/39142,口コミ,reviews
https://schoolwith.me/reviews/39143,口コミ,reviews
https://schoolwith.me/reviews/39146,口コミ,reviews
https://schoolwith.me/reviews/39147,口コミ,reviews
https://schoolwith.me/reviews/39148,口コミ,reviews
https://schoolwith.me/reviews/39149,口コミ,reviews
https://schoolwith.me/reviews/39150,口コミ,reviews
https://schoolwith.me/reviews/39152,口コミ,reviews
https://schoolwith.me/reviews/39153,口コミ,reviews
https://schoolwith.me/reviews/39154,口コミ,reviews
https://schoolwith.me/reviews/39156,口コミ,reviews
https://schoolwith.me/reviews/39157,口コミ,reviews
https://schoolwith.me/reviews/39159,口コミ,reviews
https://schoolwith.me/reviews/39160,口コミ,reviews
https://schoolwith.me/reviews/39162,口コミ,reviews
https://schoolwith.me/reviews/39163,口コミ,reviews
https://schoolwith.me/reviews/39165,口コミ,reviews
https://schoolwith.me/reviews/39166,口コミ,reviews
https://schoolwith.me/reviews/39168,口コミ,reviews
https://schoolwith.me/reviews/39170,口コミ,reviews
https://schoolwith.me/reviews/39171,口コミ,reviews
https://schoolwith.me/reviews/39172,口コミ,reviews
https://schoolwith.me/reviews/39173,口コミ,reviews
https://schoolwith.me/reviews/39174,口コミ,reviews
https://schoolwith.me/reviews/39175,口コミ,reviews
https://schoolwith.me/reviews/39176,口コミ,reviews
https://schoolwith.me/reviews/39177,口コミ,reviews
https://schoolwith.me/reviews/39178,口コミ,reviews
https://schoolwith.me/reviews/39179,口コミ,reviews
https://schoolwith.me/reviews/39180,口コミ,reviews
https://schoolwith.me/reviews/39181,口コミ,reviews
https://schoolwith.me/reviews/39182,口コミ,reviews
https://schoolwith.me/reviews/39184,口コミ,reviews
https://schoolwith.me/reviews/39186,口コミ,reviews
https://schoolwith.me/reviews/39187,口コミ,reviews
https://schoolwith.me/reviews/39188,口コミ,reviews
https://schoolwith.me/reviews/39189,口コミ,reviews
https://schoolwith.me/reviews/39190,口コミ,reviews
https://schoolwith.me/reviews/39191,口コミ,reviews
https://schoolwith.me/reviews/39192,口コミ,reviews
https://schoolwith.me/reviews/39193,口コミ,reviews
https://schoolwith.me/reviews/39195,口コミ,reviews
https://schoolwith.me/reviews/39196,口コミ,reviews
https://schoolwith.me/reviews/39197,口コミ,reviews
https://schoolwith.me/reviews/39198,口コミ,reviews
https://schoolwith.me/reviews/39199,口コミ,reviews
https://schoolwith.me/reviews/39202,口コミ,reviews
https://schoolwith.me/reviews/39204,口コミ,reviews
https://schoolwith.me/reviews/39205,口コミ,reviews
https://schoolwith.me/reviews/39206,口コミ,reviews
https://schoolwith.me/reviews/39207,口コミ,reviews
https://schoolwith.me/reviews/39209,口コミ,reviews
https://schoolwith.me/reviews/39211,口コミ,reviews
https://schoolwith.me/reviews/39212,口コミ,reviews
https://schoolwith.me/reviews/39213,口コミ,reviews
https://schoolwith.me/reviews/39215,口コミ,reviews
https://schoolwith.me/reviews/39216,口コミ,reviews
https://schoolwith.me/reviews/39217,口コミ,reviews
https://schoolwith.me/reviews/39218,口コミ,reviews
https://schoolwith.me/reviews/39219,口コミ,reviews
https://schoolwith.me/reviews/39220,口コミ,reviews
https://schoolwith.me/reviews/39221,口コミ,reviews
https://schoolwith.me/reviews/39225,口コミ,reviews
https://schoolwith.me/reviews/39226,口コミ,reviews
https://schoolwith.me/reviews/39228,口コミ,reviews
https://schoolwith.me/reviews/39231,口コミ,reviews
https://schoolwith.me/reviews/39232,口コミ,reviews
https://schoolwith.me/reviews/39233,口コミ,reviews
https://schoolwith.me/reviews/39236,口コミ,reviews
https://schoolwith.me/reviews/39239,口コミ,reviews
https://schoolwith.me/reviews/39240,口コミ,reviews
https://schoolwith.me/reviews/39243,口コミ,reviews
https://schoolwith.me/reviews/39244,口コミ,reviews
https://schoolwith.me/reviews/39245,口コミ,reviews
https://schoolwith.me/reviews/39246,口コミ,reviews
https://schoolwith.me/reviews/39247,口コミ,reviews
https://schoolwith.me/reviews/39250,口コミ,reviews
https://schoolwith.me/reviews/39253,口コミ,reviews
https://schoolwith.me/reviews/39254,口コミ,reviews
https://schoolwith.me/reviews/39255,口コミ,reviews
https://schoolwith.me/reviews/39258,口コミ,reviews
https://schoolwith.me/reviews/39259,口コミ,reviews
https://schoolwith.me/reviews/39262,口コミ,reviews
https://schoolwith.me/reviews/39263,口コミ,reviews
https://schoolwith.me/reviews/39264,口コミ,reviews
https://schoolwith.me/reviews/39265,口コミ,reviews
https://schoolwith.me/reviews/39266,口コミ,reviews
https://schoolwith.me/reviews/39267,口コミ,reviews
https://schoolwith.me/reviews/39268,口コミ,reviews
https://schoolwith.me/reviews/39272,口コミ,reviews
https://schoolwith.me/reviews/39273,口コミ,reviews
https://schoolwith.me/reviews/39275,口コミ,reviews
https://schoolwith.me/reviews/39277,口コミ,reviews
https://schoolwith.me/reviews/39278,口コミ,reviews
https://schoolwith.me/reviews/39279,口コミ,reviews
https://schoolwith.me/reviews/39281,口コミ,reviews
https://schoolwith.me/reviews/39282,口コミ,reviews
https://schoolwith.me/reviews/39283,口コミ,reviews
https://schoolwith.me/reviews/39284,口コミ,reviews
https://schoolwith.me/reviews/39285,口コミ,reviews
https://schoolwith.me/reviews/39290,口コミ,reviews
https://schoolwith.me/reviews/39291,口コミ,reviews
https://schoolwith.me/reviews/39293,口コミ,reviews
https://schoolwith.me/reviews/39294,口コミ,reviews
https://schoolwith.me/reviews/39298,口コミ,reviews
https://schoolwith.me/reviews/39299,口コミ,reviews
https://schoolwith.me/reviews/39300,口コミ,reviews
https://schoolwith.me/reviews/39301,口コミ,reviews
https://schoolwith.me/reviews/39302,口コミ,reviews
https://schoolwith.me/reviews/39304,口コミ,reviews
https://schoolwith.me/reviews/39306,口コミ,reviews
https://schoolwith.me/reviews/39307,口コミ,reviews
https://schoolwith.me/reviews/39309,口コミ,reviews
https://schoolwith.me/reviews/39310,口コミ,reviews
https://schoolwith.me/reviews/39311,口コミ,reviews
https://schoolwith.me/reviews/39312,口コミ,reviews
https://schoolwith.me/reviews/39313,口コミ,reviews
https://schoolwith.me/reviews/39314,口コミ,reviews
https://schoolwith.me/reviews/39315,口コミ,reviews
https://schoolwith.me/reviews/39316,口コミ,reviews
https://schoolwith.me/reviews/39318,口コミ,reviews
https://schoolwith.me/reviews/39320,口コミ,reviews
https://schoolwith.me/reviews/39321,口コミ,reviews
https://schoolwith.me/reviews/39322,口コミ,reviews
https://schoolwith.me/reviews/39323,口コミ,reviews
https://schoolwith.me/reviews/39324,口コミ,reviews
https://schoolwith.me/reviews/39325,口コミ,reviews
https://schoolwith.me/reviews/39326,口コミ,reviews
https://schoolwith.me/reviews/39327,口コミ,reviews
https://schoolwith.me/reviews/39328,口コミ,reviews
https://schoolwith.me/reviews/39331,口コミ,reviews
https://schoolwith.me/reviews/39333,口コミ,reviews
https://schoolwith.me/reviews/39336,口コミ,reviews
https://schoolwith.me/reviews/39337,口コミ,reviews
https://schoolwith.me/reviews/39339,口コミ,reviews
https://schoolwith.me/reviews/39340,口コミ,reviews
https://schoolwith.me/reviews/39342,口コミ,reviews
https://schoolwith.me/reviews/39343,口コミ,reviews
https://schoolwith.me/reviews/39344,口コミ,reviews
https://schoolwith.me/reviews/39345,口コミ,reviews
https://schoolwith.me/reviews/39347,口コミ,reviews
https://schoolwith.me/reviews/39348,口コミ,reviews
https://schoolwith.me/reviews/39349,口コミ,reviews
https://schoolwith.me/reviews/39350,口コミ,reviews
https://schoolwith.me/reviews/39351,口コミ,reviews
https://schoolwith.me/reviews/39352,口コミ,reviews
https://schoolwith.me/reviews/39353,口コミ,reviews
https://schoolwith.me/reviews/39354,口コミ,reviews
https://schoolwith.me/reviews/39355,口コミ,reviews
https://schoolwith.me/reviews/39356,口コミ,reviews
https://schoolwith.me/reviews/39357,口コミ,reviews
https://schoolwith.me/reviews/39358,口コミ,reviews
https://schoolwith.me/reviews/39360,口コミ,reviews
https://schoolwith.me/reviews/39361,口コミ,reviews
https://schoolwith.me/reviews/39362,口コミ,reviews
https://schoolwith.me/reviews/39363,口コミ,reviews
https://schoolwith.me/reviews/39367,口コミ,reviews
https://schoolwith.me/reviews/39368,口コミ,reviews
https://schoolwith.me/reviews/39369,口コミ,reviews
https://schoolwith.me/reviews/39370,口コミ,reviews
https://schoolwith.me/reviews/39371,口コミ,reviews
https://schoolwith.me/reviews/39372,口コミ,reviews
https://schoolwith.me/reviews/39374,口コミ,reviews
https://schoolwith.me/reviews/39375,口コミ,reviews
https://schoolwith.me/reviews/39376,口コミ,reviews
https://schoolwith.me/reviews/39377,口コミ,reviews
https://schoolwith.me/reviews/39379,口コミ,reviews
https://schoolwith.me/reviews/39382,口コミ,reviews
https://schoolwith.me/reviews/39385,口コミ,reviews
https://schoolwith.me/reviews/39386,口コミ,reviews
https://schoolwith.me/reviews/39387,口コミ,reviews
https://schoolwith.me/reviews/39388,口コミ,reviews
https://schoolwith.me/reviews/39391,口コミ,reviews
https://schoolwith.me/reviews/39392,口コミ,reviews
https://schoolwith.me/reviews/39393,口コミ,reviews
https://schoolwith.me/reviews/39396,口コミ,reviews
https://schoolwith.me/reviews/39397,口コミ,reviews
https://schoolwith.me/reviews/39398,口コミ,reviews
https://schoolwith.me/reviews/39401,口コミ,reviews
https://schoolwith.me/reviews/39402,口コミ,reviews
https://schoolwith.me/reviews/39403,口コミ,reviews
https://schoolwith.me/reviews/39404,口コミ,reviews
https://schoolwith.me/reviews/39405,口コミ,reviews
https://schoolwith.me/reviews/39406,口コミ,reviews
https://schoolwith.me/reviews/39407,口コミ,reviews
https://schoolwith.me/reviews/39408,口コミ,reviews
https://schoolwith.me/reviews/39409,口コミ,reviews
https://schoolwith.me/reviews/39410,口コミ,reviews
https://schoolwith.me/reviews/39411,口コミ,reviews
https://schoolwith.me/reviews/39412,口コミ,reviews
https://schoolwith.me/reviews/39413,口コミ,reviews
https://schoolwith.me/reviews/39419,口コミ,reviews
https://schoolwith.me/reviews/39420,口コミ,reviews
https://schoolwith.me/reviews/39421,口コミ,reviews
https://schoolwith.me/reviews/39424,口コミ,reviews
https://schoolwith.me/reviews/39425,口コミ,reviews
https://schoolwith.me/reviews/39426,口コミ,reviews
https://schoolwith.me/reviews/39429,口コミ,reviews
https://schoolwith.me/reviews/39430,口コミ,reviews
https://schoolwith.me/reviews/39432,口コミ,reviews
https://schoolwith.me/reviews/39433,口コミ,reviews
https://schoolwith.me/reviews/39438,口コミ,reviews
https://schoolwith.me/reviews/39441,口コミ,reviews
https://schoolwith.me/reviews/39442,口コミ,reviews
https://schoolwith.me/reviews/39444,口コミ,reviews
https://schoolwith.me/reviews/39447,口コミ,reviews
https://schoolwith.me/reviews/39449,口コミ,reviews
https://schoolwith.me/reviews/39450,口コミ,reviews
https://schoolwith.me/reviews/39451,口コミ,reviews
https://schoolwith.me/reviews/39453,口コミ,reviews
https://schoolwith.me/reviews/39454,口コミ,reviews
https://schoolwith.me/reviews/39455,口コミ,reviews
https://schoolwith.me/reviews/39457,口コミ,reviews
https://schoolwith.me/reviews/39458,口コミ,reviews
https://schoolwith.me/reviews/39459,口コミ,reviews
https://schoolwith.me/reviews/39460,口コミ,reviews
https://schoolwith.me/reviews/39461,口コミ,reviews
https://schoolwith.me/reviews/39464,口コミ,reviews
https://schoolwith.me/reviews/39465,口コミ,reviews
https://schoolwith.me/reviews/39467,口コミ,reviews
https://schoolwith.me/reviews/39473,口コミ,reviews
https://schoolwith.me/reviews/39474,口コミ,reviews
https://schoolwith.me/reviews/39477,口コミ,reviews
https://schoolwith.me/reviews/39478,口コミ,reviews
https://schoolwith.me/reviews/39479,口コミ,reviews
https://schoolwith.me/reviews/39481,口コミ,reviews
https://schoolwith.me/reviews/39482,口コミ,reviews
https://schoolwith.me/reviews/39484,口コミ,reviews
https://schoolwith.me/reviews/39485,口コミ,reviews
https://schoolwith.me/reviews/39486,口コミ,reviews
https://schoolwith.me/reviews/39487,口コミ,reviews
https://schoolwith.me/reviews/39488,口コミ,reviews
https://schoolwith.me/reviews/39489,口コミ,reviews
https://schoolwith.me/reviews/39490,口コミ,reviews
https://schoolwith.me/reviews/39491,口コミ,reviews
https://schoolwith.me/reviews/39492,口コミ,reviews
https://schoolwith.me/reviews/39495,口コミ,reviews
https://schoolwith.me/reviews/39497,口コミ,reviews
https://schoolwith.me/reviews/39499,口コミ,reviews
https://schoolwith.me/reviews/39501,口コミ,reviews
https://schoolwith.me/reviews/39502,口コミ,reviews
https://schoolwith.me/reviews/39505,口コミ,reviews
https://schoolwith.me/reviews/39507,口コミ,reviews
https://schoolwith.me/reviews/39508,口コミ,reviews
https://schoolwith.me/reviews/39509,口コミ,reviews
https://schoolwith.me/reviews/39510,口コミ,reviews
https://schoolwith.me/reviews/39512,口コミ,reviews
https://schoolwith.me/reviews/39513,口コミ,reviews
https://schoolwith.me/reviews/39516,口コミ,reviews
https://schoolwith.me/reviews/39518,口コミ,reviews
https://schoolwith.me/reviews/39520,口コミ,reviews
https://schoolwith.me/reviews/39521,口コミ,reviews
https://schoolwith.me/reviews/39523,口コミ,reviews
https://schoolwith.me/reviews/39524,口コミ,reviews
https://schoolwith.me/reviews/39528,口コミ,reviews
https://schoolwith.me/reviews/39531,口コミ,reviews
https://schoolwith.me/reviews/39532,口コミ,reviews
https://schoolwith.me/reviews/39533,口コミ,reviews
https://schoolwith.me/reviews/39534,口コミ,reviews
https://schoolwith.me/reviews/39535,口コミ,reviews
https://schoolwith.me/reviews/39536,口コミ,reviews
https://schoolwith.me/reviews/39537,口コミ,reviews
https://schoolwith.me/reviews/39538,口コミ,reviews
https://schoolwith.me/reviews/39539,口コミ,reviews
https://schoolwith.me/reviews/39540,口コミ,reviews
https://schoolwith.me/reviews/39542,口コミ,reviews
https://schoolwith.me/reviews/39543,口コミ,reviews
https://schoolwith.me/reviews/39544,口コミ,reviews
https://schoolwith.me/reviews/39545,口コミ,reviews
https://schoolwith.me/reviews/39546,口コミ,reviews
https://schoolwith.me/reviews/39548,口コミ,reviews
https://schoolwith.me/reviews/39550,口コミ,reviews
https://schoolwith.me/reviews/39551,口コミ,reviews
https://schoolwith.me/reviews/39552,口コミ,reviews
https://schoolwith.me/reviews/39553,口コミ,reviews
https://schoolwith.me/reviews/39554,口コミ,reviews
https://schoolwith.me/reviews/39557,口コミ,reviews
https://schoolwith.me/reviews/39558,口コミ,reviews
https://schoolwith.me/reviews/39559,口コミ,reviews
https://schoolwith.me/reviews/39560,口コミ,reviews
https://schoolwith.me/reviews/39561,口コミ,reviews
https://schoolwith.me/reviews/39562,口コミ,reviews
https://schoolwith.me/reviews/39563,口コミ,reviews
https://schoolwith.me/reviews/39564,口コミ,reviews
https://schoolwith.me/reviews/39565,口コミ,reviews
https://schoolwith.me/reviews/39567,口コミ,reviews
https://schoolwith.me/reviews/39568,口コミ,reviews
https://schoolwith.me/reviews/39573,口コミ,reviews
https://schoolwith.me/reviews/39574,口コミ,reviews
https://schoolwith.me/reviews/39575,口コミ,reviews
https://schoolwith.me/reviews/39576,口コミ,reviews
https://schoolwith.me/reviews/39577,口コミ,reviews
https://schoolwith.me/reviews/39578,口コミ,reviews
https://schoolwith.me/reviews/39582,口コミ,reviews
https://schoolwith.me/reviews/39583,口コミ,reviews
https://schoolwith.me/reviews/39586,口コミ,reviews
https://schoolwith.me/reviews/39587,口コミ,reviews
https://schoolwith.me/reviews/39588,口コミ,reviews
https://schoolwith.me/reviews/39589,口コミ,reviews
https://schoolwith.me/reviews/39590,口コミ,reviews
https://schoolwith.me/reviews/39591,口コミ,reviews
https://schoolwith.me/reviews/39592,口コミ,reviews
https://schoolwith.me/reviews/39593,口コミ,reviews
https://schoolwith.me/reviews/39594,口コミ,reviews
https://schoolwith.me/reviews/39595,口コミ,reviews
https://schoolwith.me/reviews/39597,口コミ,reviews
https://schoolwith.me/reviews/39598,口コミ,reviews
https://schoolwith.me/reviews/39599,口コミ,reviews
https://schoolwith.me/reviews/39602,口コミ,reviews
https://schoolwith.me/reviews/39603,口コミ,reviews
https://schoolwith.me/reviews/39604,口コミ,reviews
https://schoolwith.me/reviews/39605,口コミ,reviews
https://schoolwith.me/reviews/39607,口コミ,reviews
https://schoolwith.me/reviews/39608,口コミ,reviews
https://schoolwith.me/reviews/39610,口コミ,reviews
https://schoolwith.me/reviews/39611,口コミ,reviews
https://schoolwith.me/reviews/39612,口コミ,reviews
https://schoolwith.me/reviews/39614,口コミ,reviews
https://schoolwith.me/reviews/39615,口コミ,reviews
https://schoolwith.me/reviews/39616,口コミ,reviews
https://schoolwith.me/reviews/39617,口コミ,reviews
https://schoolwith.me/reviews/39620,口コミ,reviews
https://schoolwith.me/reviews/39622,口コミ,reviews
https://schoolwith.me/reviews/39623,口コミ,reviews
https://schoolwith.me/reviews/39624,口コミ,reviews
https://schoolwith.me/reviews/39625,口コミ,reviews
https://schoolwith.me/reviews/39626,口コミ,reviews
https://schoolwith.me/reviews/39627,口コミ,reviews
https://schoolwith.me/reviews/39632,口コミ,reviews
https://schoolwith.me/reviews/39634,口コミ,reviews
https://schoolwith.me/reviews/39636,口コミ,reviews
https://schoolwith.me/reviews/39637,口コミ,reviews
https://schoolwith.me/reviews/39639,口コミ,reviews
https://schoolwith.me/reviews/39640,口コミ,reviews
https://schoolwith.me/reviews/39642,口コミ,reviews
https://schoolwith.me/reviews/39643,口コミ,reviews
https://schoolwith.me/reviews/39648,口コミ,reviews
https://schoolwith.me/reviews/39649,口コミ,reviews
https://schoolwith.me/reviews/39650,口コミ,reviews
https://schoolwith.me/reviews/39653,口コミ,reviews
https://schoolwith.me/reviews/39655,口コミ,reviews
https://schoolwith.me/reviews/39657,口コミ,reviews
https://schoolwith.me/reviews/39658,口コミ,reviews
https://schoolwith.me/reviews/39659,口コミ,reviews
https://schoolwith.me/reviews/39660,口コミ,reviews
https://schoolwith.me/reviews/39662,口コミ,reviews
https://schoolwith.me/reviews/39663,口コミ,reviews
https://schoolwith.me/reviews/39664,口コミ,reviews
https://schoolwith.me/reviews/39666,口コミ,reviews
https://schoolwith.me/reviews/39669,口コミ,reviews
https://schoolwith.me/reviews/39670,口コミ,reviews
https://schoolwith.me/reviews/39671,口コミ,reviews
https://schoolwith.me/reviews/39673,口コミ,reviews
https://schoolwith.me/reviews/39674,口コミ,reviews
https://schoolwith.me/reviews/39675,口コミ,reviews
https://schoolwith.me/reviews/39677,口コミ,reviews
https://schoolwith.me/reviews/39678,口コミ,reviews
https://schoolwith.me/reviews/39679,口コミ,reviews
https://schoolwith.me/reviews/39680,口コミ,reviews
https://schoolwith.me/reviews/39681,口コミ,reviews
https://schoolwith.me/reviews/39682,口コミ,reviews
https://schoolwith.me/reviews/39683,口コミ,reviews
https://schoolwith.me/reviews/39684,口コミ,reviews
https://schoolwith.me/reviews/39685,口コミ,reviews
https://schoolwith.me/reviews/39686,口コミ,reviews
https://schoolwith.me/reviews/39687,口コミ,reviews
https://schoolwith.me/reviews/39689,口コミ,reviews
https://schoolwith.me/reviews/39690,口コミ,reviews
https://schoolwith.me/reviews/39692,口コミ,reviews
https://schoolwith.me/reviews/39693,口コミ,reviews
https://schoolwith.me/reviews/39695,口コミ,reviews
https://schoolwith.me/reviews/39696,口コミ,reviews
https://schoolwith.me/reviews/39697,口コミ,reviews
https://schoolwith.me/reviews/39698,口コミ,reviews
https://schoolwith.me/reviews/39699,口コミ,reviews
https://schoolwith.me/reviews/39700,口コミ,reviews
https://schoolwith.me/reviews/39702,口コミ,reviews
https://schoolwith.me/reviews/39705,口コミ,reviews
https://schoolwith.me/reviews/39706,口コミ,reviews
https://schoolwith.me/reviews/39708,口コミ,reviews
https://schoolwith.me/reviews/39709,口コミ,reviews
https://schoolwith.me/reviews/39710,口コミ,reviews
https://schoolwith.me/reviews/39712,口コミ,reviews
https://schoolwith.me/reviews/39715,口コミ,reviews
https://schoolwith.me/reviews/39716,口コミ,reviews
https://schoolwith.me/reviews/39717,口コミ,reviews
https://schoolwith.me/reviews/39718,口コミ,reviews
https://schoolwith.me/reviews/39720,口コミ,reviews
https://schoolwith.me/reviews/39721,口コミ,reviews
https://schoolwith.me/reviews/39722,口コミ,reviews
https://schoolwith.me/reviews/39723,口コミ,reviews
https://schoolwith.me/reviews/39724,口コミ,reviews
https://schoolwith.me/reviews/39725,口コミ,reviews
https://schoolwith.me/reviews/39726,口コミ,reviews
https://schoolwith.me/reviews/39729,口コミ,reviews
https://schoolwith.me/reviews/39731,口コミ,reviews
https://schoolwith.me/reviews/39733,口コミ,reviews
https://schoolwith.me/reviews/39734,口コミ,reviews
https://schoolwith.me/reviews/39735,口コミ,reviews
https://schoolwith.me/reviews/39736,口コミ,reviews
https://schoolwith.me/reviews/39740,口コミ,reviews
https://schoolwith.me/reviews/39742,口コミ,reviews
https://schoolwith.me/reviews/39743,口コミ,reviews
https://schoolwith.me/reviews/39744,口コミ,reviews
https://schoolwith.me/reviews/39745,口コミ,reviews
https://schoolwith.me/reviews/39747,口コミ,reviews
https://schoolwith.me/reviews/39748,口コミ,reviews
https://schoolwith.me/reviews/39749,口コミ,reviews
https://schoolwith.me/reviews/39750,口コミ,reviews
https://schoolwith.me/reviews/39751,口コミ,reviews
https://schoolwith.me/reviews/39752,口コミ,reviews
https://schoolwith.me/reviews/39753,口コミ,reviews
https://schoolwith.me/reviews/39755,口コミ,reviews
https://schoolwith.me/reviews/39756,口コミ,reviews
https://schoolwith.me/reviews/39759,口コミ,reviews
https://schoolwith.me/reviews/39761,口コミ,reviews
https://schoolwith.me/reviews/39762,口コミ,reviews
https://schoolwith.me/reviews/39763,口コミ,reviews
https://schoolwith.me/reviews/39764,口コミ,reviews
https://schoolwith.me/reviews/39766,口コミ,reviews
https://schoolwith.me/reviews/39767,口コミ,reviews
https://schoolwith.me/reviews/39770,口コミ,reviews
https://schoolwith.me/reviews/39771,口コミ,reviews
https://schoolwith.me/reviews/39772,口コミ,reviews
https://schoolwith.me/reviews/39773,口コミ,reviews
https://schoolwith.me/reviews/39774,口コミ,reviews
https://schoolwith.me/reviews/39775,口コミ,reviews
https://schoolwith.me/reviews/39777,口コミ,reviews
https://schoolwith.me/reviews/39778,口コミ,reviews
https://schoolwith.me/reviews/39780,口コミ,reviews
https://schoolwith.me/reviews/39781,口コミ,reviews
https://schoolwith.me/reviews/39784,口コミ,reviews
https://schoolwith.me/reviews/39786,口コミ,reviews
https://schoolwith.me/reviews/39787,口コミ,reviews
https://schoolwith.me/reviews/39788,口コミ,reviews
https://schoolwith.me/reviews/39789,口コミ,reviews
https://schoolwith.me/reviews/39790,口コミ,reviews
https://schoolwith.me/reviews/39791,口コミ,reviews
https://schoolwith.me/reviews/39792,口コミ,reviews
https://schoolwith.me/reviews/39796,口コミ,reviews
https://schoolwith.me/reviews/39799,口コミ,reviews
https://schoolwith.me/reviews/39800,口コミ,reviews
https://schoolwith.me/reviews/39802,口コミ,reviews
https://schoolwith.me/reviews/39803,口コミ,reviews
https://schoolwith.me/reviews/39804,口コミ,reviews
https://schoolwith.me/reviews/39805,口コミ,reviews
https://schoolwith.me/reviews/39809,口コミ,reviews
https://schoolwith.me/reviews/39811,口コミ,reviews
https://schoolwith.me/reviews/39813,口コミ,reviews
https://schoolwith.me/reviews/39814,口コミ,reviews
https://schoolwith.me/reviews/39815,口コミ,reviews
https://schoolwith.me/reviews/39816,口コミ,reviews
https://schoolwith.me/reviews/39817,口コミ,reviews
https://schoolwith.me/reviews/39818,口コミ,reviews
https://schoolwith.me/reviews/39819,口コミ,reviews
https://schoolwith.me/reviews/39821,口コミ,reviews
https://schoolwith.me/reviews/39824,口コミ,reviews
https://schoolwith.me/reviews/39826,口コミ,reviews
https://schoolwith.me/reviews/39827,口コミ,reviews
https://schoolwith.me/reviews/39829,口コミ,reviews
https://schoolwith.me/reviews/39830,口コミ,reviews
https://schoolwith.me/reviews/39836,口コミ,reviews
https://schoolwith.me/reviews/39837,口コミ,reviews
https://schoolwith.me/reviews/39838,口コミ,reviews
https://schoolwith.me/reviews/39840,口コミ,reviews
https://schoolwith.me/reviews/39841,口コミ,reviews
https://schoolwith.me/reviews/39843,口コミ,reviews
https://schoolwith.me/reviews/39844,口コミ,reviews
https://schoolwith.me/reviews/39845,口コミ,reviews
https://schoolwith.me/reviews/39846,口コミ,reviews
https://schoolwith.me/reviews/39848,口コミ,reviews
https://schoolwith.me/reviews/39849,口コミ,reviews
https://schoolwith.me/reviews/39850,口コミ,reviews
https://schoolwith.me/reviews/39851,口コミ,reviews
https://schoolwith.me/reviews/39852,口コミ,reviews
https://schoolwith.me/reviews/39853,口コミ,reviews
https://schoolwith.me/reviews/39855,口コミ,reviews
https://schoolwith.me/reviews/39857,口コミ,reviews
https://schoolwith.me/reviews/39859,口コミ,reviews
https://schoolwith.me/reviews/39860,口コミ,reviews
https://schoolwith.me/reviews/39861,口コミ,reviews
https://schoolwith.me/reviews/39865,口コミ,reviews
https://schoolwith.me/reviews/39867,口コミ,reviews
https://schoolwith.me/reviews/39870,口コミ,reviews
https://schoolwith.me/reviews/39871,口コミ,reviews
https://schoolwith.me/reviews/39872,口コミ,reviews
https://schoolwith.me/reviews/39873,口コミ,reviews
https://schoolwith.me/reviews/39875,口コミ,reviews
https://schoolwith.me/reviews/39877,口コミ,reviews
https://schoolwith.me/reviews/39878,口コミ,reviews
https://schoolwith.me/reviews/39879,口コミ,reviews
https://schoolwith.me/reviews/39881,口コミ,reviews
https://schoolwith.me/reviews/39882,口コミ,reviews
https://schoolwith.me/reviews/39883,口コミ,reviews
https://schoolwith.me/reviews/39884,口コミ,reviews
https://schoolwith.me/reviews/39885,口コミ,reviews
https://schoolwith.me/reviews/39886,口コミ,reviews
https://schoolwith.me/reviews/39887,口コミ,reviews
https://schoolwith.me/reviews/39889,口コミ,reviews
https://schoolwith.me/reviews/39891,口コミ,reviews
https://schoolwith.me/reviews/39892,口コミ,reviews
https://schoolwith.me/reviews/39893,口コミ,reviews
https://schoolwith.me/reviews/39894,口コミ,reviews
https://schoolwith.me/reviews/39895,口コミ,reviews
https://schoolwith.me/reviews/39896,口コミ,reviews
https://schoolwith.me/reviews/39897,口コミ,reviews
https://schoolwith.me/reviews/39898,口コミ,reviews
https://schoolwith.me/reviews/39899,口コミ,reviews
https://schoolwith.me/reviews/39900,口コミ,reviews
https://schoolwith.me/reviews/39902,口コミ,reviews
https://schoolwith.me/reviews/39903,口コミ,reviews
https://schoolwith.me/reviews/39904,口コミ,reviews
https://schoolwith.me/reviews/39906,口コミ,reviews
https://schoolwith.me/reviews/39907,口コミ,reviews
https://schoolwith.me/reviews/39908,口コミ,reviews
https://schoolwith.me/reviews/39910,口コミ,reviews
https://schoolwith.me/reviews/39911,口コミ,reviews
https://schoolwith.me/reviews/39915,口コミ,reviews
https://schoolwith.me/reviews/39916,口コミ,reviews
https://schoolwith.me/reviews/39917,口コミ,reviews
https://schoolwith.me/reviews/39920,口コミ,reviews
https://schoolwith.me/reviews/39922,口コミ,reviews
https://schoolwith.me/reviews/39923,口コミ,reviews
https://schoolwith.me/reviews/39924,口コミ,reviews
https://schoolwith.me/reviews/39925,口コミ,reviews
https://schoolwith.me/reviews/39926,口コミ,reviews
https://schoolwith.me/reviews/39927,口コミ,reviews
https://schoolwith.me/reviews/39928,口コミ,reviews
https://schoolwith.me/reviews/39929,口コミ,reviews
https://schoolwith.me/reviews/39930,口コミ,reviews
https://schoolwith.me/reviews/39931,口コミ,reviews
https://schoolwith.me/reviews/39936,口コミ,reviews
https://schoolwith.me/reviews/39937,口コミ,reviews
https://schoolwith.me/reviews/39939,口コミ,reviews
https://schoolwith.me/reviews/39942,口コミ,reviews
https://schoolwith.me/reviews/39945,口コミ,reviews
https://schoolwith.me/reviews/39946,口コミ,reviews
https://schoolwith.me/reviews/39949,口コミ,reviews
https://schoolwith.me/reviews/39950,口コミ,reviews
https://schoolwith.me/reviews/39952,口コミ,reviews
https://schoolwith.me/reviews/39953,口コミ,reviews
https://schoolwith.me/reviews/39955,口コミ,reviews
https://schoolwith.me/reviews/39956,口コミ,reviews
https://schoolwith.me/reviews/39957,口コミ,reviews
https://schoolwith.me/reviews/39958,口コミ,reviews
https://schoolwith.me/reviews/39963,口コミ,reviews
https://schoolwith.me/reviews/39964,口コミ,reviews
https://schoolwith.me/reviews/39966,口コミ,reviews
https://schoolwith.me/reviews/39967,口コミ,reviews
https://schoolwith.me/reviews/39968,口コミ,reviews
https://schoolwith.me/reviews/39969,口コミ,reviews
https://schoolwith.me/reviews/39971,口コミ,reviews
https://schoolwith.me/reviews/39972,口コミ,reviews
https://schoolwith.me/reviews/39973,口コミ,reviews
https://schoolwith.me/reviews/39974,口コミ,reviews
https://schoolwith.me/reviews/39975,口コミ,reviews
https://schoolwith.me/reviews/39978,口コミ,reviews
https://schoolwith.me/reviews/39980,口コミ,reviews
https://schoolwith.me/reviews/39983,口コミ,reviews
https://schoolwith.me/reviews/39986,口コミ,reviews
https://schoolwith.me/reviews/39987,口コミ,reviews
https://schoolwith.me/reviews/39989,口コミ,reviews
https://schoolwith.me/reviews/39991,口コミ,reviews
https://schoolwith.me/reviews/39992,口コミ,reviews
https://schoolwith.me/reviews/39994,口コミ,reviews
https://schoolwith.me/reviews/39996,口コミ,reviews
https://schoolwith.me/reviews/39999,口コミ,reviews
https://schoolwith.me/reviews/40000,口コミ,reviews
https://schoolwith.me/reviews/40001,口コミ,reviews
https://schoolwith.me/reviews/40003,口コミ,reviews
https://schoolwith.me/reviews/40004,口コミ,reviews
https://schoolwith.me/reviews/40005,口コミ,reviews
https://schoolwith.me/reviews/40006,口コミ,reviews
https://schoolwith.me/reviews/40008,口コミ,reviews
https://schoolwith.me/reviews/40009,口コミ,reviews
https://schoolwith.me/reviews/40010,口コミ,reviews
https://schoolwith.me/reviews/40011,口コミ,reviews
https://schoolwith.me/reviews/40012,口コミ,reviews
https://schoolwith.me/reviews/40013,口コミ,reviews
https://schoolwith.me/reviews/40015,口コミ,reviews
https://schoolwith.me/reviews/40016,口コミ,reviews
https://schoolwith.me/reviews/40017,口コミ,reviews
https://schoolwith.me/reviews/40019,口コミ,reviews
https://schoolwith.me/reviews/40023,口コミ,reviews
https://schoolwith.me/reviews/40025,口コミ,reviews
https://schoolwith.me/reviews/40027,口コミ,reviews
https://schoolwith.me/reviews/40028,口コミ,reviews
https://schoolwith.me/reviews/40030,口コミ,reviews
https://schoolwith.me/reviews/40031,口コミ,reviews
https://schoolwith.me/reviews/40032,口コミ,reviews
https://schoolwith.me/reviews/40033,口コミ,reviews
https://schoolwith.me/reviews/40034,口コミ,reviews
https://schoolwith.me/reviews/40035,口コミ,reviews
https://schoolwith.me/reviews/40036,口コミ,reviews
https://schoolwith.me/reviews/40037,口コミ,reviews
https://schoolwith.me/reviews/40038,口コミ,reviews
https://schoolwith.me/reviews/40041,口コミ,reviews
https://schoolwith.me/reviews/40042,口コミ,reviews
https://schoolwith.me/reviews/40043,口コミ,reviews
https://schoolwith.me/reviews/40044,口コミ,reviews
https://schoolwith.me/reviews/40045,口コミ,reviews
https://schoolwith.me/reviews/40046,口コミ,reviews
https://schoolwith.me/reviews/40047,口コミ,reviews
https://schoolwith.me/reviews/40048,口コミ,reviews
https://schoolwith.me/reviews/40050,口コミ,reviews
https://schoolwith.me/reviews/40051,口コミ,reviews
https://schoolwith.me/reviews/40052,口コミ,reviews
https://schoolwith.me/reviews/40053,口コミ,reviews
https://schoolwith.me/reviews/40054,口コミ,reviews
https://schoolwith.me/reviews/40055,口コミ,reviews
https://schoolwith.me/reviews/40057,口コミ,reviews
https://schoolwith.me/reviews/40062,口コミ,reviews
https://schoolwith.me/reviews/40063,口コミ,reviews
https://schoolwith.me/reviews/40066,口コミ,reviews
https://schoolwith.me/reviews/40067,口コミ,reviews
https://schoolwith.me/reviews/40069,口コミ,reviews
https://schoolwith.me/reviews/40070,口コミ,reviews
https://schoolwith.me/reviews/40075,口コミ,reviews
https://schoolwith.me/reviews/40078,口コミ,reviews
https://schoolwith.me/reviews/40079,口コミ,reviews
https://schoolwith.me/reviews/40080,口コミ,reviews
https://schoolwith.me/reviews/40082,口コミ,reviews
https://schoolwith.me/reviews/40083,口コミ,reviews
https://schoolwith.me/reviews/40084,口コミ,reviews
https://schoolwith.me/reviews/40085,口コミ,reviews
https://schoolwith.me/reviews/40086,口コミ,reviews
https://schoolwith.me/reviews/40087,口コミ,reviews
https://schoolwith.me/reviews/40088,口コミ,reviews
https://schoolwith.me/reviews/40089,口コミ,reviews
https://schoolwith.me/reviews/40091,口コミ,reviews
https://schoolwith.me/reviews/40095,口コミ,reviews
https://schoolwith.me/reviews/40097,口コミ,reviews
https://schoolwith.me/reviews/40098,口コミ,reviews
https://schoolwith.me/reviews/40099,口コミ,reviews
https://schoolwith.me/reviews/40100,口コミ,reviews
https://schoolwith.me/reviews/40101,口コミ,reviews
https://schoolwith.me/reviews/40102,口コミ,reviews
https://schoolwith.me/reviews/40103,口コミ,reviews
https://schoolwith.me/reviews/40104,口コミ,reviews
https://schoolwith.me/reviews/40105,口コミ,reviews
https://schoolwith.me/reviews/40107,口コミ,reviews
https://schoolwith.me/reviews/40108,口コミ,reviews
https://schoolwith.me/reviews/40110,口コミ,reviews
https://schoolwith.me/reviews/40111,口コミ,reviews
https://schoolwith.me/reviews/40112,口コミ,reviews
https://schoolwith.me/reviews/40114,口コミ,reviews
https://schoolwith.me/reviews/40117,口コミ,reviews
https://schoolwith.me/reviews/40118,口コミ,reviews
https://schoolwith.me/reviews/40120,口コミ,reviews
https://schoolwith.me/reviews/40121,口コミ,reviews
https://schoolwith.me/reviews/40123,口コミ,reviews
https://schoolwith.me/reviews/40124,口コミ,reviews
https://schoolwith.me/reviews/40126,口コミ,reviews
https://schoolwith.me/reviews/40127,口コミ,reviews
https://schoolwith.me/reviews/40129,口コミ,reviews
https://schoolwith.me/reviews/40130,口コミ,reviews
https://schoolwith.me/reviews/40131,口コミ,reviews
https://schoolwith.me/reviews/40132,口コミ,reviews
https://schoolwith.me/reviews/40133,口コミ,reviews
https://schoolwith.me/reviews/40134,口コミ,reviews
https://schoolwith.me/reviews/40138,口コミ,reviews
https://schoolwith.me/reviews/40140,口コミ,reviews
https://schoolwith.me/reviews/40141,口コミ,reviews
https://schoolwith.me/reviews/40142,口コミ,reviews
https://schoolwith.me/reviews/40143,口コミ,reviews
https://schoolwith.me/reviews/40146,口コミ,reviews
https://schoolwith.me/reviews/40148,口コミ,reviews
https://schoolwith.me/reviews/40149,口コミ,reviews
https://schoolwith.me/reviews/40150,口コミ,reviews
https://schoolwith.me/reviews/40153,口コミ,reviews
https://schoolwith.me/reviews/40154,口コミ,reviews
https://schoolwith.me/reviews/40155,口コミ,reviews
https://schoolwith.me/reviews/40156,口コミ,reviews
https://schoolwith.me/reviews/40160,口コミ,reviews
https://schoolwith.me/reviews/40161,口コミ,reviews
https://schoolwith.me/reviews/40162,口コミ,reviews
https://schoolwith.me/reviews/40163,口コミ,reviews
https://schoolwith.me/reviews/40164,口コミ,reviews
https://schoolwith.me/reviews/40165,口コミ,reviews
https://schoolwith.me/reviews/40166,口コミ,reviews
https://schoolwith.me/reviews/40167,口コミ,reviews
https://schoolwith.me/reviews/40169,口コミ,reviews
https://schoolwith.me/reviews/40173,口コミ,reviews
https://schoolwith.me/reviews/40174,口コミ,reviews
https://schoolwith.me/reviews/40176,口コミ,reviews
https://schoolwith.me/reviews/40178,口コミ,reviews
https://schoolwith.me/reviews/40181,口コミ,reviews
https://schoolwith.me/reviews/40182,口コミ,reviews
https://schoolwith.me/reviews/40184,口コミ,reviews
https://schoolwith.me/reviews/40187,口コミ,reviews
https://schoolwith.me/reviews/40188,口コミ,reviews
https://schoolwith.me/reviews/40189,口コミ,reviews
https://schoolwith.me/reviews/40190,口コミ,reviews
https://schoolwith.me/reviews/40192,口コミ,reviews
https://schoolwith.me/reviews/40193,口コミ,reviews
https://schoolwith.me/reviews/40194,口コミ,reviews
https://schoolwith.me/reviews/40195,口コミ,reviews
https://schoolwith.me/reviews/40200,口コミ,reviews
https://schoolwith.me/reviews/40201,口コミ,reviews
https://schoolwith.me/reviews/40202,口コミ,reviews
https://schoolwith.me/reviews/40204,口コミ,reviews
https://schoolwith.me/reviews/40206,口コミ,reviews
https://schoolwith.me/reviews/40207,口コミ,reviews
https://schoolwith.me/reviews/40208,口コミ,reviews
https://schoolwith.me/reviews/40209,口コミ,reviews
https://schoolwith.me/reviews/40210,口コミ,reviews
https://schoolwith.me/reviews/40211,口コミ,reviews
https://schoolwith.me/reviews/40212,口コミ,reviews
https://schoolwith.me/reviews/40216,口コミ,reviews
https://schoolwith.me/reviews/40217,口コミ,reviews
https://schoolwith.me/reviews/40219,口コミ,reviews
https://schoolwith.me/reviews/40220,口コミ,reviews
https://schoolwith.me/reviews/40222,口コミ,reviews
https://schoolwith.me/reviews/40224,口コミ,reviews
https://schoolwith.me/reviews/40226,口コミ,reviews
https://schoolwith.me/reviews/40227,口コミ,reviews
https://schoolwith.me/reviews/40230,口コミ,reviews
https://schoolwith.me/reviews/40231,口コミ,reviews
https://schoolwith.me/reviews/40233,口コミ,reviews
https://schoolwith.me/reviews/40234,口コミ,reviews
https://schoolwith.me/reviews/40236,口コミ,reviews
https://schoolwith.me/reviews/40242,口コミ,reviews
https://schoolwith.me/reviews/40243,口コミ,reviews
https://schoolwith.me/reviews/40244,口コミ,reviews
https://schoolwith.me/reviews/40245,口コミ,reviews
https://schoolwith.me/reviews/40247,口コミ,reviews
https://schoolwith.me/reviews/40248,口コミ,reviews
https://schoolwith.me/reviews/40252,口コミ,reviews
https://schoolwith.me/reviews/40254,口コミ,reviews
https://schoolwith.me/reviews/40255,口コミ,reviews
https://schoolwith.me/reviews/40256,口コミ,reviews
https://schoolwith.me/reviews/40257,口コミ,reviews
https://schoolwith.me/reviews/40258,口コミ,reviews
https://schoolwith.me/reviews/40260,口コミ,reviews
https://schoolwith.me/reviews/40262,口コミ,reviews
https://schoolwith.me/reviews/40267,口コミ,reviews
https://schoolwith.me/reviews/40268,口コミ,reviews
https://schoolwith.me/reviews/40270,口コミ,reviews
https://schoolwith.me/reviews/40271,口コミ,reviews
https://schoolwith.me/reviews/40272,口コミ,reviews
https://schoolwith.me/reviews/40274,口コミ,reviews
https://schoolwith.me/reviews/40275,口コミ,reviews
https://schoolwith.me/reviews/40276,口コミ,reviews
https://schoolwith.me/reviews/40277,口コミ,reviews
https://schoolwith.me/reviews/40278,口コミ,reviews
https://schoolwith.me/reviews/40279,口コミ,reviews
https://schoolwith.me/reviews/40281,口コミ,reviews
https://schoolwith.me/reviews/40282,口コミ,reviews
https://schoolwith.me/reviews/40284,口コミ,reviews
https://schoolwith.me/reviews/40285,口コミ,reviews
https://schoolwith.me/reviews/40286,口コミ,reviews
https://schoolwith.me/reviews/40287,口コミ,reviews
https://schoolwith.me/reviews/40289,口コミ,reviews
https://schoolwith.me/reviews/40290,口コミ,reviews
https://schoolwith.me/reviews/40291,口コミ,reviews
https://schoolwith.me/reviews/40292,口コミ,reviews
https://schoolwith.me/reviews/40293,口コミ,reviews
https://schoolwith.me/reviews/40294,口コミ,reviews
https://schoolwith.me/reviews/40295,口コミ,reviews
https://schoolwith.me/reviews/40303,口コミ,reviews
https://schoolwith.me/reviews/40304,口コミ,reviews
https://schoolwith.me/reviews/40305,口コミ,reviews
https://schoolwith.me/reviews/40306,口コミ,reviews
https://schoolwith.me/reviews/40307,口コミ,reviews
https://schoolwith.me/reviews/40308,口コミ,reviews
https://schoolwith.me/reviews/40311,口コミ,reviews
https://schoolwith.me/reviews/40314,口コミ,reviews
https://schoolwith.me/reviews/40316,口コミ,reviews
https://schoolwith.me/reviews/40317,口コミ,reviews
https://schoolwith.me/reviews/40318,口コミ,reviews
https://schoolwith.me/reviews/40319,口コミ,reviews
https://schoolwith.me/reviews/40320,口コミ,reviews
https://schoolwith.me/reviews/40321,口コミ,reviews
https://schoolwith.me/reviews/40322,口コミ,reviews
https://schoolwith.me/reviews/40323,口コミ,reviews
https://schoolwith.me/reviews/40325,口コミ,reviews
https://schoolwith.me/reviews/40327,口コミ,reviews
https://schoolwith.me/reviews/40330,口コミ,reviews
https://schoolwith.me/reviews/40332,口コミ,reviews
https://schoolwith.me/reviews/40333,口コミ,reviews
https://schoolwith.me/reviews/40335,口コミ,reviews
https://schoolwith.me/reviews/40336,口コミ,reviews
https://schoolwith.me/reviews/40337,口コミ,reviews
https://schoolwith.me/reviews/40342,口コミ,reviews
https://schoolwith.me/reviews/40344,口コミ,reviews
https://schoolwith.me/reviews/40345,口コミ,reviews
https://schoolwith.me/reviews/40347,口コミ,reviews
https://schoolwith.me/reviews/40348,口コミ,reviews
https://schoolwith.me/reviews/40349,口コミ,reviews
https://schoolwith.me/reviews/40350,口コミ,reviews
https://schoolwith.me/reviews/40351,口コミ,reviews
https://schoolwith.me/reviews/40352,口コミ,reviews
https://schoolwith.me/reviews/40355,口コミ,reviews
https://schoolwith.me/reviews/40356,口コミ,reviews
https://schoolwith.me/reviews/40357,口コミ,reviews
https://schoolwith.me/reviews/40360,口コミ,reviews
https://schoolwith.me/reviews/40361,口コミ,reviews
https://schoolwith.me/reviews/40362,口コミ,reviews
https://schoolwith.me/reviews/40363,口コミ,reviews
https://schoolwith.me/reviews/40364,口コミ,reviews
https://schoolwith.me/reviews/40365,口コミ,reviews
https://schoolwith.me/reviews/40367,口コミ,reviews
https://schoolwith.me/reviews/40368,口コミ,reviews
https://schoolwith.me/reviews/40369,口コミ,reviews
https://schoolwith.me/reviews/40370,口コミ,reviews
https://schoolwith.me/reviews/40371,口コミ,reviews
https://schoolwith.me/reviews/40372,口コミ,reviews
https://schoolwith.me/reviews/40373,口コミ,reviews
https://schoolwith.me/reviews/40374,口コミ,reviews
https://schoolwith.me/reviews/40375,口コミ,reviews
https://schoolwith.me/reviews/40377,口コミ,reviews
https://schoolwith.me/reviews/40378,口コミ,reviews
https://schoolwith.me/reviews/40383,口コミ,reviews
https://schoolwith.me/reviews/40384,口コミ,reviews
https://schoolwith.me/reviews/40385,口コミ,reviews
https://schoolwith.me/reviews/40386,口コミ,reviews
https://schoolwith.me/reviews/40387,口コミ,reviews
https://schoolwith.me/reviews/40388,口コミ,reviews
https://schoolwith.me/reviews/40400,口コミ,reviews
https://schoolwith.me/reviews/40401,口コミ,reviews
https://schoolwith.me/reviews/40402,口コミ,reviews
https://schoolwith.me/reviews/40403,口コミ,reviews
https://schoolwith.me/reviews/40404,口コミ,reviews
https://schoolwith.me/reviews/40408,口コミ,reviews
https://schoolwith.me/reviews/40409,口コミ,reviews
https://schoolwith.me/reviews/40410,口コミ,reviews
https://schoolwith.me/reviews/40411,口コミ,reviews
https://schoolwith.me/reviews/40412,口コミ,reviews
https://schoolwith.me/reviews/40416,口コミ,reviews
https://schoolwith.me/reviews/40420,口コミ,reviews
https://schoolwith.me/reviews/40424,口コミ,reviews
https://schoolwith.me/reviews/40425,口コミ,reviews
https://schoolwith.me/reviews/40426,口コミ,reviews
https://schoolwith.me/reviews/40427,口コミ,reviews
https://schoolwith.me/reviews/40428,口コミ,reviews
https://schoolwith.me/reviews/40430,口コミ,reviews
https://schoolwith.me/reviews/40437,口コミ,reviews
https://schoolwith.me/reviews/40438,口コミ,reviews
https://schoolwith.me/reviews/40439,口コミ,reviews
https://schoolwith.me/reviews/40440,口コミ,reviews
https://schoolwith.me/reviews/40441,口コミ,reviews
https://schoolwith.me/reviews/40442,口コミ,reviews
https://schoolwith.me/reviews/40443,口コミ,reviews
https://schoolwith.me/reviews/40446,口コミ,reviews
https://schoolwith.me/reviews/40447,口コミ,reviews
https://schoolwith.me/reviews/40448,口コミ,reviews
https://schoolwith.me/reviews/40449,口コミ,reviews
https://schoolwith.me/reviews/40450,口コミ,reviews
https://schoolwith.me/reviews/40451,口コミ,reviews
https://schoolwith.me/reviews/40452,口コミ,reviews
https://schoolwith.me/reviews/40453,口コミ,reviews
https://schoolwith.me/reviews/40456,口コミ,reviews
https://schoolwith.me/reviews/40461,口コミ,reviews
https://schoolwith.me/reviews/40463,口コミ,reviews
https://schoolwith.me/reviews/40467,口コミ,reviews
https://schoolwith.me/reviews/40468,口コミ,reviews
https://schoolwith.me/reviews/40469,口コミ,reviews
https://schoolwith.me/reviews/40470,口コミ,reviews
https://schoolwith.me/reviews/40472,口コミ,reviews
https://schoolwith.me/reviews/40474,口コミ,reviews
https://schoolwith.me/reviews/40476,口コミ,reviews
https://schoolwith.me/reviews/40477,口コミ,reviews
https://schoolwith.me/reviews/40481,口コミ,reviews
https://schoolwith.me/reviews/40483,口コミ,reviews
https://schoolwith.me/reviews/40484,口コミ,reviews
https://schoolwith.me/reviews/40485,口コミ,reviews
https://schoolwith.me/reviews/40487,口コミ,reviews
https://schoolwith.me/reviews/40489,口コミ,reviews
https://schoolwith.me/reviews/40490,口コミ,reviews
https://schoolwith.me/reviews/40491,口コミ,reviews
https://schoolwith.me/reviews/40492,口コミ,reviews
https://schoolwith.me/reviews/40493,口コミ,reviews
https://schoolwith.me/reviews/40494,口コミ,reviews
https://schoolwith.me/reviews/40495,口コミ,reviews
https://schoolwith.me/reviews/40496,口コミ,reviews
https://schoolwith.me/reviews/40497,口コミ,reviews
https://schoolwith.me/reviews/40498,口コミ,reviews
https://schoolwith.me/reviews/40499,口コミ,reviews
https://schoolwith.me/reviews/40500,口コミ,reviews
https://schoolwith.me/reviews/40501,口コミ,reviews
https://schoolwith.me/reviews/40502,口コミ,reviews
https://schoolwith.me/reviews/40503,口コミ,reviews
https://schoolwith.me/reviews/40504,口コミ,reviews
https://schoolwith.me/reviews/40505,口コミ,reviews
https://schoolwith.me/reviews/40506,口コミ,reviews
https://schoolwith.me/reviews/40508,口コミ,reviews
https://schoolwith.me/reviews/40509,口コミ,reviews
https://schoolwith.me/reviews/40510,口コミ,reviews
https://schoolwith.me/reviews/40512,口コミ,reviews
https://schoolwith.me/reviews/40514,口コミ,reviews
https://schoolwith.me/reviews/40515,口コミ,reviews
https://schoolwith.me/reviews/40516,口コミ,reviews
https://schoolwith.me/reviews/40517,口コミ,reviews
https://schoolwith.me/reviews/40518,口コミ,reviews
https://schoolwith.me/reviews/40519,口コミ,reviews
https://schoolwith.me/reviews/40523,口コミ,reviews
https://schoolwith.me/reviews/40524,口コミ,reviews
https://schoolwith.me/reviews/40525,口コミ,reviews
https://schoolwith.me/reviews/40527,口コミ,reviews
https://schoolwith.me/reviews/40529,口コミ,reviews
https://schoolwith.me/reviews/40530,口コミ,reviews
https://schoolwith.me/reviews/40531,口コミ,reviews
https://schoolwith.me/reviews/40534,口コミ,reviews
https://schoolwith.me/reviews/40535,口コミ,reviews
https://schoolwith.me/reviews/40536,口コミ,reviews
https://schoolwith.me/reviews/40539,口コミ,reviews
https://schoolwith.me/reviews/40540,口コミ,reviews
https://schoolwith.me/reviews/40541,口コミ,reviews
https://schoolwith.me/reviews/40544,口コミ,reviews
https://schoolwith.me/reviews/40545,口コミ,reviews
https://schoolwith.me/reviews/40547,口コミ,reviews
https://schoolwith.me/reviews/40548,口コミ,reviews
https://schoolwith.me/reviews/40549,口コミ,reviews
https://schoolwith.me/reviews/40551,口コミ,reviews
https://schoolwith.me/reviews/40555,口コミ,reviews
https://schoolwith.me/reviews/40556,口コミ,reviews
https://schoolwith.me/reviews/40560,口コミ,reviews
https://schoolwith.me/reviews/40562,口コミ,reviews
https://schoolwith.me/reviews/40566,口コミ,reviews
https://schoolwith.me/reviews/40567,口コミ,reviews
https://schoolwith.me/reviews/40568,口コミ,reviews
https://schoolwith.me/reviews/40569,口コミ,reviews
https://schoolwith.me/reviews/40574,口コミ,reviews
https://schoolwith.me/reviews/40575,口コミ,reviews
https://schoolwith.me/reviews/40576,口コミ,reviews
https://schoolwith.me/reviews/40577,口コミ,reviews
https://schoolwith.me/reviews/40578,口コミ,reviews
https://schoolwith.me/reviews/40581,口コミ,reviews
https://schoolwith.me/reviews/40582,口コミ,reviews
https://schoolwith.me/reviews/40583,口コミ,reviews
https://schoolwith.me/reviews/40586,口コミ,reviews
https://schoolwith.me/reviews/40587,口コミ,reviews
https://schoolwith.me/reviews/40588,口コミ,reviews
https://schoolwith.me/reviews/40589,口コミ,reviews
https://schoolwith.me/reviews/40590,口コミ,reviews
https://schoolwith.me/reviews/40592,口コミ,reviews
https://schoolwith.me/reviews/40594,口コミ,reviews
https://schoolwith.me/reviews/40595,口コミ,reviews
https://schoolwith.me/reviews/40598,口コミ,reviews
https://schoolwith.me/reviews/40599,口コミ,reviews
https://schoolwith.me/reviews/40600,口コミ,reviews
https://schoolwith.me/reviews/40601,口コミ,reviews
https://schoolwith.me/reviews/40602,口コミ,reviews
https://schoolwith.me/reviews/40603,口コミ,reviews
https://schoolwith.me/reviews/40605,口コミ,reviews
https://schoolwith.me/reviews/40606,口コミ,reviews
https://schoolwith.me/reviews/40608,口コミ,reviews
https://schoolwith.me/reviews/40609,口コミ,reviews
https://schoolwith.me/reviews/40611,口コミ,reviews
https://schoolwith.me/reviews/40612,口コミ,reviews
https://schoolwith.me/reviews/40613,口コミ,reviews
https://schoolwith.me/reviews/40615,口コミ,reviews
https://schoolwith.me/reviews/40616,口コミ,reviews
https://schoolwith.me/reviews/40620,口コミ,reviews
https://schoolwith.me/reviews/40621,口コミ,reviews
https://schoolwith.me/reviews/40622,口コミ,reviews
https://schoolwith.me/reviews/40624,口コミ,reviews
https://schoolwith.me/reviews/40627,口コミ,reviews
https://schoolwith.me/reviews/40628,口コミ,reviews
https://schoolwith.me/reviews/40629,口コミ,reviews
https://schoolwith.me/reviews/40630,口コミ,reviews
https://schoolwith.me/reviews/40631,口コミ,reviews
https://schoolwith.me/reviews/40633,口コミ,reviews
https://schoolwith.me/reviews/40634,口コミ,reviews
https://schoolwith.me/reviews/40635,口コミ,reviews
https://schoolwith.me/reviews/40636,口コミ,reviews
https://schoolwith.me/reviews/40637,口コミ,reviews
https://schoolwith.me/reviews/40638,口コミ,reviews
https://schoolwith.me/reviews/40639,口コミ,reviews
https://schoolwith.me/reviews/40640,口コミ,reviews
https://schoolwith.me/reviews/40642,口コミ,reviews
https://schoolwith.me/reviews/40643,口コミ,reviews
https://schoolwith.me/reviews/40644,口コミ,reviews
https://schoolwith.me/reviews/40646,口コミ,reviews
https://schoolwith.me/reviews/40647,口コミ,reviews
https://schoolwith.me/reviews/40649,口コミ,reviews
https://schoolwith.me/reviews/40650,口コミ,reviews
https://schoolwith.me/reviews/40657,口コミ,reviews
https://schoolwith.me/reviews/40658,口コミ,reviews
https://schoolwith.me/reviews/40660,口コミ,reviews
https://schoolwith.me/reviews/40661,口コミ,reviews
https://schoolwith.me/reviews/40663,口コミ,reviews
https://schoolwith.me/reviews/40664,口コミ,reviews
https://schoolwith.me/reviews/40665,口コミ,reviews
https://schoolwith.me/reviews/40667,口コミ,reviews
https://schoolwith.me/reviews/40668,口コミ,reviews
https://schoolwith.me/reviews/40669,口コミ,reviews
https://schoolwith.me/reviews/40670,口コミ,reviews
https://schoolwith.me/reviews/40671,口コミ,reviews
https://schoolwith.me/reviews/40672,口コミ,reviews
https://schoolwith.me/reviews/40674,口コミ,reviews
https://schoolwith.me/reviews/40678,口コミ,reviews
https://schoolwith.me/reviews/40679,口コミ,reviews
https://schoolwith.me/reviews/40686,口コミ,reviews
https://schoolwith.me/reviews/40687,口コミ,reviews
https://schoolwith.me/reviews/40688,口コミ,reviews
https://schoolwith.me/reviews/40689,口コミ,reviews
https://schoolwith.me/reviews/40691,口コミ,reviews
https://schoolwith.me/reviews/40694,口コミ,reviews
https://schoolwith.me/reviews/40695,口コミ,reviews
https://schoolwith.me/reviews/40699,口コミ,reviews
https://schoolwith.me/reviews/40700,口コミ,reviews
https://schoolwith.me/reviews/40702,口コミ,reviews
https://schoolwith.me/reviews/40703,口コミ,reviews
https://schoolwith.me/reviews/40708,口コミ,reviews
https://schoolwith.me/reviews/40709,口コミ,reviews
https://schoolwith.me/reviews/40710,口コミ,reviews
https://schoolwith.me/reviews/40712,口コミ,reviews
https://schoolwith.me/reviews/40713,口コミ,reviews
https://schoolwith.me/reviews/40714,口コミ,reviews
https://schoolwith.me/reviews/40715,口コミ,reviews
https://schoolwith.me/reviews/40716,口コミ,reviews
https://schoolwith.me/reviews/40717,口コミ,reviews
https://schoolwith.me/reviews/40718,口コミ,reviews
https://schoolwith.me/reviews/40719,口コミ,reviews
https://schoolwith.me/reviews/40720,口コミ,reviews
https://schoolwith.me/reviews/40721,口コミ,reviews
https://schoolwith.me/reviews/40722,口コミ,reviews
https://schoolwith.me/reviews/40727,口コミ,reviews
https://schoolwith.me/reviews/40728,口コミ,reviews
https://schoolwith.me/reviews/40729,口コミ,reviews
https://schoolwith.me/reviews/40730,口コミ,reviews
https://schoolwith.me/reviews/40732,口コミ,reviews
https://schoolwith.me/reviews/40733,口コミ,reviews
https://schoolwith.me/reviews/40734,口コミ,reviews
https://schoolwith.me/reviews/40735,口コミ,reviews
https://schoolwith.me/reviews/40741,口コミ,reviews
https://schoolwith.me/reviews/40743,口コミ,reviews
https://schoolwith.me/reviews/40745,口コミ,reviews
https://schoolwith.me/reviews/40747,口コミ,reviews
https://schoolwith.me/reviews/40748,口コミ,reviews
https://schoolwith.me/reviews/40750,口コミ,reviews
https://schoolwith.me/reviews/40752,口コミ,reviews
https://schoolwith.me/reviews/40755,口コミ,reviews
https://schoolwith.me/reviews/40756,口コミ,reviews
https://schoolwith.me/reviews/40759,口コミ,reviews
https://schoolwith.me/reviews/40760,口コミ,reviews
https://schoolwith.me/reviews/40762,口コミ,reviews
https://schoolwith.me/reviews/40763,口コミ,reviews
https://schoolwith.me/reviews/40765,口コミ,reviews
https://schoolwith.me/reviews/40770,口コミ,reviews
https://schoolwith.me/reviews/40772,口コミ,reviews
https://schoolwith.me/reviews/40773,口コミ,reviews
https://schoolwith.me/reviews/40774,口コミ,reviews
https://schoolwith.me/reviews/40776,口コミ,reviews
https://schoolwith.me/reviews/40778,口コミ,reviews
https://schoolwith.me/reviews/40779,口コミ,reviews
https://schoolwith.me/reviews/40780,口コミ,reviews
https://schoolwith.me/reviews/40782,口コミ,reviews
https://schoolwith.me/reviews/40783,口コミ,reviews
https://schoolwith.me/reviews/40784,口コミ,reviews
https://schoolwith.me/reviews/40785,口コミ,reviews
https://schoolwith.me/reviews/40788,口コミ,reviews
https://schoolwith.me/reviews/40789,口コミ,reviews
https://schoolwith.me/reviews/40790,口コミ,reviews
https://schoolwith.me/reviews/40791,口コミ,reviews
https://schoolwith.me/reviews/40797,口コミ,reviews
https://schoolwith.me/reviews/40798,口コミ,reviews
https://schoolwith.me/reviews/40799,口コミ,reviews
https://schoolwith.me/reviews/40801,口コミ,reviews
https://schoolwith.me/reviews/40802,口コミ,reviews
https://schoolwith.me/reviews/40803,口コミ,reviews
https://schoolwith.me/reviews/40805,口コミ,reviews
https://schoolwith.me/reviews/40806,口コミ,reviews
https://schoolwith.me/reviews/40807,口コミ,reviews
https://schoolwith.me/reviews/40808,口コミ,reviews
https://schoolwith.me/reviews/40810,口コミ,reviews
https://schoolwith.me/reviews/40813,口コミ,reviews
https://schoolwith.me/reviews/40817,口コミ,reviews
https://schoolwith.me/reviews/40819,口コミ,reviews
https://schoolwith.me/reviews/40824,口コミ,reviews
https://schoolwith.me/reviews/40826,口コミ,reviews
https://schoolwith.me/reviews/40831,口コミ,reviews
https://schoolwith.me/reviews/40833,口コミ,reviews
https://schoolwith.me/reviews/40834,口コミ,reviews
https://schoolwith.me/reviews/40835,口コミ,reviews
https://schoolwith.me/reviews/40836,口コミ,reviews
https://schoolwith.me/reviews/40837,口コミ,reviews
https://schoolwith.me/reviews/40838,口コミ,reviews
https://schoolwith.me/reviews/40839,口コミ,reviews
https://schoolwith.me/reviews/40840,口コミ,reviews
https://schoolwith.me/reviews/40841,口コミ,reviews
https://schoolwith.me/reviews/40842,口コミ,reviews
https://schoolwith.me/reviews/40843,口コミ,reviews
https://schoolwith.me/reviews/40846,口コミ,reviews
https://schoolwith.me/reviews/40849,口コミ,reviews
https://schoolwith.me/reviews/40851,口コミ,reviews
https://schoolwith.me/reviews/40852,口コミ,reviews
https://schoolwith.me/reviews/40854,口コミ,reviews
https://schoolwith.me/reviews/40855,口コミ,reviews
https://schoolwith.me/reviews/40856,口コミ,reviews
https://schoolwith.me/reviews/40857,口コミ,reviews
https://schoolwith.me/reviews/40858,口コミ,reviews
https://schoolwith.me/reviews/40860,口コミ,reviews
https://schoolwith.me/reviews/40861,口コミ,reviews
https://schoolwith.me/reviews/40864,口コミ,reviews
https://schoolwith.me/reviews/40866,口コミ,reviews
https://schoolwith.me/reviews/40867,口コミ,reviews
https://schoolwith.me/reviews/40868,口コミ,reviews
https://schoolwith.me/reviews/40869,口コミ,reviews
https://schoolwith.me/reviews/40872,口コミ,reviews
https://schoolwith.me/reviews/40874,口コミ,reviews
https://schoolwith.me/reviews/40875,口コミ,reviews
https://schoolwith.me/reviews/40876,口コミ,reviews
https://schoolwith.me/reviews/40877,口コミ,reviews
https://schoolwith.me/reviews/40878,口コミ,reviews
https://schoolwith.me/reviews/40881,口コミ,reviews
https://schoolwith.me/reviews/40882,口コミ,reviews
https://schoolwith.me/reviews/40883,口コミ,reviews
https://schoolwith.me/reviews/40884,口コミ,reviews
https://schoolwith.me/reviews/40885,口コミ,reviews
https://schoolwith.me/reviews/40886,口コミ,reviews
https://schoolwith.me/reviews/40887,口コミ,reviews
https://schoolwith.me/reviews/40888,口コミ,reviews
https://schoolwith.me/reviews/40889,口コミ,reviews
https://schoolwith.me/reviews/40890,口コミ,reviews
https://schoolwith.me/reviews/40891,口コミ,reviews
https://schoolwith.me/reviews/40892,口コミ,reviews
https://schoolwith.me/reviews/40894,口コミ,reviews
https://schoolwith.me/reviews/40895,口コミ,reviews
https://schoolwith.me/reviews/40896,口コミ,reviews
https://schoolwith.me/reviews/40897,口コミ,reviews
https://schoolwith.me/reviews/40898,口コミ,reviews
https://schoolwith.me/reviews/40902,口コミ,reviews
https://schoolwith.me/reviews/40903,口コミ,reviews
https://schoolwith.me/reviews/40904,口コミ,reviews
https://schoolwith.me/reviews/40905,口コミ,reviews
https://schoolwith.me/reviews/40907,口コミ,reviews
https://schoolwith.me/reviews/40909,口コミ,reviews
https://schoolwith.me/reviews/40910,口コミ,reviews
https://schoolwith.me/reviews/40912,口コミ,reviews
https://schoolwith.me/reviews/40914,口コミ,reviews
https://schoolwith.me/reviews/40915,口コミ,reviews
https://schoolwith.me/reviews/40916,口コミ,reviews
https://schoolwith.me/reviews/40917,口コミ,reviews
https://schoolwith.me/reviews/40918,口コミ,reviews
https://schoolwith.me/reviews/40919,口コミ,reviews
https://schoolwith.me/reviews/40921,口コミ,reviews
https://schoolwith.me/reviews/40922,口コミ,reviews
https://schoolwith.me/reviews/40923,口コミ,reviews
https://schoolwith.me/reviews/40924,口コミ,reviews
https://schoolwith.me/reviews/40925,口コミ,reviews
https://schoolwith.me/reviews/40926,口コミ,reviews
https://schoolwith.me/reviews/40927,口コミ,reviews
https://schoolwith.me/reviews/40928,口コミ,reviews
https://schoolwith.me/reviews/40930,口コミ,reviews
https://schoolwith.me/reviews/40931,口コミ,reviews
https://schoolwith.me/reviews/40933,口コミ,reviews
https://schoolwith.me/reviews/40934,口コミ,reviews
https://schoolwith.me/reviews/40936,口コミ,reviews
https://schoolwith.me/reviews/40939,口コミ,reviews
https://schoolwith.me/reviews/40940,口コミ,reviews
https://schoolwith.me/reviews/40941,口コミ,reviews
https://schoolwith.me/reviews/40942,口コミ,reviews
https://schoolwith.me/reviews/40943,口コミ,reviews
https://schoolwith.me/reviews/40945,口コミ,reviews
https://schoolwith.me/reviews/40951,口コミ,reviews
https://schoolwith.me/reviews/40952,口コミ,reviews
https://schoolwith.me/reviews/40953,口コミ,reviews
https://schoolwith.me/reviews/40956,口コミ,reviews
https://schoolwith.me/reviews/40957,口コミ,reviews
https://schoolwith.me/reviews/40961,口コミ,reviews
https://schoolwith.me/reviews/40962,口コミ,reviews
https://schoolwith.me/reviews/40964,口コミ,reviews
https://schoolwith.me/reviews/40968,口コミ,reviews
https://schoolwith.me/reviews/40969,口コミ,reviews
https://schoolwith.me/reviews/40971,口コミ,reviews
https://schoolwith.me/reviews/40972,口コミ,reviews
https://schoolwith.me/reviews/40973,口コミ,reviews
https://schoolwith.me/reviews/40974,口コミ,reviews
https://schoolwith.me/reviews/40975,口コミ,reviews
https://schoolwith.me/reviews/40976,口コミ,reviews
https://schoolwith.me/reviews/40983,口コミ,reviews
https://schoolwith.me/reviews/40984,口コミ,reviews
https://schoolwith.me/reviews/40986,口コミ,reviews
https://schoolwith.me/reviews/40987,口コミ,reviews
https://schoolwith.me/reviews/40990,口コミ,reviews
https://schoolwith.me/reviews/40991,口コミ,reviews
https://schoolwith.me/reviews/40994,口コミ,reviews
https://schoolwith.me/reviews/40995,口コミ,reviews
https://schoolwith.me/reviews/40996,口コミ,reviews
https://schoolwith.me/reviews/40997,口コミ,reviews
https://schoolwith.me/reviews/40998,口コミ,reviews
https://schoolwith.me/reviews/40999,口コミ,reviews
https://schoolwith.me/reviews/41005,口コミ,reviews
https://schoolwith.me/reviews/41006,口コミ,reviews
https://schoolwith.me/reviews/41007,口コミ,reviews
https://schoolwith.me/reviews/41008,口コミ,reviews
https://schoolwith.me/reviews/41010,口コミ,reviews
https://schoolwith.me/reviews/41012,口コミ,reviews
https://schoolwith.me/reviews/41013,口コミ,reviews
https://schoolwith.me/reviews/41014,口コミ,reviews
https://schoolwith.me/reviews/41015,口コミ,reviews
https://schoolwith.me/reviews/41016,口コミ,reviews
https://schoolwith.me/reviews/41017,口コミ,reviews
https://schoolwith.me/reviews/41018,口コミ,reviews
https://schoolwith.me/reviews/41019,口コミ,reviews
https://schoolwith.me/reviews/41021,口コミ,reviews
https://schoolwith.me/reviews/41025,口コミ,reviews
https://schoolwith.me/reviews/41026,口コミ,reviews
https://schoolwith.me/reviews/41027,口コミ,reviews
https://schoolwith.me/reviews/41029,口コミ,reviews
https://schoolwith.me/reviews/41031,口コミ,reviews
https://schoolwith.me/reviews/41032,口コミ,reviews
https://schoolwith.me/reviews/41035,口コミ,reviews
https://schoolwith.me/reviews/41038,口コミ,reviews
https://schoolwith.me/reviews/41039,口コミ,reviews
https://schoolwith.me/reviews/41041,口コミ,reviews
https://schoolwith.me/reviews/41043,口コミ,reviews
https://schoolwith.me/reviews/41045,口コミ,reviews
https://schoolwith.me/reviews/41046,口コミ,reviews
https://schoolwith.me/reviews/41050,口コミ,reviews
https://schoolwith.me/reviews/41051,口コミ,reviews
https://schoolwith.me/reviews/41052,口コミ,reviews
https://schoolwith.me/reviews/41053,口コミ,reviews
https://schoolwith.me/reviews/41054,口コミ,reviews
https://schoolwith.me/reviews/41055,口コミ,reviews
https://schoolwith.me/reviews/41058,口コミ,reviews
https://schoolwith.me/reviews/41059,口コミ,reviews
https://schoolwith.me/reviews/41062,口コミ,reviews
https://schoolwith.me/reviews/41063,口コミ,reviews
https://schoolwith.me/reviews/41064,口コミ,reviews
https://schoolwith.me/reviews/41068,口コミ,reviews
https://schoolwith.me/reviews/41069,口コミ,reviews
https://schoolwith.me/reviews/41071,口コミ,reviews
https://schoolwith.me/reviews/41072,口コミ,reviews
https://schoolwith.me/reviews/41073,口コミ,reviews
https://schoolwith.me/reviews/41074,口コミ,reviews
https://schoolwith.me/reviews/41075,口コミ,reviews
https://schoolwith.me/reviews/41076,口コミ,reviews
https://schoolwith.me/reviews/41080,口コミ,reviews
https://schoolwith.me/reviews/41085,口コミ,reviews
https://schoolwith.me/reviews/41086,口コミ,reviews
https://schoolwith.me/reviews/41092,口コミ,reviews
https://schoolwith.me/reviews/41094,口コミ,reviews
https://schoolwith.me/reviews/41096,口コミ,reviews
https://schoolwith.me/reviews/41097,口コミ,reviews
https://schoolwith.me/reviews/41099,口コミ,reviews
https://schoolwith.me/reviews/41101,口コミ,reviews
https://schoolwith.me/reviews/41103,口コミ,reviews
https://schoolwith.me/reviews/41105,口コミ,reviews
https://schoolwith.me/reviews/41106,口コミ,reviews
https://schoolwith.me/reviews/41107,口コミ,reviews
https://schoolwith.me/reviews/41109,口コミ,reviews
https://schoolwith.me/reviews/41110,口コミ,reviews
https://schoolwith.me/reviews/41111,口コミ,reviews
https://schoolwith.me/reviews/41112,口コミ,reviews
https://schoolwith.me/reviews/41113,口コミ,reviews
https://schoolwith.me/reviews/41117,口コミ,reviews
https://schoolwith.me/reviews/41118,口コミ,reviews
https://schoolwith.me/reviews/41119,口コミ,reviews
https://schoolwith.me/reviews/41120,口コミ,reviews
https://schoolwith.me/reviews/41121,口コミ,reviews
https://schoolwith.me/reviews/41122,口コミ,reviews
https://schoolwith.me/reviews/41124,口コミ,reviews
https://schoolwith.me/reviews/41125,口コミ,reviews
https://schoolwith.me/reviews/41129,口コミ,reviews
https://schoolwith.me/reviews/41130,口コミ,reviews
https://schoolwith.me/reviews/41131,口コミ,reviews
https://schoolwith.me/reviews/41132,口コミ,reviews
https://schoolwith.me/reviews/41136,口コミ,reviews
https://schoolwith.me/reviews/41138,口コミ,reviews
https://schoolwith.me/reviews/41139,口コミ,reviews
https://schoolwith.me/reviews/41140,口コミ,reviews
https://schoolwith.me/reviews/41142,口コミ,reviews
https://schoolwith.me/reviews/41143,口コミ,reviews
https://schoolwith.me/reviews/41144,口コミ,reviews
https://schoolwith.me/reviews/41147,口コミ,reviews
https://schoolwith.me/reviews/41148,口コミ,reviews
https://schoolwith.me/reviews/41149,口コミ,reviews
https://schoolwith.me/reviews/41150,口コミ,reviews
https://schoolwith.me/reviews/41153,口コミ,reviews
https://schoolwith.me/reviews/41160,口コミ,reviews
https://schoolwith.me/reviews/41161,口コミ,reviews
https://schoolwith.me/reviews/41165,口コミ,reviews
https://schoolwith.me/reviews/41168,口コミ,reviews
https://schoolwith.me/reviews/41169,口コミ,reviews
https://schoolwith.me/reviews/41170,口コミ,reviews
https://schoolwith.me/reviews/41172,口コミ,reviews
https://schoolwith.me/reviews/41173,口コミ,reviews
https://schoolwith.me/reviews/41174,口コミ,reviews
https://schoolwith.me/reviews/41177,口コミ,reviews
https://schoolwith.me/reviews/41178,口コミ,reviews
https://schoolwith.me/reviews/41179,口コミ,reviews
https://schoolwith.me/reviews/41181,口コミ,reviews
https://schoolwith.me/reviews/41186,口コミ,reviews
https://schoolwith.me/reviews/41188,口コミ,reviews
https://schoolwith.me/reviews/41192,口コミ,reviews
https://schoolwith.me/reviews/41193,口コミ,reviews
https://schoolwith.me/reviews/41194,口コミ,reviews
https://schoolwith.me/reviews/41196,口コミ,reviews
https://schoolwith.me/reviews/41197,口コミ,reviews
https://schoolwith.me/reviews/41198,口コミ,reviews
https://schoolwith.me/reviews/41199,口コミ,reviews
https://schoolwith.me/reviews/41202,口コミ,reviews
https://schoolwith.me/reviews/41203,口コミ,reviews
https://schoolwith.me/reviews/41204,口コミ,reviews
https://schoolwith.me/reviews/41206,口コミ,reviews
https://schoolwith.me/reviews/41207,口コミ,reviews
https://schoolwith.me/reviews/41209,口コミ,reviews
https://schoolwith.me/reviews/41213,口コミ,reviews
https://schoolwith.me/reviews/41215,口コミ,reviews
https://schoolwith.me/reviews/41217,口コミ,reviews
https://schoolwith.me/reviews/41218,口コミ,reviews
https://schoolwith.me/reviews/41219,口コミ,reviews
https://schoolwith.me/reviews/41220,口コミ,reviews
https://schoolwith.me/reviews/41222,口コミ,reviews
https://schoolwith.me/reviews/41224,口コミ,reviews
https://schoolwith.me/reviews/41225,口コミ,reviews
https://schoolwith.me/reviews/41226,口コミ,reviews
https://schoolwith.me/reviews/41230,口コミ,reviews
https://schoolwith.me/reviews/41231,口コミ,reviews
https://schoolwith.me/reviews/41236,口コミ,reviews
https://schoolwith.me/reviews/41238,口コミ,reviews
https://schoolwith.me/reviews/41239,口コミ,reviews
https://schoolwith.me/reviews/41242,口コミ,reviews
https://schoolwith.me/reviews/41245,口コミ,reviews
https://schoolwith.me/reviews/41248,口コミ,reviews
https://schoolwith.me/reviews/41250,口コミ,reviews
https://schoolwith.me/reviews/41253,口コミ,reviews
https://schoolwith.me/reviews/41254,口コミ,reviews
https://schoolwith.me/reviews/41255,口コミ,reviews
https://schoolwith.me/reviews/41257,口コミ,reviews
https://schoolwith.me/reviews/41259,口コミ,reviews
https://schoolwith.me/reviews/41260,口コミ,reviews
https://schoolwith.me/reviews/41261,口コミ,reviews
https://schoolwith.me/reviews/41262,口コミ,reviews
https://schoolwith.me/reviews/41263,口コミ,reviews
https://schoolwith.me/reviews/41266,口コミ,reviews
https://schoolwith.me/reviews/41269,口コミ,reviews
https://schoolwith.me/reviews/41272,口コミ,reviews
https://schoolwith.me/reviews/41273,口コミ,reviews
https://schoolwith.me/reviews/41274,口コミ,reviews
https://schoolwith.me/reviews/41275,口コミ,reviews
https://schoolwith.me/reviews/41281,口コミ,reviews
https://schoolwith.me/reviews/41283,口コミ,reviews
https://schoolwith.me/reviews/41284,口コミ,reviews
https://schoolwith.me/reviews/41288,口コミ,reviews
https://schoolwith.me/reviews/41289,口コミ,reviews
https://schoolwith.me/reviews/41290,口コミ,reviews
https://schoolwith.me/reviews/41291,口コミ,reviews
https://schoolwith.me/reviews/41293,口コミ,reviews
https://schoolwith.me/reviews/41294,口コミ,reviews
https://schoolwith.me/reviews/41297,口コミ,reviews
https://schoolwith.me/reviews/41298,口コミ,reviews
https://schoolwith.me/reviews/41299,口コミ,reviews
https://schoolwith.me/reviews/41302,口コミ,reviews
https://schoolwith.me/reviews/41303,口コミ,reviews
https://schoolwith.me/reviews/41304,口コミ,reviews
https://schoolwith.me/reviews/41308,口コミ,reviews
https://schoolwith.me/reviews/41309,口コミ,reviews
https://schoolwith.me/reviews/41310,口コミ,reviews
https://schoolwith.me/reviews/41316,口コミ,reviews
https://schoolwith.me/reviews/41320,口コミ,reviews
https://schoolwith.me/reviews/41325,口コミ,reviews
https://schoolwith.me/reviews/41326,口コミ,reviews
https://schoolwith.me/reviews/41329,口コミ,reviews
https://schoolwith.me/reviews/41332,口コミ,reviews
https://schoolwith.me/reviews/41335,口コミ,reviews
https://schoolwith.me/reviews/41336,口コミ,reviews
https://schoolwith.me/reviews/41338,口コミ,reviews
https://schoolwith.me/reviews/41339,口コミ,reviews
https://schoolwith.me/reviews/41340,口コミ,reviews
https://schoolwith.me/reviews/41341,口コミ,reviews
https://schoolwith.me/reviews/41342,口コミ,reviews
https://schoolwith.me/reviews/41343,口コミ,reviews
https://schoolwith.me/reviews/41345,口コミ,reviews
https://schoolwith.me/reviews/41346,口コミ,reviews
https://schoolwith.me/reviews/41348,口コミ,reviews
https://schoolwith.me/reviews/41351,口コミ,reviews
https://schoolwith.me/reviews/41352,口コミ,reviews
https://schoolwith.me/reviews/41353,口コミ,reviews
https://schoolwith.me/reviews/41354,口コミ,reviews
https://schoolwith.me/reviews/41356,口コミ,reviews
https://schoolwith.me/reviews/41357,口コミ,reviews
https://schoolwith.me/reviews/41359,口コミ,reviews
https://schoolwith.me/reviews/41360,口コミ,reviews
https://schoolwith.me/reviews/41361,口コミ,reviews
https://schoolwith.me/reviews/41362,口コミ,reviews
https://schoolwith.me/reviews/41364,口コミ,reviews
https://schoolwith.me/reviews/41365,口コミ,reviews
https://schoolwith.me/reviews/41369,口コミ,reviews
https://schoolwith.me/reviews/41370,口コミ,reviews
https://schoolwith.me/reviews/41375,口コミ,reviews
https://schoolwith.me/reviews/41376,口コミ,reviews
https://schoolwith.me/reviews/41377,口コミ,reviews
https://schoolwith.me/reviews/41381,口コミ,reviews
https://schoolwith.me/reviews/41382,口コミ,reviews
https://schoolwith.me/reviews/41385,口コミ,reviews
https://schoolwith.me/reviews/41386,口コミ,reviews
https://schoolwith.me/reviews/41390,口コミ,reviews
https://schoolwith.me/reviews/41391,口コミ,reviews
https://schoolwith.me/reviews/41392,口コミ,reviews
https://schoolwith.me/reviews/41394,口コミ,reviews
https://schoolwith.me/reviews/41395,口コミ,reviews
https://schoolwith.me/reviews/41396,口コミ,reviews
https://schoolwith.me/reviews/41398,口コミ,reviews
https://schoolwith.me/reviews/41399,口コミ,reviews
https://schoolwith.me/reviews/41402,口コミ,reviews
https://schoolwith.me/reviews/41404,口コミ,reviews
https://schoolwith.me/reviews/41407,口コミ,reviews
https://schoolwith.me/reviews/41408,口コミ,reviews
https://schoolwith.me/reviews/41413,口コミ,reviews
https://schoolwith.me/reviews/41416,口コミ,reviews
https://schoolwith.me/reviews/41417,口コミ,reviews
https://schoolwith.me/reviews/41419,口コミ,reviews
https://schoolwith.me/reviews/41420,口コミ,reviews
https://schoolwith.me/reviews/41421,口コミ,reviews
https://schoolwith.me/reviews/41422,口コミ,reviews
https://schoolwith.me/reviews/41423,口コミ,reviews
https://schoolwith.me/reviews/41425,口コミ,reviews
https://schoolwith.me/reviews/41426,口コミ,reviews
https://schoolwith.me/reviews/41429,口コミ,reviews
https://schoolwith.me/reviews/41433,口コミ,reviews
https://schoolwith.me/reviews/41437,口コミ,reviews
https://schoolwith.me/reviews/41440,口コミ,reviews
https://schoolwith.me/reviews/41441,口コミ,reviews
https://schoolwith.me/reviews/41445,口コミ,reviews
https://schoolwith.me/reviews/41449,口コミ,reviews
https://schoolwith.me/reviews/41451,口コミ,reviews
https://schoolwith.me/reviews/41454,口コミ,reviews
https://schoolwith.me/reviews/41455,口コミ,reviews
https://schoolwith.me/reviews/41456,口コミ,reviews
https://schoolwith.me/reviews/41457,口コミ,reviews
https://schoolwith.me/reviews/41458,口コミ,reviews
https://schoolwith.me/reviews/41459,口コミ,reviews
https://schoolwith.me/reviews/41460,口コミ,reviews
https://schoolwith.me/reviews/41461,口コミ,reviews
https://schoolwith.me/reviews/41464,口コミ,reviews
https://schoolwith.me/reviews/41466,口コミ,reviews
https://schoolwith.me/reviews/41467,口コミ,reviews
https://schoolwith.me/reviews/41468,口コミ,reviews
https://schoolwith.me/reviews/41470,口コミ,reviews
https://schoolwith.me/reviews/41472,口コミ,reviews
https://schoolwith.me/reviews/41476,口コミ,reviews
https://schoolwith.me/reviews/41477,口コミ,reviews
https://schoolwith.me/reviews/41479,口コミ,reviews
https://schoolwith.me/reviews/41482,口コミ,reviews
https://schoolwith.me/reviews/41483,口コミ,reviews
https://schoolwith.me/reviews/41484,口コミ,reviews
https://schoolwith.me/reviews/41485,口コミ,reviews
https://schoolwith.me/reviews/41486,口コミ,reviews
https://schoolwith.me/reviews/41487,口コミ,reviews
https://schoolwith.me/reviews/41489,口コミ,reviews
https://schoolwith.me/reviews/41490,口コミ,reviews
https://schoolwith.me/reviews/41493,口コミ,reviews
https://schoolwith.me/reviews/41494,口コミ,reviews
https://schoolwith.me/reviews/41500,口コミ,reviews
https://schoolwith.me/reviews/41501,口コミ,reviews
https://schoolwith.me/reviews/41502,口コミ,reviews
https://schoolwith.me/reviews/41504,口コミ,reviews
https://schoolwith.me/reviews/41505,口コミ,reviews
https://schoolwith.me/reviews/41506,口コミ,reviews
https://schoolwith.me/reviews/41507,口コミ,reviews
https://schoolwith.me/reviews/41508,口コミ,reviews
https://schoolwith.me/reviews/41509,口コミ,reviews
https://schoolwith.me/reviews/41510,口コミ,reviews
https://schoolwith.me/reviews/41511,口コミ,reviews
https://schoolwith.me/reviews/41512,口コミ,reviews
https://schoolwith.me/reviews/41513,口コミ,reviews
https://schoolwith.me/reviews/41514,口コミ,reviews
https://schoolwith.me/reviews/41515,口コミ,reviews
https://schoolwith.me/reviews/41516,口コミ,reviews
https://schoolwith.me/reviews/41519,口コミ,reviews
https://schoolwith.me/reviews/41520,口コミ,reviews
https://schoolwith.me/reviews/41526,口コミ,reviews
https://schoolwith.me/reviews/41527,口コミ,reviews
https://schoolwith.me/reviews/41530,口コミ,reviews
https://schoolwith.me/reviews/41532,口コミ,reviews
https://schoolwith.me/reviews/41533,口コミ,reviews
https://schoolwith.me/reviews/41534,口コミ,reviews
https://schoolwith.me/reviews/41536,口コミ,reviews
https://schoolwith.me/reviews/41537,口コミ,reviews
https://schoolwith.me/reviews/41538,口コミ,reviews
https://schoolwith.me/reviews/41540,口コミ,reviews
https://schoolwith.me/reviews/41541,口コミ,reviews
https://schoolwith.me/reviews/41542,口コミ,reviews
https://schoolwith.me/reviews/41543,口コミ,reviews
https://schoolwith.me/reviews/41544,口コミ,reviews
https://schoolwith.me/reviews/41545,口コミ,reviews
https://schoolwith.me/reviews/41549,口コミ,reviews
https://schoolwith.me/reviews/41551,口コミ,reviews
https://schoolwith.me/reviews/41552,口コミ,reviews
https://schoolwith.me/reviews/41553,口コミ,reviews
https://schoolwith.me/reviews/41555,口コミ,reviews
https://schoolwith.me/reviews/41558,口コミ,reviews
https://schoolwith.me/reviews/41561,口コミ,reviews
https://schoolwith.me/reviews/41562,口コミ,reviews
https://schoolwith.me/reviews/41563,口コミ,reviews
https://schoolwith.me/reviews/41564,口コミ,reviews
https://schoolwith.me/reviews/41567,口コミ,reviews
https://schoolwith.me/reviews/41568,口コミ,reviews
https://schoolwith.me/reviews/41569,口コミ,reviews
https://schoolwith.me/reviews/41572,口コミ,reviews
https://schoolwith.me/reviews/41573,口コミ,reviews
https://schoolwith.me/reviews/41574,口コミ,reviews
https://schoolwith.me/reviews/41578,口コミ,reviews
https://schoolwith.me/reviews/41579,口コミ,reviews
https://schoolwith.me/reviews/41582,口コミ,reviews
https://schoolwith.me/reviews/41584,口コミ,reviews
https://schoolwith.me/reviews/41586,口コミ,reviews
https://schoolwith.me/reviews/41587,口コミ,reviews
https://schoolwith.me/reviews/41588,口コミ,reviews
https://schoolwith.me/reviews/41590,口コミ,reviews
https://schoolwith.me/reviews/41592,口コミ,reviews
https://schoolwith.me/reviews/41594,口コミ,reviews
https://schoolwith.me/reviews/41598,口コミ,reviews
https://schoolwith.me/reviews/41602,口コミ,reviews
https://schoolwith.me/reviews/41603,口コミ,reviews
https://schoolwith.me/reviews/41605,口コミ,reviews
https://schoolwith.me/reviews/41606,口コミ,reviews
https://schoolwith.me/reviews/41607,口コミ,reviews
https://schoolwith.me/reviews/41608,口コミ,reviews
https://schoolwith.me/reviews/41609,口コミ,reviews
https://schoolwith.me/reviews/41612,口コミ,reviews
https://schoolwith.me/reviews/41614,口コミ,reviews
https://schoolwith.me/reviews/41619,口コミ,reviews
https://schoolwith.me/reviews/41620,口コミ,reviews
https://schoolwith.me/reviews/41622,口コミ,reviews
https://schoolwith.me/reviews/41624,口コミ,reviews
https://schoolwith.me/reviews/41625,口コミ,reviews
https://schoolwith.me/reviews/41628,口コミ,reviews
https://schoolwith.me/reviews/41630,口コミ,reviews
https://schoolwith.me/reviews/41631,口コミ,reviews
https://schoolwith.me/reviews/41632,口コミ,reviews
https://schoolwith.me/reviews/41633,口コミ,reviews
https://schoolwith.me/reviews/41634,口コミ,reviews
https://schoolwith.me/reviews/41635,口コミ,reviews
https://schoolwith.me/reviews/41636,口コミ,reviews
https://schoolwith.me/reviews/41637,口コミ,reviews
https://schoolwith.me/reviews/41638,口コミ,reviews
https://schoolwith.me/reviews/41639,口コミ,reviews
https://schoolwith.me/reviews/41640,口コミ,reviews
https://schoolwith.me/reviews/41643,口コミ,reviews
https://schoolwith.me/reviews/41644,口コミ,reviews
https://schoolwith.me/reviews/41645,口コミ,reviews
https://schoolwith.me/reviews/41649,口コミ,reviews
https://schoolwith.me/reviews/41651,口コミ,reviews
https://schoolwith.me/reviews/41652,口コミ,reviews
https://schoolwith.me/reviews/41654,口コミ,reviews
https://schoolwith.me/reviews/41655,口コミ,reviews
https://schoolwith.me/reviews/41656,口コミ,reviews
https://schoolwith.me/reviews/41659,口コミ,reviews
https://schoolwith.me/reviews/41660,口コミ,reviews
https://schoolwith.me/reviews/41661,口コミ,reviews
https://schoolwith.me/reviews/41664,口コミ,reviews
https://schoolwith.me/reviews/41665,口コミ,reviews
https://schoolwith.me/reviews/41669,口コミ,reviews
https://schoolwith.me/reviews/41673,口コミ,reviews
https://schoolwith.me/reviews/41674,口コミ,reviews
https://schoolwith.me/reviews/41676,口コミ,reviews
https://schoolwith.me/reviews/41677,口コミ,reviews
https://schoolwith.me/reviews/41679,口コミ,reviews
https://schoolwith.me/reviews/41680,口コミ,reviews
https://schoolwith.me/reviews/41681,口コミ,reviews
https://schoolwith.me/reviews/41682,口コミ,reviews
https://schoolwith.me/reviews/41683,口コミ,reviews
https://schoolwith.me/reviews/41684,口コミ,reviews
https://schoolwith.me/reviews/41685,口コミ,reviews
https://schoolwith.me/reviews/41686,口コミ,reviews
https://schoolwith.me/reviews/41688,口コミ,reviews
https://schoolwith.me/reviews/41689,口コミ,reviews
https://schoolwith.me/reviews/41690,口コミ,reviews
https://schoolwith.me/reviews/41691,口コミ,reviews
https://schoolwith.me/reviews/41692,口コミ,reviews
https://schoolwith.me/reviews/41693,口コミ,reviews
https://schoolwith.me/reviews/41694,口コミ,reviews
https://schoolwith.me/reviews/41697,口コミ,reviews
https://schoolwith.me/reviews/41700,口コミ,reviews
https://schoolwith.me/reviews/41702,口コミ,reviews
https://schoolwith.me/reviews/41705,口コミ,reviews
https://schoolwith.me/reviews/41707,口コミ,reviews
https://schoolwith.me/reviews/41710,口コミ,reviews
https://schoolwith.me/reviews/41713,口コミ,reviews
https://schoolwith.me/reviews/41715,口コミ,reviews
https://schoolwith.me/reviews/41716,口コミ,reviews
https://schoolwith.me/reviews/41717,口コミ,reviews
https://schoolwith.me/reviews/41718,口コミ,reviews
https://schoolwith.me/reviews/41720,口コミ,reviews
https://schoolwith.me/reviews/41721,口コミ,reviews
https://schoolwith.me/reviews/41724,口コミ,reviews
https://schoolwith.me/reviews/41726,口コミ,reviews
https://schoolwith.me/reviews/41727,口コミ,reviews
https://schoolwith.me/reviews/41728,口コミ,reviews
https://schoolwith.me/reviews/41730,口コミ,reviews
https://schoolwith.me/reviews/41733,口コミ,reviews
https://schoolwith.me/reviews/41734,口コミ,reviews
https://schoolwith.me/reviews/41735,口コミ,reviews
https://schoolwith.me/reviews/41736,口コミ,reviews
https://schoolwith.me/reviews/41739,口コミ,reviews
https://schoolwith.me/reviews/41740,口コミ,reviews
https://schoolwith.me/reviews/41741,口コミ,reviews
https://schoolwith.me/reviews/41742,口コミ,reviews
https://schoolwith.me/reviews/41743,口コミ,reviews
https://schoolwith.me/reviews/41744,口コミ,reviews
https://schoolwith.me/reviews/41746,口コミ,reviews
https://schoolwith.me/reviews/41748,口コミ,reviews
https://schoolwith.me/reviews/41751,口コミ,reviews
https://schoolwith.me/reviews/41754,口コミ,reviews
https://schoolwith.me/reviews/41756,口コミ,reviews
https://schoolwith.me/reviews/41759,口コミ,reviews
https://schoolwith.me/reviews/41761,口コミ,reviews
https://schoolwith.me/reviews/41765,口コミ,reviews
https://schoolwith.me/reviews/41766,口コミ,reviews
https://schoolwith.me/reviews/41767,口コミ,reviews
https://schoolwith.me/reviews/41768,口コミ,reviews
https://schoolwith.me/reviews/41769,口コミ,reviews
https://schoolwith.me/reviews/41770,口コミ,reviews
https://schoolwith.me/reviews/41772,口コミ,reviews
https://schoolwith.me/reviews/41780,口コミ,reviews
https://schoolwith.me/reviews/41782,口コミ,reviews
https://schoolwith.me/reviews/41790,口コミ,reviews
https://schoolwith.me/reviews/41796,口コミ,reviews
https://schoolwith.me/reviews/41798,口コミ,reviews
https://schoolwith.me/reviews/41799,口コミ,reviews
https://schoolwith.me/reviews/41802,口コミ,reviews
https://schoolwith.me/reviews/41803,口コミ,reviews
https://schoolwith.me/reviews/41804,口コミ,reviews
https://schoolwith.me/reviews/41805,口コミ,reviews
https://schoolwith.me/reviews/41807,口コミ,reviews
https://schoolwith.me/reviews/41808,口コミ,reviews
https://schoolwith.me/reviews/41810,口コミ,reviews
https://schoolwith.me/reviews/41812,口コミ,reviews
https://schoolwith.me/reviews/41813,口コミ,reviews
https://schoolwith.me/reviews/41816,口コミ,reviews
https://schoolwith.me/reviews/41818,口コミ,reviews
https://schoolwith.me/reviews/41819,口コミ,reviews
https://schoolwith.me/reviews/41821,口コミ,reviews
https://schoolwith.me/reviews/41822,口コミ,reviews
https://schoolwith.me/reviews/41823,口コミ,reviews
https://schoolwith.me/reviews/41826,口コミ,reviews
https://schoolwith.me/reviews/41828,口コミ,reviews
https://schoolwith.me/reviews/41829,口コミ,reviews
https://schoolwith.me/reviews/41830,口コミ,reviews
https://schoolwith.me/reviews/41832,口コミ,reviews
https://schoolwith.me/reviews/41833,口コミ,reviews
https://schoolwith.me/reviews/41834,口コミ,reviews
https://schoolwith.me/reviews/41836,口コミ,reviews
https://schoolwith.me/reviews/41839,口コミ,reviews
https://schoolwith.me/reviews/41842,口コミ,reviews
https://schoolwith.me/reviews/41843,口コミ,reviews
https://schoolwith.me/reviews/41844,口コミ,reviews
https://schoolwith.me/reviews/41845,口コミ,reviews
https://schoolwith.me/reviews/41846,口コミ,reviews
https://schoolwith.me/reviews/41847,口コミ,reviews
https://schoolwith.me/reviews/41848,口コミ,reviews
https://schoolwith.me/reviews/41849,口コミ,reviews
https://schoolwith.me/reviews/41851,口コミ,reviews
https://schoolwith.me/reviews/41852,口コミ,reviews
https://schoolwith.me/reviews/41855,口コミ,reviews
https://schoolwith.me/reviews/41856,口コミ,reviews
https://schoolwith.me/reviews/41857,口コミ,reviews
https://schoolwith.me/reviews/41859,口コミ,reviews
https://schoolwith.me/reviews/41862,口コミ,reviews
https://schoolwith.me/reviews/41868,口コミ,reviews
https://schoolwith.me/reviews/41870,口コミ,reviews
https://schoolwith.me/reviews/41871,口コミ,reviews
https://schoolwith.me/reviews/41872,口コミ,reviews
https://schoolwith.me/reviews/41873,口コミ,reviews
https://schoolwith.me/reviews/41875,口コミ,reviews
https://schoolwith.me/reviews/41877,口コミ,reviews
https://schoolwith.me/reviews/41881,口コミ,reviews
https://schoolwith.me/reviews/41882,口コミ,reviews
https://schoolwith.me/reviews/41884,口コミ,reviews
https://schoolwith.me/reviews/41885,口コミ,reviews
https://schoolwith.me/reviews/41886,口コミ,reviews
https://schoolwith.me/reviews/41888,口コミ,reviews
https://schoolwith.me/reviews/41895,口コミ,reviews
https://schoolwith.me/reviews/41898,口コミ,reviews
https://schoolwith.me/reviews/41899,口コミ,reviews
https://schoolwith.me/reviews/41900,口コミ,reviews
https://schoolwith.me/reviews/41902,口コミ,reviews
https://schoolwith.me/reviews/41903,口コミ,reviews
https://schoolwith.me/reviews/41906,口コミ,reviews
https://schoolwith.me/reviews/41907,口コミ,reviews
https://schoolwith.me/reviews/41908,口コミ,reviews
https://schoolwith.me/reviews/41909,口コミ,reviews
https://schoolwith.me/reviews/41915,口コミ,reviews
https://schoolwith.me/reviews/41916,口コミ,reviews
https://schoolwith.me/reviews/41918,口コミ,reviews
https://schoolwith.me/reviews/41920,口コミ,reviews
https://schoolwith.me/reviews/41921,口コミ,reviews
https://schoolwith.me/reviews/41922,口コミ,reviews
https://schoolwith.me/reviews/41923,口コミ,reviews
https://schoolwith.me/reviews/41924,口コミ,reviews
https://schoolwith.me/reviews/41925,口コミ,reviews
https://schoolwith.me/reviews/41926,口コミ,reviews
https://schoolwith.me/reviews/41931,口コミ,reviews
https://schoolwith.me/reviews/41932,口コミ,reviews
https://schoolwith.me/reviews/41934,口コミ,reviews
https://schoolwith.me/reviews/41935,口コミ,reviews
https://schoolwith.me/reviews/41937,口コミ,reviews
https://schoolwith.me/reviews/41938,口コミ,reviews
https://schoolwith.me/reviews/41939,口コミ,reviews
https://schoolwith.me/reviews/41942,口コミ,reviews
https://schoolwith.me/reviews/41943,口コミ,reviews
https://schoolwith.me/reviews/41944,口コミ,reviews
https://schoolwith.me/reviews/41948,口コミ,reviews
https://schoolwith.me/reviews/41952,口コミ,reviews
https://schoolwith.me/reviews/41953,口コミ,reviews
https://schoolwith.me/reviews/41958,口コミ,reviews
https://schoolwith.me/reviews/41959,口コミ,reviews
https://schoolwith.me/reviews/41960,口コミ,reviews
https://schoolwith.me/reviews/41961,口コミ,reviews
https://schoolwith.me/reviews/41966,口コミ,reviews
https://schoolwith.me/reviews/41967,口コミ,reviews
https://schoolwith.me/reviews/41969,口コミ,reviews
https://schoolwith.me/reviews/41972,口コミ,reviews
https://schoolwith.me/reviews/41975,口コミ,reviews
https://schoolwith.me/reviews/41979,口コミ,reviews
https://schoolwith.me/reviews/41980,口コミ,reviews
https://schoolwith.me/reviews/41985,口コミ,reviews
https://schoolwith.me/reviews/41988,口コミ,reviews
https://schoolwith.me/reviews/41990,口コミ,reviews
https://schoolwith.me/reviews/41992,口コミ,reviews
https://schoolwith.me/reviews/41993,口コミ,reviews
https://schoolwith.me/reviews/41995,口コミ,reviews
https://schoolwith.me/reviews/41996,口コミ,reviews
https://schoolwith.me/reviews/41997,口コミ,reviews
https://schoolwith.me/reviews/41998,口コミ,reviews
https://schoolwith.me/reviews/41999,口コミ,reviews
https://schoolwith.me/reviews/42000,口コミ,reviews
https://schoolwith.me/reviews/42001,口コミ,reviews
https://schoolwith.me/reviews/42004,口コミ,reviews
https://schoolwith.me/reviews/42005,口コミ,reviews
https://schoolwith.me/reviews/42006,口コミ,reviews
https://schoolwith.me/reviews/42011,口コミ,reviews
https://schoolwith.me/reviews/42014,口コミ,reviews
https://schoolwith.me/reviews/42015,口コミ,reviews
https://schoolwith.me/reviews/42016,口コミ,reviews
https://schoolwith.me/reviews/42017,口コミ,reviews
https://schoolwith.me/reviews/42018,口コミ,reviews
https://schoolwith.me/reviews/42021,口コミ,reviews
https://schoolwith.me/reviews/42023,口コミ,reviews
https://schoolwith.me/reviews/42027,口コミ,reviews
https://schoolwith.me/reviews/42029,口コミ,reviews
https://schoolwith.me/reviews/42031,口コミ,reviews
https://schoolwith.me/reviews/42033,口コミ,reviews
https://schoolwith.me/reviews/42035,口コミ,reviews
https://schoolwith.me/reviews/42036,口コミ,reviews
https://schoolwith.me/reviews/42037,口コミ,reviews
https://schoolwith.me/reviews/42039,口コミ,reviews
https://schoolwith.me/reviews/42040,口コミ,reviews
https://schoolwith.me/reviews/42042,口コミ,reviews
https://schoolwith.me/reviews/42045,口コミ,reviews
https://schoolwith.me/reviews/42046,口コミ,reviews
https://schoolwith.me/reviews/42047,口コミ,reviews
https://schoolwith.me/reviews/42048,口コミ,reviews
https://schoolwith.me/reviews/42049,口コミ,reviews
https://schoolwith.me/reviews/42050,口コミ,reviews
https://schoolwith.me/reviews/42052,口コミ,reviews
https://schoolwith.me/reviews/42054,口コミ,reviews
https://schoolwith.me/reviews/42055,口コミ,reviews
https://schoolwith.me/reviews/42058,口コミ,reviews
https://schoolwith.me/reviews/42059,口コミ,reviews
https://schoolwith.me/reviews/42060,口コミ,reviews
https://schoolwith.me/reviews/42061,口コミ,reviews
https://schoolwith.me/reviews/42062,口コミ,reviews
https://schoolwith.me/reviews/42065,口コミ,reviews
https://schoolwith.me/reviews/42067,口コミ,reviews
https://schoolwith.me/reviews/42070,口コミ,reviews
https://schoolwith.me/reviews/42071,口コミ,reviews
https://schoolwith.me/reviews/42073,口コミ,reviews
https://schoolwith.me/reviews/42075,口コミ,reviews
https://schoolwith.me/reviews/42076,口コミ,reviews
https://schoolwith.me/reviews/42077,口コミ,reviews
https://schoolwith.me/reviews/42079,口コミ,reviews
https://schoolwith.me/reviews/42082,口コミ,reviews
https://schoolwith.me/reviews/42085,口コミ,reviews
https://schoolwith.me/reviews/42087,口コミ,reviews
https://schoolwith.me/reviews/42089,口コミ,reviews
https://schoolwith.me/reviews/42092,口コミ,reviews
https://schoolwith.me/reviews/42093,口コミ,reviews
https://schoolwith.me/reviews/42096,口コミ,reviews
https://schoolwith.me/reviews/42097,口コミ,reviews
https://schoolwith.me/reviews/42098,口コミ,reviews
https://schoolwith.me/reviews/42100,口コミ,reviews
https://schoolwith.me/reviews/42101,口コミ,reviews
https://schoolwith.me/reviews/42103,口コミ,reviews
https://schoolwith.me/reviews/42104,口コミ,reviews
https://schoolwith.me/reviews/42109,口コミ,reviews
https://schoolwith.me/reviews/42110,口コミ,reviews
https://schoolwith.me/reviews/42111,口コミ,reviews
https://schoolwith.me/reviews/42112,口コミ,reviews
https://schoolwith.me/reviews/42114,口コミ,reviews
https://schoolwith.me/reviews/42115,口コミ,reviews
https://schoolwith.me/reviews/42116,口コミ,reviews
https://schoolwith.me/reviews/42117,口コミ,reviews
https://schoolwith.me/reviews/42119,口コミ,reviews
https://schoolwith.me/reviews/42120,口コミ,reviews
https://schoolwith.me/reviews/42121,口コミ,reviews
https://schoolwith.me/reviews/42128,口コミ,reviews
https://schoolwith.me/reviews/42129,口コミ,reviews
https://schoolwith.me/reviews/42130,口コミ,reviews
https://schoolwith.me/reviews/42133,口コミ,reviews
https://schoolwith.me/reviews/42134,口コミ,reviews
https://schoolwith.me/reviews/42136,口コミ,reviews
https://schoolwith.me/reviews/42138,口コミ,reviews
https://schoolwith.me/reviews/42139,口コミ,reviews
https://schoolwith.me/reviews/42141,口コミ,reviews
https://schoolwith.me/reviews/42142,口コミ,reviews
https://schoolwith.me/reviews/42145,口コミ,reviews
https://schoolwith.me/reviews/42146,口コミ,reviews
https://schoolwith.me/reviews/42153,口コミ,reviews
https://schoolwith.me/reviews/42154,口コミ,reviews
https://schoolwith.me/reviews/42160,口コミ,reviews
https://schoolwith.me/reviews/42161,口コミ,reviews
https://schoolwith.me/reviews/42164,口コミ,reviews
https://schoolwith.me/reviews/42165,口コミ,reviews
https://schoolwith.me/reviews/42167,口コミ,reviews
https://schoolwith.me/reviews/42170,口コミ,reviews
https://schoolwith.me/reviews/42173,口コミ,reviews
https://schoolwith.me/reviews/42177,口コミ,reviews
https://schoolwith.me/reviews/42179,口コミ,reviews
https://schoolwith.me/reviews/42181,口コミ,reviews
https://schoolwith.me/reviews/42184,口コミ,reviews
https://schoolwith.me/reviews/42185,口コミ,reviews
https://schoolwith.me/reviews/42189,口コミ,reviews
https://schoolwith.me/reviews/42191,口コミ,reviews
https://schoolwith.me/reviews/42192,口コミ,reviews
https://schoolwith.me/reviews/42193,口コミ,reviews
https://schoolwith.me/reviews/42196,口コミ,reviews
https://schoolwith.me/reviews/42204,口コミ,reviews
https://schoolwith.me/reviews/42206,口コミ,reviews
https://schoolwith.me/reviews/42209,口コミ,reviews
https://schoolwith.me/reviews/42213,口コミ,reviews
https://schoolwith.me/reviews/42214,口コミ,reviews
https://schoolwith.me/reviews/42215,口コミ,reviews
https://schoolwith.me/reviews/42216,口コミ,reviews
https://schoolwith.me/reviews/42217,口コミ,reviews
https://schoolwith.me/reviews/42218,口コミ,reviews
https://schoolwith.me/reviews/42221,口コミ,reviews
https://schoolwith.me/reviews/42222,口コミ,reviews
https://schoolwith.me/reviews/42226,口コミ,reviews
https://schoolwith.me/reviews/42228,口コミ,reviews
https://schoolwith.me/reviews/42229,口コミ,reviews
https://schoolwith.me/reviews/42234,口コミ,reviews
https://schoolwith.me/reviews/42236,口コミ,reviews
https://schoolwith.me/reviews/42237,口コミ,reviews
https://schoolwith.me/reviews/42241,口コミ,reviews
https://schoolwith.me/reviews/42242,口コミ,reviews
https://schoolwith.me/reviews/42243,口コミ,reviews
https://schoolwith.me/reviews/42244,口コミ,reviews
https://schoolwith.me/reviews/42245,口コミ,reviews
https://schoolwith.me/reviews/42249,口コミ,reviews
https://schoolwith.me/reviews/42251,口コミ,reviews
https://schoolwith.me/reviews/42254,口コミ,reviews
https://schoolwith.me/reviews/42255,口コミ,reviews
https://schoolwith.me/reviews/42256,口コミ,reviews
https://schoolwith.me/reviews/42257,口コミ,reviews
https://schoolwith.me/reviews/42258,口コミ,reviews
https://schoolwith.me/reviews/42259,口コミ,reviews
https://schoolwith.me/reviews/42260,口コミ,reviews
https://schoolwith.me/reviews/42261,口コミ,reviews
https://schoolwith.me/reviews/42262,口コミ,reviews
https://schoolwith.me/reviews/42263,口コミ,reviews
https://schoolwith.me/reviews/42264,口コミ,reviews
https://schoolwith.me/reviews/42265,口コミ,reviews
https://schoolwith.me/reviews/42266,口コミ,reviews
https://schoolwith.me/reviews/42268,口コミ,reviews
https://schoolwith.me/reviews/42269,口コミ,reviews
https://schoolwith.me/reviews/42270,口コミ,reviews
https://schoolwith.me/reviews/42271,口コミ,reviews
https://schoolwith.me/reviews/42272,口コミ,reviews
https://schoolwith.me/reviews/42273,口コミ,reviews
https://schoolwith.me/reviews/42274,口コミ,reviews
https://schoolwith.me/reviews/42275,口コミ,reviews
https://schoolwith.me/reviews/42276,口コミ,reviews
https://schoolwith.me/reviews/42277,口コミ,reviews
https://schoolwith.me/reviews/42278,口コミ,reviews
https://schoolwith.me/reviews/42279,口コミ,reviews
https://schoolwith.me/reviews/42280,口コミ,reviews
https://schoolwith.me/reviews/42281,口コミ,reviews
https://schoolwith.me/reviews/42282,口コミ,reviews
https://schoolwith.me/reviews/42283,口コミ,reviews
https://schoolwith.me/reviews/42284,口コミ,reviews
https://schoolwith.me/reviews/42285,口コミ,reviews
https://schoolwith.me/reviews/42286,口コミ,reviews
https://schoolwith.me/reviews/42287,口コミ,reviews
https://schoolwith.me/reviews/42288,口コミ,reviews
https://schoolwith.me/reviews/42289,口コミ,reviews
https://schoolwith.me/reviews/42290,口コミ,reviews
https://schoolwith.me/reviews/42292,口コミ,reviews
https://schoolwith.me/reviews/42293,口コミ,reviews
https://schoolwith.me/reviews/42294,口コミ,reviews
https://schoolwith.me/reviews/42295,口コミ,reviews
https://schoolwith.me/reviews/42296,口コミ,reviews
https://schoolwith.me/reviews/42297,口コミ,reviews
https://schoolwith.me/reviews/42298,口コミ,reviews
https://schoolwith.me/reviews/42299,口コミ,reviews
https://schoolwith.me/reviews/42300,口コミ,reviews
https://schoolwith.me/reviews/42301,口コミ,reviews
https://schoolwith.me/reviews/42302,口コミ,reviews
https://schoolwith.me/reviews/42303,口コミ,reviews
https://schoolwith.me/reviews/42304,口コミ,reviews
https://schoolwith.me/reviews/42305,口コミ,reviews
https://schoolwith.me/reviews/42306,口コミ,reviews
https://schoolwith.me/reviews/42307,口コミ,reviews
https://schoolwith.me/reviews/42308,口コミ,reviews
https://schoolwith.me/reviews/42309,口コミ,reviews
https://schoolwith.me/reviews/42310,口コミ,reviews
https://schoolwith.me/reviews/42311,口コミ,reviews
https://schoolwith.me/reviews/42313,口コミ,reviews
https://schoolwith.me/reviews/42314,口コミ,reviews
https://schoolwith.me/reviews/42315,口コミ,reviews
https://schoolwith.me/reviews/42316,口コミ,reviews
https://schoolwith.me/reviews/42317,口コミ,reviews
https://schoolwith.me/reviews/42318,口コミ,reviews
https://schoolwith.me/reviews/42319,口コミ,reviews
https://schoolwith.me/reviews/42320,口コミ,reviews
https://schoolwith.me/reviews/42322,口コミ,reviews
https://schoolwith.me/reviews/42323,口コミ,reviews
https://schoolwith.me/reviews/42324,口コミ,reviews
https://schoolwith.me/reviews/42325,口コミ,reviews
https://schoolwith.me/reviews/42326,口コミ,reviews
https://schoolwith.me/reviews/42327,口コミ,reviews
https://schoolwith.me/reviews/42328,口コミ,reviews
https://schoolwith.me/reviews/42329,口コミ,reviews
https://schoolwith.me/reviews/42330,口コミ,reviews
https://schoolwith.me/reviews/42331,口コミ,reviews
https://schoolwith.me/reviews/42332,口コミ,reviews
https://schoolwith.me/reviews/42333,口コミ,reviews
https://schoolwith.me/reviews/42334,口コミ,reviews
https://schoolwith.me/reviews/42335,口コミ,reviews
https://schoolwith.me/reviews/42336,口コミ,reviews
https://schoolwith.me/reviews/42337,口コミ,reviews
https://schoolwith.me/reviews/42339,口コミ,reviews
https://schoolwith.me/reviews/42340,口コミ,reviews
https://schoolwith.me/reviews/42341,口コミ,reviews
https://schoolwith.me/reviews/42342,口コミ,reviews
https://schoolwith.me/reviews/42344,口コミ,reviews
https://schoolwith.me/reviews/42345,口コミ,reviews
https://schoolwith.me/reviews/42346,口コミ,reviews
https://schoolwith.me/reviews/42347,口コミ,reviews
https://schoolwith.me/reviews/42349,口コミ,reviews
https://schoolwith.me/reviews/42350,口コミ,reviews
https://schoolwith.me/reviews/42351,口コミ,reviews
https://schoolwith.me/reviews/42352,口コミ,reviews
https://schoolwith.me/reviews/42353,口コミ,reviews
https://schoolwith.me/reviews/42354,口コミ,reviews
https://schoolwith.me/reviews/42355,口コミ,reviews
https://schoolwith.me/reviews/42356,口コミ,reviews
https://schoolwith.me/reviews/42357,口コミ,reviews
https://schoolwith.me/reviews/42358,口コミ,reviews
https://schoolwith.me/reviews/42359,口コミ,reviews
https://schoolwith.me/reviews/42360,口コミ,reviews
https://schoolwith.me/reviews/42361,口コミ,reviews
https://schoolwith.me/reviews/42362,口コミ,reviews
https://schoolwith.me/reviews/42363,口コミ,reviews
https://schoolwith.me/reviews/42364,口コミ,reviews
https://schoolwith.me/reviews/42365,口コミ,reviews
https://schoolwith.me/reviews/42366,口コミ,reviews
https://schoolwith.me/reviews/42367,口コミ,reviews
https://schoolwith.me/reviews/42368,口コミ,reviews
https://schoolwith.me/reviews/42369,口コミ,reviews
https://schoolwith.me/reviews/42370,口コミ,reviews
https://schoolwith.me/reviews/42371,口コミ,reviews
https://schoolwith.me/reviews/42372,口コミ,reviews
https://schoolwith.me/reviews/42373,口コミ,reviews
https://schoolwith.me/reviews/42374,口コミ,reviews
https://schoolwith.me/reviews/42375,口コミ,reviews
https://schoolwith.me/reviews/42376,口コミ,reviews
https://schoolwith.me/reviews/42377,口コミ,reviews
https://schoolwith.me/reviews/42378,口コミ,reviews
https://schoolwith.me/reviews/42379,口コミ,reviews
https://schoolwith.me/reviews/42380,口コミ,reviews
https://schoolwith.me/reviews/42381,口コミ,reviews
https://schoolwith.me/reviews/42382,口コミ,reviews
https://schoolwith.me/reviews/42383,口コミ,reviews
https://schoolwith.me/reviews/42384,口コミ,reviews
https://schoolwith.me/reviews/42385,口コミ,reviews
https://schoolwith.me/reviews/42386,口コミ,reviews
https://schoolwith.me/reviews/42387,口コミ,reviews
https://schoolwith.me/reviews/42388,口コミ,reviews
https://schoolwith.me/reviews/42389,口コミ,reviews
https://schoolwith.me/reviews/42390,口コミ,reviews
https://schoolwith.me/reviews/42391,口コミ,reviews
https://schoolwith.me/reviews/42392,口コミ,reviews
https://schoolwith.me/reviews/42393,口コミ,reviews
https://schoolwith.me/reviews/42394,口コミ,reviews
https://schoolwith.me/reviews/42395,口コミ,reviews
https://schoolwith.me/reviews/42396,口コミ,reviews
https://schoolwith.me/reviews/42397,口コミ,reviews
https://schoolwith.me/reviews/42398,口コミ,reviews
https://schoolwith.me/reviews/42399,口コミ,reviews
https://schoolwith.me/reviews/42400,口コミ,reviews
https://schoolwith.me/reviews/42401,口コミ,reviews
https://schoolwith.me/reviews/42402,口コミ,reviews
https://schoolwith.me/reviews/42403,口コミ,reviews
https://schoolwith.me/reviews/42405,口コミ,reviews
https://schoolwith.me/reviews/42406,口コミ,reviews
https://schoolwith.me/reviews/42407,口コミ,reviews
https://schoolwith.me/reviews/42408,口コミ,reviews
https://schoolwith.me/reviews/42409,口コミ,reviews
https://schoolwith.me/reviews/42410,口コミ,reviews
https://schoolwith.me/reviews/42411,口コミ,reviews
https://schoolwith.me/reviews/42413,口コミ,reviews
https://schoolwith.me/reviews/42414,口コミ,reviews
https://schoolwith.me/reviews/42415,口コミ,reviews
https://schoolwith.me/reviews/42416,口コミ,reviews
https://schoolwith.me/reviews/42417,口コミ,reviews
https://schoolwith.me/reviews/42419,口コミ,reviews
https://schoolwith.me/reviews/42420,口コミ,reviews
https://schoolwith.me/reviews/42421,口コミ,reviews
https://schoolwith.me/reviews/42422,口コミ,reviews
https://schoolwith.me/reviews/42423,口コミ,reviews
https://schoolwith.me/reviews/42424,口コミ,reviews
https://schoolwith.me/reviews/42425,口コミ,reviews
https://schoolwith.me/reviews/42426,口コミ,reviews
https://schoolwith.me/reviews/42428,口コミ,reviews
https://schoolwith.me/reviews/42429,口コミ,reviews
https://schoolwith.me/reviews/42430,口コミ,reviews
https://schoolwith.me/reviews/42431,口コミ,reviews
https://schoolwith.me/reviews/42432,口コミ,reviews
https://schoolwith.me/reviews/42433,口コミ,reviews
https://schoolwith.me/reviews/42434,口コミ,reviews
https://schoolwith.me/reviews/42435,口コミ,reviews
https://schoolwith.me/reviews/42436,口コミ,reviews
https://schoolwith.me/reviews/42437,口コミ,reviews
https://schoolwith.me/reviews/42438,口コミ,reviews
https://schoolwith.me/reviews/42439,口コミ,reviews
https://schoolwith.me/reviews/42441,口コミ,reviews
https://schoolwith.me/reviews/42442,口コミ,reviews
https://schoolwith.me/reviews/42443,口コミ,reviews
https://schoolwith.me/reviews/42444,口コミ,reviews
https://schoolwith.me/reviews/42445,口コミ,reviews
https://schoolwith.me/reviews/42446,口コミ,reviews
https://schoolwith.me/reviews/42447,口コミ,reviews
https://schoolwith.me/reviews/42448,口コミ,reviews
https://schoolwith.me/reviews/42449,口コミ,reviews
https://schoolwith.me/reviews/42450,口コミ,reviews
https://schoolwith.me/reviews/42451,口コミ,reviews
https://schoolwith.me/reviews/42452,口コミ,reviews
https://schoolwith.me/reviews/42453,口コミ,reviews
https://schoolwith.me/reviews/42454,口コミ,reviews
https://schoolwith.me/reviews/42455,口コミ,reviews
https://schoolwith.me/reviews/42456,口コミ,reviews
https://schoolwith.me/reviews/42457,口コミ,reviews
https://schoolwith.me/reviews/42458,口コミ,reviews
https://schoolwith.me/reviews/42459,口コミ,reviews
https://schoolwith.me/reviews/42460,口コミ,reviews
https://schoolwith.me/reviews/42461,口コミ,reviews
https://schoolwith.me/reviews/42462,口コミ,reviews
https://schoolwith.me/reviews/42463,口コミ,reviews
https://schoolwith.me/reviews/42465,口コミ,reviews
https://schoolwith.me/reviews/42466,口コミ,reviews
https://schoolwith.me/reviews/42467,口コミ,reviews
https://schoolwith.me/reviews/42468,口コミ,reviews
https://schoolwith.me/reviews/42469,口コミ,reviews
https://schoolwith.me/reviews/42470,口コミ,reviews
https://schoolwith.me/reviews/42471,口コミ,reviews
https://schoolwith.me/reviews/42472,口コミ,reviews
https://schoolwith.me/reviews/42473,口コミ,reviews
https://schoolwith.me/reviews/42474,口コミ,reviews
https://schoolwith.me/reviews/42475,口コミ,reviews
https://schoolwith.me/reviews/42476,口コミ,reviews
https://schoolwith.me/reviews/42477,口コミ,reviews
https://schoolwith.me/reviews/42478,口コミ,reviews
https://schoolwith.me/reviews/42479,口コミ,reviews
https://schoolwith.me/reviews/42480,口コミ,reviews
https://schoolwith.me/reviews/42481,口コミ,reviews
https://schoolwith.me/reviews/42482,口コミ,reviews
https://schoolwith.me/reviews/42483,口コミ,reviews
https://schoolwith.me/reviews/42484,口コミ,reviews
https://schoolwith.me/reviews/42485,口コミ,reviews
https://schoolwith.me/reviews/42486,口コミ,reviews
https://schoolwith.me/reviews/42487,口コミ,reviews
https://schoolwith.me/reviews/42488,口コミ,reviews
https://schoolwith.me/reviews/42489,口コミ,reviews
https://schoolwith.me/reviews/42490,口コミ,reviews
https://schoolwith.me/reviews/42491,口コミ,reviews
https://schoolwith.me/reviews/42492,口コミ,reviews
https://schoolwith.me/reviews/42493,口コミ,reviews
https://schoolwith.me/reviews/42494,口コミ,reviews
https://schoolwith.me/reviews/42495,口コミ,reviews
https://schoolwith.me/reviews/42496,口コミ,reviews
https://schoolwith.me/reviews/42497,口コミ,reviews
https://schoolwith.me/reviews/42498,口コミ,reviews
https://schoolwith.me/reviews/42499,口コミ,reviews
https://schoolwith.me/reviews/42500,口コミ,reviews
https://schoolwith.me/reviews/42501,口コミ,reviews
https://schoolwith.me/reviews/42502,口コミ,reviews
https://schoolwith.me/reviews/42503,口コミ,reviews
https://schoolwith.me/reviews/42504,口コミ,reviews
https://schoolwith.me/reviews/42506,口コミ,reviews
https://schoolwith.me/reviews/42507,口コミ,reviews
https://schoolwith.me/reviews/42508,口コミ,reviews
https://schoolwith.me/reviews/42509,口コミ,reviews
https://schoolwith.me/reviews/42512,口コミ,reviews
https://schoolwith.me/reviews/42513,口コミ,reviews
https://schoolwith.me/reviews/42514,口コミ,reviews
https://schoolwith.me/reviews/42515,口コミ,reviews
https://schoolwith.me/reviews/42516,口コミ,reviews
https://schoolwith.me/reviews/42517,口コミ,reviews
https://schoolwith.me/reviews/42518,口コミ,reviews
https://schoolwith.me/reviews/42519,口コミ,reviews
https://schoolwith.me/reviews/42520,口コミ,reviews
https://schoolwith.me/reviews/42521,口コミ,reviews
https://schoolwith.me/reviews/42522,口コミ,reviews
https://schoolwith.me/reviews/42524,口コミ,reviews
https://schoolwith.me/reviews/42525,口コミ,reviews
https://schoolwith.me/reviews/42526,口コミ,reviews
https://schoolwith.me/reviews/42527,口コミ,reviews
https://schoolwith.me/reviews/42528,口コミ,reviews
https://schoolwith.me/reviews/42529,口コミ,reviews
https://schoolwith.me/reviews/42530,口コミ,reviews
https://schoolwith.me/reviews/42531,口コミ,reviews
https://schoolwith.me/reviews/42532,口コミ,reviews
https://schoolwith.me/reviews/42533,口コミ,reviews
https://schoolwith.me/reviews/42535,口コミ,reviews
https://schoolwith.me/reviews/42536,口コミ,reviews
https://schoolwith.me/reviews/42537,口コミ,reviews
https://schoolwith.me/reviews/42538,口コミ,reviews
https://schoolwith.me/reviews/42539,口コミ,reviews
https://schoolwith.me/reviews/42540,口コミ,reviews
https://schoolwith.me/reviews/42541,口コミ,reviews
https://schoolwith.me/reviews/42542,口コミ,reviews
https://schoolwith.me/reviews/42543,口コミ,reviews
https://schoolwith.me/reviews/42544,口コミ,reviews
https://schoolwith.me/reviews/42545,口コミ,reviews
https://schoolwith.me/reviews/42546,口コミ,reviews
https://schoolwith.me/reviews/42547,口コミ,reviews
https://schoolwith.me/reviews/42548,口コミ,reviews
https://schoolwith.me/reviews/42549,口コミ,reviews
https://schoolwith.me/reviews/42550,口コミ,reviews
https://schoolwith.me/reviews/42552,口コミ,reviews
https://schoolwith.me/reviews/42553,口コミ,reviews
https://schoolwith.me/reviews/42555,口コミ,reviews
https://schoolwith.me/reviews/42556,口コミ,reviews
https://schoolwith.me/reviews/42557,口コミ,reviews
https://schoolwith.me/reviews/42558,口コミ,reviews
https://schoolwith.me/reviews/42559,口コミ,reviews
https://schoolwith.me/reviews/42560,口コミ,reviews
https://schoolwith.me/reviews/42562,口コミ,reviews
https://schoolwith.me/reviews/42564,口コミ,reviews
https://schoolwith.me/reviews/42565,口コミ,reviews
https://schoolwith.me/reviews/42569,口コミ,reviews
https://schoolwith.me/reviews/42571,口コミ,reviews
https://schoolwith.me/reviews/42572,口コミ,reviews
https://schoolwith.me/reviews/42577,口コミ,reviews
https://schoolwith.me/reviews/42578,口コミ,reviews
https://schoolwith.me/reviews/42579,口コミ,reviews
https://schoolwith.me/reviews/42581,口コミ,reviews
https://schoolwith.me/reviews/42584,口コミ,reviews
https://schoolwith.me/reviews/42585,口コミ,reviews
https://schoolwith.me/reviews/42588,口コミ,reviews
https://schoolwith.me/reviews/42589,口コミ,reviews
https://schoolwith.me/reviews/42590,口コミ,reviews
https://schoolwith.me/reviews/42591,口コミ,reviews
https://schoolwith.me/reviews/42594,口コミ,reviews
https://schoolwith.me/reviews/42596,口コミ,reviews
https://schoolwith.me/reviews/42600,口コミ,reviews
https://schoolwith.me/reviews/42601,口コミ,reviews
https://schoolwith.me/reviews/42604,口コミ,reviews
https://schoolwith.me/reviews/42606,口コミ,reviews
https://schoolwith.me/reviews/42607,口コミ,reviews
https://schoolwith.me/reviews/42608,口コミ,reviews
https://schoolwith.me/reviews/42609,口コミ,reviews
https://schoolwith.me/reviews/42610,口コミ,reviews
https://schoolwith.me/reviews/42615,口コミ,reviews
https://schoolwith.me/reviews/42616,口コミ,reviews
https://schoolwith.me/reviews/42617,口コミ,reviews
https://schoolwith.me/reviews/42620,口コミ,reviews
https://schoolwith.me/reviews/42621,口コミ,reviews
https://schoolwith.me/reviews/42624,口コミ,reviews
https://schoolwith.me/reviews/42625,口コミ,reviews
https://schoolwith.me/reviews/42633,口コミ,reviews
https://schoolwith.me/reviews/42634,口コミ,reviews
https://schoolwith.me/reviews/42635,口コミ,reviews
https://schoolwith.me/reviews/42637,口コミ,reviews
https://schoolwith.me/reviews/42640,口コミ,reviews
https://schoolwith.me/reviews/42644,口コミ,reviews
https://schoolwith.me/reviews/42645,口コミ,reviews
https://schoolwith.me/reviews/42649,口コミ,reviews
https://schoolwith.me/reviews/42651,口コミ,reviews
https://schoolwith.me/reviews/42653,口コミ,reviews
https://schoolwith.me/reviews/42656,口コミ,reviews
https://schoolwith.me/reviews/42657,口コミ,reviews
https://schoolwith.me/reviews/42658,口コミ,reviews
https://schoolwith.me/reviews/42660,口コミ,reviews
https://schoolwith.me/reviews/42661,口コミ,reviews
https://schoolwith.me/reviews/42662,口コミ,reviews
https://schoolwith.me/reviews/42663,口コミ,reviews
https://schoolwith.me/reviews/42669,口コミ,reviews
https://schoolwith.me/reviews/42671,口コミ,reviews
https://schoolwith.me/reviews/42672,口コミ,reviews
https://schoolwith.me/reviews/42673,口コミ,reviews
https://schoolwith.me/reviews/42676,口コミ,reviews
https://schoolwith.me/reviews/42679,口コミ,reviews
https://schoolwith.me/reviews/42680,口コミ,reviews
https://schoolwith.me/reviews/42684,口コミ,reviews
https://schoolwith.me/reviews/42686,口コミ,reviews
https://schoolwith.me/reviews/42687,口コミ,reviews
https://schoolwith.me/reviews/42689,口コミ,reviews
https://schoolwith.me/reviews/42693,口コミ,reviews
https://schoolwith.me/reviews/42694,口コミ,reviews
https://schoolwith.me/reviews/42696,口コミ,reviews
https://schoolwith.me/reviews/42697,口コミ,reviews
https://schoolwith.me/reviews/42698,口コミ,reviews
https://schoolwith.me/reviews/42701,口コミ,reviews
https://schoolwith.me/reviews/42702,口コミ,reviews
https://schoolwith.me/reviews/42703,口コミ,reviews
https://schoolwith.me/reviews/42707,口コミ,reviews
https://schoolwith.me/reviews/42709,口コミ,reviews
https://schoolwith.me/reviews/42710,口コミ,reviews
https://schoolwith.me/reviews/42711,口コミ,reviews
https://schoolwith.me/reviews/42712,口コミ,reviews
https://schoolwith.me/reviews/42713,口コミ,reviews
https://schoolwith.me/reviews/42714,口コミ,reviews
https://schoolwith.me/reviews/42715,口コミ,reviews
https://schoolwith.me/reviews/42719,口コミ,reviews
https://schoolwith.me/reviews/42720,口コミ,reviews
https://schoolwith.me/reviews/42722,口コミ,reviews
https://schoolwith.me/reviews/42723,口コミ,reviews
https://schoolwith.me/reviews/42724,口コミ,reviews
https://schoolwith.me/reviews/42725,口コミ,reviews
https://schoolwith.me/reviews/42726,口コミ,reviews
https://schoolwith.me/reviews/42739,口コミ,reviews
https://schoolwith.me/reviews/42740,口コミ,reviews
https://schoolwith.me/reviews/42742,口コミ,reviews
https://schoolwith.me/reviews/42744,口コミ,reviews
https://schoolwith.me/reviews/42745,口コミ,reviews
https://schoolwith.me/reviews/42750,口コミ,reviews
https://schoolwith.me/reviews/42752,口コミ,reviews
https://schoolwith.me/reviews/42762,口コミ,reviews
https://schoolwith.me/reviews/42763,口コミ,reviews
https://schoolwith.me/reviews/42765,口コミ,reviews
https://schoolwith.me/reviews/42766,口コミ,reviews
https://schoolwith.me/reviews/42767,口コミ,reviews
https://schoolwith.me/reviews/42768,口コミ,reviews
https://schoolwith.me/reviews/42769,口コミ,reviews
https://schoolwith.me/reviews/42772,口コミ,reviews
https://schoolwith.me/reviews/42774,口コミ,reviews
https://schoolwith.me/reviews/42775,口コミ,reviews
https://schoolwith.me/reviews/42777,口コミ,reviews
https://schoolwith.me/reviews/42778,口コミ,reviews
https://schoolwith.me/reviews/42779,口コミ,reviews
https://schoolwith.me/reviews/42783,口コミ,reviews
https://schoolwith.me/reviews/42784,口コミ,reviews
https://schoolwith.me/reviews/42785,口コミ,reviews
https://schoolwith.me/reviews/42788,口コミ,reviews
https://schoolwith.me/reviews/42789,口コミ,reviews
https://schoolwith.me/reviews/42791,口コミ,reviews
https://schoolwith.me/reviews/42792,口コミ,reviews
https://schoolwith.me/reviews/42798,口コミ,reviews
https://schoolwith.me/reviews/42804,口コミ,reviews
https://schoolwith.me/reviews/42808,口コミ,reviews
https://schoolwith.me/reviews/42812,口コミ,reviews
https://schoolwith.me/reviews/42813,口コミ,reviews
https://schoolwith.me/reviews/42824,口コミ,reviews
https://schoolwith.me/reviews/42825,口コミ,reviews
https://schoolwith.me/reviews/42828,口コミ,reviews
https://schoolwith.me/reviews/42830,口コミ,reviews
https://schoolwith.me/reviews/42831,口コミ,reviews
https://schoolwith.me/reviews/42832,口コミ,reviews
https://schoolwith.me/reviews/42833,口コミ,reviews
https://schoolwith.me/reviews/42835,口コミ,reviews
https://schoolwith.me/reviews/42837,口コミ,reviews
https://schoolwith.me/reviews/42838,口コミ,reviews
https://schoolwith.me/reviews/42839,口コミ,reviews
https://schoolwith.me/reviews/42840,口コミ,reviews
https://schoolwith.me/reviews/42841,口コミ,reviews
https://schoolwith.me/reviews/42842,口コミ,reviews
https://schoolwith.me/reviews/42848,口コミ,reviews
https://schoolwith.me/reviews/42849,口コミ,reviews
https://schoolwith.me/reviews/42852,口コミ,reviews
https://schoolwith.me/reviews/42853,口コミ,reviews
https://schoolwith.me/reviews/42854,口コミ,reviews
https://schoolwith.me/reviews/42855,口コミ,reviews
https://schoolwith.me/reviews/42857,口コミ,reviews
https://schoolwith.me/reviews/42860,口コミ,reviews
https://schoolwith.me/reviews/42862,口コミ,reviews
https://schoolwith.me/reviews/42864,口コミ,reviews
https://schoolwith.me/reviews/42865,口コミ,reviews
https://schoolwith.me/reviews/42867,口コミ,reviews
https://schoolwith.me/reviews/42868,口コミ,reviews
https://schoolwith.me/reviews/42869,口コミ,reviews
https://schoolwith.me/reviews/42870,口コミ,reviews
https://schoolwith.me/reviews/42871,口コミ,reviews
https://schoolwith.me/reviews/42874,口コミ,reviews
https://schoolwith.me/reviews/42876,口コミ,reviews
https://schoolwith.me/reviews/42880,口コミ,reviews
https://schoolwith.me/reviews/42882,口コミ,reviews
https://schoolwith.me/reviews/42884,口コミ,reviews
https://schoolwith.me/reviews/42887,口コミ,reviews
https://schoolwith.me/reviews/42888,口コミ,reviews
https://schoolwith.me/reviews/42890,口コミ,reviews
https://schoolwith.me/reviews/42892,口コミ,reviews
https://schoolwith.me/reviews/42893,口コミ,reviews
https://schoolwith.me/reviews/42895,口コミ,reviews
https://schoolwith.me/reviews/42896,口コミ,reviews
https://schoolwith.me/reviews/42897,口コミ,reviews
https://schoolwith.me/reviews/42900,口コミ,reviews
https://schoolwith.me/reviews/42903,口コミ,reviews
https://schoolwith.me/reviews/42908,口コミ,reviews
https://schoolwith.me/reviews/42911,口コミ,reviews
https://schoolwith.me/reviews/42912,口コミ,reviews
https://schoolwith.me/reviews/42913,口コミ,reviews
https://schoolwith.me/reviews/42914,口コミ,reviews
https://schoolwith.me/reviews/42915,口コミ,reviews
https://schoolwith.me/reviews/42916,口コミ,reviews
https://schoolwith.me/reviews/42917,口コミ,reviews
https://schoolwith.me/reviews/42918,口コミ,reviews
https://schoolwith.me/reviews/42919,口コミ,reviews
https://schoolwith.me/reviews/42920,口コミ,reviews
https://schoolwith.me/reviews/42921,口コミ,reviews
https://schoolwith.me/reviews/42922,口コミ,reviews
https://schoolwith.me/reviews/42923,口コミ,reviews
https://schoolwith.me/reviews/42924,口コミ,reviews
https://schoolwith.me/reviews/42925,口コミ,reviews
https://schoolwith.me/reviews/42926,口コミ,reviews
https://schoolwith.me/reviews/42927,口コミ,reviews
https://schoolwith.me/reviews/42928,口コミ,reviews
https://schoolwith.me/reviews/42929,口コミ,reviews
https://schoolwith.me/reviews/42930,口コミ,reviews
https://schoolwith.me/reviews/42931,口コミ,reviews
https://schoolwith.me/reviews/42932,口コミ,reviews
https://schoolwith.me/reviews/42933,口コミ,reviews
https://schoolwith.me/reviews/42934,口コミ,reviews
https://schoolwith.me/reviews/42935,口コミ,reviews
https://schoolwith.me/reviews/42936,口コミ,reviews
https://schoolwith.me/reviews/42938,口コミ,reviews
https://schoolwith.me/reviews/42939,口コミ,reviews
https://schoolwith.me/reviews/42940,口コミ,reviews
https://schoolwith.me/reviews/42941,口コミ,reviews
https://schoolwith.me/reviews/42942,口コミ,reviews
https://schoolwith.me/reviews/42943,口コミ,reviews
https://schoolwith.me/reviews/42944,口コミ,reviews
https://schoolwith.me/reviews/42945,口コミ,reviews
https://schoolwith.me/reviews/42946,口コミ,reviews
https://schoolwith.me/reviews/42947,口コミ,reviews
https://schoolwith.me/reviews/42948,口コミ,reviews
https://schoolwith.me/reviews/42949,口コミ,reviews
https://schoolwith.me/reviews/42950,口コミ,reviews
https://schoolwith.me/reviews/42951,口コミ,reviews
https://schoolwith.me/reviews/42952,口コミ,reviews
https://schoolwith.me/reviews/42953,口コミ,reviews
https://schoolwith.me/reviews/42954,口コミ,reviews
https://schoolwith.me/reviews/42955,口コミ,reviews
https://schoolwith.me/reviews/42956,口コミ,reviews
https://schoolwith.me/reviews/42957,口コミ,reviews
https://schoolwith.me/reviews/42958,口コミ,reviews
https://schoolwith.me/reviews/42959,口コミ,reviews
https://schoolwith.me/reviews/42960,口コミ,reviews
https://schoolwith.me/reviews/42961,口コミ,reviews
https://schoolwith.me/reviews/42962,口コミ,reviews
https://schoolwith.me/reviews/42963,口コミ,reviews
https://schoolwith.me/reviews/42964,口コミ,reviews
https://schoolwith.me/reviews/42965,口コミ,reviews
https://schoolwith.me/reviews/42966,口コミ,reviews
https://schoolwith.me/reviews/42968,口コミ,reviews
https://schoolwith.me/reviews/42969,口コミ,reviews
https://schoolwith.me/reviews/42970,口コミ,reviews
https://schoolwith.me/reviews/42972,口コミ,reviews
https://schoolwith.me/reviews/42973,口コミ,reviews
https://schoolwith.me/reviews/42974,口コミ,reviews
https://schoolwith.me/reviews/42976,口コミ,reviews
https://schoolwith.me/reviews/42979,口コミ,reviews
https://schoolwith.me/reviews/42981,口コミ,reviews
https://schoolwith.me/reviews/42982,口コミ,reviews
https://schoolwith.me/reviews/42983,口コミ,reviews
https://schoolwith.me/reviews/42984,口コミ,reviews
https://schoolwith.me/reviews/42986,口コミ,reviews
https://schoolwith.me/reviews/42987,口コミ,reviews
https://schoolwith.me/reviews/42988,口コミ,reviews
https://schoolwith.me/reviews/42989,口コミ,reviews
https://schoolwith.me/reviews/42992,口コミ,reviews
https://schoolwith.me/reviews/42993,口コミ,reviews
https://schoolwith.me/reviews/42994,口コミ,reviews
https://schoolwith.me/reviews/42995,口コミ,reviews
https://schoolwith.me/reviews/42997,口コミ,reviews
https://schoolwith.me/reviews/42998,口コミ,reviews
https://schoolwith.me/reviews/42999,口コミ,reviews
https://schoolwith.me/reviews/43000,口コミ,reviews
https://schoolwith.me/reviews/43001,口コミ,reviews
https://schoolwith.me/reviews/43003,口コミ,reviews
https://schoolwith.me/reviews/43006,口コミ,reviews
https://schoolwith.me/reviews/43008,口コミ,reviews
https://schoolwith.me/reviews/43012,口コミ,reviews
https://schoolwith.me/reviews/43013,口コミ,reviews
https://schoolwith.me/reviews/43015,口コミ,reviews
https://schoolwith.me/reviews/43019,口コミ,reviews
https://schoolwith.me/reviews/43020,口コミ,reviews
https://schoolwith.me/reviews/43021,口コミ,reviews
https://schoolwith.me/reviews/43022,口コミ,reviews
https://schoolwith.me/reviews/43024,口コミ,reviews
https://schoolwith.me/reviews/43025,口コミ,reviews
https://schoolwith.me/reviews/43026,口コミ,reviews
https://schoolwith.me/reviews/43027,口コミ,reviews
https://schoolwith.me/reviews/43028,口コミ,reviews
https://schoolwith.me/reviews/43030,口コミ,reviews
https://schoolwith.me/reviews/43033,口コミ,reviews
https://schoolwith.me/reviews/43039,口コミ,reviews
https://schoolwith.me/reviews/43041,口コミ,reviews
https://schoolwith.me/reviews/43043,口コミ,reviews
https://schoolwith.me/reviews/43045,口コミ,reviews
https://schoolwith.me/reviews/43047,口コミ,reviews
https://schoolwith.me/reviews/43048,口コミ,reviews
https://schoolwith.me/reviews/43050,口コミ,reviews
https://schoolwith.me/reviews/43051,口コミ,reviews
https://schoolwith.me/reviews/43052,口コミ,reviews
https://schoolwith.me/reviews/43053,口コミ,reviews
https://schoolwith.me/reviews/43055,口コミ,reviews
https://schoolwith.me/reviews/43058,口コミ,reviews
https://schoolwith.me/reviews/43060,口コミ,reviews
https://schoolwith.me/reviews/43061,口コミ,reviews
https://schoolwith.me/reviews/43063,口コミ,reviews
https://schoolwith.me/reviews/43064,口コミ,reviews
https://schoolwith.me/reviews/43066,口コミ,reviews
https://schoolwith.me/reviews/43067,口コミ,reviews
https://schoolwith.me/reviews/43069,口コミ,reviews
https://schoolwith.me/reviews/43071,口コミ,reviews
https://schoolwith.me/reviews/43072,口コミ,reviews
https://schoolwith.me/reviews/43073,口コミ,reviews
https://schoolwith.me/reviews/43074,口コミ,reviews
https://schoolwith.me/reviews/43076,口コミ,reviews
https://schoolwith.me/reviews/43077,口コミ,reviews
https://schoolwith.me/reviews/43079,口コミ,reviews
https://schoolwith.me/reviews/43081,口コミ,reviews
https://schoolwith.me/reviews/43082,口コミ,reviews
https://schoolwith.me/reviews/43083,口コミ,reviews
https://schoolwith.me/reviews/43084,口コミ,reviews
https://schoolwith.me/reviews/43085,口コミ,reviews
https://schoolwith.me/reviews/43086,口コミ,reviews
https://schoolwith.me/reviews/43091,口コミ,reviews
https://schoolwith.me/reviews/43095,口コミ,reviews
https://schoolwith.me/reviews/43096,口コミ,reviews
https://schoolwith.me/reviews/43097,口コミ,reviews
https://schoolwith.me/reviews/43098,口コミ,reviews
https://schoolwith.me/reviews/43102,口コミ,reviews
https://schoolwith.me/reviews/43103,口コミ,reviews
https://schoolwith.me/reviews/43105,口コミ,reviews
https://schoolwith.me/reviews/43106,口コミ,reviews
https://schoolwith.me/reviews/43113,口コミ,reviews
https://schoolwith.me/reviews/43116,口コミ,reviews
https://schoolwith.me/reviews/43118,口コミ,reviews
https://schoolwith.me/reviews/43120,口コミ,reviews
https://schoolwith.me/reviews/43121,口コミ,reviews
https://schoolwith.me/reviews/43123,口コミ,reviews
https://schoolwith.me/reviews/43124,口コミ,reviews
https://schoolwith.me/reviews/43125,口コミ,reviews
https://schoolwith.me/reviews/43126,口コミ,reviews
https://schoolwith.me/reviews/43127,口コミ,reviews
https://schoolwith.me/reviews/43129,口コミ,reviews
https://schoolwith.me/reviews/43132,口コミ,reviews
https://schoolwith.me/reviews/43135,口コミ,reviews
https://schoolwith.me/reviews/43137,口コミ,reviews
https://schoolwith.me/reviews/43138,口コミ,reviews
https://schoolwith.me/reviews/43139,口コミ,reviews
https://schoolwith.me/reviews/43140,口コミ,reviews
https://schoolwith.me/reviews/43143,口コミ,reviews
https://schoolwith.me/reviews/43144,口コミ,reviews
https://schoolwith.me/reviews/43146,口コミ,reviews
https://schoolwith.me/reviews/43147,口コミ,reviews
https://schoolwith.me/reviews/43150,口コミ,reviews
https://schoolwith.me/reviews/43153,口コミ,reviews
https://schoolwith.me/reviews/43154,口コミ,reviews
https://schoolwith.me/reviews/43155,口コミ,reviews
https://schoolwith.me/reviews/43156,口コミ,reviews
https://schoolwith.me/reviews/43157,口コミ,reviews
https://schoolwith.me/reviews/43158,口コミ,reviews
https://schoolwith.me/reviews/43159,口コミ,reviews
https://schoolwith.me/reviews/43160,口コミ,reviews
https://schoolwith.me/reviews/43161,口コミ,reviews
https://schoolwith.me/reviews/43162,口コミ,reviews
https://schoolwith.me/reviews/43164,口コミ,reviews
https://schoolwith.me/reviews/43167,口コミ,reviews
https://schoolwith.me/reviews/43170,口コミ,reviews
https://schoolwith.me/reviews/43171,口コミ,reviews
https://schoolwith.me/reviews/43173,口コミ,reviews
https://schoolwith.me/reviews/43174,口コミ,reviews
https://schoolwith.me/reviews/43175,口コミ,reviews
https://schoolwith.me/reviews/43176,口コミ,reviews
https://schoolwith.me/reviews/43177,口コミ,reviews
https://schoolwith.me/reviews/43178,口コミ,reviews
https://schoolwith.me/reviews/43180,口コミ,reviews
https://schoolwith.me/reviews/43181,口コミ,reviews
https://schoolwith.me/reviews/43182,口コミ,reviews
https://schoolwith.me/reviews/43183,口コミ,reviews
https://schoolwith.me/reviews/43184,口コミ,reviews
https://schoolwith.me/reviews/43185,口コミ,reviews
https://schoolwith.me/reviews/43186,口コミ,reviews
https://schoolwith.me/reviews/43189,口コミ,reviews
https://schoolwith.me/reviews/43191,口コミ,reviews
https://schoolwith.me/reviews/43194,口コミ,reviews
https://schoolwith.me/reviews/43197,口コミ,reviews
https://schoolwith.me/reviews/43198,口コミ,reviews
https://schoolwith.me/reviews/43199,口コミ,reviews
https://schoolwith.me/reviews/43200,口コミ,reviews
https://schoolwith.me/reviews/43202,口コミ,reviews
https://schoolwith.me/reviews/43207,口コミ,reviews
https://schoolwith.me/reviews/43210,口コミ,reviews
https://schoolwith.me/reviews/43211,口コミ,reviews
https://schoolwith.me/reviews/43214,口コミ,reviews
https://schoolwith.me/reviews/43216,口コミ,reviews
https://schoolwith.me/reviews/43218,口コミ,reviews
https://schoolwith.me/reviews/43219,口コミ,reviews
https://schoolwith.me/reviews/43220,口コミ,reviews
https://schoolwith.me/reviews/43221,口コミ,reviews
https://schoolwith.me/reviews/43223,口コミ,reviews
https://schoolwith.me/reviews/43224,口コミ,reviews
https://schoolwith.me/reviews/43225,口コミ,reviews
https://schoolwith.me/reviews/43227,口コミ,reviews
https://schoolwith.me/reviews/43228,口コミ,reviews
https://schoolwith.me/reviews/43229,口コミ,reviews
https://schoolwith.me/reviews/43234,口コミ,reviews
https://schoolwith.me/reviews/43236,口コミ,reviews
https://schoolwith.me/reviews/43237,口コミ,reviews
https://schoolwith.me/reviews/43239,口コミ,reviews
https://schoolwith.me/reviews/43240,口コミ,reviews
https://schoolwith.me/reviews/43241,口コミ,reviews
https://schoolwith.me/reviews/43242,口コミ,reviews
https://schoolwith.me/reviews/43244,口コミ,reviews
https://schoolwith.me/reviews/43247,口コミ,reviews
https://schoolwith.me/reviews/43248,口コミ,reviews
https://schoolwith.me/reviews/43249,口コミ,reviews
https://schoolwith.me/reviews/43250,口コミ,reviews
https://schoolwith.me/reviews/43251,口コミ,reviews
https://schoolwith.me/reviews/43252,口コミ,reviews
https://schoolwith.me/reviews/43255,口コミ,reviews
https://schoolwith.me/reviews/43256,口コミ,reviews
https://schoolwith.me/reviews/43258,口コミ,reviews
https://schoolwith.me/reviews/43259,口コミ,reviews
https://schoolwith.me/reviews/43260,口コミ,reviews
https://schoolwith.me/reviews/43262,口コミ,reviews
https://schoolwith.me/reviews/43264,口コミ,reviews
https://schoolwith.me/reviews/43265,口コミ,reviews
https://schoolwith.me/reviews/43266,口コミ,reviews
https://schoolwith.me/reviews/43267,口コミ,reviews
https://schoolwith.me/reviews/43268,口コミ,reviews
https://schoolwith.me/reviews/43272,口コミ,reviews
https://schoolwith.me/reviews/43273,口コミ,reviews
https://schoolwith.me/reviews/43276,口コミ,reviews
https://schoolwith.me/reviews/43277,口コミ,reviews
https://schoolwith.me/reviews/43278,口コミ,reviews
https://schoolwith.me/reviews/43280,口コミ,reviews
https://schoolwith.me/reviews/43281,口コミ,reviews
https://schoolwith.me/reviews/43282,口コミ,reviews
https://schoolwith.me/reviews/43283,口コミ,reviews
https://schoolwith.me/reviews/43285,口コミ,reviews
https://schoolwith.me/reviews/43286,口コミ,reviews
https://schoolwith.me/reviews/43288,口コミ,reviews
https://schoolwith.me/reviews/43289,口コミ,reviews
https://schoolwith.me/reviews/43290,口コミ,reviews
https://schoolwith.me/reviews/43291,口コミ,reviews
https://schoolwith.me/reviews/43293,口コミ,reviews
https://schoolwith.me/reviews/43294,口コミ,reviews
https://schoolwith.me/reviews/43297,口コミ,reviews
https://schoolwith.me/reviews/43299,口コミ,reviews
https://schoolwith.me/reviews/43300,口コミ,reviews
https://schoolwith.me/reviews/43301,口コミ,reviews
https://schoolwith.me/reviews/43302,口コミ,reviews
https://schoolwith.me/reviews/43303,口コミ,reviews
https://schoolwith.me/reviews/43306,口コミ,reviews
https://schoolwith.me/reviews/43307,口コミ,reviews
https://schoolwith.me/reviews/43310,口コミ,reviews
https://schoolwith.me/reviews/43312,口コミ,reviews
https://schoolwith.me/reviews/43313,口コミ,reviews
https://schoolwith.me/reviews/43314,口コミ,reviews
https://schoolwith.me/reviews/43318,口コミ,reviews
https://schoolwith.me/reviews/43319,口コミ,reviews
https://schoolwith.me/reviews/43320,口コミ,reviews
https://schoolwith.me/reviews/43323,口コミ,reviews
https://schoolwith.me/reviews/43325,口コミ,reviews
https://schoolwith.me/reviews/43326,口コミ,reviews
https://schoolwith.me/reviews/43327,口コミ,reviews
https://schoolwith.me/reviews/43328,口コミ,reviews
https://schoolwith.me/reviews/43330,口コミ,reviews
https://schoolwith.me/reviews/43331,口コミ,reviews
https://schoolwith.me/reviews/43332,口コミ,reviews
https://schoolwith.me/reviews/43334,口コミ,reviews
https://schoolwith.me/reviews/43335,口コミ,reviews
https://schoolwith.me/reviews/43336,口コミ,reviews
https://schoolwith.me/reviews/43338,口コミ,reviews
https://schoolwith.me/reviews/43339,口コミ,reviews
https://schoolwith.me/reviews/43340,口コミ,reviews
https://schoolwith.me/reviews/43341,口コミ,reviews
https://schoolwith.me/reviews/43342,口コミ,reviews
https://schoolwith.me/reviews/43343,口コミ,reviews
https://schoolwith.me/reviews/43345,口コミ,reviews
https://schoolwith.me/reviews/43346,口コミ,reviews
https://schoolwith.me/reviews/43347,口コミ,reviews
https://schoolwith.me/reviews/43349,口コミ,reviews
https://schoolwith.me/reviews/43351,口コミ,reviews
https://schoolwith.me/reviews/43353,口コミ,reviews
https://schoolwith.me/reviews/43354,口コミ,reviews
https://schoolwith.me/reviews/43355,口コミ,reviews
https://schoolwith.me/reviews/43356,口コミ,reviews
https://schoolwith.me/reviews/43359,口コミ,reviews
https://schoolwith.me/reviews/43360,口コミ,reviews
https://schoolwith.me/reviews/43361,口コミ,reviews
https://schoolwith.me/reviews/43362,口コミ,reviews
https://schoolwith.me/reviews/43363,口コミ,reviews
https://schoolwith.me/reviews/43370,口コミ,reviews
https://schoolwith.me/reviews/43371,口コミ,reviews
https://schoolwith.me/reviews/43372,口コミ,reviews
https://schoolwith.me/reviews/43373,口コミ,reviews
https://schoolwith.me/reviews/43377,口コミ,reviews
https://schoolwith.me/reviews/43382,口コミ,reviews
https://schoolwith.me/reviews/43384,口コミ,reviews
https://schoolwith.me/reviews/43387,口コミ,reviews
https://schoolwith.me/reviews/43389,口コミ,reviews
https://schoolwith.me/reviews/43390,口コミ,reviews
https://schoolwith.me/reviews/43391,口コミ,reviews
https://schoolwith.me/reviews/43393,口コミ,reviews
https://schoolwith.me/reviews/43395,口コミ,reviews
https://schoolwith.me/reviews/43397,口コミ,reviews
https://schoolwith.me/reviews/43398,口コミ,reviews
https://schoolwith.me/reviews/43399,口コミ,reviews
https://schoolwith.me/reviews/43400,口コミ,reviews
https://schoolwith.me/reviews/43403,口コミ,reviews
https://schoolwith.me/reviews/43406,口コミ,reviews
https://schoolwith.me/reviews/43407,口コミ,reviews
https://schoolwith.me/reviews/43408,口コミ,reviews
https://schoolwith.me/reviews/43409,口コミ,reviews
https://schoolwith.me/reviews/43414,口コミ,reviews
https://schoolwith.me/reviews/43415,口コミ,reviews
https://schoolwith.me/reviews/43417,口コミ,reviews
https://schoolwith.me/reviews/43418,口コミ,reviews
https://schoolwith.me/reviews/43419,口コミ,reviews
https://schoolwith.me/reviews/43421,口コミ,reviews
https://schoolwith.me/reviews/43423,口コミ,reviews
https://schoolwith.me/reviews/43424,口コミ,reviews
https://schoolwith.me/reviews/43425,口コミ,reviews
https://schoolwith.me/reviews/43426,口コミ,reviews
https://schoolwith.me/reviews/43427,口コミ,reviews
https://schoolwith.me/reviews/43442,口コミ,reviews
https://schoolwith.me/reviews/43444,口コミ,reviews
https://schoolwith.me/reviews/43445,口コミ,reviews
https://schoolwith.me/reviews/43448,口コミ,reviews
https://schoolwith.me/reviews/43449,口コミ,reviews
https://schoolwith.me/reviews/43450,口コミ,reviews
https://schoolwith.me/reviews/43451,口コミ,reviews
https://schoolwith.me/reviews/43452,口コミ,reviews
https://schoolwith.me/reviews/43454,口コミ,reviews
https://schoolwith.me/reviews/43455,口コミ,reviews
https://schoolwith.me/reviews/43456,口コミ,reviews
https://schoolwith.me/reviews/43457,口コミ,reviews
https://schoolwith.me/reviews/43458,口コミ,reviews
https://schoolwith.me/reviews/43459,口コミ,reviews
https://schoolwith.me/reviews/43460,口コミ,reviews
https://schoolwith.me/reviews/43461,口コミ,reviews
https://schoolwith.me/reviews/43462,口コミ,reviews
https://schoolwith.me/reviews/43464,口コミ,reviews
https://schoolwith.me/reviews/43465,口コミ,reviews
https://schoolwith.me/reviews/43466,口コミ,reviews
https://schoolwith.me/reviews/43467,口コミ,reviews
https://schoolwith.me/reviews/43468,口コミ,reviews
https://schoolwith.me/reviews/43469,口コミ,reviews
https://schoolwith.me/reviews/43470,口コミ,reviews
https://schoolwith.me/reviews/43471,口コミ,reviews
https://schoolwith.me/reviews/43472,口コミ,reviews
https://schoolwith.me/reviews/43473,口コミ,reviews
https://schoolwith.me/reviews/43474,口コミ,reviews
https://schoolwith.me/reviews/43475,口コミ,reviews
https://schoolwith.me/reviews/43476,口コミ,reviews
https://schoolwith.me/reviews/43477,口コミ,reviews
https://schoolwith.me/reviews/43478,口コミ,reviews
https://schoolwith.me/reviews/43479,口コミ,reviews
https://schoolwith.me/reviews/43480,口コミ,reviews
https://schoolwith.me/reviews/43481,口コミ,reviews
https://schoolwith.me/reviews/43482,口コミ,reviews
https://schoolwith.me/reviews/43483,口コミ,reviews
https://schoolwith.me/reviews/43485,口コミ,reviews
https://schoolwith.me/reviews/43486,口コミ,reviews
https://schoolwith.me/reviews/43487,口コミ,reviews
https://schoolwith.me/reviews/43488,口コミ,reviews
https://schoolwith.me/reviews/43489,口コミ,reviews
https://schoolwith.me/reviews/43490,口コミ,reviews
https://schoolwith.me/reviews/43491,口コミ,reviews
https://schoolwith.me/reviews/43492,口コミ,reviews
https://schoolwith.me/reviews/43493,口コミ,reviews
https://schoolwith.me/reviews/43494,口コミ,reviews
https://schoolwith.me/reviews/43495,口コミ,reviews
https://schoolwith.me/reviews/43496,口コミ,reviews
https://schoolwith.me/reviews/43497,口コミ,reviews
https://schoolwith.me/reviews/43498,口コミ,reviews
https://schoolwith.me/reviews/43499,口コミ,reviews
https://schoolwith.me/reviews/43500,口コミ,reviews
https://schoolwith.me/reviews/43501,口コミ,reviews
https://schoolwith.me/reviews/43502,口コミ,reviews
https://schoolwith.me/reviews/43504,口コミ,reviews
https://schoolwith.me/reviews/43505,口コミ,reviews
https://schoolwith.me/reviews/43506,口コミ,reviews
https://schoolwith.me/reviews/43507,口コミ,reviews
https://schoolwith.me/reviews/43508,口コミ,reviews
https://schoolwith.me/reviews/43509,口コミ,reviews
https://schoolwith.me/reviews/43510,口コミ,reviews
https://schoolwith.me/reviews/43511,口コミ,reviews
https://schoolwith.me/reviews/43512,口コミ,reviews
https://schoolwith.me/reviews/43513,口コミ,reviews
https://schoolwith.me/reviews/43514,口コミ,reviews
https://schoolwith.me/reviews/43515,口コミ,reviews
https://schoolwith.me/reviews/43516,口コミ,reviews
https://schoolwith.me/reviews/43517,口コミ,reviews
https://schoolwith.me/reviews/43518,口コミ,reviews
https://schoolwith.me/reviews/43519,口コミ,reviews
https://schoolwith.me/reviews/43521,口コミ,reviews
https://schoolwith.me/reviews/43522,口コミ,reviews
https://schoolwith.me/reviews/43523,口コミ,reviews
https://schoolwith.me/reviews/43524,口コミ,reviews
https://schoolwith.me/reviews/43525,口コミ,reviews
https://schoolwith.me/reviews/43526,口コミ,reviews
https://schoolwith.me/reviews/43527,口コミ,reviews
https://schoolwith.me/reviews/43528,口コミ,reviews
https://schoolwith.me/reviews/43529,口コミ,reviews
https://schoolwith.me/reviews/43530,口コミ,reviews
https://schoolwith.me/reviews/43531,口コミ,reviews
https://schoolwith.me/reviews/43532,口コミ,reviews
https://schoolwith.me/reviews/43533,口コミ,reviews
https://schoolwith.me/reviews/43534,口コミ,reviews
https://schoolwith.me/reviews/43535,口コミ,reviews
https://schoolwith.me/reviews/43536,口コミ,reviews
https://schoolwith.me/reviews/43537,口コミ,reviews
https://schoolwith.me/reviews/43538,口コミ,reviews
https://schoolwith.me/reviews/43539,口コミ,reviews
https://schoolwith.me/reviews/43540,口コミ,reviews
https://schoolwith.me/reviews/43541,口コミ,reviews
https://schoolwith.me/reviews/43546,口コミ,reviews
https://schoolwith.me/reviews/43547,口コミ,reviews
https://schoolwith.me/reviews/43548,口コミ,reviews
https://schoolwith.me/reviews/43549,口コミ,reviews
https://schoolwith.me/reviews/43550,口コミ,reviews
https://schoolwith.me/reviews/43551,口コミ,reviews
https://schoolwith.me/reviews/43552,口コミ,reviews
https://schoolwith.me/reviews/43553,口コミ,reviews
https://schoolwith.me/reviews/43555,口コミ,reviews
https://schoolwith.me/reviews/43556,口コミ,reviews
https://schoolwith.me/reviews/43557,口コミ,reviews
https://schoolwith.me/reviews/43558,口コミ,reviews
https://schoolwith.me/reviews/43559,口コミ,reviews
https://schoolwith.me/reviews/43560,口コミ,reviews
https://schoolwith.me/reviews/43561,口コミ,reviews
https://schoolwith.me/reviews/43562,口コミ,reviews
https://schoolwith.me/reviews/43563,口コミ,reviews
https://schoolwith.me/reviews/43564,口コミ,reviews
https://schoolwith.me/reviews/43565,口コミ,reviews
https://schoolwith.me/reviews/43566,口コミ,reviews
https://schoolwith.me/reviews/43567,口コミ,reviews
https://schoolwith.me/reviews/43568,口コミ,reviews
https://schoolwith.me/reviews/43569,口コミ,reviews
https://schoolwith.me/reviews/43570,口コミ,reviews
https://schoolwith.me/reviews/43571,口コミ,reviews
https://schoolwith.me/reviews/43572,口コミ,reviews
https://schoolwith.me/reviews/43573,口コミ,reviews
https://schoolwith.me/reviews/43574,口コミ,reviews
https://schoolwith.me/reviews/43575,口コミ,reviews
https://schoolwith.me/reviews/43576,口コミ,reviews
https://schoolwith.me/reviews/43577,口コミ,reviews
https://schoolwith.me/reviews/43578,口コミ,reviews
https://schoolwith.me/reviews/43579,口コミ,reviews
https://schoolwith.me/reviews/43580,口コミ,reviews
https://schoolwith.me/reviews/43581,口コミ,reviews
https://schoolwith.me/reviews/43582,口コミ,reviews
https://schoolwith.me/reviews/43583,口コミ,reviews
https://schoolwith.me/reviews/43584,口コミ,reviews
https://schoolwith.me/reviews/43585,口コミ,reviews
https://schoolwith.me/reviews/43586,口コミ,reviews
https://schoolwith.me/reviews/43587,口コミ,reviews
https://schoolwith.me/reviews/43588,口コミ,reviews
https://schoolwith.me/reviews/43589,口コミ,reviews
https://schoolwith.me/reviews/43590,口コミ,reviews
https://schoolwith.me/reviews/43591,口コミ,reviews
https://schoolwith.me/reviews/43592,口コミ,reviews
https://schoolwith.me/reviews/43593,口コミ,reviews
https://schoolwith.me/reviews/43594,口コミ,reviews
https://schoolwith.me/reviews/43595,口コミ,reviews
https://schoolwith.me/reviews/43596,口コミ,reviews
https://schoolwith.me/reviews/43597,口コミ,reviews
https://schoolwith.me/reviews/43599,口コミ,reviews
https://schoolwith.me/reviews/43600,口コミ,reviews
https://schoolwith.me/reviews/43601,口コミ,reviews
https://schoolwith.me/reviews/43602,口コミ,reviews
https://schoolwith.me/reviews/43603,口コミ,reviews
https://schoolwith.me/reviews/43606,口コミ,reviews
https://schoolwith.me/reviews/43607,口コミ,reviews
https://schoolwith.me/reviews/43608,口コミ,reviews
https://schoolwith.me/reviews/43609,口コミ,reviews
https://schoolwith.me/reviews/43610,口コミ,reviews
https://schoolwith.me/reviews/43611,口コミ,reviews
https://schoolwith.me/reviews/43612,口コミ,reviews
https://schoolwith.me/reviews/43613,口コミ,reviews
https://schoolwith.me/reviews/43614,口コミ,reviews
https://schoolwith.me/reviews/43615,口コミ,reviews
https://schoolwith.me/reviews/43616,口コミ,reviews
https://schoolwith.me/reviews/43618,口コミ,reviews
https://schoolwith.me/reviews/43619,口コミ,reviews
https://schoolwith.me/reviews/43620,口コミ,reviews
https://schoolwith.me/reviews/43622,口コミ,reviews
https://schoolwith.me/reviews/43623,口コミ,reviews
https://schoolwith.me/reviews/43624,口コミ,reviews
https://schoolwith.me/reviews/43625,口コミ,reviews
https://schoolwith.me/reviews/43626,口コミ,reviews
https://schoolwith.me/reviews/43627,口コミ,reviews
https://schoolwith.me/reviews/43628,口コミ,reviews
https://schoolwith.me/reviews/43629,口コミ,reviews
https://schoolwith.me/reviews/43630,口コミ,reviews
https://schoolwith.me/reviews/43631,口コミ,reviews
https://schoolwith.me/reviews/43632,口コミ,reviews
https://schoolwith.me/reviews/43633,口コミ,reviews
https://schoolwith.me/reviews/43634,口コミ,reviews
https://schoolwith.me/reviews/43635,口コミ,reviews
https://schoolwith.me/reviews/43636,口コミ,reviews
https://schoolwith.me/reviews/43637,口コミ,reviews
https://schoolwith.me/reviews/43638,口コミ,reviews
https://schoolwith.me/reviews/43639,口コミ,reviews
https://schoolwith.me/reviews/43640,口コミ,reviews
https://schoolwith.me/reviews/43641,口コミ,reviews
https://schoolwith.me/reviews/43643,口コミ,reviews
https://schoolwith.me/reviews/43644,口コミ,reviews
https://schoolwith.me/reviews/43645,口コミ,reviews
https://schoolwith.me/reviews/43646,口コミ,reviews
https://schoolwith.me/reviews/43647,口コミ,reviews
https://schoolwith.me/reviews/43648,口コミ,reviews
https://schoolwith.me/reviews/43649,口コミ,reviews
https://schoolwith.me/reviews/43653,口コミ,reviews
https://schoolwith.me/reviews/43655,口コミ,reviews
https://schoolwith.me/reviews/43656,口コミ,reviews
https://schoolwith.me/reviews/43659,口コミ,reviews
https://schoolwith.me/reviews/43660,口コミ,reviews
https://schoolwith.me/reviews/43661,口コミ,reviews
https://schoolwith.me/reviews/43667,口コミ,reviews
https://schoolwith.me/reviews/43669,口コミ,reviews
https://schoolwith.me/reviews/43671,口コミ,reviews
https://schoolwith.me/reviews/43672,口コミ,reviews
https://schoolwith.me/reviews/43674,口コミ,reviews
https://schoolwith.me/reviews/43676,口コミ,reviews
https://schoolwith.me/reviews/43677,口コミ,reviews
https://schoolwith.me/reviews/43678,口コミ,reviews
https://schoolwith.me/reviews/43679,口コミ,reviews
https://schoolwith.me/reviews/43680,口コミ,reviews
https://schoolwith.me/reviews/43686,口コミ,reviews
https://schoolwith.me/reviews/43687,口コミ,reviews
https://schoolwith.me/reviews/43688,口コミ,reviews
https://schoolwith.me/reviews/43690,口コミ,reviews
https://schoolwith.me/reviews/43691,口コミ,reviews
https://schoolwith.me/reviews/43692,口コミ,reviews
https://schoolwith.me/reviews/43693,口コミ,reviews
https://schoolwith.me/reviews/43694,口コミ,reviews
https://schoolwith.me/reviews/43695,口コミ,reviews
https://schoolwith.me/reviews/43696,口コミ,reviews
https://schoolwith.me/reviews/43697,口コミ,reviews
https://schoolwith.me/reviews/43698,口コミ,reviews
https://schoolwith.me/reviews/43700,口コミ,reviews
https://schoolwith.me/reviews/43701,口コミ,reviews
https://schoolwith.me/reviews/43704,口コミ,reviews
https://schoolwith.me/reviews/43705,口コミ,reviews
https://schoolwith.me/reviews/43706,口コミ,reviews
https://schoolwith.me/reviews/43708,口コミ,reviews
https://schoolwith.me/reviews/43709,口コミ,reviews
https://schoolwith.me/reviews/43713,口コミ,reviews
https://schoolwith.me/reviews/43715,口コミ,reviews
https://schoolwith.me/reviews/43717,口コミ,reviews
https://schoolwith.me/reviews/43719,口コミ,reviews
https://schoolwith.me/reviews/43720,口コミ,reviews
https://schoolwith.me/reviews/43721,口コミ,reviews
https://schoolwith.me/reviews/43722,口コミ,reviews
https://schoolwith.me/reviews/43724,口コミ,reviews
https://schoolwith.me/reviews/43725,口コミ,reviews
https://schoolwith.me/reviews/43726,口コミ,reviews
https://schoolwith.me/reviews/43731,口コミ,reviews
https://schoolwith.me/reviews/43732,口コミ,reviews
https://schoolwith.me/reviews/43733,口コミ,reviews
https://schoolwith.me/reviews/43734,口コミ,reviews
https://schoolwith.me/reviews/43735,口コミ,reviews
https://schoolwith.me/reviews/43736,口コミ,reviews
https://schoolwith.me/reviews/43737,口コミ,reviews
https://schoolwith.me/reviews/43738,口コミ,reviews
https://schoolwith.me/reviews/43739,口コミ,reviews
https://schoolwith.me/reviews/43740,口コミ,reviews
https://schoolwith.me/reviews/43741,口コミ,reviews
https://schoolwith.me/reviews/43742,口コミ,reviews
https://schoolwith.me/reviews/43743,口コミ,reviews
https://schoolwith.me/reviews/43744,口コミ,reviews
https://schoolwith.me/reviews/43745,口コミ,reviews
https://schoolwith.me/reviews/43746,口コミ,reviews
https://schoolwith.me/reviews/43747,口コミ,reviews
https://schoolwith.me/reviews/43748,口コミ,reviews
https://schoolwith.me/reviews/43749,口コミ,reviews
https://schoolwith.me/reviews/43750,口コミ,reviews
https://schoolwith.me/reviews/43751,口コミ,reviews
https://schoolwith.me/reviews/43752,口コミ,reviews
https://schoolwith.me/reviews/43753,口コミ,reviews
https://schoolwith.me/reviews/43754,口コミ,reviews
https://schoolwith.me/reviews/43755,口コミ,reviews
https://schoolwith.me/reviews/43756,口コミ,reviews
https://schoolwith.me/reviews/43757,口コミ,reviews
https://schoolwith.me/reviews/43758,口コミ,reviews
https://schoolwith.me/reviews/43759,口コミ,reviews
https://schoolwith.me/reviews/43760,口コミ,reviews
https://schoolwith.me/reviews/43761,口コミ,reviews
https://schoolwith.me/reviews/43762,口コミ,reviews
https://schoolwith.me/reviews/43763,口コミ,reviews
https://schoolwith.me/reviews/43765,口コミ,reviews
https://schoolwith.me/reviews/43767,口コミ,reviews
https://schoolwith.me/reviews/43768,口コミ,reviews
https://schoolwith.me/reviews/43769,口コミ,reviews
https://schoolwith.me/reviews/43770,口コミ,reviews
https://schoolwith.me/reviews/43771,口コミ,reviews
https://schoolwith.me/reviews/43772,口コミ,reviews
https://schoolwith.me/reviews/43773,口コミ,reviews
https://schoolwith.me/reviews/43774,口コミ,reviews
https://schoolwith.me/reviews/43775,口コミ,reviews
https://schoolwith.me/reviews/43776,口コミ,reviews
https://schoolwith.me/reviews/43777,口コミ,reviews
https://schoolwith.me/reviews/43778,口コミ,reviews
https://schoolwith.me/reviews/43779,口コミ,reviews
https://schoolwith.me/reviews/43780,口コミ,reviews
https://schoolwith.me/reviews/43781,口コミ,reviews
https://schoolwith.me/reviews/43782,口コミ,reviews
https://schoolwith.me/reviews/43783,口コミ,reviews
https://schoolwith.me/reviews/43784,口コミ,reviews
https://schoolwith.me/reviews/43785,口コミ,reviews
https://schoolwith.me/reviews/43786,口コミ,reviews
https://schoolwith.me/reviews/43787,口コミ,reviews
https://schoolwith.me/reviews/43788,口コミ,reviews
https://schoolwith.me/reviews/43789,口コミ,reviews
https://schoolwith.me/reviews/43790,口コミ,reviews
https://schoolwith.me/reviews/43791,口コミ,reviews
https://schoolwith.me/reviews/43793,口コミ,reviews
https://schoolwith.me/reviews/43796,口コミ,reviews
https://schoolwith.me/reviews/43798,口コミ,reviews
https://schoolwith.me/reviews/43800,口コミ,reviews
https://schoolwith.me/reviews/43801,口コミ,reviews
https://schoolwith.me/reviews/43803,口コミ,reviews
https://schoolwith.me/reviews/43805,口コミ,reviews
https://schoolwith.me/reviews/43809,口コミ,reviews
https://schoolwith.me/reviews/43810,口コミ,reviews
https://schoolwith.me/reviews/43815,口コミ,reviews
https://schoolwith.me/reviews/43816,口コミ,reviews
https://schoolwith.me/reviews/43818,口コミ,reviews
https://schoolwith.me/reviews/43819,口コミ,reviews
https://schoolwith.me/reviews/43820,口コミ,reviews
https://schoolwith.me/reviews/43821,口コミ,reviews
https://schoolwith.me/reviews/43822,口コミ,reviews
https://schoolwith.me/reviews/43824,口コミ,reviews
https://schoolwith.me/reviews/43827,口コミ,reviews
https://schoolwith.me/reviews/43828,口コミ,reviews
https://schoolwith.me/reviews/43832,口コミ,reviews
https://schoolwith.me/reviews/43834,口コミ,reviews
https://schoolwith.me/reviews/43836,口コミ,reviews
https://schoolwith.me/reviews/43838,口コミ,reviews
https://schoolwith.me/reviews/43839,口コミ,reviews
https://schoolwith.me/reviews/43845,口コミ,reviews
https://schoolwith.me/reviews/43853,口コミ,reviews
https://schoolwith.me/reviews/43854,口コミ,reviews
https://schoolwith.me/reviews/43855,口コミ,reviews
https://schoolwith.me/reviews/43856,口コミ,reviews
https://schoolwith.me/reviews/43857,口コミ,reviews
https://schoolwith.me/reviews/43859,口コミ,reviews
https://schoolwith.me/reviews/43860,口コミ,reviews
https://schoolwith.me/reviews/43862,口コミ,reviews
https://schoolwith.me/reviews/43865,口コミ,reviews
https://schoolwith.me/reviews/43866,口コミ,reviews
https://schoolwith.me/reviews/43870,口コミ,reviews
https://schoolwith.me/reviews/43873,口コミ,reviews
https://schoolwith.me/reviews/43875,口コミ,reviews
https://schoolwith.me/reviews/43876,口コミ,reviews
https://schoolwith.me/reviews/43877,口コミ,reviews
https://schoolwith.me/reviews/43878,口コミ,reviews
https://schoolwith.me/reviews/43879,口コミ,reviews
https://schoolwith.me/reviews/43880,口コミ,reviews
https://schoolwith.me/reviews/43882,口コミ,reviews
https://schoolwith.me/reviews/43883,口コミ,reviews
https://schoolwith.me/reviews/43885,口コミ,reviews
https://schoolwith.me/reviews/43886,口コミ,reviews
https://schoolwith.me/reviews/43887,口コミ,reviews
https://schoolwith.me/reviews/43888,口コミ,reviews
https://schoolwith.me/reviews/43890,口コミ,reviews
https://schoolwith.me/reviews/43891,口コミ,reviews
https://schoolwith.me/reviews/43893,口コミ,reviews
https://schoolwith.me/reviews/43898,口コミ,reviews
https://schoolwith.me/reviews/43899,口コミ,reviews
https://schoolwith.me/reviews/43902,口コミ,reviews
https://schoolwith.me/reviews/43903,口コミ,reviews
https://schoolwith.me/reviews/43904,口コミ,reviews
https://schoolwith.me/reviews/43905,口コミ,reviews
https://schoolwith.me/reviews/43906,口コミ,reviews
https://schoolwith.me/reviews/43907,口コミ,reviews
https://schoolwith.me/reviews/43908,口コミ,reviews
https://schoolwith.me/reviews/43909,口コミ,reviews
https://schoolwith.me/reviews/43910,口コミ,reviews
https://schoolwith.me/reviews/43911,口コミ,reviews
https://schoolwith.me/reviews/43912,口コミ,reviews
https://schoolwith.me/reviews/43913,口コミ,reviews
https://schoolwith.me/reviews/43914,口コミ,reviews
https://schoolwith.me/reviews/43915,口コミ,reviews
https://schoolwith.me/reviews/43917,口コミ,reviews
https://schoolwith.me/reviews/43919,口コミ,reviews
https://schoolwith.me/reviews/43921,口コミ,reviews
https://schoolwith.me/reviews/43922,口コミ,reviews
https://schoolwith.me/reviews/43924,口コミ,reviews
https://schoolwith.me/reviews/43926,口コミ,reviews
https://schoolwith.me/reviews/43928,口コミ,reviews
https://schoolwith.me/reviews/43930,口コミ,reviews
https://schoolwith.me/reviews/43931,口コミ,reviews
https://schoolwith.me/reviews/43932,口コミ,reviews
https://schoolwith.me/reviews/43933,口コミ,reviews
https://schoolwith.me/reviews/43934,口コミ,reviews
https://schoolwith.me/reviews/43935,口コミ,reviews
https://schoolwith.me/reviews/43936,口コミ,reviews
https://schoolwith.me/reviews/43937,口コミ,reviews
https://schoolwith.me/reviews/43938,口コミ,reviews
https://schoolwith.me/reviews/43939,口コミ,reviews
https://schoolwith.me/reviews/43940,口コミ,reviews
https://schoolwith.me/reviews/43941,口コミ,reviews
https://schoolwith.me/reviews/43942,口コミ,reviews
https://schoolwith.me/reviews/43943,口コミ,reviews
https://schoolwith.me/reviews/43944,口コミ,reviews
https://schoolwith.me/reviews/43945,口コミ,reviews
https://schoolwith.me/reviews/43946,口コミ,reviews
https://schoolwith.me/reviews/43947,口コミ,reviews
https://schoolwith.me/reviews/43948,口コミ,reviews
https://schoolwith.me/reviews/43949,口コミ,reviews
https://schoolwith.me/reviews/43950,口コミ,reviews
https://schoolwith.me/reviews/43951,口コミ,reviews
https://schoolwith.me/reviews/43952,口コミ,reviews
https://schoolwith.me/reviews/43953,口コミ,reviews
https://schoolwith.me/reviews/43954,口コミ,reviews
https://schoolwith.me/reviews/43956,口コミ,reviews
https://schoolwith.me/reviews/43957,口コミ,reviews
https://schoolwith.me/reviews/43958,口コミ,reviews
https://schoolwith.me/reviews/43959,口コミ,reviews
https://schoolwith.me/reviews/43960,口コミ,reviews
https://schoolwith.me/reviews/43961,口コミ,reviews
https://schoolwith.me/reviews/43962,口コミ,reviews
https://schoolwith.me/reviews/43963,口コミ,reviews
https://schoolwith.me/reviews/43964,口コミ,reviews
https://schoolwith.me/reviews/43965,口コミ,reviews
https://schoolwith.me/reviews/43966,口コミ,reviews
https://schoolwith.me/reviews/43967,口コミ,reviews
https://schoolwith.me/reviews/43968,口コミ,reviews
https://schoolwith.me/reviews/43969,口コミ,reviews
https://schoolwith.me/reviews/43970,口コミ,reviews
https://schoolwith.me/reviews/43971,口コミ,reviews
https://schoolwith.me/reviews/43972,口コミ,reviews
https://schoolwith.me/reviews/43973,口コミ,reviews
https://schoolwith.me/reviews/43976,口コミ,reviews
https://schoolwith.me/reviews/43977,口コミ,reviews
https://schoolwith.me/reviews/43980,口コミ,reviews
https://schoolwith.me/reviews/43983,口コミ,reviews
https://schoolwith.me/reviews/43984,口コミ,reviews
https://schoolwith.me/reviews/43986,口コミ,reviews
https://schoolwith.me/reviews/43988,口コミ,reviews
https://schoolwith.me/reviews/43989,口コミ,reviews
https://schoolwith.me/reviews/43991,口コミ,reviews
https://schoolwith.me/reviews/43992,口コミ,reviews
https://schoolwith.me/reviews/43993,口コミ,reviews
https://schoolwith.me/reviews/43994,口コミ,reviews
https://schoolwith.me/reviews/43995,口コミ,reviews
https://schoolwith.me/reviews/43996,口コミ,reviews
https://schoolwith.me/reviews/43997,口コミ,reviews
https://schoolwith.me/reviews/43999,口コミ,reviews
https://schoolwith.me/reviews/44000,口コミ,reviews
https://schoolwith.me/reviews/44004,口コミ,reviews
https://schoolwith.me/reviews/44006,口コミ,reviews
https://schoolwith.me/reviews/44007,口コミ,reviews
https://schoolwith.me/reviews/44011,口コミ,reviews
https://schoolwith.me/reviews/44012,口コミ,reviews
https://schoolwith.me/reviews/44013,口コミ,reviews
https://schoolwith.me/reviews/44014,口コミ,reviews
https://schoolwith.me/reviews/44015,口コミ,reviews
https://schoolwith.me/reviews/44017,口コミ,reviews
https://schoolwith.me/reviews/44018,口コミ,reviews
https://schoolwith.me/reviews/44021,口コミ,reviews
https://schoolwith.me/reviews/44024,口コミ,reviews
https://schoolwith.me/reviews/44025,口コミ,reviews
https://schoolwith.me/reviews/44026,口コミ,reviews
https://schoolwith.me/reviews/44028,口コミ,reviews
https://schoolwith.me/reviews/44029,口コミ,reviews
https://schoolwith.me/reviews/44030,口コミ,reviews
https://schoolwith.me/reviews/44031,口コミ,reviews
https://schoolwith.me/reviews/44032,口コミ,reviews
https://schoolwith.me/reviews/44033,口コミ,reviews
https://schoolwith.me/reviews/44034,口コミ,reviews
https://schoolwith.me/reviews/44035,口コミ,reviews
https://schoolwith.me/reviews/44036,口コミ,reviews
https://schoolwith.me/reviews/44037,口コミ,reviews
https://schoolwith.me/reviews/44038,口コミ,reviews
https://schoolwith.me/reviews/44039,口コミ,reviews
https://schoolwith.me/reviews/44040,口コミ,reviews
https://schoolwith.me/reviews/44041,口コミ,reviews
https://schoolwith.me/reviews/44042,口コミ,reviews
https://schoolwith.me/reviews/44043,口コミ,reviews
https://schoolwith.me/reviews/44044,口コミ,reviews
https://schoolwith.me/reviews/44045,口コミ,reviews
https://schoolwith.me/reviews/44046,口コミ,reviews
https://schoolwith.me/reviews/44047,口コミ,reviews
https://schoolwith.me/reviews/44048,口コミ,reviews
https://schoolwith.me/reviews/44049,口コミ,reviews
https://schoolwith.me/reviews/44050,口コミ,reviews
https://schoolwith.me/reviews/44052,口コミ,reviews
https://schoolwith.me/reviews/44054,口コミ,reviews
https://schoolwith.me/reviews/44055,口コミ,reviews
https://schoolwith.me/reviews/44056,口コミ,reviews
https://schoolwith.me/reviews/44057,口コミ,reviews
https://schoolwith.me/reviews/44058,口コミ,reviews
https://schoolwith.me/reviews/44059,口コミ,reviews
https://schoolwith.me/reviews/44060,口コミ,reviews
https://schoolwith.me/reviews/44061,口コミ,reviews
https://schoolwith.me/reviews/44062,口コミ,reviews
https://schoolwith.me/reviews/44063,口コミ,reviews
https://schoolwith.me/reviews/44064,口コミ,reviews
https://schoolwith.me/reviews/44065,口コミ,reviews
https://schoolwith.me/reviews/44066,口コミ,reviews
https://schoolwith.me/reviews/44067,口コミ,reviews
https://schoolwith.me/reviews/44068,口コミ,reviews
https://schoolwith.me/reviews/44069,口コミ,reviews
https://schoolwith.me/reviews/44070,口コミ,reviews
https://schoolwith.me/reviews/44071,口コミ,reviews
https://schoolwith.me/reviews/44072,口コミ,reviews
https://schoolwith.me/reviews/44073,口コミ,reviews
https://schoolwith.me/reviews/44075,口コミ,reviews
https://schoolwith.me/reviews/44076,口コミ,reviews
https://schoolwith.me/reviews/44077,口コミ,reviews
https://schoolwith.me/reviews/44080,口コミ,reviews
https://schoolwith.me/reviews/44081,口コミ,reviews
https://schoolwith.me/reviews/44084,口コミ,reviews
https://schoolwith.me/reviews/44087,口コミ,reviews
https://schoolwith.me/reviews/44089,口コミ,reviews
https://schoolwith.me/reviews/44090,口コミ,reviews
https://schoolwith.me/reviews/44091,口コミ,reviews
https://schoolwith.me/reviews/44093,口コミ,reviews
https://schoolwith.me/reviews/44096,口コミ,reviews
https://schoolwith.me/reviews/44098,口コミ,reviews
https://schoolwith.me/reviews/44100,口コミ,reviews
https://schoolwith.me/reviews/44101,口コミ,reviews
https://schoolwith.me/reviews/44102,口コミ,reviews
https://schoolwith.me/reviews/44106,口コミ,reviews
https://schoolwith.me/reviews/44108,口コミ,reviews
https://schoolwith.me/reviews/44109,口コミ,reviews
https://schoolwith.me/reviews/44110,口コミ,reviews
https://schoolwith.me/reviews/44113,口コミ,reviews
https://schoolwith.me/reviews/44114,口コミ,reviews
https://schoolwith.me/reviews/44115,口コミ,reviews
https://schoolwith.me/reviews/44120,口コミ,reviews
https://schoolwith.me/reviews/44126,口コミ,reviews
https://schoolwith.me/reviews/44127,口コミ,reviews
https://schoolwith.me/reviews/44128,口コミ,reviews
https://schoolwith.me/reviews/44129,口コミ,reviews
https://schoolwith.me/reviews/44130,口コミ,reviews
https://schoolwith.me/reviews/44131,口コミ,reviews
https://schoolwith.me/reviews/44134,口コミ,reviews
https://schoolwith.me/reviews/44135,口コミ,reviews
https://schoolwith.me/reviews/44136,口コミ,reviews
https://schoolwith.me/reviews/44138,口コミ,reviews
https://schoolwith.me/reviews/44139,口コミ,reviews
https://schoolwith.me/reviews/44141,口コミ,reviews
https://schoolwith.me/reviews/44143,口コミ,reviews
https://schoolwith.me/reviews/44144,口コミ,reviews
https://schoolwith.me/reviews/44145,口コミ,reviews
https://schoolwith.me/reviews/44146,口コミ,reviews
https://schoolwith.me/reviews/44148,口コミ,reviews
https://schoolwith.me/reviews/44149,口コミ,reviews
https://schoolwith.me/reviews/44150,口コミ,reviews
https://schoolwith.me/reviews/44152,口コミ,reviews
https://schoolwith.me/reviews/44155,口コミ,reviews
https://schoolwith.me/reviews/44157,口コミ,reviews
https://schoolwith.me/reviews/44159,口コミ,reviews
https://schoolwith.me/reviews/44161,口コミ,reviews
https://schoolwith.me/reviews/44162,口コミ,reviews
https://schoolwith.me/reviews/44164,口コミ,reviews
https://schoolwith.me/reviews/44165,口コミ,reviews
https://schoolwith.me/reviews/44166,口コミ,reviews
https://schoolwith.me/reviews/44167,口コミ,reviews
https://schoolwith.me/reviews/44168,口コミ,reviews
https://schoolwith.me/reviews/44170,口コミ,reviews
https://schoolwith.me/reviews/44172,口コミ,reviews
https://schoolwith.me/reviews/44173,口コミ,reviews
https://schoolwith.me/reviews/44176,口コミ,reviews
https://schoolwith.me/reviews/44177,口コミ,reviews
https://schoolwith.me/reviews/44185,口コミ,reviews
https://schoolwith.me/reviews/44187,口コミ,reviews
https://schoolwith.me/reviews/44189,口コミ,reviews
https://schoolwith.me/reviews/44191,口コミ,reviews
https://schoolwith.me/reviews/44192,口コミ,reviews
https://schoolwith.me/reviews/44194,口コミ,reviews
https://schoolwith.me/reviews/44197,口コミ,reviews
https://schoolwith.me/reviews/44198,口コミ,reviews
https://schoolwith.me/reviews/44200,口コミ,reviews
https://schoolwith.me/reviews/44204,口コミ,reviews
https://schoolwith.me/reviews/44208,口コミ,reviews
https://schoolwith.me/reviews/44214,口コミ,reviews
https://schoolwith.me/reviews/44221,口コミ,reviews
https://schoolwith.me/reviews/44222,口コミ,reviews
https://schoolwith.me/reviews/44224,口コミ,reviews
https://schoolwith.me/reviews/44226,口コミ,reviews
https://schoolwith.me/reviews/44227,口コミ,reviews
https://schoolwith.me/reviews/44232,口コミ,reviews
https://schoolwith.me/reviews/44236,口コミ,reviews
https://schoolwith.me/reviews/44241,口コミ,reviews
https://schoolwith.me/reviews/44249,口コミ,reviews
https://schoolwith.me/reviews/44254,口コミ,reviews
https://schoolwith.me/reviews/44255,口コミ,reviews
https://schoolwith.me/reviews/44258,口コミ,reviews
https://schoolwith.me/reviews/44262,口コミ,reviews
https://schoolwith.me/reviews/44263,口コミ,reviews
https://schoolwith.me/reviews/44264,口コミ,reviews
https://schoolwith.me/reviews/44272,口コミ,reviews
https://schoolwith.me/reviews/44281,口コミ,reviews
https://schoolwith.me/reviews/44286,口コミ,reviews
https://schoolwith.me/reviews/44287,口コミ,reviews
https://schoolwith.me/reviews/44289,口コミ,reviews
https://schoolwith.me/reviews/44290,口コミ,reviews
https://schoolwith.me/reviews/44292,口コミ,reviews
https://schoolwith.me/reviews/44293,口コミ,reviews
https://schoolwith.me/reviews/44302,口コミ,reviews
https://schoolwith.me/reviews/44308,口コミ,reviews
https://schoolwith.me/reviews/44309,口コミ,reviews
https://schoolwith.me/reviews/44311,口コミ,reviews
https://schoolwith.me/reviews/44318,口コミ,reviews
https://schoolwith.me/reviews/44324,口コミ,reviews
https://schoolwith.me/reviews/44325,口コミ,reviews
https://schoolwith.me/reviews/44328,口コミ,reviews
https://schoolwith.me/reviews/44329,口コミ,reviews
https://schoolwith.me/reviews/44330,口コミ,reviews
https://schoolwith.me/reviews/44331,口コミ,reviews
https://schoolwith.me/reviews/44335,口コミ,reviews
https://schoolwith.me/reviews/44337,口コミ,reviews
https://schoolwith.me/reviews/44338,口コミ,reviews
https://schoolwith.me/reviews/44340,口コミ,reviews
https://schoolwith.me/reviews/44341,口コミ,reviews
https://schoolwith.me/reviews/44342,口コミ,reviews
https://schoolwith.me/reviews/44346,口コミ,reviews
https://schoolwith.me/reviews/44349,口コミ,reviews
https://schoolwith.me/reviews/44350,口コミ,reviews
https://schoolwith.me/reviews/44354,口コミ,reviews
https://schoolwith.me/reviews/44356,口コミ,reviews
https://schoolwith.me/reviews/44360,口コミ,reviews
https://schoolwith.me/reviews/44363,口コミ,reviews
https://schoolwith.me/reviews/44365,口コミ,reviews
https://schoolwith.me/reviews/44376,口コミ,reviews
https://schoolwith.me/reviews/44380,口コミ,reviews
https://schoolwith.me/reviews/44382,口コミ,reviews
https://schoolwith.me/reviews/44386,口コミ,reviews
https://schoolwith.me/reviews/44388,口コミ,reviews
https://schoolwith.me/reviews/44389,口コミ,reviews
https://schoolwith.me/reviews/44390,口コミ,reviews
https://schoolwith.me/reviews/44391,口コミ,reviews
https://schoolwith.me/reviews/44393,口コミ,reviews
https://schoolwith.me/reviews/44397,口コミ,reviews
https://schoolwith.me/reviews/44403,口コミ,reviews
https://schoolwith.me/reviews/44406,口コミ,reviews
https://schoolwith.me/reviews/44407,口コミ,reviews
https://schoolwith.me/reviews/44408,口コミ,reviews
https://schoolwith.me/reviews/44409,口コミ,reviews
https://schoolwith.me/reviews/44414,口コミ,reviews
https://schoolwith.me/reviews/44415,口コミ,reviews
https://schoolwith.me/reviews/44417,口コミ,reviews
https://schoolwith.me/reviews/44422,口コミ,reviews
https://schoolwith.me/reviews/44424,口コミ,reviews
https://schoolwith.me/reviews/44427,口コミ,reviews
https://schoolwith.me/reviews/44433,口コミ,reviews
https://schoolwith.me/reviews/44436,口コミ,reviews
https://schoolwith.me/reviews/44438,口コミ,reviews
https://schoolwith.me/reviews/44440,口コミ,reviews
https://schoolwith.me/reviews/44444,口コミ,reviews
https://schoolwith.me/reviews/44446,口コミ,reviews
https://schoolwith.me/reviews/44447,口コミ,reviews
https://schoolwith.me/reviews/44448,口コミ,reviews
https://schoolwith.me/reviews/44449,口コミ,reviews
https://schoolwith.me/reviews/44452,口コミ,reviews
https://schoolwith.me/reviews/44453,口コミ,reviews
https://schoolwith.me/reviews/44454,口コミ,reviews
https://schoolwith.me/reviews/44457,口コミ,reviews
https://schoolwith.me/reviews/44459,口コミ,reviews
https://schoolwith.me/reviews/44462,口コミ,reviews
https://schoolwith.me/reviews/44463,口コミ,reviews
https://schoolwith.me/reviews/44464,口コミ,reviews
https://schoolwith.me/reviews/44465,口コミ,reviews
https://schoolwith.me/reviews/44467,口コミ,reviews
https://schoolwith.me/reviews/44468,口コミ,reviews
https://schoolwith.me/reviews/44470,口コミ,reviews
https://schoolwith.me/reviews/44471,口コミ,reviews
https://schoolwith.me/reviews/44477,口コミ,reviews
https://schoolwith.me/reviews/44478,口コミ,reviews
https://schoolwith.me/reviews/44479,口コミ,reviews
https://schoolwith.me/reviews/44480,口コミ,reviews
https://schoolwith.me/reviews/44481,口コミ,reviews
https://schoolwith.me/reviews/44482,口コミ,reviews
https://schoolwith.me/reviews/44483,口コミ,reviews
https://schoolwith.me/reviews/44484,口コミ,reviews
https://schoolwith.me/reviews/44486,口コミ,reviews
https://schoolwith.me/reviews/44488,口コミ,reviews
https://schoolwith.me/reviews/44493,口コミ,reviews
https://schoolwith.me/reviews/44496,口コミ,reviews
https://schoolwith.me/reviews/44497,口コミ,reviews
https://schoolwith.me/reviews/44498,口コミ,reviews
https://schoolwith.me/reviews/44499,口コミ,reviews
https://schoolwith.me/reviews/44500,口コミ,reviews
https://schoolwith.me/reviews/44501,口コミ,reviews
https://schoolwith.me/reviews/44507,口コミ,reviews
https://schoolwith.me/reviews/44509,口コミ,reviews
https://schoolwith.me/reviews/44510,口コミ,reviews
https://schoolwith.me/reviews/44511,口コミ,reviews
https://schoolwith.me/reviews/44512,口コミ,reviews
https://schoolwith.me/reviews/44514,口コミ,reviews
https://schoolwith.me/reviews/44515,口コミ,reviews
https://schoolwith.me/reviews/44517,口コミ,reviews
https://schoolwith.me/reviews/44518,口コミ,reviews
https://schoolwith.me/reviews/44520,口コミ,reviews
https://schoolwith.me/reviews/44521,口コミ,reviews
https://schoolwith.me/reviews/44524,口コミ,reviews
https://schoolwith.me/reviews/44529,口コミ,reviews
https://schoolwith.me/reviews/44530,口コミ,reviews
https://schoolwith.me/reviews/44531,口コミ,reviews
https://schoolwith.me/reviews/44532,口コミ,reviews
https://schoolwith.me/reviews/44533,口コミ,reviews
https://schoolwith.me/reviews/44534,口コミ,reviews
https://schoolwith.me/reviews/44536,口コミ,reviews
https://schoolwith.me/reviews/44537,口コミ,reviews
https://schoolwith.me/reviews/44538,口コミ,reviews
https://schoolwith.me/reviews/44540,口コミ,reviews
https://schoolwith.me/reviews/44541,口コミ,reviews
https://schoolwith.me/reviews/44542,口コミ,reviews
https://schoolwith.me/reviews/44544,口コミ,reviews
https://schoolwith.me/reviews/44547,口コミ,reviews
https://schoolwith.me/reviews/44549,口コミ,reviews
https://schoolwith.me/reviews/44551,口コミ,reviews
https://schoolwith.me/reviews/44552,口コミ,reviews
https://schoolwith.me/reviews/44557,口コミ,reviews
https://schoolwith.me/reviews/44558,口コミ,reviews
https://schoolwith.me/reviews/44562,口コミ,reviews
https://schoolwith.me/reviews/44564,口コミ,reviews
https://schoolwith.me/reviews/44566,口コミ,reviews
https://schoolwith.me/reviews/44567,口コミ,reviews
https://schoolwith.me/reviews/44572,口コミ,reviews
https://schoolwith.me/reviews/44573,口コミ,reviews
https://schoolwith.me/reviews/44575,口コミ,reviews
https://schoolwith.me/reviews/44576,口コミ,reviews
https://schoolwith.me/reviews/44579,口コミ,reviews
https://schoolwith.me/reviews/44580,口コミ,reviews
https://schoolwith.me/reviews/44581,口コミ,reviews
https://schoolwith.me/reviews/44583,口コミ,reviews
https://schoolwith.me/reviews/44586,口コミ,reviews
https://schoolwith.me/reviews/44588,口コミ,reviews
https://schoolwith.me/reviews/44590,口コミ,reviews
https://schoolwith.me/reviews/44592,口コミ,reviews
https://schoolwith.me/reviews/44593,口コミ,reviews
https://schoolwith.me/reviews/44598,口コミ,reviews
https://schoolwith.me/reviews/44599,口コミ,reviews
https://schoolwith.me/reviews/44600,口コミ,reviews
https://schoolwith.me/reviews/44601,口コミ,reviews
https://schoolwith.me/reviews/44603,口コミ,reviews
https://schoolwith.me/reviews/44604,口コミ,reviews
https://schoolwith.me/reviews/44605,口コミ,reviews
https://schoolwith.me/reviews/44607,口コミ,reviews
https://schoolwith.me/reviews/44610,口コミ,reviews
https://schoolwith.me/reviews/44611,口コミ,reviews
https://schoolwith.me/reviews/44612,口コミ,reviews
https://schoolwith.me/reviews/44613,口コミ,reviews
https://schoolwith.me/reviews/44614,口コミ,reviews
https://schoolwith.me/reviews/44617,口コミ,reviews
https://schoolwith.me/reviews/44618,口コミ,reviews
https://schoolwith.me/reviews/44620,口コミ,reviews
https://schoolwith.me/reviews/44621,口コミ,reviews
https://schoolwith.me/reviews/44622,口コミ,reviews
https://schoolwith.me/reviews/44623,口コミ,reviews
https://schoolwith.me/reviews/44624,口コミ,reviews
https://schoolwith.me/reviews/44625,口コミ,reviews
https://schoolwith.me/reviews/44626,口コミ,reviews
https://schoolwith.me/reviews/44628,口コミ,reviews
https://schoolwith.me/reviews/44630,口コミ,reviews
https://schoolwith.me/reviews/44631,口コミ,reviews
https://schoolwith.me/reviews/44632,口コミ,reviews
https://schoolwith.me/reviews/44633,口コミ,reviews
https://schoolwith.me/reviews/44634,口コミ,reviews
https://schoolwith.me/reviews/44635,口コミ,reviews
https://schoolwith.me/reviews/44636,口コミ,reviews
https://schoolwith.me/reviews/44638,口コミ,reviews
https://schoolwith.me/reviews/44641,口コミ,reviews
https://schoolwith.me/reviews/44642,口コミ,reviews
https://schoolwith.me/reviews/44643,口コミ,reviews
https://schoolwith.me/reviews/44654,口コミ,reviews
https://schoolwith.me/reviews/44655,口コミ,reviews
https://schoolwith.me/reviews/44657,口コミ,reviews
https://schoolwith.me/reviews/44659,口コミ,reviews
https://schoolwith.me/reviews/44660,口コミ,reviews
https://schoolwith.me/reviews/44661,口コミ,reviews
https://schoolwith.me/reviews/44662,口コミ,reviews
https://schoolwith.me/reviews/44663,口コミ,reviews
https://schoolwith.me/reviews/44665,口コミ,reviews
https://schoolwith.me/reviews/44666,口コミ,reviews
https://schoolwith.me/reviews/44668,口コミ,reviews
https://schoolwith.me/reviews/44669,口コミ,reviews
https://schoolwith.me/reviews/44672,口コミ,reviews
https://schoolwith.me/reviews/44674,口コミ,reviews
https://schoolwith.me/reviews/44675,口コミ,reviews
https://schoolwith.me/reviews/44676,口コミ,reviews
https://schoolwith.me/reviews/44679,口コミ,reviews
https://schoolwith.me/reviews/44681,口コミ,reviews
https://schoolwith.me/reviews/44682,口コミ,reviews
https://schoolwith.me/reviews/44684,口コミ,reviews
https://schoolwith.me/reviews/44685,口コミ,reviews
https://schoolwith.me/reviews/44686,口コミ,reviews
https://schoolwith.me/reviews/44688,口コミ,reviews
https://schoolwith.me/reviews/44689,口コミ,reviews
https://schoolwith.me/reviews/44690,口コミ,reviews
https://schoolwith.me/reviews/44691,口コミ,reviews
https://schoolwith.me/reviews/44692,口コミ,reviews
https://schoolwith.me/reviews/44693,口コミ,reviews
https://schoolwith.me/reviews/44694,口コミ,reviews
https://schoolwith.me/reviews/44696,口コミ,reviews
https://schoolwith.me/reviews/44698,口コミ,reviews
https://schoolwith.me/reviews/44699,口コミ,reviews
https://schoolwith.me/reviews/44701,口コミ,reviews
https://schoolwith.me/reviews/44702,口コミ,reviews
https://schoolwith.me/reviews/44703,口コミ,reviews
https://schoolwith.me/reviews/44704,口コミ,reviews
https://schoolwith.me/reviews/44705,口コミ,reviews
https://schoolwith.me/reviews/44709,口コミ,reviews
https://schoolwith.me/reviews/44711,口コミ,reviews
https://schoolwith.me/reviews/44712,口コミ,reviews
https://schoolwith.me/reviews/44713,口コミ,reviews
https://schoolwith.me/reviews/44714,口コミ,reviews
https://schoolwith.me/reviews/44715,口コミ,reviews
https://schoolwith.me/reviews/44716,口コミ,reviews
https://schoolwith.me/reviews/44717,口コミ,reviews
https://schoolwith.me/reviews/44718,口コミ,reviews
https://schoolwith.me/reviews/44719,口コミ,reviews
https://schoolwith.me/reviews/44720,口コミ,reviews
https://schoolwith.me/reviews/44721,口コミ,reviews
https://schoolwith.me/reviews/44722,口コミ,reviews
https://schoolwith.me/reviews/44725,口コミ,reviews
https://schoolwith.me/reviews/44727,口コミ,reviews
https://schoolwith.me/reviews/44729,口コミ,reviews
https://schoolwith.me/reviews/44730,口コミ,reviews
https://schoolwith.me/reviews/44731,口コミ,reviews
https://schoolwith.me/reviews/44732,口コミ,reviews
https://schoolwith.me/reviews/44733,口コミ,reviews
https://schoolwith.me/reviews/44734,口コミ,reviews
https://schoolwith.me/reviews/44735,口コミ,reviews
https://schoolwith.me/reviews/44738,口コミ,reviews
https://schoolwith.me/reviews/44740,口コミ,reviews
https://schoolwith.me/reviews/44741,口コミ,reviews
https://schoolwith.me/reviews/44745,口コミ,reviews
https://schoolwith.me/reviews/44746,口コミ,reviews
https://schoolwith.me/reviews/44747,口コミ,reviews
https://schoolwith.me/reviews/44749,口コミ,reviews
https://schoolwith.me/reviews/44750,口コミ,reviews
https://schoolwith.me/reviews/44752,口コミ,reviews
https://schoolwith.me/reviews/44754,口コミ,reviews
https://schoolwith.me/reviews/44756,口コミ,reviews
https://schoolwith.me/reviews/44758,口コミ,reviews
https://schoolwith.me/reviews/44759,口コミ,reviews
https://schoolwith.me/reviews/44760,口コミ,reviews
https://schoolwith.me/reviews/44761,口コミ,reviews
https://schoolwith.me/reviews/44762,口コミ,reviews
https://schoolwith.me/reviews/44763,口コミ,reviews
https://schoolwith.me/reviews/44765,口コミ,reviews
https://schoolwith.me/reviews/44767,口コミ,reviews
https://schoolwith.me/reviews/44768,口コミ,reviews
https://schoolwith.me/reviews/44770,口コミ,reviews
https://schoolwith.me/reviews/44771,口コミ,reviews
https://schoolwith.me/reviews/44773,口コミ,reviews
https://schoolwith.me/reviews/44774,口コミ,reviews
https://schoolwith.me/reviews/44776,口コミ,reviews
https://schoolwith.me/reviews/44777,口コミ,reviews
https://schoolwith.me/reviews/44778,口コミ,reviews
https://schoolwith.me/reviews/44780,口コミ,reviews
https://schoolwith.me/reviews/44781,口コミ,reviews
https://schoolwith.me/reviews/44782,口コミ,reviews
https://schoolwith.me/reviews/44784,口コミ,reviews
https://schoolwith.me/reviews/44785,口コミ,reviews
https://schoolwith.me/reviews/44787,口コミ,reviews
https://schoolwith.me/reviews/44788,口コミ,reviews
https://schoolwith.me/reviews/44790,口コミ,reviews
https://schoolwith.me/reviews/44793,口コミ,reviews
https://schoolwith.me/reviews/44794,口コミ,reviews
https://schoolwith.me/reviews/44795,口コミ,reviews
https://schoolwith.me/reviews/44796,口コミ,reviews
https://schoolwith.me/reviews/44797,口コミ,reviews
https://schoolwith.me/reviews/44798,口コミ,reviews
https://schoolwith.me/reviews/44799,口コミ,reviews
https://schoolwith.me/reviews/44800,口コミ,reviews
https://schoolwith.me/reviews/44802,口コミ,reviews
https://schoolwith.me/reviews/44803,口コミ,reviews
https://schoolwith.me/reviews/44804,口コミ,reviews
https://schoolwith.me/reviews/44805,口コミ,reviews
https://schoolwith.me/reviews/44806,口コミ,reviews
https://schoolwith.me/reviews/44808,口コミ,reviews
https://schoolwith.me/reviews/44812,口コミ,reviews
https://schoolwith.me/reviews/44815,口コミ,reviews
https://schoolwith.me/reviews/44817,口コミ,reviews
https://schoolwith.me/reviews/44818,口コミ,reviews
https://schoolwith.me/reviews/44819,口コミ,reviews
https://schoolwith.me/reviews/44820,口コミ,reviews
https://schoolwith.me/reviews/44821,口コミ,reviews
https://schoolwith.me/reviews/44823,口コミ,reviews
https://schoolwith.me/reviews/44824,口コミ,reviews
https://schoolwith.me/reviews/44826,口コミ,reviews
https://schoolwith.me/reviews/44827,口コミ,reviews
https://schoolwith.me/reviews/44832,口コミ,reviews
https://schoolwith.me/reviews/44833,口コミ,reviews
https://schoolwith.me/reviews/44834,口コミ,reviews
https://schoolwith.me/reviews/44835,口コミ,reviews
https://schoolwith.me/reviews/44836,口コミ,reviews
https://schoolwith.me/reviews/44837,口コミ,reviews
https://schoolwith.me/reviews/44840,口コミ,reviews
https://schoolwith.me/reviews/44841,口コミ,reviews
https://schoolwith.me/reviews/44842,口コミ,reviews
https://schoolwith.me/reviews/44843,口コミ,reviews
https://schoolwith.me/reviews/44846,口コミ,reviews
https://schoolwith.me/reviews/44847,口コミ,reviews
https://schoolwith.me/reviews/44849,口コミ,reviews
https://schoolwith.me/reviews/44850,口コミ,reviews
https://schoolwith.me/reviews/44851,口コミ,reviews
https://schoolwith.me/reviews/44852,口コミ,reviews
https://schoolwith.me/reviews/44853,口コミ,reviews
https://schoolwith.me/reviews/44854,口コミ,reviews
https://schoolwith.me/reviews/44855,口コミ,reviews
https://schoolwith.me/reviews/44856,口コミ,reviews
https://schoolwith.me/reviews/44857,口コミ,reviews
https://schoolwith.me/reviews/44858,口コミ,reviews
https://schoolwith.me/reviews/44859,口コミ,reviews
https://schoolwith.me/reviews/44863,口コミ,reviews
https://schoolwith.me/reviews/44868,口コミ,reviews
https://schoolwith.me/reviews/44869,口コミ,reviews
https://schoolwith.me/reviews/44870,口コミ,reviews
https://schoolwith.me/reviews/44872,口コミ,reviews
https://schoolwith.me/reviews/44874,口コミ,reviews
https://schoolwith.me/reviews/44876,口コミ,reviews
https://schoolwith.me/reviews/44877,口コミ,reviews
https://schoolwith.me/reviews/44878,口コミ,reviews
https://schoolwith.me/reviews/44879,口コミ,reviews
https://schoolwith.me/reviews/44880,口コミ,reviews
https://schoolwith.me/reviews/44881,口コミ,reviews
https://schoolwith.me/reviews/44883,口コミ,reviews
https://schoolwith.me/reviews/44885,口コミ,reviews
https://schoolwith.me/reviews/44887,口コミ,reviews
https://schoolwith.me/reviews/44888,口コミ,reviews
https://schoolwith.me/reviews/44889,口コミ,reviews
https://schoolwith.me/reviews/44890,口コミ,reviews
https://schoolwith.me/reviews/44891,口コミ,reviews
https://schoolwith.me/reviews/44893,口コミ,reviews
https://schoolwith.me/reviews/44897,口コミ,reviews
https://schoolwith.me/reviews/44899,口コミ,reviews
https://schoolwith.me/reviews/44900,口コミ,reviews
https://schoolwith.me/reviews/44901,口コミ,reviews
https://schoolwith.me/reviews/44902,口コミ,reviews
https://schoolwith.me/reviews/44905,口コミ,reviews
https://schoolwith.me/reviews/44906,口コミ,reviews
https://schoolwith.me/reviews/44909,口コミ,reviews
https://schoolwith.me/reviews/44911,口コミ,reviews
https://schoolwith.me/reviews/44912,口コミ,reviews
https://schoolwith.me/reviews/44913,口コミ,reviews
https://schoolwith.me/reviews/44914,口コミ,reviews
https://schoolwith.me/reviews/44922,口コミ,reviews
https://schoolwith.me/reviews/44924,口コミ,reviews
https://schoolwith.me/reviews/44926,口コミ,reviews
https://schoolwith.me/reviews/44927,口コミ,reviews
https://schoolwith.me/reviews/44929,口コミ,reviews
https://schoolwith.me/reviews/44930,口コミ,reviews
https://schoolwith.me/reviews/44932,口コミ,reviews
https://schoolwith.me/reviews/44934,口コミ,reviews
https://schoolwith.me/reviews/44935,口コミ,reviews
https://schoolwith.me/reviews/44937,口コミ,reviews
https://schoolwith.me/reviews/44939,口コミ,reviews
https://schoolwith.me/reviews/44941,口コミ,reviews
https://schoolwith.me/reviews/44943,口コミ,reviews
https://schoolwith.me/reviews/44944,口コミ,reviews
https://schoolwith.me/reviews/44945,口コミ,reviews
https://schoolwith.me/reviews/44946,口コミ,reviews
https://schoolwith.me/reviews/44947,口コミ,reviews
https://schoolwith.me/reviews/44948,口コミ,reviews
https://schoolwith.me/reviews/44949,口コミ,reviews
https://schoolwith.me/reviews/44950,口コミ,reviews
https://schoolwith.me/reviews/44954,口コミ,reviews
https://schoolwith.me/reviews/44957,口コミ,reviews
https://schoolwith.me/reviews/44958,口コミ,reviews
https://schoolwith.me/reviews/44959,口コミ,reviews
https://schoolwith.me/reviews/44963,口コミ,reviews
https://schoolwith.me/reviews/44964,口コミ,reviews
https://schoolwith.me/reviews/44966,口コミ,reviews
https://schoolwith.me/reviews/44972,口コミ,reviews
https://schoolwith.me/reviews/44973,口コミ,reviews
https://schoolwith.me/reviews/44974,口コミ,reviews
https://schoolwith.me/reviews/44975,口コミ,reviews
https://schoolwith.me/reviews/44976,口コミ,reviews
https://schoolwith.me/reviews/44978,口コミ,reviews
https://schoolwith.me/reviews/44979,口コミ,reviews
https://schoolwith.me/reviews/44980,口コミ,reviews
https://schoolwith.me/reviews/44981,口コミ,reviews
https://schoolwith.me/reviews/44982,口コミ,reviews
https://schoolwith.me/reviews/44984,口コミ,reviews
https://schoolwith.me/reviews/44988,口コミ,reviews
https://schoolwith.me/reviews/44989,口コミ,reviews
https://schoolwith.me/reviews/44991,口コミ,reviews
https://schoolwith.me/reviews/44992,口コミ,reviews
https://schoolwith.me/reviews/44999,口コミ,reviews
https://schoolwith.me/reviews/45000,口コミ,reviews
https://schoolwith.me/reviews/45001,口コミ,reviews
https://schoolwith.me/reviews/45002,口コミ,reviews
https://schoolwith.me/reviews/45007,口コミ,reviews
https://schoolwith.me/reviews/45008,口コミ,reviews
https://schoolwith.me/reviews/45011,口コミ,reviews
https://schoolwith.me/reviews/45012,口コミ,reviews
https://schoolwith.me/reviews/45013,口コミ,reviews
https://schoolwith.me/reviews/45015,口コミ,reviews
https://schoolwith.me/reviews/45016,口コミ,reviews
https://schoolwith.me/reviews/45017,口コミ,reviews
https://schoolwith.me/reviews/45018,口コミ,reviews
https://schoolwith.me/reviews/45021,口コミ,reviews
https://schoolwith.me/reviews/45022,口コミ,reviews
https://schoolwith.me/reviews/45024,口コミ,reviews
https://schoolwith.me/reviews/45026,口コミ,reviews
https://schoolwith.me/reviews/45028,口コミ,reviews
https://schoolwith.me/reviews/45030,口コミ,reviews
https://schoolwith.me/reviews/45035,口コミ,reviews
https://schoolwith.me/reviews/45036,口コミ,reviews
https://schoolwith.me/reviews/45037,口コミ,reviews
https://schoolwith.me/reviews/45039,口コミ,reviews
https://schoolwith.me/reviews/45041,口コミ,reviews
https://schoolwith.me/reviews/45042,口コミ,reviews
https://schoolwith.me/reviews/45044,口コミ,reviews
https://schoolwith.me/reviews/45045,口コミ,reviews
https://schoolwith.me/reviews/45046,口コミ,reviews
https://schoolwith.me/reviews/45047,口コミ,reviews
https://schoolwith.me/reviews/45048,口コミ,reviews
https://schoolwith.me/reviews/45050,口コミ,reviews
https://schoolwith.me/reviews/45051,口コミ,reviews
https://schoolwith.me/reviews/45052,口コミ,reviews
https://schoolwith.me/reviews/45054,口コミ,reviews
https://schoolwith.me/reviews/45057,口コミ,reviews
https://schoolwith.me/reviews/45059,口コミ,reviews
https://schoolwith.me/reviews/45060,口コミ,reviews
https://schoolwith.me/reviews/45061,口コミ,reviews
https://schoolwith.me/reviews/45063,口コミ,reviews
https://schoolwith.me/reviews/45066,口コミ,reviews
https://schoolwith.me/reviews/45067,口コミ,reviews
https://schoolwith.me/reviews/45069,口コミ,reviews
https://schoolwith.me/reviews/45071,口コミ,reviews
https://schoolwith.me/reviews/45072,口コミ,reviews
https://schoolwith.me/reviews/45073,口コミ,reviews
https://schoolwith.me/reviews/45074,口コミ,reviews
https://schoolwith.me/reviews/45075,口コミ,reviews
https://schoolwith.me/reviews/45076,口コミ,reviews
https://schoolwith.me/reviews/45077,口コミ,reviews
https://schoolwith.me/reviews/45082,口コミ,reviews
https://schoolwith.me/reviews/45083,口コミ,reviews
https://schoolwith.me/reviews/45084,口コミ,reviews
https://schoolwith.me/reviews/45085,口コミ,reviews
https://schoolwith.me/reviews/45086,口コミ,reviews
https://schoolwith.me/reviews/45087,口コミ,reviews
https://schoolwith.me/reviews/45088,口コミ,reviews
https://schoolwith.me/reviews/45089,口コミ,reviews
https://schoolwith.me/reviews/45090,口コミ,reviews
https://schoolwith.me/reviews/45091,口コミ,reviews
https://schoolwith.me/reviews/45096,口コミ,reviews
https://schoolwith.me/reviews/45097,口コミ,reviews
https://schoolwith.me/reviews/45098,口コミ,reviews
https://schoolwith.me/reviews/45099,口コミ,reviews
https://schoolwith.me/reviews/45100,口コミ,reviews
https://schoolwith.me/reviews/45101,口コミ,reviews
https://schoolwith.me/reviews/45104,口コミ,reviews
https://schoolwith.me/reviews/45107,口コミ,reviews
https://schoolwith.me/reviews/45109,口コミ,reviews
https://schoolwith.me/reviews/45112,口コミ,reviews
https://schoolwith.me/reviews/45113,口コミ,reviews
https://schoolwith.me/reviews/45115,口コミ,reviews
https://schoolwith.me/reviews/45117,口コミ,reviews
https://schoolwith.me/reviews/45118,口コミ,reviews
https://schoolwith.me/reviews/45121,口コミ,reviews
https://schoolwith.me/reviews/45122,口コミ,reviews
https://schoolwith.me/reviews/45123,口コミ,reviews
https://schoolwith.me/reviews/45124,口コミ,reviews
https://schoolwith.me/reviews/45125,口コミ,reviews
https://schoolwith.me/reviews/45127,口コミ,reviews
https://schoolwith.me/reviews/45128,口コミ,reviews
https://schoolwith.me/reviews/45129,口コミ,reviews
https://schoolwith.me/reviews/45131,口コミ,reviews
https://schoolwith.me/reviews/45132,口コミ,reviews
https://schoolwith.me/reviews/45136,口コミ,reviews
https://schoolwith.me/reviews/45137,口コミ,reviews
https://schoolwith.me/reviews/45138,口コミ,reviews
https://schoolwith.me/reviews/45139,口コミ,reviews
https://schoolwith.me/reviews/45140,口コミ,reviews
https://schoolwith.me/reviews/45141,口コミ,reviews
https://schoolwith.me/reviews/45142,口コミ,reviews
https://schoolwith.me/reviews/45143,口コミ,reviews
https://schoolwith.me/reviews/45144,口コミ,reviews
https://schoolwith.me/reviews/45145,口コミ,reviews
https://schoolwith.me/reviews/45146,口コミ,reviews
https://schoolwith.me/reviews/45147,口コミ,reviews
https://schoolwith.me/reviews/45148,口コミ,reviews
https://schoolwith.me/reviews/45149,口コミ,reviews
https://schoolwith.me/reviews/45150,口コミ,reviews
https://schoolwith.me/reviews/45152,口コミ,reviews
https://schoolwith.me/reviews/45155,口コミ,reviews
https://schoolwith.me/reviews/45156,口コミ,reviews
https://schoolwith.me/reviews/45157,口コミ,reviews
https://schoolwith.me/reviews/45159,口コミ,reviews
https://schoolwith.me/reviews/45160,口コミ,reviews
https://schoolwith.me/reviews/45161,口コミ,reviews
https://schoolwith.me/reviews/45162,口コミ,reviews
https://schoolwith.me/reviews/45163,口コミ,reviews
https://schoolwith.me/reviews/45165,口コミ,reviews
https://schoolwith.me/reviews/45166,口コミ,reviews
https://schoolwith.me/reviews/45169,口コミ,reviews
https://schoolwith.me/reviews/45170,口コミ,reviews
https://schoolwith.me/reviews/45171,口コミ,reviews
https://schoolwith.me/reviews/45174,口コミ,reviews
https://schoolwith.me/reviews/45175,口コミ,reviews
https://schoolwith.me/reviews/45176,口コミ,reviews
https://schoolwith.me/reviews/45177,口コミ,reviews
https://schoolwith.me/reviews/45178,口コミ,reviews
https://schoolwith.me/reviews/45179,口コミ,reviews
https://schoolwith.me/reviews/45180,口コミ,reviews
https://schoolwith.me/reviews/45181,口コミ,reviews
https://schoolwith.me/reviews/45182,口コミ,reviews
https://schoolwith.me/reviews/45184,口コミ,reviews
https://schoolwith.me/reviews/45185,口コミ,reviews
https://schoolwith.me/reviews/45186,口コミ,reviews
https://schoolwith.me/reviews/45188,口コミ,reviews
https://schoolwith.me/reviews/45189,口コミ,reviews
https://schoolwith.me/reviews/45190,口コミ,reviews
https://schoolwith.me/reviews/45192,口コミ,reviews
https://schoolwith.me/reviews/45193,口コミ,reviews
https://schoolwith.me/reviews/45197,口コミ,reviews
https://schoolwith.me/reviews/45201,口コミ,reviews
https://schoolwith.me/reviews/45203,口コミ,reviews
https://schoolwith.me/reviews/45204,口コミ,reviews
https://schoolwith.me/reviews/45205,口コミ,reviews
https://schoolwith.me/reviews/45206,口コミ,reviews
https://schoolwith.me/reviews/45209,口コミ,reviews
https://schoolwith.me/reviews/45210,口コミ,reviews
https://schoolwith.me/reviews/45211,口コミ,reviews
https://schoolwith.me/reviews/45212,口コミ,reviews
https://schoolwith.me/reviews/45214,口コミ,reviews
https://schoolwith.me/reviews/45215,口コミ,reviews
https://schoolwith.me/reviews/45218,口コミ,reviews
https://schoolwith.me/reviews/45220,口コミ,reviews
https://schoolwith.me/reviews/45224,口コミ,reviews
https://schoolwith.me/reviews/45226,口コミ,reviews
https://schoolwith.me/reviews/45227,口コミ,reviews
https://schoolwith.me/reviews/45228,口コミ,reviews
https://schoolwith.me/reviews/45230,口コミ,reviews
https://schoolwith.me/reviews/45231,口コミ,reviews
https://schoolwith.me/reviews/45233,口コミ,reviews
https://schoolwith.me/reviews/45234,口コミ,reviews
https://schoolwith.me/reviews/45235,口コミ,reviews
https://schoolwith.me/reviews/45236,口コミ,reviews
https://schoolwith.me/reviews/45237,口コミ,reviews
https://schoolwith.me/reviews/45242,口コミ,reviews
https://schoolwith.me/reviews/45244,口コミ,reviews
https://schoolwith.me/reviews/45248,口コミ,reviews
https://schoolwith.me/reviews/45250,口コミ,reviews
https://schoolwith.me/reviews/45251,口コミ,reviews
https://schoolwith.me/reviews/45253,口コミ,reviews
https://schoolwith.me/reviews/45255,口コミ,reviews
https://schoolwith.me/reviews/45256,口コミ,reviews
https://schoolwith.me/reviews/45258,口コミ,reviews
https://schoolwith.me/reviews/45259,口コミ,reviews
https://schoolwith.me/reviews/45260,口コミ,reviews
https://schoolwith.me/reviews/45261,口コミ,reviews
https://schoolwith.me/reviews/45263,口コミ,reviews
https://schoolwith.me/reviews/45266,口コミ,reviews
https://schoolwith.me/reviews/45267,口コミ,reviews
https://schoolwith.me/reviews/45271,口コミ,reviews
https://schoolwith.me/reviews/45272,口コミ,reviews
https://schoolwith.me/reviews/45273,口コミ,reviews
https://schoolwith.me/reviews/45274,口コミ,reviews
https://schoolwith.me/reviews/45276,口コミ,reviews
https://schoolwith.me/reviews/45277,口コミ,reviews
https://schoolwith.me/reviews/45281,口コミ,reviews
https://schoolwith.me/reviews/45282,口コミ,reviews
https://schoolwith.me/reviews/45286,口コミ,reviews
https://schoolwith.me/reviews/45287,口コミ,reviews
https://schoolwith.me/reviews/45288,口コミ,reviews
https://schoolwith.me/reviews/45290,口コミ,reviews
https://schoolwith.me/reviews/45291,口コミ,reviews
https://schoolwith.me/reviews/45294,口コミ,reviews
https://schoolwith.me/reviews/45295,口コミ,reviews
https://schoolwith.me/reviews/45296,口コミ,reviews
https://schoolwith.me/reviews/45297,口コミ,reviews
https://schoolwith.me/reviews/45298,口コミ,reviews
https://schoolwith.me/reviews/45300,口コミ,reviews
https://schoolwith.me/reviews/45301,口コミ,reviews
https://schoolwith.me/reviews/45302,口コミ,reviews
https://schoolwith.me/reviews/45303,口コミ,reviews
https://schoolwith.me/reviews/45304,口コミ,reviews
https://schoolwith.me/reviews/45305,口コミ,reviews
https://schoolwith.me/reviews/45307,口コミ,reviews
https://schoolwith.me/reviews/45308,口コミ,reviews
https://schoolwith.me/reviews/45310,口コミ,reviews
https://schoolwith.me/reviews/45312,口コミ,reviews
https://schoolwith.me/reviews/45313,口コミ,reviews
https://schoolwith.me/reviews/45314,口コミ,reviews
https://schoolwith.me/reviews/45315,口コミ,reviews
https://schoolwith.me/reviews/45316,口コミ,reviews
https://schoolwith.me/reviews/45318,口コミ,reviews
https://schoolwith.me/reviews/45319,口コミ,reviews
https://schoolwith.me/reviews/45320,口コミ,reviews
https://schoolwith.me/reviews/45321,口コミ,reviews
https://schoolwith.me/reviews/45322,口コミ,reviews
https://schoolwith.me/reviews/45323,口コミ,reviews
https://schoolwith.me/reviews/45324,口コミ,reviews
https://schoolwith.me/reviews/45325,口コミ,reviews
https://schoolwith.me/reviews/45327,口コミ,reviews
https://schoolwith.me/reviews/45328,口コミ,reviews
https://schoolwith.me/reviews/45329,口コミ,reviews
https://schoolwith.me/reviews/45330,口コミ,reviews
https://schoolwith.me/reviews/45333,口コミ,reviews
https://schoolwith.me/reviews/45335,口コミ,reviews
https://schoolwith.me/reviews/45336,口コミ,reviews
https://schoolwith.me/reviews/45338,口コミ,reviews
https://schoolwith.me/reviews/45339,口コミ,reviews
https://schoolwith.me/reviews/45340,口コミ,reviews
https://schoolwith.me/reviews/45342,口コミ,reviews
https://schoolwith.me/reviews/45343,口コミ,reviews
https://schoolwith.me/reviews/45344,口コミ,reviews
https://schoolwith.me/reviews/45345,口コミ,reviews
https://schoolwith.me/reviews/45346,口コミ,reviews
https://schoolwith.me/reviews/45347,口コミ,reviews
https://schoolwith.me/reviews/45348,口コミ,reviews
https://schoolwith.me/reviews/45351,口コミ,reviews
https://schoolwith.me/reviews/45352,口コミ,reviews
https://schoolwith.me/reviews/45353,口コミ,reviews
https://schoolwith.me/reviews/45354,口コミ,reviews
https://schoolwith.me/reviews/45356,口コミ,reviews
https://schoolwith.me/reviews/45357,口コミ,reviews
https://schoolwith.me/reviews/45358,口コミ,reviews
https://schoolwith.me/reviews/45359,口コミ,reviews
https://schoolwith.me/reviews/45360,口コミ,reviews
https://schoolwith.me/reviews/45362,口コミ,reviews
https://schoolwith.me/reviews/45364,口コミ,reviews
https://schoolwith.me/reviews/45365,口コミ,reviews
https://schoolwith.me/reviews/45368,口コミ,reviews
https://schoolwith.me/reviews/45370,口コミ,reviews
https://schoolwith.me/reviews/45374,口コミ,reviews
https://schoolwith.me/reviews/45376,口コミ,reviews
https://schoolwith.me/reviews/45377,口コミ,reviews
https://schoolwith.me/reviews/45378,口コミ,reviews
https://schoolwith.me/reviews/45379,口コミ,reviews
https://schoolwith.me/reviews/45381,口コミ,reviews
https://schoolwith.me/reviews/45383,口コミ,reviews
https://schoolwith.me/reviews/45385,口コミ,reviews
https://schoolwith.me/reviews/45386,口コミ,reviews
https://schoolwith.me/reviews/45388,口コミ,reviews
https://schoolwith.me/reviews/45390,口コミ,reviews
https://schoolwith.me/reviews/45391,口コミ,reviews
https://schoolwith.me/reviews/45392,口コミ,reviews
https://schoolwith.me/reviews/45393,口コミ,reviews
https://schoolwith.me/reviews/45394,口コミ,reviews
https://schoolwith.me/reviews/45396,口コミ,reviews
https://schoolwith.me/reviews/45397,口コミ,reviews
https://schoolwith.me/reviews/45399,口コミ,reviews
https://schoolwith.me/reviews/45401,口コミ,reviews
https://schoolwith.me/reviews/45403,口コミ,reviews
https://schoolwith.me/reviews/45404,口コミ,reviews
https://schoolwith.me/reviews/45405,口コミ,reviews
https://schoolwith.me/reviews/45406,口コミ,reviews
https://schoolwith.me/reviews/45408,口コミ,reviews
https://schoolwith.me/reviews/45409,口コミ,reviews
https://schoolwith.me/reviews/45411,口コミ,reviews
https://schoolwith.me/reviews/45412,口コミ,reviews
https://schoolwith.me/reviews/45413,口コミ,reviews
https://schoolwith.me/reviews/45414,口コミ,reviews
https://schoolwith.me/reviews/45416,口コミ,reviews
https://schoolwith.me/reviews/45419,口コミ,reviews
https://schoolwith.me/reviews/45420,口コミ,reviews
https://schoolwith.me/reviews/45421,口コミ,reviews
https://schoolwith.me/reviews/45422,口コミ,reviews
https://schoolwith.me/reviews/45428,口コミ,reviews
https://schoolwith.me/reviews/45430,口コミ,reviews
https://schoolwith.me/reviews/45431,口コミ,reviews
https://schoolwith.me/reviews/45432,口コミ,reviews
https://schoolwith.me/reviews/45433,口コミ,reviews
https://schoolwith.me/reviews/45435,口コミ,reviews
https://schoolwith.me/reviews/45436,口コミ,reviews
https://schoolwith.me/reviews/45437,口コミ,reviews
https://schoolwith.me/reviews/45438,口コミ,reviews
https://schoolwith.me/reviews/45439,口コミ,reviews
https://schoolwith.me/reviews/45440,口コミ,reviews
https://schoolwith.me/reviews/45441,口コミ,reviews
https://schoolwith.me/reviews/45442,口コミ,reviews
https://schoolwith.me/reviews/45445,口コミ,reviews
https://schoolwith.me/reviews/45446,口コミ,reviews
https://schoolwith.me/reviews/45447,口コミ,reviews
https://schoolwith.me/reviews/45448,口コミ,reviews
https://schoolwith.me/reviews/45449,口コミ,reviews
https://schoolwith.me/reviews/45450,口コミ,reviews
https://schoolwith.me/reviews/45451,口コミ,reviews
https://schoolwith.me/reviews/45452,口コミ,reviews
https://schoolwith.me/reviews/45453,口コミ,reviews
https://schoolwith.me/reviews/45454,口コミ,reviews
https://schoolwith.me/reviews/45456,口コミ,reviews
https://schoolwith.me/reviews/45457,口コミ,reviews
https://schoolwith.me/reviews/45458,口コミ,reviews
https://schoolwith.me/reviews/45459,口コミ,reviews
https://schoolwith.me/reviews/45462,口コミ,reviews
https://schoolwith.me/reviews/45463,口コミ,reviews
https://schoolwith.me/reviews/45465,口コミ,reviews
https://schoolwith.me/reviews/45466,口コミ,reviews
https://schoolwith.me/reviews/45468,口コミ,reviews
https://schoolwith.me/reviews/45469,口コミ,reviews
https://schoolwith.me/reviews/45470,口コミ,reviews
https://schoolwith.me/reviews/45472,口コミ,reviews
https://schoolwith.me/reviews/45473,口コミ,reviews
https://schoolwith.me/reviews/45474,口コミ,reviews
https://schoolwith.me/reviews/45475,口コミ,reviews
https://schoolwith.me/reviews/45476,口コミ,reviews
https://schoolwith.me/reviews/45477,口コミ,reviews
https://schoolwith.me/reviews/45480,口コミ,reviews
https://schoolwith.me/reviews/45483,口コミ,reviews
https://schoolwith.me/reviews/45486,口コミ,reviews
https://schoolwith.me/reviews/45487,口コミ,reviews
https://schoolwith.me/reviews/45488,口コミ,reviews
https://schoolwith.me/reviews/45489,口コミ,reviews
https://schoolwith.me/reviews/45490,口コミ,reviews
https://schoolwith.me/reviews/45492,口コミ,reviews
https://schoolwith.me/reviews/45495,口コミ,reviews
https://schoolwith.me/reviews/45496,口コミ,reviews
https://schoolwith.me/reviews/45497,口コミ,reviews
https://schoolwith.me/reviews/45498,口コミ,reviews
https://schoolwith.me/reviews/45499,口コミ,reviews
https://schoolwith.me/reviews/45500,口コミ,reviews
https://schoolwith.me/reviews/45505,口コミ,reviews
https://schoolwith.me/reviews/45506,口コミ,reviews
https://schoolwith.me/reviews/45512,口コミ,reviews
https://schoolwith.me/reviews/45514,口コミ,reviews
https://schoolwith.me/reviews/45516,口コミ,reviews
https://schoolwith.me/reviews/45517,口コミ,reviews
https://schoolwith.me/reviews/45519,口コミ,reviews
https://schoolwith.me/reviews/45520,口コミ,reviews
https://schoolwith.me/reviews/45524,口コミ,reviews
https://schoolwith.me/reviews/45525,口コミ,reviews
https://schoolwith.me/reviews/45530,口コミ,reviews
https://schoolwith.me/reviews/45534,口コミ,reviews
https://schoolwith.me/reviews/45535,口コミ,reviews
https://schoolwith.me/reviews/45536,口コミ,reviews
https://schoolwith.me/reviews/45538,口コミ,reviews
https://schoolwith.me/reviews/45540,口コミ,reviews
https://schoolwith.me/reviews/45541,口コミ,reviews
https://schoolwith.me/reviews/45545,口コミ,reviews
https://schoolwith.me/reviews/45547,口コミ,reviews
https://schoolwith.me/reviews/45548,口コミ,reviews
https://schoolwith.me/reviews/45549,口コミ,reviews
https://schoolwith.me/reviews/45550,口コミ,reviews
https://schoolwith.me/reviews/45552,口コミ,reviews
https://schoolwith.me/reviews/45553,口コミ,reviews
https://schoolwith.me/reviews/45554,口コミ,reviews
https://schoolwith.me/reviews/45555,口コミ,reviews
https://schoolwith.me/reviews/45556,口コミ,reviews
https://schoolwith.me/reviews/45557,口コミ,reviews
https://schoolwith.me/reviews/45558,口コミ,reviews
https://schoolwith.me/reviews/45560,口コミ,reviews
https://schoolwith.me/reviews/45562,口コミ,reviews
https://schoolwith.me/reviews/45563,口コミ,reviews
https://schoolwith.me/reviews/45564,口コミ,reviews
https://schoolwith.me/reviews/45567,口コミ,reviews
https://schoolwith.me/reviews/45568,口コミ,reviews
https://schoolwith.me/reviews/45569,口コミ,reviews
https://schoolwith.me/reviews/45570,口コミ,reviews
https://schoolwith.me/reviews/45572,口コミ,reviews
https://schoolwith.me/reviews/45573,口コミ,reviews
https://schoolwith.me/reviews/45574,口コミ,reviews
https://schoolwith.me/reviews/45577,口コミ,reviews
https://schoolwith.me/reviews/45578,口コミ,reviews
https://schoolwith.me/reviews/45579,口コミ,reviews
https://schoolwith.me/reviews/45580,口コミ,reviews
https://schoolwith.me/reviews/45582,口コミ,reviews
https://schoolwith.me/reviews/45584,口コミ,reviews
https://schoolwith.me/reviews/45586,口コミ,reviews
https://schoolwith.me/reviews/45588,口コミ,reviews
https://schoolwith.me/reviews/45589,口コミ,reviews
https://schoolwith.me/reviews/45590,口コミ,reviews
https://schoolwith.me/reviews/45591,口コミ,reviews
https://schoolwith.me/reviews/45592,口コミ,reviews
https://schoolwith.me/reviews/45594,口コミ,reviews
https://schoolwith.me/reviews/45596,口コミ,reviews
https://schoolwith.me/reviews/45598,口コミ,reviews
https://schoolwith.me/reviews/45599,口コミ,reviews
https://schoolwith.me/reviews/45600,口コミ,reviews
https://schoolwith.me/reviews/45603,口コミ,reviews
https://schoolwith.me/reviews/45606,口コミ,reviews
https://schoolwith.me/reviews/45608,口コミ,reviews
https://schoolwith.me/reviews/45614,口コミ,reviews
https://schoolwith.me/reviews/45616,口コミ,reviews
https://schoolwith.me/reviews/45617,口コミ,reviews
https://schoolwith.me/reviews/45619,口コミ,reviews
https://schoolwith.me/reviews/45620,口コミ,reviews
https://schoolwith.me/reviews/45621,口コミ,reviews
https://schoolwith.me/reviews/45622,口コミ,reviews
https://schoolwith.me/reviews/45625,口コミ,reviews
https://schoolwith.me/reviews/45626,口コミ,reviews
https://schoolwith.me/reviews/45627,口コミ,reviews
https://schoolwith.me/reviews/45628,口コミ,reviews
https://schoolwith.me/reviews/45629,口コミ,reviews
https://schoolwith.me/reviews/45630,口コミ,reviews
https://schoolwith.me/reviews/45631,口コミ,reviews
https://schoolwith.me/reviews/45632,口コミ,reviews
https://schoolwith.me/reviews/45634,口コミ,reviews
https://schoolwith.me/reviews/45638,口コミ,reviews
https://schoolwith.me/reviews/45640,口コミ,reviews
https://schoolwith.me/reviews/45642,口コミ,reviews
https://schoolwith.me/reviews/45643,口コミ,reviews
https://schoolwith.me/reviews/45644,口コミ,reviews
https://schoolwith.me/reviews/45645,口コミ,reviews
https://schoolwith.me/reviews/45648,口コミ,reviews
https://schoolwith.me/reviews/45649,口コミ,reviews
https://schoolwith.me/reviews/45651,口コミ,reviews
https://schoolwith.me/reviews/45652,口コミ,reviews
https://schoolwith.me/reviews/45653,口コミ,reviews
https://schoolwith.me/reviews/45654,口コミ,reviews
https://schoolwith.me/reviews/45655,口コミ,reviews
https://schoolwith.me/reviews/45657,口コミ,reviews
https://schoolwith.me/reviews/45658,口コミ,reviews
https://schoolwith.me/reviews/45660,口コミ,reviews
https://schoolwith.me/reviews/45661,口コミ,reviews
https://schoolwith.me/reviews/45664,口コミ,reviews
https://schoolwith.me/reviews/45668,口コミ,reviews
https://schoolwith.me/reviews/45669,口コミ,reviews
https://schoolwith.me/reviews/45672,口コミ,reviews
https://schoolwith.me/reviews/45673,口コミ,reviews
https://schoolwith.me/reviews/45674,口コミ,reviews
https://schoolwith.me/reviews/45675,口コミ,reviews
https://schoolwith.me/reviews/45677,口コミ,reviews
https://schoolwith.me/reviews/45678,口コミ,reviews
https://schoolwith.me/reviews/45679,口コミ,reviews
https://schoolwith.me/reviews/45681,口コミ,reviews
https://schoolwith.me/reviews/45682,口コミ,reviews
https://schoolwith.me/reviews/45683,口コミ,reviews
https://schoolwith.me/reviews/45685,口コミ,reviews
https://schoolwith.me/reviews/45686,口コミ,reviews
https://schoolwith.me/reviews/45687,口コミ,reviews
https://schoolwith.me/reviews/45688,口コミ,reviews
https://schoolwith.me/reviews/45689,口コミ,reviews
https://schoolwith.me/reviews/45690,口コミ,reviews
https://schoolwith.me/reviews/45693,口コミ,reviews
https://schoolwith.me/reviews/45694,口コミ,reviews
https://schoolwith.me/reviews/45695,口コミ,reviews
https://schoolwith.me/reviews/45696,口コミ,reviews
https://schoolwith.me/reviews/45697,口コミ,reviews
https://schoolwith.me/reviews/45698,口コミ,reviews
https://schoolwith.me/reviews/45699,口コミ,reviews
https://schoolwith.me/reviews/45700,口コミ,reviews
https://schoolwith.me/reviews/45701,口コミ,reviews
https://schoolwith.me/reviews/45702,口コミ,reviews
https://schoolwith.me/reviews/45703,口コミ,reviews
https://schoolwith.me/reviews/45706,口コミ,reviews
https://schoolwith.me/reviews/45707,口コミ,reviews
https://schoolwith.me/reviews/45708,口コミ,reviews
https://schoolwith.me/reviews/45709,口コミ,reviews
https://schoolwith.me/reviews/45710,口コミ,reviews
https://schoolwith.me/reviews/45711,口コミ,reviews
https://schoolwith.me/reviews/45713,口コミ,reviews
https://schoolwith.me/reviews/45714,口コミ,reviews
https://schoolwith.me/reviews/45716,口コミ,reviews
https://schoolwith.me/reviews/45717,口コミ,reviews
https://schoolwith.me/reviews/45718,口コミ,reviews
https://schoolwith.me/reviews/45719,口コミ,reviews
https://schoolwith.me/reviews/45720,口コミ,reviews
https://schoolwith.me/reviews/45721,口コミ,reviews
https://schoolwith.me/reviews/45722,口コミ,reviews
https://schoolwith.me/reviews/45723,口コミ,reviews
https://schoolwith.me/reviews/45724,口コミ,reviews
https://schoolwith.me/reviews/45731,口コミ,reviews
https://schoolwith.me/reviews/45733,口コミ,reviews
https://schoolwith.me/reviews/45734,口コミ,reviews
https://schoolwith.me/reviews/45735,口コミ,reviews
https://schoolwith.me/reviews/45738,口コミ,reviews
https://schoolwith.me/reviews/45741,口コミ,reviews
https://schoolwith.me/reviews/45742,口コミ,reviews
https://schoolwith.me/reviews/45743,口コミ,reviews
https://schoolwith.me/reviews/45744,口コミ,reviews
https://schoolwith.me/reviews/45745,口コミ,reviews
https://schoolwith.me/reviews/45746,口コミ,reviews
https://schoolwith.me/reviews/45747,口コミ,reviews
https://schoolwith.me/reviews/45748,口コミ,reviews
https://schoolwith.me/reviews/45749,口コミ,reviews
https://schoolwith.me/reviews/45750,口コミ,reviews
https://schoolwith.me/reviews/45752,口コミ,reviews
https://schoolwith.me/reviews/45753,口コミ,reviews
https://schoolwith.me/reviews/45754,口コミ,reviews
https://schoolwith.me/reviews/45755,口コミ,reviews
https://schoolwith.me/reviews/45756,口コミ,reviews
https://schoolwith.me/reviews/45757,口コミ,reviews
https://schoolwith.me/reviews/45759,口コミ,reviews
https://schoolwith.me/reviews/45760,口コミ,reviews
https://schoolwith.me/reviews/45761,口コミ,reviews
https://schoolwith.me/reviews/45762,口コミ,reviews
https://schoolwith.me/reviews/45763,口コミ,reviews
https://schoolwith.me/reviews/45764,口コミ,reviews
https://schoolwith.me/reviews/45765,口コミ,reviews
https://schoolwith.me/reviews/45766,口コミ,reviews
https://schoolwith.me/reviews/45768,口コミ,reviews
https://schoolwith.me/reviews/45769,口コミ,reviews
https://schoolwith.me/reviews/45771,口コミ,reviews
https://schoolwith.me/reviews/45772,口コミ,reviews
https://schoolwith.me/reviews/45773,口コミ,reviews
https://schoolwith.me/reviews/45774,口コミ,reviews
https://schoolwith.me/reviews/45776,口コミ,reviews
https://schoolwith.me/reviews/45777,口コミ,reviews
https://schoolwith.me/reviews/45782,口コミ,reviews
https://schoolwith.me/reviews/45783,口コミ,reviews
https://schoolwith.me/reviews/45784,口コミ,reviews
https://schoolwith.me/reviews/45786,口コミ,reviews
https://schoolwith.me/reviews/45787,口コミ,reviews
https://schoolwith.me/reviews/45789,口コミ,reviews
https://schoolwith.me/reviews/45790,口コミ,reviews
https://schoolwith.me/reviews/45791,口コミ,reviews
https://schoolwith.me/reviews/45792,口コミ,reviews
https://schoolwith.me/reviews/45793,口コミ,reviews
https://schoolwith.me/reviews/45794,口コミ,reviews
https://schoolwith.me/reviews/45796,口コミ,reviews
https://schoolwith.me/reviews/45797,口コミ,reviews
https://schoolwith.me/reviews/45799,口コミ,reviews
https://schoolwith.me/reviews/45801,口コミ,reviews
https://schoolwith.me/reviews/45803,口コミ,reviews
https://schoolwith.me/rules,その他,top_other
https://schoolwith.me/schools/1,スクール,schools
https://schoolwith.me/schools/11,スクール,schools
https://schoolwith.me/schools/112,スクール,schools
https://schoolwith.me/schools/115,スクール,schools
https://schoolwith.me/schools/125,スクール,schools
https://schoolwith.me/schools/129,スクール,schools
https://schoolwith.me/schools/137,スクール,schools
https://schoolwith.me/schools/141,スクール,schools
https://schoolwith.me/schools/142,スクール,schools
https://schoolwith.me/schools/143,スクール,schools
https://schoolwith.me/schools/167,スクール,schools
https://schoolwith.me/schools/169,スクール,schools
https://schoolwith.me/schools/171,スクール,schools
https://schoolwith.me/schools/173,スクール,schools
https://schoolwith.me/schools/175,スクール,schools
https://schoolwith.me/schools/184,スクール,schools
https://schoolwith.me/schools/186,スクール,schools
https://schoolwith.me/schools/187,スクール,schools
https://schoolwith.me/schools/189,スクール,schools
https://schoolwith.me/schools/19,スクール,schools
https://schoolwith.me/schools/190018,スクール,schools
https://schoolwith.me/schools/193,スクール,schools
https://schoolwith.me/schools/195,スクール,schools
https://schoolwith.me/schools/20,スクール,schools
https://schoolwith.me/schools/20009,スクール,schools
https://schoolwith.me/schools/20010,スクール,schools
https://schoolwith.me/schools/20012,スクール,schools
https://schoolwith.me/schools/20017,スクール,schools
https://schoolwith.me/schools/20045,スクール,schools
https://schoolwith.me/schools/20048,スクール,schools
https://schoolwith.me/schools/20054,スクール,schools
https://schoolwith.me/schools/20061,スクール,schools
https://schoolwith.me/schools/20091,スクール,schools
https://schoolwith.me/schools/20100,スクール,schools
https://schoolwith.me/schools/20116,スクール,schools
https://schoolwith.me/schools/20119,スクール,schools
https://schoolwith.me/schools/20123,スクール,schools
https://schoolwith.me/schools/20148,スクール,schools
https://schoolwith.me/schools/20160,スクール,schools
https://schoolwith.me/schools/20177,スクール,schools
https://schoolwith.me/schools/20192,スクール,schools
https://schoolwith.me/schools/20194,スクール,schools
https://schoolwith.me/schools/20197,スクール,schools
https://schoolwith.me/schools/20200,スクール,schools
https://schoolwith.me/schools/20209,スクール,schools
https://schoolwith.me/schools/20210,スクール,schools
https://schoolwith.me/schools/20211,スクール,schools
https://schoolwith.me/schools/20212,スクール,schools
https://schoolwith.me/schools/20233,スクール,schools
https://schoolwith.me/schools/20236,スクール,schools
https://schoolwith.me/schools/20242,スクール,schools
https://schoolwith.me/schools/20243,スクール,schools
https://schoolwith.me/schools/20245,スクール,schools
https://schoolwith.me/schools/20246,スクール,schools
https://schoolwith.me/schools/20250,スクール,schools
https://schoolwith.me/schools/20457,スクール,schools
https://schoolwith.me/schools/207,スクール,schools
https://schoolwith.me/schools/208,スクール,schools
https://schoolwith.me/schools/20806,スクール,schools
https://schoolwith.me/schools/20807,スクール,schools
https://schoolwith.me/schools/209,スクール,schools
https://schoolwith.me/schools/210005,スクール,schools
https://schoolwith.me/schools/215,スクール,schools
https://schoolwith.me/schools/217,スクール,schools
https://schoolwith.me/schools/218,スクール,schools
https://schoolwith.me/schools/219,スクール,schools
https://schoolwith.me/schools/220,スクール,schools
https://schoolwith.me/schools/221,スクール,schools
https://schoolwith.me/schools/222,スクール,schools
https://schoolwith.me/schools/223,スクール,schools
https://schoolwith.me/schools/224,スクール,schools
https://schoolwith.me/schools/225,スクール,schools
https://schoolwith.me/schools/226,スクール,schools
https://schoolwith.me/schools/228,スクール,schools
https://schoolwith.me/schools/230,スクール,schools
https://schoolwith.me/schools/232,スクール,schools
https://schoolwith.me/schools/233,スクール,schools
https://schoolwith.me/schools/234,スクール,schools
https://schoolwith.me/schools/235,スクール,schools
https://schoolwith.me/schools/236,スクール,schools
https://schoolwith.me/schools/238,スクール,schools
https://schoolwith.me/schools/239,スクール,schools
https://schoolwith.me/schools/240,スクール,schools
https://schoolwith.me/schools/240002,スクール,schools
https://schoolwith.me/schools/240014,スクール,schools
https://schoolwith.me/schools/241,スクール,schools
https://schoolwith.me/schools/244,スクール,schools
https://schoolwith.me/schools/246,スクール,schools
https://schoolwith.me/schools/26,スクール,schools
https://schoolwith.me/schools/3,スクール,schools
https://schoolwith.me/schools/30003,スクール,schools
https://schoolwith.me/schools/30009,スクール,schools
https://schoolwith.me/schools/30010,スクール,schools
https://schoolwith.me/schools/30011,スクール,schools
https://schoolwith.me/schools/30013,スクール,schools
https://schoolwith.me/schools/30025,スクール,schools
https://schoolwith.me/schools/30028,スクール,schools
https://schoolwith.me/schools/30029,スクール,schools
https://schoolwith.me/schools/30030,スクール,schools
https://schoolwith.me/schools/30031,スクール,schools
https://schoolwith.me/schools/30044,スクール,schools
https://schoolwith.me/schools/30050,スクール,schools
https://schoolwith.me/schools/30053,スクール,schools
https://schoolwith.me/schools/30054,スクール,schools
https://schoolwith.me/schools/30062,スクール,schools
https://schoolwith.me/schools/30066,スクール,schools
https://schoolwith.me/schools/30067,スクール,schools
https://schoolwith.me/schools/30069,スクール,schools
https://schoolwith.me/schools/30070,スクール,schools
https://schoolwith.me/schools/30071,スクール,schools
https://schoolwith.me/schools/30072,スクール,schools
https://schoolwith.me/schools/30073,スクール,schools
https://schoolwith.me/schools/30076,スクール,schools
https://schoolwith.me/schools/30077,スクール,schools
https://schoolwith.me/schools/30078,スクール,schools
https://schoolwith.me/schools/30084,スクール,schools
https://schoolwith.me/schools/30085,スクール,schools
https://schoolwith.me/schools/30101,スクール,schools
https://schoolwith.me/schools/30178,スクール,schools
https://schoolwith.me/schools/30200,スクール,schools
https://schoolwith.me/schools/30227,スクール,schools
https://schoolwith.me/schools/30339,スクール,schools
https://schoolwith.me/schools/30342,スクール,schools
https://schoolwith.me/schools/30343,スクール,schools
https://schoolwith.me/schools/30345,スクール,schools
https://schoolwith.me/schools/32,スクール,schools
https://schoolwith.me/schools/33,スクール,schools
https://schoolwith.me/schools/35,スクール,schools
https://schoolwith.me/schools/36,スクール,schools
https://schoolwith.me/schools/4,スクール,schools
https://schoolwith.me/schools/40006,スクール,schools
https://schoolwith.me/schools/40007,スクール,schools
https://schoolwith.me/schools/40009,スクール,schools
https://schoolwith.me/schools/40010,スクール,schools
https://schoolwith.me/schools/40012,スクール,schools
https://schoolwith.me/schools/40015,スクール,schools
https://schoolwith.me/schools/40016,スクール,schools
https://schoolwith.me/schools/40017,スクール,schools
https://schoolwith.me/schools/40019,スクール,schools
https://schoolwith.me/schools/40021,スクール,schools
https://schoolwith.me/schools/40023,スクール,schools
https://schoolwith.me/schools/40025,スクール,schools
https://schoolwith.me/schools/40027,スクール,schools
https://schoolwith.me/schools/40038,スクール,schools
https://schoolwith.me/schools/40045,スクール,schools
https://schoolwith.me/schools/40048,スクール,schools
https://schoolwith.me/schools/40054,スクール,schools
https://schoolwith.me/schools/40057,スクール,schools
https://schoolwith.me/schools/40059,スクール,schools
https://schoolwith.me/schools/40060,スクール,schools
https://schoolwith.me/schools/40064,スクール,schools
https://schoolwith.me/schools/40069,スクール,schools
https://schoolwith.me/schools/40084,スクール,schools
https://schoolwith.me/schools/40087,スクール,schools
https://schoolwith.me/schools/40088,スクール,schools
https://schoolwith.me/schools/40089,スクール,schools
https://schoolwith.me/schools/40095,スクール,schools
https://schoolwith.me/schools/40097,スクール,schools
https://schoolwith.me/schools/40104,スクール,schools
https://schoolwith.me/schools/40110,スクール,schools
https://schoolwith.me/schools/40116,スクール,schools
https://schoolwith.me/schools/40169,スクール,schools
https://schoolwith.me/schools/40202,スクール,schools
https://schoolwith.me/schools/40356,スクール,schools
https://schoolwith.me/schools/40357,スクール,schools
https://schoolwith.me/schools/40358,スクール,schools
https://schoolwith.me/schools/40360,スクール,schools
https://schoolwith.me/schools/40363,スクール,schools
https://schoolwith.me/schools/40364,スクール,schools
https://schoolwith.me/schools/40365,スクール,schools
https://schoolwith.me/schools/40367,スクール,schools
https://schoolwith.me/schools/40368,スクール,schools
https://schoolwith.me/schools/40369,スクール,schools
https://schoolwith.me/schools/40370,スクール,schools
https://schoolwith.me/schools/40371,スクール,schools
https://schoolwith.me/schools/40372,スクール,schools
https://schoolwith.me/schools/40373,スクール,schools
https://schoolwith.me/schools/40374,スクール,schools
https://schoolwith.me/schools/40375,スクール,schools
https://schoolwith.me/schools/40376,スクール,schools
https://schoolwith.me/schools/45,スクール,schools
https://schoolwith.me/schools/48,スクール,schools
https://schoolwith.me/schools/50002,スクール,schools
https://schoolwith.me/schools/50003,スクール,schools
https://schoolwith.me/schools/50004,スクール,schools
https://schoolwith.me/schools/50006,スクール,schools
https://schoolwith.me/schools/50007,スクール,schools
https://schoolwith.me/schools/50010,スクール,schools
https://schoolwith.me/schools/50011,スクール,schools
https://schoolwith.me/schools/50013,スクール,schools
https://schoolwith.me/schools/50014,スクール,schools
https://schoolwith.me/schools/50015,スクール,schools
https://schoolwith.me/schools/50020,スクール,schools
https://schoolwith.me/schools/50030,スクール,schools
https://schoolwith.me/schools/50037,スクール,schools
https://schoolwith.me/schools/50042,スクール,schools
https://schoolwith.me/schools/50046,スクール,schools
https://schoolwith.me/schools/50050,スクール,schools
https://schoolwith.me/schools/50061,スクール,schools
https://schoolwith.me/schools/50062,スクール,schools
https://schoolwith.me/schools/50071,スクール,schools
https://schoolwith.me/schools/50077,スクール,schools
https://schoolwith.me/schools/50083,スクール,schools
https://schoolwith.me/schools/50084,スクール,schools
https://schoolwith.me/schools/50088,スクール,schools
https://schoolwith.me/schools/50090,スクール,schools
https://schoolwith.me/schools/50092,スクール,schools
https://schoolwith.me/schools/50105,スクール,schools
https://schoolwith.me/schools/50135,スクール,schools
https://schoolwith.me/schools/50136,スクール,schools
https://schoolwith.me/schools/50139,スクール,schools
https://schoolwith.me/schools/50140,スクール,schools
https://schoolwith.me/schools/50147,スクール,schools
https://schoolwith.me/schools/50289,スクール,schools
https://schoolwith.me/schools/50290,スクール,schools
https://schoolwith.me/schools/50337,スクール,schools
https://schoolwith.me/schools/50352,スクール,schools
https://schoolwith.me/schools/50360,スクール,schools
https://schoolwith.me/schools/50364,スクール,schools
https://schoolwith.me/schools/50379,スクール,schools
https://schoolwith.me/schools/50473,スクール,schools
https://schoolwith.me/schools/50744,スクール,schools
https://schoolwith.me/schools/50749,スクール,schools
https://schoolwith.me/schools/520147,スクール,schools
https://schoolwith.me/schools/57,スクール,schools
https://schoolwith.me/schools/60,スクール,schools
https://schoolwith.me/schools/60004,スクール,schools
https://schoolwith.me/schools/60005,スクール,schools
https://schoolwith.me/schools/60008,スクール,schools
https://schoolwith.me/schools/60013,スクール,schools
https://schoolwith.me/schools/60021,スクール,schools
https://schoolwith.me/schools/60022,スクール,schools
https://schoolwith.me/schools/60023,スクール,schools
https://schoolwith.me/schools/60025,スクール,schools
https://schoolwith.me/schools/60026,スクール,schools
https://schoolwith.me/schools/60249,スクール,schools
https://schoolwith.me/schools/70001,スクール,schools
https://schoolwith.me/schools/70002,スクール,schools
https://schoolwith.me/schools/70003,スクール,schools
https://schoolwith.me/schools/70005,スクール,schools
https://schoolwith.me/schools/70010,スクール,schools
https://schoolwith.me/schools/70024,スクール,schools
https://schoolwith.me/schools/70037,スクール,schools
https://schoolwith.me/schools/70042,スクール,schools
https://schoolwith.me/schools/70046,スクール,schools
https://schoolwith.me/schools/70047,スクール,schools
https://schoolwith.me/schools/70074,スクール,schools
https://schoolwith.me/schools/70110,スクール,schools
https://schoolwith.me/schools/70115,スクール,schools
https://schoolwith.me/schools/80002,スクール,schools
https://schoolwith.me/schools/80003,スクール,schools
https://schoolwith.me/schools/80009,スクール,schools
https://schoolwith.me/schools/80011,スクール,schools
https://schoolwith.me/schools/80015,スクール,schools
https://schoolwith.me/schools/80017,スクール,schools
https://schoolwith.me/schools/80020,スクール,schools
https://schoolwith.me/schools/80021,スクール,schools
https://schoolwith.me/schools/80024,スクール,schools
https://schoolwith.me/schools/80025,スクール,schools
https://schoolwith.me/schools/80052,スクール,schools
https://schoolwith.me/schools/88,スクール,schools
https://schoolwith.me/schools/89,スクール,schools
https://schoolwith.me/schools/curriculum/1,スクール,schools
https://schoolwith.me/schools/curriculum/11,スクール,schools
https://schoolwith.me/schools/curriculum/112,スクール,schools
https://schoolwith.me/schools/curriculum/115,スクール,schools
https://schoolwith.me/schools/curriculum/125,スクール,schools
https://schoolwith.me/schools/curriculum/129,スクール,schools
https://schoolwith.me/schools/curriculum/137,スクール,schools
https://schoolwith.me/schools/curriculum/141,スクール,schools
https://schoolwith.me/schools/curriculum/142,スクール,schools
https://schoolwith.me/schools/curriculum/143,スクール,schools
https://schoolwith.me/schools/curriculum/167,スクール,schools
https://schoolwith.me/schools/curriculum/169,スクール,schools
https://schoolwith.me/schools/curriculum/171,スクール,schools
https://schoolwith.me/schools/curriculum/173,スクール,schools
https://schoolwith.me/schools/curriculum/175,スクール,schools
https://schoolwith.me/schools/curriculum/184,スクール,schools
https://schoolwith.me/schools/curriculum/186,スクール,schools
https://schoolwith.me/schools/curriculum/187,スクール,schools
https://schoolwith.me/schools/curriculum/189,スクール,schools
https://schoolwith.me/schools/curriculum/19,スクール,schools
https://schoolwith.me/schools/curriculum/190018,スクール,schools
https://schoolwith.me/schools/curriculum/193,スクール,schools
https://schoolwith.me/schools/curriculum/195,スクール,schools
https://schoolwith.me/schools/curriculum/20,スクール,schools
https://schoolwith.me/schools/curriculum/20009,スクール,schools
https://schoolwith.me/schools/curriculum/20010,スクール,schools
https://schoolwith.me/schools/curriculum/20012,スクール,schools
https://schoolwith.me/schools/curriculum/20017,スクール,schools
https://schoolwith.me/schools/curriculum/20045,スクール,schools
https://schoolwith.me/schools/curriculum/20048,スクール,schools
https://schoolwith.me/schools/curriculum/20054,スクール,schools
https://schoolwith.me/schools/curriculum/20061,スクール,schools
https://schoolwith.me/schools/curriculum/20091,スクール,schools
https://schoolwith.me/schools/curriculum/20100,スクール,schools
https://schoolwith.me/schools/curriculum/20116,スクール,schools
https://schoolwith.me/schools/curriculum/20119,スクール,schools
https://schoolwith.me/schools/curriculum/20123,スクール,schools
https://schoolwith.me/schools/curriculum/20148,スクール,schools
https://schoolwith.me/schools/curriculum/20160,スクール,schools
https://schoolwith.me/schools/curriculum/20177,スクール,schools
https://schoolwith.me/schools/curriculum/20192,スクール,schools
https://schoolwith.me/schools/curriculum/20194,スクール,schools
https://schoolwith.me/schools/curriculum/20197,スクール,schools
https://schoolwith.me/schools/curriculum/20200,スクール,schools
https://schoolwith.me/schools/curriculum/20209,スクール,schools
https://schoolwith.me/schools/curriculum/20210,スクール,schools
https://schoolwith.me/schools/curriculum/20211,スクール,schools
https://schoolwith.me/schools/curriculum/20212,スクール,schools
https://schoolwith.me/schools/curriculum/20233,スクール,schools
https://schoolwith.me/schools/curriculum/20236,スクール,schools
https://schoolwith.me/schools/curriculum/20242,スクール,schools
https://schoolwith.me/schools/curriculum/20243,スクール,schools
https://schoolwith.me/schools/curriculum/20245,スクール,schools
https://schoolwith.me/schools/curriculum/20246,スクール,schools
https://schoolwith.me/schools/curriculum/20250,スクール,schools
https://schoolwith.me/schools/curriculum/20457,スクール,schools
https://schoolwith.me/schools/curriculum/207,スクール,schools
https://schoolwith.me/schools/curriculum/208,スクール,schools
https://schoolwith.me/schools/curriculum/20806,スクール,schools
https://schoolwith.me/schools/curriculum/20807,スクール,schools
https://schoolwith.me/schools/curriculum/209,スクール,schools
https://schoolwith.me/schools/curriculum/210005,スクール,schools
https://schoolwith.me/schools/curriculum/215,スクール,schools
https://schoolwith.me/schools/curriculum/217,スクール,schools
https://schoolwith.me/schools/curriculum/218,スクール,schools
https://schoolwith.me/schools/curriculum/219,スクール,schools
https://schoolwith.me/schools/curriculum/220,スクール,schools
https://schoolwith.me/schools/curriculum/221,スクール,schools
https://schoolwith.me/schools/curriculum/222,スクール,schools
https://schoolwith.me/schools/curriculum/223,スクール,schools
https://schoolwith.me/schools/curriculum/224,スクール,schools
https://schoolwith.me/schools/curriculum/225,スクール,schools
https://schoolwith.me/schools/curriculum/226,スクール,schools
https://schoolwith.me/schools/curriculum/228,スクール,schools
https://schoolwith.me/schools/curriculum/230,スクール,schools
https://schoolwith.me/schools/curriculum/232,スクール,schools
https://schoolwith.me/schools/curriculum/233,スクール,schools
https://schoolwith.me/schools/curriculum/234,スクール,schools
https://schoolwith.me/schools/curriculum/235,スクール,schools
https://schoolwith.me/schools/curriculum/236,スクール,schools
https://schoolwith.me/schools/curriculum/238,スクール,schools
https://schoolwith.me/schools/curriculum/239,スクール,schools
https://schoolwith.me/schools/curriculum/240,スクール,schools
https://schoolwith.me/schools/curriculum/240002,スクール,schools
https://schoolwith.me/schools/curriculum/240014,スクール,schools
https://schoolwith.me/schools/curriculum/241,スクール,schools
https://schoolwith.me/schools/curriculum/244,スクール,schools
https://schoolwith.me/schools/curriculum/246,スクール,schools
https://schoolwith.me/schools/curriculum/26,スクール,schools
https://schoolwith.me/schools/curriculum/3,スクール,schools
https://schoolwith.me/schools/curriculum/30003,スクール,schools
https://schoolwith.me/schools/curriculum/30009,スクール,schools
https://schoolwith.me/schools/curriculum/30010,スクール,schools
https://schoolwith.me/schools/curriculum/30011,スクール,schools
https://schoolwith.me/schools/curriculum/30013,スクール,schools
https://schoolwith.me/schools/curriculum/30025,スクール,schools
https://schoolwith.me/schools/curriculum/30028,スクール,schools
https://schoolwith.me/schools/curriculum/30029,スクール,schools
https://schoolwith.me/schools/curriculum/30030,スクール,schools
https://schoolwith.me/schools/curriculum/30031,スクール,schools
https://schoolwith.me/schools/curriculum/30044,スクール,schools
https://schoolwith.me/schools/curriculum/30050,スクール,schools
https://schoolwith.me/schools/curriculum/30053,スクール,schools
https://schoolwith.me/schools/curriculum/30054,スクール,schools
https://schoolwith.me/schools/curriculum/30062,スクール,schools
https://schoolwith.me/schools/curriculum/30066,スクール,schools
https://schoolwith.me/schools/curriculum/30067,スクール,schools
https://schoolwith.me/schools/curriculum/30069,スクール,schools
https://schoolwith.me/schools/curriculum/30070,スクール,schools
https://schoolwith.me/schools/curriculum/30071,スクール,schools
https://schoolwith.me/schools/curriculum/30072,スクール,schools
https://schoolwith.me/schools/curriculum/30073,スクール,schools
https://schoolwith.me/schools/curriculum/30076,スクール,schools
https://schoolwith.me/schools/curriculum/30077,スクール,schools
https://schoolwith.me/schools/curriculum/30078,スクール,schools
https://schoolwith.me/schools/curriculum/30084,スクール,schools
https://schoolwith.me/schools/curriculum/30085,スクール,schools
https://schoolwith.me/schools/curriculum/30101,スクール,schools
https://schoolwith.me/schools/curriculum/30178,スクール,schools
https://schoolwith.me/schools/curriculum/30200,スクール,schools
https://schoolwith.me/schools/curriculum/30227,スクール,schools
https://schoolwith.me/schools/curriculum/30339,スクール,schools
https://schoolwith.me/schools/curriculum/30342,スクール,schools
https://schoolwith.me/schools/curriculum/30343,スクール,schools
https://schoolwith.me/schools/curriculum/30345,スクール,schools
https://schoolwith.me/schools/curriculum/32,スクール,schools
https://schoolwith.me/schools/curriculum/33,スクール,schools
https://schoolwith.me/schools/curriculum/35,スクール,schools
https://schoolwith.me/schools/curriculum/36,スクール,schools
https://schoolwith.me/schools/curriculum/4,スクール,schools
https://schoolwith.me/schools/curriculum/40006,スクール,schools
https://schoolwith.me/schools/curriculum/40007,スクール,schools
https://schoolwith.me/schools/curriculum/40009,スクール,schools
https://schoolwith.me/schools/curriculum/40010,スクール,schools
https://schoolwith.me/schools/curriculum/40012,スクール,schools
https://schoolwith.me/schools/curriculum/40015,スクール,schools
https://schoolwith.me/schools/curriculum/40016,スクール,schools
https://schoolwith.me/schools/curriculum/40017,スクール,schools
https://schoolwith.me/schools/curriculum/40019,スクール,schools
https://schoolwith.me/schools/curriculum/40021,スクール,schools
https://schoolwith.me/schools/curriculum/40023,スクール,schools
https://schoolwith.me/schools/curriculum/40025,スクール,schools
https://schoolwith.me/schools/curriculum/40027,スクール,schools
https://schoolwith.me/schools/curriculum/40038,スクール,schools
https://schoolwith.me/schools/curriculum/40045,スクール,schools
https://schoolwith.me/schools/curriculum/40048,スクール,schools
https://schoolwith.me/schools/curriculum/40054,スクール,schools
https://schoolwith.me/schools/curriculum/40057,スクール,schools
https://schoolwith.me/schools/curriculum/40059,スクール,schools
https://schoolwith.me/schools/curriculum/40060,スクール,schools
https://schoolwith.me/schools/curriculum/40064,スクール,schools
https://schoolwith.me/schools/curriculum/40069,スクール,schools
https://schoolwith.me/schools/curriculum/40084,スクール,schools
https://schoolwith.me/schools/curriculum/40087,スクール,schools
https://schoolwith.me/schools/curriculum/40088,スクール,schools
https://schoolwith.me/schools/curriculum/40089,スクール,schools
https://schoolwith.me/schools/curriculum/40095,スクール,schools
https://schoolwith.me/schools/curriculum/40097,スクール,schools
https://schoolwith.me/schools/curriculum/40104,スクール,schools
https://schoolwith.me/schools/curriculum/40110,スクール,schools
https://schoolwith.me/schools/curriculum/40116,スクール,schools
https://schoolwith.me/schools/curriculum/40169,スクール,schools
https://schoolwith.me/schools/curriculum/40202,スクール,schools
https://schoolwith.me/schools/curriculum/40356,スクール,schools
https://schoolwith.me/schools/curriculum/40357,スクール,schools
https://schoolwith.me/schools/curriculum/40358,スクール,schools
https://schoolwith.me/schools/curriculum/40360,スクール,schools
https://schoolwith.me/schools/curriculum/40363,スクール,schools
https://schoolwith.me/schools/curriculum/40364,スクール,schools
https://schoolwith.me/schools/curriculum/40365,スクール,schools
https://schoolwith.me/schools/curriculum/40367,スクール,schools
https://schoolwith.me/schools/curriculum/40368,スクール,schools
https://schoolwith.me/schools/curriculum/40369,スクール,schools
https://schoolwith.me/schools/curriculum/40370,スクール,schools
https://schoolwith.me/schools/curriculum/40371,スクール,schools
https://schoolwith.me/schools/curriculum/40372,スクール,schools
https://schoolwith.me/schools/curriculum/40373,スクール,schools
https://schoolwith.me/schools/curriculum/40374,スクール,schools
https://schoolwith.me/schools/curriculum/40375,スクール,schools
https://schoolwith.me/schools/curriculum/40376,スクール,schools
https://schoolwith.me/schools/curriculum/45,スクール,schools
https://schoolwith.me/schools/curriculum/48,スクール,schools
https://schoolwith.me/schools/curriculum/50002,スクール,schools
https://schoolwith.me/schools/curriculum/50003,スクール,schools
https://schoolwith.me/schools/curriculum/50004,スクール,schools
https://schoolwith.me/schools/curriculum/50006,スクール,schools
https://schoolwith.me/schools/curriculum/50007,スクール,schools
https://schoolwith.me/schools/curriculum/50010,スクール,schools
https://schoolwith.me/schools/curriculum/50011,スクール,schools
https://schoolwith.me/schools/curriculum/50013,スクール,schools
https://schoolwith.me/schools/curriculum/50014,スクール,schools
https://schoolwith.me/schools/curriculum/50015,スクール,schools
https://schoolwith.me/schools/curriculum/50020,スクール,schools
https://schoolwith.me/schools/curriculum/50030,スクール,schools
https://schoolwith.me/schools/curriculum/50037,スクール,schools
https://schoolwith.me/schools/curriculum/50042,スクール,schools
https://schoolwith.me/schools/curriculum/50046,スクール,schools
https://schoolwith.me/schools/curriculum/50050,スクール,schools
https://schoolwith.me/schools/curriculum/50061,スクール,schools
https://schoolwith.me/schools/curriculum/50062,スクール,schools
https://schoolwith.me/schools/curriculum/50071,スクール,schools
https://schoolwith.me/schools/curriculum/50077,スクール,schools
https://schoolwith.me/schools/curriculum/50083,スクール,schools
https://schoolwith.me/schools/curriculum/50084,スクール,schools
https://schoolwith.me/schools/curriculum/50088,スクール,schools
https://schoolwith.me/schools/curriculum/50090,スクール,schools
https://schoolwith.me/schools/curriculum/50092,スクール,schools
https://schoolwith.me/schools/curriculum/50105,スクール,schools
https://schoolwith.me/schools/curriculum/50135,スクール,schools
https://schoolwith.me/schools/curriculum/50136,スクール,schools
https://schoolwith.me/schools/curriculum/50139,スクール,schools
https://schoolwith.me/schools/curriculum/50140,スクール,schools
https://schoolwith.me/schools/curriculum/50147,スクール,schools
https://schoolwith.me/schools/curriculum/50289,スクール,schools
https://schoolwith.me/schools/curriculum/50290,スクール,schools
https://schoolwith.me/schools/curriculum/50337,スクール,schools
https://schoolwith.me/schools/curriculum/50352,スクール,schools
https://schoolwith.me/schools/curriculum/50360,スクール,schools
https://schoolwith.me/schools/curriculum/50364,スクール,schools
https://schoolwith.me/schools/curriculum/50379,スクール,schools
https://schoolwith.me/schools/curriculum/50473,スクール,schools
https://schoolwith.me/schools/curriculum/50744,スクール,schools
https://schoolwith.me/schools/curriculum/50749,スクール,schools
https://schoolwith.me/schools/curriculum/520147,スクール,schools
https://schoolwith.me/schools/curriculum/57,スクール,schools
https://schoolwith.me/schools/curriculum/60,スクール,schools
https://schoolwith.me/schools/curriculum/60004,スクール,schools
https://schoolwith.me/schools/curriculum/60005,スクール,schools
https://schoolwith.me/schools/curriculum/60008,スクール,schools
https://schoolwith.me/schools/curriculum/60013,スクール,schools
https://schoolwith.me/schools/curriculum/60021,スクール,schools
https://schoolwith.me/schools/curriculum/60022,スクール,schools
https://schoolwith.me/schools/curriculum/60023,スクール,schools
https://schoolwith.me/schools/curriculum/60025,スクール,schools
https://schoolwith.me/schools/curriculum/60026,スクール,schools
https://schoolwith.me/schools/curriculum/60249,スクール,schools
https://schoolwith.me/schools/curriculum/70001,スクール,schools
https://schoolwith.me/schools/curriculum/70002,スクール,schools
https://schoolwith.me/schools/curriculum/70003,スクール,schools
https://schoolwith.me/schools/curriculum/70005,スクール,schools
https://schoolwith.me/schools/curriculum/70010,スクール,schools
https://schoolwith.me/schools/curriculum/70024,スクール,schools
https://schoolwith.me/schools/curriculum/70037,スクール,schools
https://schoolwith.me/schools/curriculum/70042,スクール,schools
https://schoolwith.me/schools/curriculum/70046,スクール,schools
https://schoolwith.me/schools/curriculum/70047,スクール,schools
https://schoolwith.me/schools/curriculum/70074,スクール,schools
https://schoolwith.me/schools/curriculum/70110,スクール,schools
https://schoolwith.me/schools/curriculum/70115,スクール,schools
https://schoolwith.me/schools/curriculum/80002,スクール,schools
https://schoolwith.me/schools/curriculum/80003,スクール,schools
https://schoolwith.me/schools/curriculum/80009,スクール,schools
https://schoolwith.me/schools/curriculum/80011,スクール,schools
https://schoolwith.me/schools/curriculum/80015,スクール,schools
https://schoolwith.me/schools/curriculum/80017,スクール,schools
https://schoolwith.me/schools/curriculum/80020,スクール,schools
https://schoolwith.me/schools/curriculum/80021,スクール,schools
https://schoolwith.me/schools/curriculum/80024,スクール,schools
https://schoolwith.me/schools/curriculum/80025,スクール,schools
https://schoolwith.me/schools/curriculum/80052,スクール,schools
https://schoolwith.me/schools/curriculum/88,スクール,schools
https://schoolwith.me/schools/curriculum/89,スクール,schools
https://schoolwith.me/schools/photo_movie/movie/1,スクール,schools
https://schoolwith.me/schools/photo_movie/movie/11,スクール,schools
https://schoolwith.me/schools/photo_movie/movie/112,スクール,schools
https://schoolwith.me/schools/photo_movie/movie/115,スクール,schools
https://schoolwith.me/schools/photo_movie/movie/125,スクール,schools
https://schoolwith.me/schools/photo_movie/movie/129,スクール,schools
https://schoolwith.me/schools/photo_movie/movie/137,スクール,schools
https://schoolwith.me/schools/photo_movie/movie/141,スクール,schools
https://schoolwith.me/schools/photo_movie/movie/142,スクール,schools
https://schoolwith.me/schools/photo_movie/movie/143,スクール,schools
https://schoolwith.me/schools/photo_movie/movie/167,スクール,schools
https://schoolwith.me/schools/photo_movie/movie/169,スクール,schools
https://schoolwith.me/schools/photo_movie/movie/171,スクール,schools
https://schoolwith.me/schools/photo_movie/movie/173,スクール,schools
https://schoolwith.me/schools/photo_movie/movie/175,スクール,schools
https://schoolwith.me/schools/photo_movie/movie/184,スクール,schools
https://schoolwith.me/schools/photo_movie/movie/186,スクール,schools
https://schoolwith.me/schools/photo_movie/movie/187,スクール,schools
https://schoolwith.me/schools/photo_movie/movie/189,スクール,schools
https://schoolwith.me/schools/photo_movie/movie/19,スクール,schools
https://schoolwith.me/schools/photo_movie/movie/190018,スクール,schools
https://schoolwith.me/schools/photo_movie/movie/193,スクール,schools
https://schoolwith.me/schools/photo_movie/movie/195,スクール,schools
https://schoolwith.me/schools/photo_movie/movie/20,スクール,schools
https://schoolwith.me/schools/photo_movie/movie/20009,スクール,schools
https://schoolwith.me/schools/photo_movie/movie/20010,スクール,schools
https://schoolwith.me/schools/photo_movie/movie/20012,スクール,schools
https://schoolwith.me/schools/photo_movie/movie/20017,スクール,schools
https://schoolwith.me/schools/photo_movie/movie/20045,スクール,schools
https://schoolwith.me/schools/photo_movie/movie/20048,スクール,schools
https://schoolwith.me/schools/photo_movie/movie/20054,スクール,schools
https://schoolwith.me/schools/photo_movie/movie/20061,スクール,schools
https://schoolwith.me/schools/photo_movie/movie/20091,スクール,schools
https://schoolwith.me/schools/photo_movie/movie/20100,スクール,schools
https://schoolwith.me/schools/photo_movie/movie/20116,スクール,schools
https://schoolwith.me/schools/photo_movie/movie/20119,スクール,schools
https://schoolwith.me/schools/photo_movie/movie/20123,スクール,schools
https://schoolwith.me/schools/photo_movie/movie/20148,スクール,schools
https://schoolwith.me/schools/photo_movie/movie/20160,スクール,schools
https://schoolwith.me/schools/photo_movie/movie/20177,スクール,schools
https://schoolwith.me/schools/photo_movie/movie/20192,スクール,schools
https://schoolwith.me/schools/photo_movie/movie/20194,スクール,schools
https://schoolwith.me/schools/photo_movie/movie/20197,スクール,schools
https://schoolwith.me/schools/photo_movie/movie/20200,スクール,schools
https://schoolwith.me/schools/photo_movie/movie/20209,スクール,schools
https://schoolwith.me/schools/photo_movie/movie/20210,スクール,schools
https://schoolwith.me/schools/photo_movie/movie/20211,スクール,schools
https://schoolwith.me/schools/photo_movie/movie/20212,スクール,schools
https://schoolwith.me/schools/photo_movie/movie/20233,スクール,schools
https://schoolwith.me/schools/photo_movie/movie/20236,スクール,schools
https://schoolwith.me/schools/photo_movie/movie/20242,スクール,schools
https://schoolwith.me/schools/photo_movie/movie/20243,スクール,schools
https://schoolwith.me/schools/photo_movie/movie/20245,スクール,schools
https://schoolwith.me/schools/photo_movie/movie/20246,スクール,schools
https://schoolwith.me/schools/photo_movie/movie/20250,スクール,schools
https://schoolwith.me/schools/photo_movie/movie/20457,スクール,schools
https://schoolwith.me/schools/photo_movie/movie/207,スクール,schools
https://schoolwith.me/schools/photo_movie/movie/208,スクール,schools
https://schoolwith.me/schools/photo_movie/movie/20806,スクール,schools
https://schoolwith.me/schools/photo_movie/movie/20807,スクール,schools
https://schoolwith.me/schools/photo_movie/movie/209,スクール,schools
https://schoolwith.me/schools/photo_movie/movie/210005,スクール,schools
https://schoolwith.me/schools/photo_movie/movie/215,スクール,schools
https://schoolwith.me/schools/photo_movie/movie/217,スクール,schools
https://schoolwith.me/schools/photo_movie/movie/218,スクール,schools
https://schoolwith.me/schools/photo_movie/movie/219,スクール,schools
https://schoolwith.me/schools/photo_movie/movie/220,スクール,schools
https://schoolwith.me/schools/photo_movie/movie/221,スクール,schools
https://schoolwith.me/schools/photo_movie/movie/222,スクール,schools
https://schoolwith.me/schools/photo_movie/movie/223,スクール,schools
https://schoolwith.me/schools/photo_movie/movie/224,スクール,schools
https://schoolwith.me/schools/photo_movie/movie/225,スクール,schools
https://schoolwith.me/schools/photo_movie/movie/226,スクール,schools
https://schoolwith.me/schools/photo_movie/movie/228,スクール,schools
https://schoolwith.me/schools/photo_movie/movie/230,スクール,schools
https://schoolwith.me/schools/photo_movie/movie/232,スクール,schools
https://schoolwith.me/schools/photo_movie/movie/233,スクール,schools
https://schoolwith.me/schools/photo_movie/movie/234,スクール,schools
https://schoolwith.me/schools/photo_movie/movie/235,スクール,schools
https://schoolwith.me/schools/photo_movie/movie/236,スクール,schools
https://schoolwith.me/schools/photo_movie/movie/238,スクール,schools
https://schoolwith.me/schools/photo_movie/movie/239,スクール,schools
https://schoolwith.me/schools/photo_movie/movie/240,スクール,schools
https://schoolwith.me/schools/photo_movie/movie/240002,スクール,schools
https://schoolwith.me/schools/photo_movie/movie/240014,スクール,schools
https://schoolwith.me/schools/photo_movie/movie/241,スクール,schools
https://schoolwith.me/schools/photo_movie/movie/244,スクール,schools
https://schoolwith.me/schools/photo_movie/movie/246,スクール,schools
https://schoolwith.me/schools/photo_movie/movie/26,スクール,schools
https://schoolwith.me/schools/photo_movie/movie/3,スクール,schools
https://schoolwith.me/schools/photo_movie/movie/30003,スクール,schools
https://schoolwith.me/schools/photo_movie/movie/30009,スクール,schools
https://schoolwith.me/schools/photo_movie/movie/30010,スクール,schools
https://schoolwith.me/schools/photo_movie/movie/30011,スクール,schools
https://schoolwith.me/schools/photo_movie/movie/30013,スクール,schools
https://schoolwith.me/schools/photo_movie/movie/30025,スクール,schools
https://schoolwith.me/schools/photo_movie/movie/30028,スクール,schools
https://schoolwith.me/schools/photo_movie/movie/30029,スクール,schools
https://schoolwith.me/schools/photo_movie/movie/30030,スクール,schools
https://schoolwith.me/schools/photo_movie/movie/30031,スクール,schools
https://schoolwith.me/schools/photo_movie/movie/30044,スクール,schools
https://schoolwith.me/schools/photo_movie/movie/30050,スクール,schools
https://schoolwith.me/schools/photo_movie/movie/30053,スクール,schools
https://schoolwith.me/schools/photo_movie/movie/30054,スクール,schools
https://schoolwith.me/schools/photo_movie/movie/30062,スクール,schools
https://schoolwith.me/schools/photo_movie/movie/30066,スクール,schools
https://schoolwith.me/schools/photo_movie/movie/30067,スクール,schools
https://schoolwith.me/schools/photo_movie/movie/30069,スクール,schools
https://schoolwith.me/schools/photo_movie/movie/30070,スクール,schools
https://schoolwith.me/schools/photo_movie/movie/30071,スクール,schools
https://schoolwith.me/schools/photo_movie/movie/30072,スクール,schools
https://schoolwith.me/schools/photo_movie/movie/30073,スクール,schools
https://schoolwith.me/schools/photo_movie/movie/30076,スクール,schools
https://schoolwith.me/schools/photo_movie/movie/30077,スクール,schools
https://schoolwith.me/schools/photo_movie/movie/30078,スクール,schools
https://schoolwith.me/schools/photo_movie/movie/30084,スクール,schools
https://schoolwith.me/schools/photo_movie/movie/30085,スクール,schools
https://schoolwith.me/schools/photo_movie/movie/30101,スクール,schools
https://schoolwith.me/schools/photo_movie/movie/30178,スクール,schools
https://schoolwith.me/schools/photo_movie/movie/30200,スクール,schools
https://schoolwith.me/schools/photo_movie/movie/30227,スクール,schools
https://schoolwith.me/schools/photo_movie/movie/30339,スクール,schools
https://schoolwith.me/schools/photo_movie/movie/30342,スクール,schools
https://schoolwith.me/schools/photo_movie/movie/30343,スクール,schools
https://schoolwith.me/schools/photo_movie/movie/30345,スクール,schools
https://schoolwith.me/schools/photo_movie/movie/32,スクール,schools
https://schoolwith.me/schools/photo_movie/movie/33,スクール,schools
https://schoolwith.me/schools/photo_movie/movie/35,スクール,schools
https://schoolwith.me/schools/photo_movie/movie/36,スクール,schools
https://schoolwith.me/schools/photo_movie/movie/4,スクール,schools
https://schoolwith.me/schools/photo_movie/movie/40006,スクール,schools
https://schoolwith.me/schools/photo_movie/movie/40007,スクール,schools
https://schoolwith.me/schools/photo_movie/movie/40009,スクール,schools
https://schoolwith.me/schools/photo_movie/movie/40010,スクール,schools
https://schoolwith.me/schools/photo_movie/movie/40012,スクール,schools
https://schoolwith.me/schools/photo_movie/movie/40015,スクール,schools
https://schoolwith.me/schools/photo_movie/movie/40016,スクール,schools
https://schoolwith.me/schools/photo_movie/movie/40017,スクール,schools
https://schoolwith.me/schools/photo_movie/movie/40019,スクール,schools
https://schoolwith.me/schools/photo_movie/movie/40021,スクール,schools
https://schoolwith.me/schools/photo_movie/movie/40023,スクール,schools
https://schoolwith.me/schools/photo_movie/movie/40025,スクール,schools
https://schoolwith.me/schools/photo_movie/movie/40027,スクール,schools
https://schoolwith.me/schools/photo_movie/movie/40038,スクール,schools
https://schoolwith.me/schools/photo_movie/movie/40045,スクール,schools
https://schoolwith.me/schools/photo_movie/movie/40048,スクール,schools
https://schoolwith.me/schools/photo_movie/movie/40054,スクール,schools
https://schoolwith.me/schools/photo_movie/movie/40057,スクール,schools
https://schoolwith.me/schools/photo_movie/movie/40059,スクール,schools
https://schoolwith.me/schools/photo_movie/movie/40060,スクール,schools
https://schoolwith.me/schools/photo_movie/movie/40064,スクール,schools
https://schoolwith.me/schools/photo_movie/movie/40069,スクール,schools
https://schoolwith.me/schools/photo_movie/movie/40084,スクール,schools
https://schoolwith.me/schools/photo_movie/movie/40087,スクール,schools
https://schoolwith.me/schools/photo_movie/movie/40088,スクール,schools
https://schoolwith.me/schools/photo_movie/movie/40089,スクール,schools
https://schoolwith.me/schools/photo_movie/movie/40095,スクール,schools
https://schoolwith.me/schools/photo_movie/movie/40097,スクール,schools
https://schoolwith.me/schools/photo_movie/movie/40104,スクール,schools
https://schoolwith.me/schools/photo_movie/movie/40110,スクール,schools
https://schoolwith.me/schools/photo_movie/movie/40116,スクール,schools
https://schoolwith.me/schools/photo_movie/movie/40169,スクール,schools
https://schoolwith.me/schools/photo_movie/movie/40202,スクール,schools
https://schoolwith.me/schools/photo_movie/movie/40356,スクール,schools
https://schoolwith.me/schools/photo_movie/movie/40357,スクール,schools
https://schoolwith.me/schools/photo_movie/movie/40358,スクール,schools
https://schoolwith.me/schools/photo_movie/movie/40360,スクール,schools
https://schoolwith.me/schools/photo_movie/movie/40363,スクール,schools
https://schoolwith.me/schools/photo_movie/movie/40364,スクール,schools
https://schoolwith.me/schools/photo_movie/movie/40365,スクール,schools
https://schoolwith.me/schools/photo_movie/movie/40367,スクール,schools
https://schoolwith.me/schools/photo_movie/movie/40368,スクール,schools
https://schoolwith.me/schools/photo_movie/movie/40369,スクール,schools
https://schoolwith.me/schools/photo_movie/movie/40370,スクール,schools
https://schoolwith.me/schools/photo_movie/movie/40371,スクール,schools
https://schoolwith.me/schools/photo_movie/movie/40372,スクール,schools
https://schoolwith.me/schools/photo_movie/movie/40373,スクール,schools
https://schoolwith.me/schools/photo_movie/movie/40374,スクール,schools
https://schoolwith.me/schools/photo_movie/movie/40375,スクール,schools
https://schoolwith.me/schools/photo_movie/movie/40376,スクール,schools
https://schoolwith.me/schools/photo_movie/movie/45,スクール,schools
https://schoolwith.me/schools/photo_movie/movie/48,スクール,schools
https://schoolwith.me/schools/photo_movie/movie/50002,スクール,schools
https://schoolwith.me/schools/photo_movie/movie/50003,スクール,schools
https://schoolwith.me/schools/photo_movie/movie/50004,スクール,schools
https://schoolwith.me/schools/photo_movie/movie/50006,スクール,schools
https://schoolwith.me/schools/photo_movie/movie/50007,スクール,schools
https://schoolwith.me/schools/photo_movie/movie/50010,スクール,schools
https://schoolwith.me/schools/photo_movie/movie/50011,スクール,schools
https://schoolwith.me/schools/photo_movie/movie/50013,スクール,schools
https://schoolwith.me/schools/photo_movie/movie/50014,スクール,schools
https://schoolwith.me/schools/photo_movie/movie/50015,スクール,schools
https://schoolwith.me/schools/photo_movie/movie/50020,スクール,schools
https://schoolwith.me/schools/photo_movie/movie/50030,スクール,schools
https://schoolwith.me/schools/photo_movie/movie/50037,スクール,schools
https://schoolwith.me/schools/photo_movie/movie/50042,スクール,schools
https://schoolwith.me/schools/photo_movie/movie/50046,スクール,schools
https://schoolwith.me/schools/photo_movie/movie/50050,スクール,schools
https://schoolwith.me/schools/photo_movie/movie/50061,スクール,schools
https://schoolwith.me/schools/photo_movie/movie/50062,スクール,schools
https://schoolwith.me/schools/photo_movie/movie/50071,スクール,schools
https://schoolwith.me/schools/photo_movie/movie/50077,スクール,schools
https://schoolwith.me/schools/photo_movie/movie/50083,スクール,schools
https://schoolwith.me/schools/photo_movie/movie/50084,スクール,schools
https://schoolwith.me/schools/photo_movie/movie/50088,スクール,schools
https://schoolwith.me/schools/photo_movie/movie/50090,スクール,schools
https://schoolwith.me/schools/photo_movie/movie/50092,スクール,schools
https://schoolwith.me/schools/photo_movie/movie/50105,スクール,schools
https://schoolwith.me/schools/photo_movie/movie/50135,スクール,schools
https://schoolwith.me/schools/photo_movie/movie/50136,スクール,schools
https://schoolwith.me/schools/photo_movie/movie/50139,スクール,schools
https://schoolwith.me/schools/photo_movie/movie/50140,スクール,schools
https://schoolwith.me/schools/photo_movie/movie/50147,スクール,schools
https://schoolwith.me/schools/photo_movie/movie/50289,スクール,schools
https://schoolwith.me/schools/photo_movie/movie/50290,スクール,schools
https://schoolwith.me/schools/photo_movie/movie/50337,スクール,schools
https://schoolwith.me/schools/photo_movie/movie/50352,スクール,schools
https://schoolwith.me/schools/photo_movie/movie/50360,スクール,schools
https://schoolwith.me/schools/photo_movie/movie/50364,スクール,schools
https://schoolwith.me/schools/photo_movie/movie/50379,スクール,schools
https://schoolwith.me/schools/photo_movie/movie/50473,スクール,schools
https://schoolwith.me/schools/photo_movie/movie/50744,スクール,schools
https://schoolwith.me/schools/photo_movie/movie/50749,スクール,schools
https://schoolwith.me/schools/photo_movie/movie/520147,スクール,schools
https://schoolwith.me/schools/photo_movie/movie/57,スクール,schools
https://schoolwith.me/schools/photo_movie/movie/60,スクール,schools
https://schoolwith.me/schools/photo_movie/movie/60004,スクール,schools
https://schoolwith.me/schools/photo_movie/movie/60005,スクール,schools
https://schoolwith.me/schools/photo_movie/movie/60008,スクール,schools
https://schoolwith.me/schools/photo_movie/movie/60013,スクール,schools
https://schoolwith.me/schools/photo_movie/movie/60021,スクール,schools
https://schoolwith.me/schools/photo_movie/movie/60022,スクール,schools
https://schoolwith.me/schools/photo_movie/movie/60023,スクール,schools
https://schoolwith.me/schools/photo_movie/movie/60025,スクール,schools
https://schoolwith.me/schools/photo_movie/movie/60026,スクール,schools
https://schoolwith.me/schools/photo_movie/movie/60249,スクール,schools
https://schoolwith.me/schools/photo_movie/movie/70001,スクール,schools
https://schoolwith.me/schools/photo_movie/movie/70002,スクール,schools
https://schoolwith.me/schools/photo_movie/movie/70003,スクール,schools
https://schoolwith.me/schools/photo_movie/movie/70005,スクール,schools
https://schoolwith.me/schools/photo_movie/movie/70010,スクール,schools
https://schoolwith.me/schools/photo_movie/movie/70024,スクール,schools
https://schoolwith.me/schools/photo_movie/movie/70037,スクール,schools
https://schoolwith.me/schools/photo_movie/movie/70042,スクール,schools
https://schoolwith.me/schools/photo_movie/movie/70046,スクール,schools
https://schoolwith.me/schools/photo_movie/movie/70047,スクール,schools
https://schoolwith.me/schools/photo_movie/movie/70074,スクール,schools
https://schoolwith.me/schools/photo_movie/movie/70110,スクール,schools
https://schoolwith.me/schools/photo_movie/movie/70115,スクール,schools
https://schoolwith.me/schools/photo_movie/movie/80002,スクール,schools
https://schoolwith.me/schools/photo_movie/movie/80003,スクール,schools
https://schoolwith.me/schools/photo_movie/movie/80009,スクール,schools
https://schoolwith.me/schools/photo_movie/movie/80011,スクール,schools
https://schoolwith.me/schools/photo_movie/movie/80015,スクール,schools
https://schoolwith.me/schools/photo_movie/movie/80017,スクール,schools
https://schoolwith.me/schools/photo_movie/movie/80020,スクール,schools
https://schoolwith.me/schools/photo_movie/movie/80021,スクール,schools
https://schoolwith.me/schools/photo_movie/movie/80024,スクール,schools
https://schoolwith.me/schools/photo_movie/movie/80025,スクール,schools
https://schoolwith.me/schools/photo_movie/movie/80052,スクール,schools
https://schoolwith.me/schools/photo_movie/movie/88,スクール,schools
https://schoolwith.me/schools/photo_movie/movie/89,スクール,schools
https://schoolwith.me/schools/photo_movie/photo/1,スクール,schools
https://schoolwith.me/schools/photo_movie/photo/11,スクール,schools
https://schoolwith.me/schools/photo_movie/photo/112,スクール,schools
https://schoolwith.me/schools/photo_movie/photo/115,スクール,schools
https://schoolwith.me/schools/photo_movie/photo/125,スクール,schools
https://schoolwith.me/schools/photo_movie/photo/129,スクール,schools
https://schoolwith.me/schools/photo_movie/photo/137,スクール,schools
https://schoolwith.me/schools/photo_movie/photo/141,スクール,schools
https://schoolwith.me/schools/photo_movie/photo/142,スクール,schools
https://schoolwith.me/schools/photo_movie/photo/143,スクール,schools
https://schoolwith.me/schools/photo_movie/photo/167,スクール,schools
https://schoolwith.me/schools/photo_movie/photo/169,スクール,schools
https://schoolwith.me/schools/photo_movie/photo/171,スクール,schools
https://schoolwith.me/schools/photo_movie/photo/173,スクール,schools
https://schoolwith.me/schools/photo_movie/photo/175,スクール,schools
https://schoolwith.me/schools/photo_movie/photo/184,スクール,schools
https://schoolwith.me/schools/photo_movie/photo/186,スクール,schools
https://schoolwith.me/schools/photo_movie/photo/187,スクール,schools
https://schoolwith.me/schools/photo_movie/photo/189,スクール,schools
https://schoolwith.me/schools/photo_movie/photo/19,スクール,schools
https://schoolwith.me/schools/photo_movie/photo/190018,スクール,schools
https://schoolwith.me/schools/photo_movie/photo/193,スクール,schools
https://schoolwith.me/schools/photo_movie/photo/195,スクール,schools
https://schoolwith.me/schools/photo_movie/photo/20,スクール,schools
https://schoolwith.me/schools/photo_movie/photo/20009,スクール,schools
https://schoolwith.me/schools/photo_movie/photo/20010,スクール,schools
https://schoolwith.me/schools/photo_movie/photo/20012,スクール,schools
https://schoolwith.me/schools/photo_movie/photo/20017,スクール,schools
https://schoolwith.me/schools/photo_movie/photo/20045,スクール,schools
https://schoolwith.me/schools/photo_movie/photo/20048,スクール,schools
https://schoolwith.me/schools/photo_movie/photo/20054,スクール,schools
https://schoolwith.me/schools/photo_movie/photo/20061,スクール,schools
https://schoolwith.me/schools/photo_movie/photo/20091,スクール,schools
https://schoolwith.me/schools/photo_movie/photo/20100,スクール,schools
https://schoolwith.me/schools/photo_movie/photo/20116,スクール,schools
https://schoolwith.me/schools/photo_movie/photo/20119,スクール,schools
https://schoolwith.me/schools/photo_movie/photo/20123,スクール,schools
https://schoolwith.me/schools/photo_movie/photo/20148,スクール,schools
https://schoolwith.me/schools/photo_movie/photo/20160,スクール,schools
https://schoolwith.me/schools/photo_movie/photo/20177,スクール,schools
https://schoolwith.me/schools/photo_movie/photo/20192,スクール,schools
https://schoolwith.me/schools/photo_movie/photo/20194,スクール,schools
https://schoolwith.me/schools/photo_movie/photo/20197,スクール,schools
https://schoolwith.me/schools/photo_movie/photo/20200,スクール,schools
https://schoolwith.me/schools/photo_movie/photo/20209,スクール,schools
https://schoolwith.me/schools/photo_movie/photo/20210,スクール,schools
https://schoolwith.me/schools/photo_movie/photo/20211,スクール,schools
https://schoolwith.me/schools/photo_movie/photo/20212,スクール,schools
https://schoolwith.me/schools/photo_movie/photo/20233,スクール,schools
https://schoolwith.me/schools/photo_movie/photo/20236,スクール,schools
https://schoolwith.me/schools/photo_movie/photo/20242,スクール,schools
https://schoolwith.me/schools/photo_movie/photo/20243,スクール,schools
https://schoolwith.me/schools/photo_movie/photo/20245,スクール,schools
https://schoolwith.me/schools/photo_movie/photo/20246,スクール,schools
https://schoolwith.me/schools/photo_movie/photo/20250,スクール,schools
https://schoolwith.me/schools/photo_movie/photo/20457,スクール,schools
https://schoolwith.me/schools/photo_movie/photo/207,スクール,schools
https://schoolwith.me/schools/photo_movie/photo/208,スクール,schools
https://schoolwith.me/schools/photo_movie/photo/20806,スクール,schools
https://schoolwith.me/schools/photo_movie/photo/20807,スクール,schools
https://schoolwith.me/schools/photo_movie/photo/209,スクール,schools
https://schoolwith.me/schools/photo_movie/photo/210005,スクール,schools
https://schoolwith.me/schools/photo_movie/photo/215,スクール,schools
https://schoolwith.me/schools/photo_movie/photo/217,スクール,schools
https://schoolwith.me/schools/photo_movie/photo/218,スクール,schools
https://schoolwith.me/schools/photo_movie/photo/219,スクール,schools
https://schoolwith.me/schools/photo_movie/photo/220,スクール,schools
https://schoolwith.me/schools/photo_movie/photo/221,スクール,schools
https://schoolwith.me/schools/photo_movie/photo/222,スクール,schools
https://schoolwith.me/schools/photo_movie/photo/223,スクール,schools
https://schoolwith.me/schools/photo_movie/photo/224,スクール,schools
https://schoolwith.me/schools/photo_movie/photo/225,スクール,schools
https://schoolwith.me/schools/photo_movie/photo/226,スクール,schools
https://schoolwith.me/schools/photo_movie/photo/228,スクール,schools
https://schoolwith.me/schools/photo_movie/photo/230,スクール,schools
https://schoolwith.me/schools/photo_movie/photo/232,スクール,schools
https://schoolwith.me/schools/photo_movie/photo/233,スクール,schools
https://schoolwith.me/schools/photo_movie/photo/234,スクール,schools
https://schoolwith.me/schools/photo_movie/photo/235,スクール,schools
https://schoolwith.me/schools/photo_movie/photo/236,スクール,schools
https://schoolwith.me/schools/photo_movie/photo/238,スクール,schools
https://schoolwith.me/schools/photo_movie/photo/239,スクール,schools
https://schoolwith.me/schools/photo_movie/photo/240,スクール,schools
https://schoolwith.me/schools/photo_movie/photo/240002,スクール,schools
https://schoolwith.me/schools/photo_movie/photo/240014,スクール,schools
https://schoolwith.me/schools/photo_movie/photo/241,スクール,schools
https://schoolwith.me/schools/photo_movie/photo/244,スクール,schools
https://schoolwith.me/schools/photo_movie/photo/246,スクール,schools
https://schoolwith.me/schools/photo_movie/photo/26,スクール,schools
https://schoolwith.me/schools/photo_movie/photo/3,スクール,schools
https://schoolwith.me/schools/photo_movie/photo/30003,スクール,schools
https://schoolwith.me/schools/photo_movie/photo/30009,スクール,schools
https://schoolwith.me/schools/photo_movie/photo/30010,スクール,schools
https://schoolwith.me/schools/photo_movie/photo/30011,スクール,schools
https://schoolwith.me/schools/photo_movie/photo/30013,スクール,schools
https://schoolwith.me/schools/photo_movie/photo/30025,スクール,schools
https://schoolwith.me/schools/photo_movie/photo/30028,スクール,schools
https://schoolwith.me/schools/photo_movie/photo/30029,スクール,schools
https://schoolwith.me/schools/photo_movie/photo/30030,スクール,schools
https://schoolwith.me/schools/photo_movie/photo/30031,スクール,schools
https://schoolwith.me/schools/photo_movie/photo/30044,スクール,schools
https://schoolwith.me/schools/photo_movie/photo/30050,スクール,schools
https://schoolwith.me/schools/photo_movie/photo/30053,スクール,schools
https://schoolwith.me/schools/photo_movie/photo/30054,スクール,schools
https://schoolwith.me/schools/photo_movie/photo/30062,スクール,schools
https://schoolwith.me/schools/photo_movie/photo/30066,スクール,schools
https://schoolwith.me/schools/photo_movie/photo/30067,スクール,schools
https://schoolwith.me/schools/photo_movie/photo/30069,スクール,schools
https://schoolwith.me/schools/photo_movie/photo/30070,スクール,schools
https://schoolwith.me/schools/photo_movie/photo/30071,スクール,schools
https://schoolwith.me/schools/photo_movie/photo/30072,スクール,schools
https://schoolwith.me/schools/photo_movie/photo/30073,スクール,schools
https://schoolwith.me/schools/photo_movie/photo/30076,スクール,schools
https://schoolwith.me/schools/photo_movie/photo/30077,スクール,schools
https://schoolwith.me/schools/photo_movie/photo/30078,スクール,schools
https://schoolwith.me/schools/photo_movie/photo/30084,スクール,schools
https://schoolwith.me/schools/photo_movie/photo/30085,スクール,schools
https://schoolwith.me/schools/photo_movie/photo/30101,スクール,schools
https://schoolwith.me/schools/photo_movie/photo/30178,スクール,schools
https://schoolwith.me/schools/photo_movie/photo/30200,スクール,schools
https://schoolwith.me/schools/photo_movie/photo/30227,スクール,schools
https://schoolwith.me/schools/photo_movie/photo/30339,スクール,schools
https://schoolwith.me/schools/photo_movie/photo/30342,スクール,schools
https://schoolwith.me/schools/photo_movie/photo/30343,スクール,schools
https://schoolwith.me/schools/photo_movie/photo/30345,スクール,schools
https://schoolwith.me/schools/photo_movie/photo/32,スクール,schools
https://schoolwith.me/schools/photo_movie/photo/33,スクール,schools
https://schoolwith.me/schools/photo_movie/photo/35,スクール,schools
https://schoolwith.me/schools/photo_movie/photo/36,スクール,schools
https://schoolwith.me/schools/photo_movie/photo/4,スクール,schools
https://schoolwith.me/schools/photo_movie/photo/40006,スクール,schools
https://schoolwith.me/schools/photo_movie/photo/40007,スクール,schools
https://schoolwith.me/schools/photo_movie/photo/40009,スクール,schools
https://schoolwith.me/schools/photo_movie/photo/40010,スクール,schools
https://schoolwith.me/schools/photo_movie/photo/40012,スクール,schools
https://schoolwith.me/schools/photo_movie/photo/40015,スクール,schools
https://schoolwith.me/schools/photo_movie/photo/40016,スクール,schools
https://schoolwith.me/schools/photo_movie/photo/40017,スクール,schools
https://schoolwith.me/schools/photo_movie/photo/40019,スクール,schools
https://schoolwith.me/schools/photo_movie/photo/40021,スクール,schools
https://schoolwith.me/schools/photo_movie/photo/40023,スクール,schools
https://schoolwith.me/schools/photo_movie/photo/40025,スクール,schools
https://schoolwith.me/schools/photo_movie/photo/40027,スクール,schools
https://schoolwith.me/schools/photo_movie/photo/40038,スクール,schools
https://schoolwith.me/schools/photo_movie/photo/40045,スクール,schools
https://schoolwith.me/schools/photo_movie/photo/40048,スクール,schools
https://schoolwith.me/schools/photo_movie/photo/40054,スクール,schools
https://schoolwith.me/schools/photo_movie/photo/40057,スクール,schools
https://schoolwith.me/schools/photo_movie/photo/40059,スクール,schools
https://schoolwith.me/schools/photo_movie/photo/40060,スクール,schools
https://schoolwith.me/schools/photo_movie/photo/40064,スクール,schools
https://schoolwith.me/schools/photo_movie/photo/40069,スクール,schools
https://schoolwith.me/schools/photo_movie/photo/40084,スクール,schools
https://schoolwith.me/schools/photo_movie/photo/40087,スクール,schools
https://schoolwith.me/schools/photo_movie/photo/40088,スクール,schools
https://schoolwith.me/schools/photo_movie/photo/40089,スクール,schools
https://schoolwith.me/schools/photo_movie/photo/40095,スクール,schools
https://schoolwith.me/schools/photo_movie/photo/40097,スクール,schools
https://schoolwith.me/schools/photo_movie/photo/40104,スクール,schools
https://schoolwith.me/schools/photo_movie/photo/40110,スクール,schools
https://schoolwith.me/schools/photo_movie/photo/40116,スクール,schools
https://schoolwith.me/schools/photo_movie/photo/40169,スクール,schools
https://schoolwith.me/schools/photo_movie/photo/40202,スクール,schools
https://schoolwith.me/schools/photo_movie/photo/40356,スクール,schools
https://schoolwith.me/schools/photo_movie/photo/40357,スクール,schools
https://schoolwith.me/schools/photo_movie/photo/40358,スクール,schools
https://schoolwith.me/schools/photo_movie/photo/40360,スクール,schools
https://schoolwith.me/schools/photo_movie/photo/40363,スクール,schools
https://schoolwith.me/schools/photo_movie/photo/40364,スクール,schools
https://schoolwith.me/schools/photo_movie/photo/40365,スクール,schools
https://schoolwith.me/schools/photo_movie/photo/40367,スクール,schools
https://schoolwith.me/schools/photo_movie/photo/40368,スクール,schools
https://schoolwith.me/schools/photo_movie/photo/40369,スクール,schools
https://schoolwith.me/schools/photo_movie/photo/40370,スクール,schools
https://schoolwith.me/schools/photo_movie/photo/40371,スクール,schools
https://schoolwith.me/schools/photo_movie/photo/40372,スクール,schools
https://schoolwith.me/schools/photo_movie/photo/40373,スクール,schools
https://schoolwith.me/schools/photo_movie/photo/40374,スクール,schools
https://schoolwith.me/schools/photo_movie/photo/40375,スクール,schools
https://schoolwith.me/schools/photo_movie/photo/40376,スクール,schools
https://schoolwith.me/schools/photo_movie/photo/45,スクール,schools
https://schoolwith.me/schools/photo_movie/photo/48,スクール,schools
https://schoolwith.me/schools/photo_movie/photo/50002,スクール,schools
https://schoolwith.me/schools/photo_movie/photo/50003,スクール,schools
https://schoolwith.me/schools/photo_movie/photo/50004,スクール,schools
https://schoolwith.me/schools/photo_movie/photo/50006,スクール,schools
https://schoolwith.me/schools/photo_movie/photo/50007,スクール,schools
https://schoolwith.me/schools/photo_movie/photo/50010,スクール,schools
https://schoolwith.me/schools/photo_movie/photo/50011,スクール,schools
https://schoolwith.me/schools/photo_movie/photo/50013,スクール,schools
https://schoolwith.me/schools/photo_movie/photo/50014,スクール,schools
https://schoolwith.me/schools/photo_movie/photo/50015,スクール,schools
https://schoolwith.me/schools/photo_movie/photo/50020,スクール,schools
https://schoolwith.me/schools/photo_movie/photo/50030,スクール,schools
https://schoolwith.me/schools/photo_movie/photo/50037,スクール,schools
https://schoolwith.me/schools/photo_movie/photo/50042,スクール,schools
https://schoolwith.me/schools/photo_movie/photo/50046,スクール,schools
https://schoolwith.me/schools/photo_movie/photo/50050,スクール,schools
https://schoolwith.me/schools/photo_movie/photo/50061,スクール,schools
https://schoolwith.me/schools/photo_movie/photo/50062,スクール,schools
https://schoolwith.me/schools/photo_movie/photo/50071,スクール,schools
https://schoolwith.me/schools/photo_movie/photo/50077,スクール,schools
https://schoolwith.me/schools/photo_movie/photo/50083,スクール,schools
https://schoolwith.me/schools/photo_movie/photo/50084,スクール,schools
https://schoolwith.me/schools/photo_movie/photo/50088,スクール,schools
https://schoolwith.me/schools/photo_movie/photo/50090,スクール,schools
https://schoolwith.me/schools/photo_movie/photo/50092,スクール,schools
https://schoolwith.me/schools/photo_movie/photo/50105,スクール,schools
https://schoolwith.me/schools/photo_movie/photo/50135,スクール,schools
https://schoolwith.me/schools/photo_movie/photo/50136,スクール,schools
https://schoolwith.me/schools/photo_movie/photo/50139,スクール,schools
https://schoolwith.me/schools/photo_movie/photo/50140,スクール,schools
https://schoolwith.me/schools/photo_movie/photo/50147,スクール,schools
https://schoolwith.me/schools/photo_movie/photo/50289,スクール,schools
https://schoolwith.me/schools/photo_movie/photo/50290,スクール,schools
https://schoolwith.me/schools/photo_movie/photo/50337,スクール,schools
https://schoolwith.me/schools/photo_movie/photo/50352,スクール,schools
https://schoolwith.me/schools/photo_movie/photo/50360,スクール,schools
https://schoolwith.me/schools/photo_movie/photo/50364,スクール,schools
https://schoolwith.me/schools/photo_movie/photo/50379,スクール,schools
https://schoolwith.me/schools/photo_movie/photo/50473,スクール,schools
https://schoolwith.me/schools/photo_movie/photo/50744,スクール,schools
https://schoolwith.me/schools/photo_movie/photo/50749,スクール,schools
https://schoolwith.me/schools/photo_movie/photo/520147,スクール,schools
https://schoolwith.me/schools/photo_movie/photo/57,スクール,schools
https://schoolwith.me/schools/photo_movie/photo/60,スクール,schools
https://schoolwith.me/schools/photo_movie/photo/60004,スクール,schools
https://schoolwith.me/schools/photo_movie/photo/60005,スクール,schools
https://schoolwith.me/schools/photo_movie/photo/60008,スクール,schools
https://schoolwith.me/schools/photo_movie/photo/60013,スクール,schools
https://schoolwith.me/schools/photo_movie/photo/60021,スクール,schools
https://schoolwith.me/schools/photo_movie/photo/60022,スクール,schools
https://schoolwith.me/schools/photo_movie/photo/60023,スクール,schools
https://schoolwith.me/schools/photo_movie/photo/60025,スクール,schools
https://schoolwith.me/schools/photo_movie/photo/60026,スクール,schools
https://schoolwith.me/schools/photo_movie/photo/60249,スクール,schools
https://schoolwith.me/schools/photo_movie/photo/70001,スクール,schools
https://schoolwith.me/schools/photo_movie/photo/70002,スクール,schools
https://schoolwith.me/schools/photo_movie/photo/70003,スクール,schools
https://schoolwith.me/schools/photo_movie/photo/70005,スクール,schools
https://schoolwith.me/schools/photo_movie/photo/70010,スクール,schools
https://schoolwith.me/schools/photo_movie/photo/70024,スクール,schools
https://schoolwith.me/schools/photo_movie/photo/70037,スクール,schools
https://schoolwith.me/schools/photo_movie/photo/70042,スクール,schools
https://schoolwith.me/schools/photo_movie/photo/70046,スクール,schools
https://schoolwith.me/schools/photo_movie/photo/70047,スクール,schools
https://schoolwith.me/schools/photo_movie/photo/70074,スクール,schools
https://schoolwith.me/schools/photo_movie/photo/70110,スクール,schools
https://schoolwith.me/schools/photo_movie/photo/70115,スクール,schools
https://schoolwith.me/schools/photo_movie/photo/80002,スクール,schools
https://schoolwith.me/schools/photo_movie/photo/80003,スクール,schools
https://schoolwith.me/schools/photo_movie/photo/80009,スクール,schools
https://schoolwith.me/schools/photo_movie/photo/80011,スクール,schools
https://schoolwith.me/schools/photo_movie/photo/80015,スクール,schools
https://schoolwith.me/schools/photo_movie/photo/80017,スクール,schools
https://schoolwith.me/schools/photo_movie/photo/80020,スクール,schools
https://schoolwith.me/schools/photo_movie/photo/80021,スクール,schools
https://schoolwith.me/schools/photo_movie/photo/80024,スクール,schools
https://schoolwith.me/schools/photo_movie/photo/80025,スクール,schools
https://schoolwith.me/schools/photo_movie/photo/80052,スクール,schools
https://schoolwith.me/schools/photo_movie/photo/88,スクール,schools
https://schoolwith.me/schools/photo_movie/photo/89,スクール,schools
https://schoolwith.me/schools/review/1,口コミ,schools
https://schoolwith.me/schools/review/11,口コミ,schools
https://schoolwith.me/schools/review/112,口コミ,schools
https://schoolwith.me/schools/review/115,口コミ,schools
https://schoolwith.me/schools/review/125,口コミ,schools
https://schoolwith.me/schools/review/129,口コミ,schools
https://schoolwith.me/schools/review/137,口コミ,schools
https://schoolwith.me/schools/review/141,口コミ,schools
https://schoolwith.me/schools/review/142,口コミ,schools
https://schoolwith.me/schools/review/143,口コミ,schools
https://schoolwith.me/schools/review/167,口コミ,schools
https://schoolwith.me/schools/review/169,口コミ,schools
https://schoolwith.me/schools/review/171,口コミ,schools
https://schoolwith.me/schools/review/173,口コミ,schools
https://schoolwith.me/schools/review/175,口コミ,schools
https://schoolwith.me/schools/review/184,口コミ,schools
https://schoolwith.me/schools/review/186,口コミ,schools
https://schoolwith.me/schools/review/187,口コミ,schools
https://schoolwith.me/schools/review/189,口コミ,schools
https://schoolwith.me/schools/review/19,口コミ,schools
https://schoolwith.me/schools/review/190018,口コミ,schools
https://schoolwith.me/schools/review/193,口コミ,schools
https://schoolwith.me/schools/review/195,口コミ,schools
https://schoolwith.me/schools/review/20,口コミ,schools
https://schoolwith.me/schools/review/20009,口コミ,schools
https://schoolwith.me/schools/review/20010,口コミ,schools
https://schoolwith.me/schools/review/20012,口コミ,schools
https://schoolwith.me/schools/review/20017,口コミ,schools
https://schoolwith.me/schools/review/20045,口コミ,schools
https://schoolwith.me/schools/review/20048,口コミ,schools
https://schoolwith.me/schools/review/20054,口コミ,schools
https://schoolwith.me/schools/review/20061,口コミ,schools
https://schoolwith.me/schools/review/20091,口コミ,schools
https://schoolwith.me/schools/review/20100,口コミ,schools
https://schoolwith.me/schools/review/20116,口コミ,schools
https://schoolwith.me/schools/review/20119,口コミ,schools
https://schoolwith.me/schools/review/20123,口コミ,schools
https://schoolwith.me/schools/review/20148,口コミ,schools
https://schoolwith.me/schools/review/20160,口コミ,schools
https://schoolwith.me/schools/review/20177,口コミ,schools
https://schoolwith.me/schools/review/20192,口コミ,schools
https://schoolwith.me/schools/review/20194,口コミ,schools
https://schoolwith.me/schools/review/20197,口コミ,schools
https://schoolwith.me/schools/review/20200,口コミ,schools
https://schoolwith.me/schools/review/20209,口コミ,schools
https://schoolwith.me/schools/review/20210,口コミ,schools
https://schoolwith.me/schools/review/20211,口コミ,schools
https://schoolwith.me/schools/review/20212,口コミ,schools
https://schoolwith.me/schools/review/20233,口コミ,schools
https://schoolwith.me/schools/review/20236,口コミ,schools
https://schoolwith.me/schools/review/20242,口コミ,schools
https://schoolwith.me/schools/review/20243,口コミ,schools
https://schoolwith.me/schools/review/20245,口コミ,schools
https://schoolwith.me/schools/review/20246,口コミ,schools
https://schoolwith.me/schools/review/20250,口コミ,schools
https://schoolwith.me/schools/review/20457,口コミ,schools
https://schoolwith.me/schools/review/207,口コミ,schools
https://schoolwith.me/schools/review/208,口コミ,schools
https://schoolwith.me/schools/review/20806,口コミ,schools
https://schoolwith.me/schools/review/20807,口コミ,schools
https://schoolwith.me/schools/review/209,口コミ,schools
https://schoolwith.me/schools/review/210005,口コミ,schools
https://schoolwith.me/schools/review/215,口コミ,schools
https://schoolwith.me/schools/review/217,口コミ,schools
https://schoolwith.me/schools/review/218,口コミ,schools
https://schoolwith.me/schools/review/219,口コミ,schools
https://schoolwith.me/schools/review/220,口コミ,schools
https://schoolwith.me/schools/review/221,口コミ,schools
https://schoolwith.me/schools/review/222,口コミ,schools
https://schoolwith.me/schools/review/223,口コミ,schools
https://schoolwith.me/schools/review/224,口コミ,schools
https://schoolwith.me/schools/review/225,口コミ,schools
https://schoolwith.me/schools/review/226,口コミ,schools
https://schoolwith.me/schools/review/228,口コミ,schools
https://schoolwith.me/schools/review/230,口コミ,schools
https://schoolwith.me/schools/review/232,口コミ,schools
https://schoolwith.me/schools/review/233,口コミ,schools
https://schoolwith.me/schools/review/234,口コミ,schools
https://schoolwith.me/schools/review/235,口コミ,schools
https://schoolwith.me/schools/review/236,口コミ,schools
https://schoolwith.me/schools/review/238,口コミ,schools
https://schoolwith.me/schools/review/239,口コミ,schools
https://schoolwith.me/schools/review/240,口コミ,schools
https://schoolwith.me/schools/review/240002,口コミ,schools
https://schoolwith.me/schools/review/240014,口コミ,schools
https://schoolwith.me/schools/review/241,口コミ,schools
https://schoolwith.me/schools/review/244,口コミ,schools
https://schoolwith.me/schools/review/246,口コミ,schools
https://schoolwith.me/schools/review/26,口コミ,schools
https://schoolwith.me/schools/review/3,口コミ,schools
https://schoolwith.me/schools/review/30003,口コミ,schools
https://schoolwith.me/schools/review/30009,口コミ,schools
https://schoolwith.me/schools/review/30010,口コミ,schools
https://schoolwith.me/schools/review/30011,口コミ,schools
https://schoolwith.me/schools/review/30013,口コミ,schools
https://schoolwith.me/schools/review/30025,口コミ,schools
https://schoolwith.me/schools/review/30028,口コミ,schools
https://schoolwith.me/schools/review/30029,口コミ,schools
https://schoolwith.me/schools/review/30030,口コミ,schools
https://schoolwith.me/schools/review/30031,口コミ,schools
https://schoolwith.me/schools/review/30044,口コミ,schools
https://schoolwith.me/schools/review/30050,口コミ,schools
https://schoolwith.me/schools/review/30053,口コミ,schools
https://schoolwith.me/schools/review/30054,口コミ,schools
https://schoolwith.me/schools/review/30062,口コミ,schools
https://schoolwith.me/schools/review/30066,口コミ,schools
https://schoolwith.me/schools/review/30067,口コミ,schools
https://schoolwith.me/schools/review/30069,口コミ,schools
https://schoolwith.me/schools/review/30070,口コミ,schools
https://schoolwith.me/schools/review/30071,口コミ,schools
https://schoolwith.me/schools/review/30072,口コミ,schools
https://schoolwith.me/schools/review/30073,口コミ,schools
https://schoolwith.me/schools/review/30076,口コミ,schools
https://schoolwith.me/schools/review/30077,口コミ,schools
https://schoolwith.me/schools/review/30078,口コミ,schools
https://schoolwith.me/schools/review/30084,口コミ,schools
https://schoolwith.me/schools/review/30085,口コミ,schools
https://schoolwith.me/schools/review/30101,口コミ,schools
https://schoolwith.me/schools/review/30178,口コミ,schools
https://schoolwith.me/schools/review/30200,口コミ,schools
https://schoolwith.me/schools/review/30227,口コミ,schools
https://schoolwith.me/schools/review/30339,口コミ,schools
https://schoolwith.me/schools/review/30342,口コミ,schools
https://schoolwith.me/schools/review/30343,口コミ,schools
https://schoolwith.me/schools/review/30345,口コミ,schools
https://schoolwith.me/schools/review/32,口コミ,schools
https://schoolwith.me/schools/review/33,口コミ,schools
https://schoolwith.me/schools/review/35,口コミ,schools
https://schoolwith.me/schools/review/36,口コミ,schools
https://schoolwith.me/schools/review/4,口コミ,schools
https://schoolwith.me/schools/review/40006,口コミ,schools
https://schoolwith.me/schools/review/40007,口コミ,schools
https://schoolwith.me/schools/review/40009,口コミ,schools
https://schoolwith.me/schools/review/40010,口コミ,schools
https://schoolwith.me/schools/review/40012,口コミ,schools
https://schoolwith.me/schools/review/40015,口コミ,schools
https://schoolwith.me/schools/review/40016,口コミ,schools
https://schoolwith.me/schools/review/40017,口コミ,schools
https://schoolwith.me/schools/review/40019,口コミ,schools
https://schoolwith.me/schools/review/40021,口コミ,schools
https://schoolwith.me/schools/review/40023,口コミ,schools
https://schoolwith.me/schools/review/40025,口コミ,schools
https://schoolwith.me/schools/review/40027,口コミ,schools
https://schoolwith.me/schools/review/40038,口コミ,schools
https://schoolwith.me/schools/review/40045,口コミ,schools
https://schoolwith.me/schools/review/40048,口コミ,schools
https://schoolwith.me/schools/review/40054,口コミ,schools
https://schoolwith.me/schools/review/40057,口コミ,schools
https://schoolwith.me/schools/review/40059,口コミ,schools
https://schoolwith.me/schools/review/40060,口コミ,schools
https://schoolwith.me/schools/review/40064,口コミ,schools
https://schoolwith.me/schools/review/40069,口コミ,schools
https://schoolwith.me/schools/review/40084,口コミ,schools
https://schoolwith.me/schools/review/40087,口コミ,schools
https://schoolwith.me/schools/review/40088,口コミ,schools
https://schoolwith.me/schools/review/40089,口コミ,schools
https://schoolwith.me/schools/review/40095,口コミ,schools
https://schoolwith.me/schools/review/40097,口コミ,schools
https://schoolwith.me/schools/review/40104,口コミ,schools
https://schoolwith.me/schools/review/40110,口コミ,schools
https://schoolwith.me/schools/review/40116,口コミ,schools
https://schoolwith.me/schools/review/40169,口コミ,schools
https://schoolwith.me/schools/review/40202,口コミ,schools
https://schoolwith.me/schools/review/40356,口コミ,schools
https://schoolwith.me/schools/review/40357,口コミ,schools
https://schoolwith.me/schools/review/40358,口コミ,schools
https://schoolwith.me/schools/review/40360,口コミ,schools
https://schoolwith.me/schools/review/40363,口コミ,schools
https://schoolwith.me/schools/review/40364,口コミ,schools
https://schoolwith.me/schools/review/40365,口コミ,schools
https://schoolwith.me/schools/review/40367,口コミ,schools
https://schoolwith.me/schools/review/40368,口コミ,schools
https://schoolwith.me/schools/review/40369,口コミ,schools
https://schoolwith.me/schools/review/40370,口コミ,schools
https://schoolwith.me/schools/review/40371,口コミ,schools
https://schoolwith.me/schools/review/40372,口コミ,schools
https://schoolwith.me/schools/review/40373,口コミ,schools
https://schoolwith.me/schools/review/40374,口コミ,schools
https://schoolwith.me/schools/review/40375,口コミ,schools
https://schoolwith.me/schools/review/40376,口コミ,schools
https://schoolwith.me/schools/review/45,口コミ,schools
https://schoolwith.me/schools/review/48,口コミ,schools
https://schoolwith.me/schools/review/50002,口コミ,schools
https://schoolwith.me/schools/review/50003,口コミ,schools
https://schoolwith.me/schools/review/50004,口コミ,schools
https://schoolwith.me/schools/review/50006,口コミ,schools
https://schoolwith.me/schools/review/50007,口コミ,schools
https://schoolwith.me/schools/review/50010,口コミ,schools
https://schoolwith.me/schools/review/50011,口コミ,schools
https://schoolwith.me/schools/review/50013,口コミ,schools
https://schoolwith.me/schools/review/50014,口コミ,schools
https://schoolwith.me/schools/review/50015,口コミ,schools
https://schoolwith.me/schools/review/50020,口コミ,schools
https://schoolwith.me/schools/review/50030,口コミ,schools
https://schoolwith.me/schools/review/50037,口コミ,schools
https://schoolwith.me/schools/review/50042,口コミ,schools
https://schoolwith.me/schools/review/50046,口コミ,schools
https://schoolwith.me/schools/review/50050,口コミ,schools
https://schoolwith.me/schools/review/50061,口コミ,schools
https://schoolwith.me/schools/review/50062,口コミ,schools
https://schoolwith.me/schools/review/50071,口コミ,schools
https://schoolwith.me/schools/review/50077,口コミ,schools
https://schoolwith.me/schools/review/50083,口コミ,schools
https://schoolwith.me/schools/review/50084,口コミ,schools
https://schoolwith.me/schools/review/50088,口コミ,schools
https://schoolwith.me/schools/review/50090,口コミ,schools
https://schoolwith.me/schools/review/50092,口コミ,schools
https://schoolwith.me/schools/review/50105,口コミ,schools
https://schoolwith.me/schools/review/50135,口コミ,schools
https://schoolwith.me/schools/review/50136,口コミ,schools
https://schoolwith.me/schools/review/50139,口コミ,schools
https://schoolwith.me/schools/review/50140,口コミ,schools
https://schoolwith.me/schools/review/50147,口コミ,schools
https://schoolwith.me/schools/review/50289,口コミ,schools
https://schoolwith.me/schools/review/50290,口コミ,schools
https://schoolwith.me/schools/review/50337,口コミ,schools
https://schoolwith.me/schools/review/50352,口コミ,schools
https://schoolwith.me/schools/review/50360,口コミ,schools
https://schoolwith.me/schools/review/50364,口コミ,schools
https://schoolwith.me/schools/review/50379,口コミ,schools
https://schoolwith.me/schools/review/50473,口コミ,schools
https://schoolwith.me/schools/review/50744,口コミ,schools
https://schoolwith.me/schools/review/50749,口コミ,schools
https://schoolwith.me/schools/review/520147,口コミ,schools
https://schoolwith.me/schools/review/57,口コミ,schools
https://schoolwith.me/schools/review/60,口コミ,schools
https://schoolwith.me/schools/review/60004,口コミ,schools
https://schoolwith.me/schools/review/60005,口コミ,schools
https://schoolwith.me/schools/review/60008,口コミ,schools
https://schoolwith.me/schools/review/60013,口コミ,schools
https://schoolwith.me/schools/review/60021,口コミ,schools
https://schoolwith.me/schools/review/60022,口コミ,schools
https://schoolwith.me/schools/review/60023,口コミ,schools
https://schoolwith.me/schools/review/60025,口コミ,schools
https://schoolwith.me/schools/review/60026,口コミ,schools
https://schoolwith.me/schools/review/60249,口コミ,schools
https://schoolwith.me/schools/review/70001,口コミ,schools
https://schoolwith.me/schools/review/70002,口コミ,schools
https://schoolwith.me/schools/review/70003,口コミ,schools
https://schoolwith.me/schools/review/70005,口コミ,schools
https://schoolwith.me/schools/review/70010,口コミ,schools
https://schoolwith.me/schools/review/70024,口コミ,schools
https://schoolwith.me/schools/review/70037,口コミ,schools
https://schoolwith.me/schools/review/70042,口コミ,schools
https://schoolwith.me/schools/review/70046,口コミ,schools
https://schoolwith.me/schools/review/70047,口コミ,schools
https://schoolwith.me/schools/review/70074,口コミ,schools
https://schoolwith.me/schools/review/70110,口コミ,schools
https://schoolwith.me/schools/review/70115,口コミ,schools
https://schoolwith.me/schools/review/80002,口コミ,schools
https://schoolwith.me/schools/review/80003,口コミ,schools
https://schoolwith.me/schools/review/80009,口コミ,schools
https://schoolwith.me/schools/review/80011,口コミ,schools
https://schoolwith.me/schools/review/80015,口コミ,schools
https://schoolwith.me/schools/review/80017,口コミ,schools
https://schoolwith.me/schools/review/80020,口コミ,schools
https://schoolwith.me/schools/review/80021,口コミ,schools
https://schoolwith.me/schools/review/80024,口コミ,schools
https://schoolwith.me/schools/review/80025,口コミ,schools
https://schoolwith.me/schools/review/80052,口コミ,schools
https://schoolwith.me/schools/review/88,口コミ,schools
https://schoolwith.me/schools/review/89,口コミ,schools
https://schoolwith.me/schools/stay/1,スクール,schools
https://schoolwith.me/schools/stay/11,スクール,schools
https://schoolwith.me/schools/stay/112,スクール,schools
https://schoolwith.me/schools/stay/115,スクール,schools
https://schoolwith.me/schools/stay/125,スクール,schools
https://schoolwith.me/schools/stay/129,スクール,schools
https://schoolwith.me/schools/stay/137,スクール,schools
https://schoolwith.me/schools/stay/141,スクール,schools
https://schoolwith.me/schools/stay/142,スクール,schools
https://schoolwith.me/schools/stay/143,スクール,schools
https://schoolwith.me/schools/stay/167,スクール,schools
https://schoolwith.me/schools/stay/169,スクール,schools
https://schoolwith.me/schools/stay/171,スクール,schools
https://schoolwith.me/schools/stay/173,スクール,schools
https://schoolwith.me/schools/stay/175,スクール,schools
https://schoolwith.me/schools/stay/184,スクール,schools
https://schoolwith.me/schools/stay/186,スクール,schools
https://schoolwith.me/schools/stay/187,スクール,schools
https://schoolwith.me/schools/stay/189,スクール,schools
https://schoolwith.me/schools/stay/19,スクール,schools
https://schoolwith.me/schools/stay/193,スクール,schools
https://schoolwith.me/schools/stay/195,スクール,schools
https://schoolwith.me/schools/stay/20,スクール,schools
https://schoolwith.me/schools/stay/207,スクール,schools
https://schoolwith.me/schools/stay/208,スクール,schools
https://schoolwith.me/schools/stay/209,スクール,schools
https://schoolwith.me/schools/stay/215,スクール,schools
https://schoolwith.me/schools/stay/217,スクール,schools
https://schoolwith.me/schools/stay/218,スクール,schools
https://schoolwith.me/schools/stay/219,スクール,schools
https://schoolwith.me/schools/stay/220,スクール,schools
https://schoolwith.me/schools/stay/221,スクール,schools
https://schoolwith.me/schools/stay/222,スクール,schools
https://schoolwith.me/schools/stay/223,スクール,schools
https://schoolwith.me/schools/stay/224,スクール,schools
https://schoolwith.me/schools/stay/225,スクール,schools
https://schoolwith.me/schools/stay/226,スクール,schools
https://schoolwith.me/schools/stay/228,スクール,schools
https://schoolwith.me/schools/stay/230,スクール,schools
https://schoolwith.me/schools/stay/232,スクール,schools
https://schoolwith.me/schools/stay/233,スクール,schools
https://schoolwith.me/schools/stay/234,スクール,schools
https://schoolwith.me/schools/stay/235,スクール,schools
https://schoolwith.me/schools/stay/236,スクール,schools
https://schoolwith.me/schools/stay/238,スクール,schools
https://schoolwith.me/schools/stay/239,スクール,schools
https://schoolwith.me/schools/stay/240,スクール,schools
https://schoolwith.me/schools/stay/241,スクール,schools
https://schoolwith.me/schools/stay/244,スクール,schools
https://schoolwith.me/schools/stay/246,スクール,schools
https://schoolwith.me/schools/stay/26,スクール,schools
https://schoolwith.me/schools/stay/3,スクール,schools
https://schoolwith.me/schools/stay/32,スクール,schools
https://schoolwith.me/schools/stay/33,スクール,schools
https://schoolwith.me/schools/stay/35,スクール,schools
https://schoolwith.me/schools/stay/36,スクール,schools
https://schoolwith.me/schools/stay/4,スクール,schools
https://schoolwith.me/schools/stay/45,スクール,schools
https://schoolwith.me/schools/stay/48,スクール,schools
https://schoolwith.me/schools/stay/57,スクール,schools
https://schoolwith.me/schools/stay/60,スクール,schools
https://schoolwith.me/schools/stay/88,スクール,schools
https://schoolwith.me/schools/stay/89,スクール,schools
https://schoolwith.me/search/schools,その他,top_other
https://schoolwith.me/seminars,その他,seminars
https://schoolwith.me/seminars/AU,セミナー,seminars
https://schoolwith.me/seminars/CA,セミナー,seminars
https://schoolwith.me/seminars/IE,セミナー,seminars
https://schoolwith.me/seminars/MT,セミナー,seminars
https://schoolwith.me/seminars/NZ,セミナー,seminars
https://schoolwith.me/seminars/PH,セミナー,seminars
https://schoolwith.me/seminars/UK,セミナー,seminars
https://schoolwith.me/seminars/US,セミナー,seminars
https://schoolwith.me/seminars/english-lesson-beginner,セミナー,seminars
https://schoolwith.me/seminars/ph_western,セミナー,seminars
https://schoolwith.me/seminars/register,セミナー,seminars
https://schoolwith.me/seminars/working-holiday,セミナー,seminars
https://schoolwith.me/settings/forget_password,その他,top_other
https://schoolwith.me/sitemap,その他,top_other
https://schoolwith.me/support_menu,その他,top_other
https://schoolwith.me/supports,その他,top_other
https://schoolwith.me/supports/line,その他,top_other
https://schoolwith.me/supports/register,その他,top_other
https://schoolwith.me/types,カテゴリ,types
https://schoolwith.me/types/barista,カテゴリ,types
https://schoolwith.me/types/business,カテゴリ,types
https://schoolwith.me/types/cambridge,カテゴリ,types
https://schoolwith.me/types/demogra/adult,カテゴリ,types
https://schoolwith.me/types/demogra/univ-student,カテゴリ,types
https://schoolwith.me/types/gmat,カテゴリ,types
https://schoolwith.me/types/golf,カテゴリ,types
https://schoolwith.me/types/gre,カテゴリ,types
https://schoolwith.me/types/ielts,カテゴリ,types
https://schoolwith.me/types/it,カテゴリ,types
https://schoolwith.me/types/long_term,カテゴリ,types
https://schoolwith.me/types/medical,カテゴリ,types
https://schoolwith.me/types/parent_child,カテゴリ,types
https://schoolwith.me/types/short_term,カテゴリ,types
https://schoolwith.me/types/toefl,カテゴリ,types
https://schoolwith.me/types/toeic,カテゴリ,types
https://schoolwith.me/types/working_holiday,カテゴリ,types
https://schoolwith.me/types/working_holiday/baggage,カテゴリ,types
https://schoolwith.me/types/working_holiday/feature,カテゴリ,types
https://schoolwith.me/types/working_holiday/prepare,カテゴリ,types
https://schoolwith.me/users,その他,top_other
https://schoolwith.me/users/register,その他,top_other
https://schoolwith.me/users?src_user=school_bookmark,パラメータ付き,src
https://schoolwith.me/virtual-ryugaku,その他,top_other
