url,group,status,coverage_raw,google_canonical,user_canonical,last_crawl_time,checked_at
https://schoolwith.me/users/register,その他,クロール済み - インデックス未登録,クロール済み - インデックス未登録,,,2026-04-09T21:09:19Z,2026-10-06T01:58:02+00:00
https://schoolwith.me/attention,その他,検出 - インデックス未登録,検出 - インデックス未登録,,,,2026-10-08T01:24:04+00:00
https://schoolwith.me/areas/1/campaign:0/campaign_sort,エリア,検出 - インデックス未登録,検出 - インデックス未登録,,,,2026-10-05T00:17:00+00:00
https://schoolwith.me/areas/2004/expenses_all,エリア,検出 - インデックス未登録,検出 - インデックス未登録,,,,2026-10-05T00:17:00+00:00
https://schoolwith.me/areas/6004/page:2,エリア,検出 - インデックス未登録,検出 - インデックス未登録,,,,2026-09-29T01:20:05+00:00
https://schoolwith.me/areas/8002/stay,エリア,検出 - インデックス未登録,検出 - インデックス未登録,,,,2026-10-08T01:24:04+00:00
https://schoolwith.me/areas/school/19001,エリア,重複・Googleが別ページを正規に選択,重複しています。Google により、ユーザーがマークしたページとは異なるページが正規ページとして選択されました,https://schoolwith.me/countries/school/SG,https://schoolwith.me/areas/school/19001,2026-07-04T08:12:29Z,2026-10-08T01:24:04+00:00
https://schoolwith.me/category/schools/business/country_id:1/area_id:7,カテゴリ,クロール済み - インデックス未登録,クロール済み - インデックス未登録,https://schoolwith.me/category/schools/business/country_id:1/area_id:7,https://schoolwith.me/category/schools/business/country_id:1/area_id:7,2026-07-31T03:15:43Z,2026-10-08T01:24:04+00:00
https://schoolwith.me/category/schools/campaign/country_id:7/area_id:7001,カテゴリ,クロール済み - インデックス未登録,クロール済み - インデックス未登録,,,2026-04-11T20:34:05Z,2026-10-08T01:24:04+00:00
https://schoolwith.me/category/schools/native/country_id:2/area_id:2005,カテゴリ,クロール済み - インデックス未登録,クロール済み - インデックス未登録,https://schoolwith.me/category/schools/native/country_id:2/area_id:2005,https://schoolwith.me/category/schools/native/country_id:2/area_id:2005,2026-03-12T22:15:32Z,2026-10-08T01:24:04+00:00
https://schoolwith.me/category/schools/non_japanese/country_id:5/area_id:5005,カテゴリ,クロール済み - インデックス未登録,クロール済み - インデックス未登録,,,2026-04-11T20:37:22Z,2026-10-08T01:24:04+00:00
https://schoolwith.me/category/schools/non_japanese/country_id:5/area_id:5021,カテゴリ,クロール済み - インデックス未登録,クロール済み - インデックス未登録,https://schoolwith.me/category/schools/non_japanese/country_id:5/area_id:5021,https://schoolwith.me/category/schools/non_japanese/country_id:5/area_id:5021,2026-05-16T02:13:19Z,2026-10-08T01:24:04+00:00
https://schoolwith.me/category/schools/toefl/country_id:5/area_id:5001,カテゴリ,クロール済み - インデックス未登録,クロール済み - インデックス未登録,,,2026-10-06T08:07:52Z,2026-10-08T01:24:04+00:00
https://schoolwith.me/category/schools/abroad_life/country_id:2/area_id:2056,カテゴリ,検出 - インデックス未登録,検出 - インデックス未登録,,,,2026-10-08T01:24:04+00:00
https://schoolwith.me/category/schools/abroad_life/country_id:3/area_id:3001,カテゴリ,検出 - インデックス未登録,検出 - インデックス未登録,,,,2026-10-08T01:24:04+00:00
https://schoolwith.me/category/schools/abroad_life/country_id:3/area_id:3004,カテゴリ,検出 - インデックス未登録,検出 - インデックス未登録,,,,2026-10-08T01:24:04+00:00
https://schoolwith.me/category/schools/abroad_life/country_id:4/area_id:4002,カテゴリ,検出 - インデックス未登録,検出 - インデックス未登録,,,,2026-10-08T01:24:04+00:00
https://schoolwith.me/category/schools/abroad_life/country_id:4/area_id:4005,カテゴリ,検出 - インデックス未登録,検出 - インデックス未登録,,,,2026-10-08T01:24:04+00:00
https://schoolwith.me/category/schools/abroad_life/country_id:5/area_id:5001,カテゴリ,検出 - インデックス未登録,検出 - インデックス未登録,,,,2026-10-08T01:24:04+00:00
https://schoolwith.me/category/schools/abroad_life/country_id:5/area_id:5003,カテゴリ,検出 - インデックス未登録,検出 - インデックス未登録,,,,2026-10-08T01:24:04+00:00
https://schoolwith.me/category/schools/abroad_life/country_id:5/area_id:5020,カテゴリ,検出 - インデックス未登録,検出 - インデックス未登録,,,,2026-10-08T01:24:04+00:00
https://schoolwith.me/category/schools/abroad_life/country_id:6/area_id:6001,カテゴリ,検出 - インデックス未登録,検出 - インデックス未登録,,,,2026-10-08T01:24:04+00:00
https://schoolwith.me/category/schools/abroad_life/country_id:6/area_id:6002,カテゴリ,検出 - インデックス未登録,検出 - インデックス未登録,,,,2026-10-08T01:24:04+00:00
https://schoolwith.me/category/schools/abroad_life/country_id:6/area_id:6004,カテゴリ,検出 - インデックス未登録,検出 - インデックス未登録,,,,2026-10-08T01:24:04+00:00
https://schoolwith.me/category/schools/barista/country_id:4/area_id:4011,カテゴリ,検出 - インデックス未登録,検出 - インデックス未登録,,,,2026-10-08T01:24:04+00:00
https://schoolwith.me/category/schools/barista/country_id:6/area_id:6001,カテゴリ,検出 - インデックス未登録,検出 - インデックス未登録,,,,2026-10-08T01:24:04+00:00
https://schoolwith.me/category/schools/business/country_id:1/area_id:2,カテゴリ,検出 - インデックス未登録,検出 - インデックス未登録,,,,2026-10-08T01:24:04+00:00
https://schoolwith.me/category/schools/business/country_id:1/area_id:6,カテゴリ,検出 - インデックス未登録,検出 - インデックス未登録,,,,2026-10-08T01:24:04+00:00
https://schoolwith.me/category/schools/business/country_id:2/area_id:2057,カテゴリ,検出 - インデックス未登録,検出 - インデックス未登録,,,,2026-10-08T01:24:04+00:00
https://schoolwith.me/category/schools/business/country_id:4/area_id:4005,カテゴリ,検出 - インデックス未登録,検出 - インデックス未登録,,,,2026-10-08T01:24:04+00:00
https://schoolwith.me/category/schools/business/country_id:8/area_id:8001,カテゴリ,検出 - インデックス未登録,検出 - インデックス未登録,,,,2026-10-08T01:24:04+00:00
https://schoolwith.me/category/schools/business/country_id:8/area_id:8002,カテゴリ,検出 - インデックス未登録,検出 - インデックス未登録,,,,2026-10-08T01:24:04+00:00
https://schoolwith.me/category/schools/cambridge/country_id:1/area_id:1,カテゴリ,検出 - インデックス未登録,検出 - インデックス未登録,,,,2026-10-08T01:24:04+00:00
https://schoolwith.me/category/schools/cambridge/country_id:4/area_id:4005,カテゴリ,検出 - インデックス未登録,検出 - インデックス未登録,,,,2026-10-08T01:24:04+00:00
https://schoolwith.me/category/schools/cambridge/country_id:4/area_id:4011,カテゴリ,検出 - インデックス未登録,検出 - インデックス未登録,,,,2026-10-08T01:24:04+00:00
https://schoolwith.me/category/schools/cambridge/country_id:4/area_id:4012,カテゴリ,検出 - インデックス未登録,検出 - インデックス未登録,,,,2026-10-08T01:24:04+00:00
https://schoolwith.me/category/schools/cambridge/country_id:8/area_id:8002,カテゴリ,検出 - インデックス未登録,検出 - インデックス未登録,,,,2026-10-08T01:24:04+00:00
https://schoolwith.me/category/schools/campaign/country_id:1/area_id:3,カテゴリ,検出 - インデックス未登録,検出 - インデックス未登録,,,,2026-10-08T01:24:04+00:00
https://schoolwith.me/category/schools/campaign/country_id:2/area_id:2006,カテゴリ,検出 - インデックス未登録,検出 - インデックス未登録,,,,2026-10-08T01:24:04+00:00
https://schoolwith.me/category/schools/campaign/country_id:4,カテゴリ,検出 - インデックス未登録,検出 - インデックス未登録,,,,2026-10-08T01:24:04+00:00
https://schoolwith.me/category/schools/campaign/country_id:4/area_id:4002,カテゴリ,検出 - インデックス未登録,検出 - インデックス未登録,,,,2026-10-08T01:24:04+00:00
https://schoolwith.me/category/schools/campaign/country_id:4/area_id:4003,カテゴリ,検出 - インデックス未登録,検出 - インデックス未登録,,,,2026-10-08T01:24:04+00:00
https://schoolwith.me/category/schools/campaign/country_id:5/area_id:5007,カテゴリ,検出 - インデックス未登録,検出 - インデックス未登録,,,,2026-10-08T01:24:04+00:00
https://schoolwith.me/category/schools/campaign/country_id:6,カテゴリ,検出 - インデックス未登録,検出 - インデックス未登録,,,,2026-10-08T01:24:04+00:00
https://schoolwith.me/category/schools/campaign/country_id:6/area_id:6001,カテゴリ,検出 - インデックス未登録,検出 - インデックス未登録,,,,2026-10-08T01:24:04+00:00
https://schoolwith.me/category/schools/campaign/country_id:8/area_id:8002,カテゴリ,検出 - インデックス未登録,検出 - インデックス未登録,,,,2026-10-08T01:24:04+00:00
https://schoolwith.me/category/schools/campaign/country_id:8/area_id:8008,カテゴリ,検出 - インデックス未登録,検出 - インデックス未登録,,,,2026-10-08T01:24:04+00:00
https://schoolwith.me/category/schools/english/country_id:1,カテゴリ,検出 - インデックス未登録,検出 - インデックス未登録,,,,2026-10-08T01:24:04+00:00
https://schoolwith.me/category/schools/facility/country_id:1/area_id:14,カテゴリ,検出 - インデックス未登録,検出 - インデックス未登録,,,,2026-10-08T01:24:04+00:00
https://schoolwith.me/category/schools/facility/country_id:1/area_id:2,カテゴリ,検出 - インデックス未登録,検出 - インデックス未登録,,,,2026-10-08T01:24:04+00:00
https://schoolwith.me/category/schools/facility/country_id:2,カテゴリ,検出 - インデックス未登録,検出 - インデックス未登録,,,,2026-10-08T01:24:04+00:00
https://schoolwith.me/category/schools/facility/country_id:2/area_id:2002,カテゴリ,検出 - インデックス未登録,検出 - インデックス未登録,,,,2026-10-08T01:24:04+00:00
https://schoolwith.me/category/schools/facility/country_id:2/area_id:2007,カテゴリ,検出 - インデックス未登録,検出 - インデックス未登録,,,,2026-10-08T01:24:04+00:00
https://schoolwith.me/category/schools/facility/country_id:2/area_id:2009,カテゴリ,検出 - インデックス未登録,検出 - インデックス未登録,,,,2026-10-08T01:24:04+00:00
https://schoolwith.me/category/schools/facility/country_id:3/area_id:3002,カテゴリ,検出 - インデックス未登録,検出 - インデックス未登録,,,,2026-10-08T01:24:04+00:00
https://schoolwith.me/category/schools/facility/country_id:4/area_id:4003,カテゴリ,検出 - インデックス未登録,検出 - インデックス未登録,,,,2026-10-08T01:24:04+00:00
https://schoolwith.me/category/schools/facility/country_id:4/area_id:4006,カテゴリ,検出 - インデックス未登録,検出 - インデックス未登録,,,,2026-10-08T01:24:04+00:00
https://schoolwith.me/category/schools/facility/country_id:4/area_id:4007,カテゴリ,検出 - インデックス未登録,検出 - インデックス未登録,,,,2026-10-08T01:24:04+00:00
https://schoolwith.me/category/schools/facility/country_id:4/area_id:4012,カテゴリ,検出 - インデックス未登録,検出 - インデックス未登録,,,,2026-10-08T01:24:04+00:00
https://schoolwith.me/category/schools/facility/country_id:6/area_id:6001,カテゴリ,検出 - インデックス未登録,検出 - インデックス未登録,,,,2026-10-08T01:24:04+00:00
https://schoolwith.me/category/schools/facility/country_id:7,カテゴリ,検出 - インデックス未登録,検出 - インデックス未登録,,,,2026-10-08T01:24:04+00:00
https://schoolwith.me/category/schools/facility/country_id:7/area_id:7001,カテゴリ,検出 - インデックス未登録,検出 - インデックス未登録,,,,2026-10-08T01:24:04+00:00
https://schoolwith.me/category/schools/facility/country_id:8/area_id:8001,カテゴリ,検出 - インデックス未登録,検出 - インデックス未登録,,,,2026-10-08T01:24:04+00:00
https://schoolwith.me/category/schools/gmat/country_id:2/area_id:2003,カテゴリ,検出 - インデックス未登録,検出 - インデックス未登録,,,,2026-10-08T01:24:04+00:00
https://schoolwith.me/category/schools/gmat/country_id:2/area_id:2006,カテゴリ,検出 - インデックス未登録,検出 - インデックス未登録,,,,2026-10-08T01:24:04+00:00
https://schoolwith.me/category/schools/golf/country_id:1/area_id:4,カテゴリ,検出 - インデックス未登録,検出 - インデックス未登録,,,,2026-10-08T01:24:04+00:00
https://schoolwith.me/category/schools/gre/country_id:5/area_id:5007,カテゴリ,検出 - インデックス未登録,検出 - インデックス未登録,,,,2026-10-08T01:24:04+00:00
https://schoolwith.me/category/schools/hard_schedule/country_id:1/area_id:3,カテゴリ,検出 - インデックス未登録,検出 - インデックス未登録,,,,2026-10-08T01:24:04+00:00
https://schoolwith.me/category/schools/ielts/country_id:6/area_id:6002,カテゴリ,検出 - インデックス未登録,検出 - インデックス未登録,,,,2026-10-08T01:24:04+00:00
https://schoolwith.me/category/schools/ielts/country_id:8/area_id:8007,カテゴリ,検出 - インデックス未登録,検出 - インデックス未登録,,,,2026-10-08T01:24:04+00:00
https://schoolwith.me/category/schools/ielts/country_id:8/area_id:8008,カテゴリ,検出 - インデックス未登録,検出 - インデックス未登録,,,,2026-10-08T01:24:04+00:00
https://schoolwith.me/category/schools/internship/country_id:2,カテゴリ,検出 - インデックス未登録,検出 - インデックス未登録,,,,2026-10-08T01:24:04+00:00
https://schoolwith.me/category/schools/internship/country_id:2/area_id:2003,カテゴリ,検出 - インデックス未登録,検出 - インデックス未登録,,,,2026-10-08T01:24:04+00:00
https://schoolwith.me/category/schools/internship/country_id:6/area_id:6001,カテゴリ,検出 - インデックス未登録,検出 - インデックス未登録,,,,2026-10-08T01:24:04+00:00
https://schoolwith.me/category/schools/medical/country_id:3/area_id:3002,カテゴリ,検出 - インデックス未登録,検出 - インデックス未登録,,,,2026-10-08T01:24:04+00:00
https://schoolwith.me/category/schools/medical/country_id:5/area_id:5001,カテゴリ,検出 - インデックス未登録,検出 - インデックス未登録,,,,2026-10-08T01:24:04+00:00
https://schoolwith.me/category/schools/medical/country_id:6/area_id:6001,カテゴリ,検出 - インデックス未登録,検出 - インデックス未登録,,,,2026-10-08T01:24:04+00:00
https://schoolwith.me/category/schools/native/country_id:1/area_id:14,カテゴリ,検出 - インデックス未登録,検出 - インデックス未登録,,,,2026-10-08T01:24:04+00:00
https://schoolwith.me/category/schools/native/country_id:2/area_id:2002,カテゴリ,検出 - インデックス未登録,検出 - インデックス未登録,,,,2026-10-08T01:24:04+00:00
https://schoolwith.me/category/schools/native/country_id:2/area_id:2003,カテゴリ,検出 - インデックス未登録,検出 - インデックス未登録,,,,2026-10-08T01:24:04+00:00
https://schoolwith.me/category/schools/native/country_id:2/area_id:2008,カテゴリ,検出 - インデックス未登録,検出 - インデックス未登録,,,,2026-10-08T01:24:04+00:00
https://schoolwith.me/category/schools/native/country_id:2/area_id:2056,カテゴリ,検出 - インデックス未登録,検出 - インデックス未登録,,,,2026-10-08T01:24:04+00:00
https://schoolwith.me/category/schools/native/country_id:2/area_id:2057,カテゴリ,検出 - インデックス未登録,検出 - インデックス未登録,,,,2026-10-08T01:24:04+00:00
https://schoolwith.me/category/schools/native/country_id:3/area_id:3007,カテゴリ,検出 - インデックス未登録,検出 - インデックス未登録,,,,2026-10-08T01:24:04+00:00
https://schoolwith.me/category/schools/native/country_id:4/area_id:4005,カテゴリ,検出 - インデックス未登録,検出 - インデックス未登録,,,,2026-10-08T01:24:04+00:00
https://schoolwith.me/category/schools/native/country_id:7/area_id:7001,カテゴリ,検出 - インデックス未登録,検出 - インデックス未登録,,,,2026-10-08T01:24:04+00:00
https://schoolwith.me/category/schools/native/country_id:8/area_id:8001,カテゴリ,検出 - インデックス未登録,検出 - インデックス未登録,,,,2026-10-08T01:24:04+00:00
https://schoolwith.me/category/schools/non_japanese/country_id:2/area_id:2006,カテゴリ,検出 - インデックス未登録,検出 - インデックス未登録,,,,2026-10-08T01:24:04+00:00
https://schoolwith.me/category/schools/non_japanese/country_id:2/area_id:2008,カテゴリ,検出 - インデックス未登録,検出 - インデックス未登録,,,,2026-10-08T01:24:04+00:00
https://schoolwith.me/category/schools/non_japanese/country_id:2/area_id:2056,カテゴリ,検出 - インデックス未登録,検出 - インデックス未登録,,,,2026-10-08T01:24:04+00:00
https://schoolwith.me/category/schools/non_japanese/country_id:3/area_id:3012,カテゴリ,検出 - インデックス未登録,検出 - インデックス未登録,,,,2026-10-08T01:24:04+00:00
https://schoolwith.me/category/schools/non_japanese/country_id:4/area_id:4009,カテゴリ,検出 - インデックス未登録,検出 - インデックス未登録,,,,2026-10-08T01:24:04+00:00
https://schoolwith.me/category/schools/non_japanese/country_id:6/area_id:6002,カテゴリ,検出 - インデックス未登録,検出 - インデックス未登録,,,,2026-10-08T01:24:04+00:00
https://schoolwith.me/category/schools/non_japanese/country_id:8/area_id:8002,カテゴリ,検出 - インデックス未登録,検出 - インデックス未登録,,,,2026-10-08T01:24:04+00:00
https://schoolwith.me/category/schools/non_japanese/country_id:8/area_id:8007,カテゴリ,検出 - インデックス未登録,検出 - インデックス未登録,,,,2026-10-08T01:24:04+00:00
https://schoolwith.me/category/schools/online_english/country_id:1/area_id:2,カテゴリ,検出 - インデックス未登録,検出 - インデックス未登録,,,,2026-10-08T01:24:04+00:00
https://schoolwith.me/category/schools/parent_child/country_id:1/area_id:3,カテゴリ,検出 - インデックス未登録,検出 - インデックス未登録,,,,2026-10-08T01:24:04+00:00
https://schoolwith.me/category/schools/toeic/country_id:1/area_id:7,カテゴリ,検出 - インデックス未登録,検出 - インデックス未登録,,,,2026-10-08T01:24:04+00:00
https://schoolwith.me/category/schools/univ_going/country_id:3/area_id:3005,カテゴリ,検出 - インデックス未登録,検出 - インデックス未登録,,,,2026-10-08T01:24:04+00:00
https://schoolwith.me/category/schools/univ_going/country_id:4/area_id:4001,カテゴリ,検出 - インデックス未登録,検出 - インデックス未登録,,,,2026-10-08T01:24:04+00:00
https://schoolwith.me/category/schools/univ_going/country_id:4/area_id:4005,カテゴリ,検出 - インデックス未登録,検出 - インデックス未登録,,,,2026-10-08T01:24:04+00:00
https://schoolwith.me/category/schools/univ_going/country_id:7,カテゴリ,検出 - インデックス未登録,検出 - インデックス未登録,,,,2026-10-08T01:24:04+00:00
https://schoolwith.me/category/schools/univ_going/country_id:7/area_id:7001,カテゴリ,検出 - インデックス未登録,検出 - インデックス未登録,,,,2026-10-08T01:24:04+00:00
https://schoolwith.me/category/schools/vacation/country_id:1,カテゴリ,検出 - インデックス未登録,検出 - インデックス未登録,,,,2026-10-08T01:24:04+00:00
https://schoolwith.me/category/schools/vacation/country_id:1/area_id:14,カテゴリ,検出 - インデックス未登録,検出 - インデックス未登録,,,,2026-10-08T01:24:04+00:00
https://schoolwith.me/category/schools/vacation/country_id:2/area_id:2005,カテゴリ,検出 - インデックス未登録,検出 - インデックス未登録,,,,2026-10-08T01:24:04+00:00
https://schoolwith.me/category/schools/vacation/country_id:2/area_id:2009,カテゴリ,検出 - インデックス未登録,検出 - インデックス未登録,,,,2026-10-08T01:24:04+00:00
https://schoolwith.me/category/schools/working_holiday/country_id:3,カテゴリ,検出 - インデックス未登録,検出 - インデックス未登録,,,,2026-10-08T01:24:04+00:00
https://schoolwith.me/category/schools/working_holiday/country_id:3/area_id:3001,カテゴリ,検出 - インデックス未登録,検出 - インデックス未登録,,,,2026-10-08T01:24:04+00:00
https://schoolwith.me/category/schools/working_holiday/country_id:3/area_id:3010,カテゴリ,検出 - インデックス未登録,検出 - インデックス未登録,,,,2026-10-08T01:24:04+00:00
https://schoolwith.me/category/schools/working_holiday/country_id:4/area_id:4004,カテゴリ,検出 - インデックス未登録,検出 - インデックス未登録,,,,2026-10-08T01:24:04+00:00
https://schoolwith.me/category/schools/working_holiday/country_id:4/area_id:4012,カテゴリ,検出 - インデックス未登録,検出 - インデックス未登録,,,,2026-10-08T01:24:04+00:00
https://schoolwith.me/category/schools/working_holiday/country_id:5/area_id:5021,カテゴリ,検出 - インデックス未登録,検出 - インデックス未登録,,,,2026-10-08T01:24:04+00:00
https://schoolwith.me/category/schools/working_holiday_course/country_id:3/area_id:3004,カテゴリ,検出 - インデックス未登録,検出 - インデックス未登録,,,,2026-10-08T01:24:04+00:00
https://schoolwith.me/columns/33783,コラム,クロール済み - インデックス未登録,クロール済み - インデックス未登録,https://schoolwith.me/columns/33783,https://schoolwith.me/columns/33783,2026-05-28T08:23:10Z,2026-10-09T01:31:49+00:00
https://schoolwith.me/columns/32578,コラム,検出 - インデックス未登録,検出 - インデックス未登録,,,,2026-10-08T01:24:04+00:00
https://schoolwith.me/columns/33533,コラム,検出 - インデックス未登録,検出 - インデックス未登録,,,,2026-10-09T01:31:49+00:00
https://schoolwith.me/columns/33535,コラム,検出 - インデックス未登録,検出 - インデックス未登録,,,,2026-10-09T01:31:49+00:00
https://schoolwith.me/columns/author/108,コラム,検出 - インデックス未登録,検出 - インデックス未登録,,,,2026-10-09T01:31:49+00:00
https://schoolwith.me/columns/author/115,コラム,検出 - インデックス未登録,検出 - インデックス未登録,,,,2026-10-09T01:31:49+00:00
https://schoolwith.me/columns/author/116,コラム,検出 - インデックス未登録,検出 - インデックス未登録,,,,2026-10-09T01:31:49+00:00
https://schoolwith.me/columns/author/12,コラム,検出 - インデックス未登録,検出 - インデックス未登録,,,,2026-10-09T01:31:49+00:00
https://schoolwith.me/columns/author/127,コラム,検出 - インデックス未登録,検出 - インデックス未登録,,,,2026-10-09T01:31:49+00:00
https://schoolwith.me/columns/author/129,コラム,検出 - インデックス未登録,検出 - インデックス未登録,,,,2026-10-09T01:31:49+00:00
https://schoolwith.me/columns/author/130,コラム,検出 - インデックス未登録,検出 - インデックス未登録,,,,2026-10-09T01:31:49+00:00
https://schoolwith.me/columns/author/141,コラム,検出 - インデックス未登録,検出 - インデックス未登録,,,,2026-10-09T01:31:49+00:00
https://schoolwith.me/columns/author/148,コラム,検出 - インデックス未登録,検出 - インデックス未登録,,,,2026-10-09T01:31:49+00:00
https://schoolwith.me/columns/author/163,コラム,検出 - インデックス未登録,検出 - インデックス未登録,,,,2026-10-09T01:31:49+00:00
https://schoolwith.me/columns/author/164,コラム,検出 - インデックス未登録,検出 - インデックス未登録,,,,2026-10-09T01:31:49+00:00
https://schoolwith.me/columns/author/178,コラム,検出 - インデックス未登録,検出 - インデックス未登録,,,,2026-10-09T01:31:49+00:00
https://schoolwith.me/columns/author/193,コラム,検出 - インデックス未登録,検出 - インデックス未登録,,,,2026-10-09T01:31:49+00:00
https://schoolwith.me/columns/author/221,コラム,検出 - インデックス未登録,検出 - インデックス未登録,,,,2026-10-09T01:31:49+00:00
https://schoolwith.me/columns/author/228,コラム,検出 - インデックス未登録,検出 - インデックス未登録,,,,2026-10-09T01:31:49+00:00
https://schoolwith.me/columns/author/251,コラム,検出 - インデックス未登録,検出 - インデックス未登録,,,,2026-10-09T01:31:49+00:00
https://schoolwith.me/columns/author/255,コラム,検出 - インデックス未登録,検出 - インデックス未登録,,,,2026-10-09T01:31:49+00:00
https://schoolwith.me/columns/author/257,コラム,検出 - インデックス未登録,検出 - インデックス未登録,,,,2026-10-09T01:31:49+00:00
https://schoolwith.me/columns/author/51,コラム,検出 - インデックス未登録,検出 - インデックス未登録,,,,2026-10-09T01:31:49+00:00
https://schoolwith.me/columns/author/57,コラム,検出 - インデックス未登録,検出 - インデックス未登録,,,,2026-10-09T01:31:49+00:00
https://schoolwith.me/schools/curriculum/240,スクール,クロール済み - インデックス未登録,クロール済み - インデックス未登録,https://schoolwith.me/schools/curriculum/240,https://schoolwith.me/schools/curriculum/240,2026-07-03T19:59:26Z,2026-10-06T01:58:02+00:00
https://schoolwith.me/schools/curriculum/50004,スクール,クロール済み - インデックス未登録,クロール済み - インデックス未登録,,,2026-05-08T14:13:28Z,2026-10-06T01:58:02+00:00
https://schoolwith.me/schools/curriculum/50050,スクール,クロール済み - インデックス未登録,クロール済み - インデックス未登録,https://schoolwith.me/schools/curriculum/50050,https://schoolwith.me/schools/curriculum/50050,2026-08-05T16:37:37Z,2026-10-06T01:58:02+00:00
https://schoolwith.me/schools/photo_movie/movie/20,スクール,クロール済み - インデックス未登録,クロール済み - インデックス未登録,,,2026-04-16T19:06:11Z,2026-10-06T01:58:02+00:00
https://schoolwith.me/schools/photo_movie/movie/40025,スクール,クロール済み - インデックス未登録,クロール済み - インデックス未登録,,,2026-04-12T13:59:20Z,2026-10-06T01:58:02+00:00
https://schoolwith.me/schools/photo_movie/movie/40060,スクール,クロール済み - インデックス未登録,クロール済み - インデックス未登録,,,2026-04-10T19:56:44Z,2026-10-06T01:58:02+00:00
https://schoolwith.me/schools/photo_movie/movie/40095,スクール,クロール済み - インデックス未登録,クロール済み - インデックス未登録,,,2026-04-10T13:52:19Z,2026-10-06T01:58:02+00:00
https://schoolwith.me/schools/photo_movie/movie/40365,スクール,クロール済み - インデックス未登録,クロール済み - インデックス未登録,,,2026-04-10T13:22:52Z,2026-10-06T01:58:02+00:00
https://schoolwith.me/schools/photo_movie/movie/40367,スクール,クロール済み - インデックス未登録,クロール済み - インデックス未登録,,,2026-04-23T04:20:15Z,2026-10-06T01:58:02+00:00
https://schoolwith.me/schools/photo_movie/movie/40370,スクール,クロール済み - インデックス未登録,クロール済み - インデックス未登録,,,2026-04-24T13:14:52Z,2026-10-06T01:58:02+00:00
https://schoolwith.me/schools/photo_movie/movie/45,スクール,クロール済み - インデックス未登録,クロール済み - インデックス未登録,,,2026-04-10T16:53:54Z,2026-10-06T01:58:02+00:00
https://schoolwith.me/schools/photo_movie/movie/50352,スクール,クロール済み - インデックス未登録,クロール済み - インデックス未登録,,,2026-04-12T07:12:28Z,2026-10-06T01:58:02+00:00
https://schoolwith.me/schools/photo_movie/photo/30010,スクール,クロール済み - インデックス未登録,クロール済み - インデックス未登録,,,2026-09-15T17:26:27Z,2026-10-06T01:58:02+00:00
https://schoolwith.me/schools/photo_movie/photo/30071,スクール,クロール済み - インデックス未登録,クロール済み - インデックス未登録,,,2026-04-12T12:55:23Z,2026-10-06T01:58:02+00:00
https://schoolwith.me/schools/photo_movie/photo/40009,スクール,クロール済み - インデックス未登録,クロール済み - インデックス未登録,,,2026-04-12T14:00:05Z,2026-10-06T01:58:02+00:00
https://schoolwith.me/schools/photo_movie/photo/40010,スクール,クロール済み - インデックス未登録,クロール済み - インデックス未登録,,,2026-04-10T21:45:51Z,2026-10-06T01:58:02+00:00
https://schoolwith.me/schools/photo_movie/photo/40023,スクール,クロール済み - インデックス未登録,クロール済み - インデックス未登録,https://schoolwith.me/schools/photo_movie/photo/40023,https://schoolwith.me/schools/40023,2025-12-29T23:40:33Z,2026-10-06T01:58:02+00:00
https://schoolwith.me/schools/photo_movie/photo/40356,スクール,クロール済み - インデックス未登録,クロール済み - インデックス未登録,,,2026-09-20T05:24:29Z,2026-10-06T01:58:02+00:00
https://schoolwith.me/schools/photo_movie/photo/40367,スクール,クロール済み - インデックス未登録,クロール済み - インデックス未登録,,,2026-04-11T09:14:15Z,2026-10-06T01:58:02+00:00
https://schoolwith.me/schools/photo_movie/photo/40368,スクール,クロール済み - インデックス未登録,クロール済み - インデックス未登録,,,2026-04-11T10:07:54Z,2026-10-06T01:58:02+00:00
https://schoolwith.me/schools/30227,スクール,検出 - インデックス未登録,検出 - インデックス未登録,,,,2026-10-06T01:58:02+00:00
https://schoolwith.me/schools/curriculum/20245,スクール,検出 - インデックス未登録,検出 - インデックス未登録,,,,2026-10-06T01:58:02+00:00
https://schoolwith.me/schools/curriculum/30342,スクール,検出 - インデックス未登録,検出 - インデックス未登録,,,,2026-10-06T01:58:02+00:00
https://schoolwith.me/schools/curriculum/40202,スクール,検出 - インデックス未登録,検出 - インデックス未登録,,,,2026-10-06T01:58:02+00:00
https://schoolwith.me/schools/curriculum/60005,スクール,検出 - インデックス未登録,検出 - インデックス未登録,,,,2026-10-06T01:58:02+00:00
https://schoolwith.me/schools/photo_movie/movie/11,スクール,検出 - インデックス未登録,検出 - インデックス未登録,,,,2026-10-06T01:58:02+00:00
https://schoolwith.me/schools/photo_movie/movie/115,スクール,検出 - インデックス未登録,検出 - インデックス未登録,,,,2026-10-06T01:58:02+00:00
https://schoolwith.me/schools/photo_movie/movie/129,スクール,検出 - インデックス未登録,検出 - インデックス未登録,,,,2026-10-06T01:58:02+00:00
https://schoolwith.me/schools/photo_movie/movie/142,スクール,検出 - インデックス未登録,検出 - インデックス未登録,,,,2026-10-06T01:58:02+00:00
https://schoolwith.me/schools/photo_movie/movie/143,スクール,検出 - インデックス未登録,検出 - インデックス未登録,,,,2026-10-06T01:58:02+00:00
https://schoolwith.me/schools/photo_movie/movie/167,スクール,検出 - インデックス未登録,検出 - インデックス未登録,,,,2026-10-06T01:58:02+00:00
https://schoolwith.me/schools/photo_movie/movie/171,スクール,検出 - インデックス未登録,検出 - インデックス未登録,,,,2026-10-06T01:58:02+00:00
https://schoolwith.me/schools/photo_movie/movie/173,スクール,検出 - インデックス未登録,検出 - インデックス未登録,,,,2026-10-06T01:58:02+00:00
https://schoolwith.me/schools/photo_movie/movie/175,スクール,検出 - インデックス未登録,検出 - インデックス未登録,,,,2026-10-06T01:58:02+00:00
https://schoolwith.me/schools/photo_movie/movie/184,スクール,検出 - インデックス未登録,検出 - インデックス未登録,,,,2026-10-06T01:58:02+00:00
https://schoolwith.me/schools/photo_movie/movie/187,スクール,検出 - インデックス未登録,検出 - インデックス未登録,,,,2026-10-06T01:58:02+00:00
https://schoolwith.me/schools/photo_movie/movie/19,スクール,検出 - インデックス未登録,検出 - インデックス未登録,,,,2026-10-06T01:58:02+00:00
https://schoolwith.me/schools/photo_movie/movie/190018,スクール,検出 - インデックス未登録,検出 - インデックス未登録,,,,2026-10-06T01:58:02+00:00
https://schoolwith.me/schools/photo_movie/movie/193,スクール,検出 - インデックス未登録,検出 - インデックス未登録,,,,2026-10-06T01:58:02+00:00
https://schoolwith.me/schools/photo_movie/movie/20012,スクール,検出 - インデックス未登録,検出 - インデックス未登録,,,,2026-10-06T01:58:02+00:00
https://schoolwith.me/schools/photo_movie/movie/20054,スクール,検出 - インデックス未登録,検出 - インデックス未登録,,,,2026-10-06T01:58:02+00:00
https://schoolwith.me/schools/photo_movie/movie/20116,スクール,検出 - インデックス未登録,検出 - インデックス未登録,,,,2026-10-06T01:58:02+00:00
https://schoolwith.me/schools/photo_movie/movie/20119,スクール,検出 - インデックス未登録,検出 - インデックス未登録,,,,2026-10-06T01:58:02+00:00
https://schoolwith.me/schools/photo_movie/movie/20123,スクール,検出 - インデックス未登録,検出 - インデックス未登録,,,,2026-10-06T01:58:02+00:00
https://schoolwith.me/schools/photo_movie/movie/20148,スクール,検出 - インデックス未登録,検出 - インデックス未登録,,,,2026-10-06T01:58:02+00:00
https://schoolwith.me/schools/photo_movie/movie/20192,スクール,検出 - インデックス未登録,検出 - インデックス未登録,,,,2026-10-06T01:58:02+00:00
https://schoolwith.me/schools/photo_movie/movie/20194,スクール,検出 - インデックス未登録,検出 - インデックス未登録,,,,2026-10-06T01:58:02+00:00
https://schoolwith.me/schools/photo_movie/movie/20197,スクール,検出 - インデックス未登録,検出 - インデックス未登録,,,,2026-10-06T01:58:02+00:00
https://schoolwith.me/schools/photo_movie/movie/20200,スクール,検出 - インデックス未登録,検出 - インデックス未登録,,,,2026-10-06T01:58:02+00:00
https://schoolwith.me/schools/photo_movie/movie/20209,スクール,検出 - インデックス未登録,検出 - インデックス未登録,,,,2026-10-06T01:58:02+00:00
https://schoolwith.me/schools/photo_movie/movie/20233,スクール,検出 - インデックス未登録,検出 - インデックス未登録,,,,2026-10-06T01:58:02+00:00
https://schoolwith.me/schools/photo_movie/movie/20236,スクール,検出 - インデックス未登録,検出 - インデックス未登録,,,,2026-10-06T01:58:02+00:00
https://schoolwith.me/schools/photo_movie/movie/20242,スクール,検出 - インデックス未登録,検出 - インデックス未登録,,,,2026-10-06T01:58:02+00:00
https://schoolwith.me/schools/photo_movie/movie/20243,スクール,検出 - インデックス未登録,検出 - インデックス未登録,,,,2026-10-06T01:58:02+00:00
https://schoolwith.me/schools/photo_movie/movie/20245,スクール,検出 - インデックス未登録,検出 - インデックス未登録,,,,2026-10-06T01:58:02+00:00
https://schoolwith.me/schools/photo_movie/movie/20246,スクール,検出 - インデックス未登録,検出 - インデックス未登録,,,,2026-10-06T01:58:02+00:00
https://schoolwith.me/schools/photo_movie/movie/20250,スクール,検出 - インデックス未登録,検出 - インデックス未登録,,,,2026-10-06T01:58:02+00:00
https://schoolwith.me/schools/photo_movie/movie/20457,スクール,検出 - インデックス未登録,検出 - インデックス未登録,,,,2026-10-06T01:58:02+00:00
https://schoolwith.me/schools/photo_movie/movie/208,スクール,検出 - インデックス未登録,検出 - インデックス未登録,,,,2026-10-06T01:58:02+00:00
https://schoolwith.me/schools/photo_movie/movie/20806,スクール,検出 - インデックス未登録,検出 - インデックス未登録,,,,2026-10-06T01:58:02+00:00
https://schoolwith.me/schools/photo_movie/movie/20807,スクール,検出 - インデックス未登録,検出 - インデックス未登録,,,,2026-10-06T01:58:02+00:00
https://schoolwith.me/schools/photo_movie/movie/210005,スクール,検出 - インデックス未登録,検出 - インデックス未登録,,,,2026-10-06T01:58:02+00:00
https://schoolwith.me/schools/photo_movie/movie/218,スクール,検出 - インデックス未登録,検出 - インデックス未登録,,,,2026-10-06T01:58:02+00:00
https://schoolwith.me/schools/photo_movie/movie/220,スクール,検出 - インデックス未登録,検出 - インデックス未登録,,,,2026-10-06T01:58:02+00:00
https://schoolwith.me/schools/photo_movie/movie/223,スクール,検出 - インデックス未登録,検出 - インデックス未登録,,,,2026-10-06T01:58:02+00:00
https://schoolwith.me/schools/photo_movie/movie/224,スクール,検出 - インデックス未登録,検出 - インデックス未登録,,,,2026-10-06T01:58:02+00:00
https://schoolwith.me/schools/photo_movie/movie/225,スクール,検出 - インデックス未登録,検出 - インデックス未登録,,,,2026-10-06T01:58:02+00:00
https://schoolwith.me/schools/photo_movie/movie/226,スクール,検出 - インデックス未登録,検出 - インデックス未登録,,,,2026-10-06T01:58:02+00:00
https://schoolwith.me/schools/photo_movie/movie/228,スクール,検出 - インデックス未登録,検出 - インデックス未登録,,,,2026-10-06T01:58:02+00:00
https://schoolwith.me/schools/photo_movie/movie/230,スクール,検出 - インデックス未登録,検出 - インデックス未登録,,,,2026-10-06T01:58:02+00:00
https://schoolwith.me/schools/photo_movie/movie/233,スクール,検出 - インデックス未登録,検出 - インデックス未登録,,,,2026-10-06T01:58:02+00:00
https://schoolwith.me/schools/photo_movie/movie/234,スクール,検出 - インデックス未登録,検出 - インデックス未登録,,,,2026-10-06T01:58:02+00:00
https://schoolwith.me/schools/photo_movie/movie/236,スクール,検出 - インデックス未登録,検出 - インデックス未登録,,,,2026-10-06T01:58:02+00:00
https://schoolwith.me/schools/photo_movie/movie/238,スクール,検出 - インデックス未登録,検出 - インデックス未登録,,,,2026-10-06T01:58:02+00:00
https://schoolwith.me/schools/photo_movie/movie/239,スクール,検出 - インデックス未登録,検出 - インデックス未登録,,,,2026-10-06T01:58:02+00:00
https://schoolwith.me/schools/photo_movie/movie/240002,スクール,検出 - インデックス未登録,検出 - インデックス未登録,,,,2026-10-06T01:58:02+00:00
https://schoolwith.me/schools/photo_movie/movie/30003,スクール,検出 - インデックス未登録,検出 - インデックス未登録,,,,2026-10-06T01:58:02+00:00
https://schoolwith.me/schools/photo_movie/movie/30013,スクール,検出 - インデックス未登録,検出 - インデックス未登録,,,,2026-10-06T01:58:02+00:00
https://schoolwith.me/schools/photo_movie/movie/30025,スクール,検出 - インデックス未登録,検出 - インデックス未登録,,,,2026-10-06T01:58:02+00:00
https://schoolwith.me/schools/photo_movie/movie/30029,スクール,検出 - インデックス未登録,検出 - インデックス未登録,,,,2026-10-06T01:58:02+00:00
https://schoolwith.me/schools/photo_movie/movie/30030,スクール,検出 - インデックス未登録,検出 - インデックス未登録,,,,2026-10-06T01:58:02+00:00
https://schoolwith.me/schools/photo_movie/movie/30031,スクール,検出 - インデックス未登録,検出 - インデックス未登録,,,,2026-10-06T01:58:02+00:00
https://schoolwith.me/schools/photo_movie/movie/30053,スクール,検出 - インデックス未登録,検出 - インデックス未登録,,,,2026-10-06T01:58:02+00:00
https://schoolwith.me/schools/photo_movie/movie/30054,スクール,検出 - インデックス未登録,検出 - インデックス未登録,,,,2026-10-06T01:58:02+00:00
https://schoolwith.me/schools/photo_movie/movie/30062,スクール,検出 - インデックス未登録,検出 - インデックス未登録,,,,2026-10-06T01:58:02+00:00
https://schoolwith.me/schools/photo_movie/movie/30067,スクール,検出 - インデックス未登録,検出 - インデックス未登録,,,,2026-10-06T01:58:02+00:00
https://schoolwith.me/schools/photo_movie/movie/30071,スクール,検出 - インデックス未登録,検出 - インデックス未登録,,,,2026-10-06T01:58:02+00:00
https://schoolwith.me/schools/photo_movie/movie/30072,スクール,検出 - インデックス未登録,検出 - インデックス未登録,,,,2026-10-06T01:58:02+00:00
https://schoolwith.me/schools/photo_movie/movie/30076,スクール,検出 - インデックス未登録,検出 - インデックス未登録,,,,2026-10-06T01:58:02+00:00
https://schoolwith.me/schools/photo_movie/movie/30078,スクール,検出 - インデックス未登録,検出 - インデックス未登録,,,,2026-10-06T01:58:02+00:00
https://schoolwith.me/schools/photo_movie/movie/30085,スクール,検出 - インデックス未登録,検出 - インデックス未登録,,,,2026-10-06T01:58:02+00:00
https://schoolwith.me/schools/photo_movie/movie/30101,スクール,検出 - インデックス未登録,検出 - インデックス未登録,,,,2026-10-06T01:58:02+00:00
https://schoolwith.me/schools/photo_movie/movie/30178,スクール,検出 - インデックス未登録,検出 - インデックス未登録,,,,2026-10-06T01:58:02+00:00
https://schoolwith.me/schools/photo_movie/movie/30227,スクール,検出 - インデックス未登録,検出 - インデックス未登録,,,,2026-10-06T01:58:02+00:00
https://schoolwith.me/schools/photo_movie/movie/30339,スクール,検出 - インデックス未登録,検出 - インデックス未登録,,,,2026-10-06T01:58:02+00:00
https://schoolwith.me/schools/photo_movie/movie/30342,スクール,検出 - インデックス未登録,検出 - インデックス未登録,,,,2026-10-06T01:58:02+00:00
https://schoolwith.me/schools/photo_movie/movie/30343,スクール,検出 - インデックス未登録,検出 - インデックス未登録,,,,2026-10-06T01:58:02+00:00
https://schoolwith.me/schools/photo_movie/movie/30345,スクール,検出 - インデックス未登録,検出 - インデックス未登録,,,,2026-10-06T01:58:02+00:00
https://schoolwith.me/schools/photo_movie/movie/35,スクール,検出 - インデックス未登録,検出 - インデックス未登録,,,,2026-10-06T01:58:02+00:00
https://schoolwith.me/schools/photo_movie/movie/4,スクール,検出 - インデックス未登録,検出 - インデックス未登録,,,,2026-10-06T01:58:02+00:00
https://schoolwith.me/schools/photo_movie/movie/40006,スクール,検出 - インデックス未登録,検出 - インデックス未登録,,,,2026-10-06T01:58:02+00:00
https://schoolwith.me/schools/photo_movie/movie/40007,スクール,検出 - インデックス未登録,検出 - インデックス未登録,,,,2026-10-06T01:58:02+00:00
https://schoolwith.me/schools/photo_movie/movie/40015,スクール,検出 - インデックス未登録,検出 - インデックス未登録,,,,2026-10-06T01:58:02+00:00
https://schoolwith.me/schools/photo_movie/movie/40016,スクール,検出 - インデックス未登録,検出 - インデックス未登録,,,,2026-10-06T01:58:02+00:00
https://schoolwith.me/schools/photo_movie/movie/40021,スクール,検出 - インデックス未登録,検出 - インデックス未登録,,,,2026-10-06T01:58:02+00:00
https://schoolwith.me/schools/photo_movie/movie/40023,スクール,検出 - インデックス未登録,検出 - インデックス未登録,,,,2026-10-06T01:58:02+00:00
https://schoolwith.me/schools/photo_movie/movie/40038,スクール,検出 - インデックス未登録,検出 - インデックス未登録,,,,2026-10-06T01:58:02+00:00
https://schoolwith.me/schools/photo_movie/movie/40048,スクール,検出 - インデックス未登録,検出 - インデックス未登録,,,,2026-10-06T01:58:02+00:00
https://schoolwith.me/schools/photo_movie/movie/40054,スクール,検出 - インデックス未登録,検出 - インデックス未登録,,,,2026-10-06T01:58:02+00:00
https://schoolwith.me/schools/photo_movie/movie/40057,スクール,検出 - インデックス未登録,検出 - インデックス未登録,,,,2026-10-06T01:58:02+00:00
https://schoolwith.me/schools/photo_movie/movie/40059,スクール,検出 - インデックス未登録,検出 - インデックス未登録,,,,2026-10-06T01:58:02+00:00
https://schoolwith.me/schools/photo_movie/movie/40064,スクール,検出 - インデックス未登録,検出 - インデックス未登録,,,,2026-10-06T01:58:02+00:00
https://schoolwith.me/schools/photo_movie/movie/40069,スクール,検出 - インデックス未登録,検出 - インデックス未登録,,,,2026-10-06T01:58:02+00:00
https://schoolwith.me/schools/photo_movie/movie/40084,スクール,検出 - インデックス未登録,検出 - インデックス未登録,,,,2026-10-06T01:58:02+00:00
https://schoolwith.me/schools/photo_movie/movie/40087,スクール,検出 - インデックス未登録,検出 - インデックス未登録,,,,2026-10-06T01:58:02+00:00
https://schoolwith.me/schools/photo_movie/movie/40088,スクール,検出 - インデックス未登録,検出 - インデックス未登録,,,,2026-10-06T01:58:02+00:00
https://schoolwith.me/schools/photo_movie/movie/40097,スクール,検出 - インデックス未登録,検出 - インデックス未登録,,,,2026-10-06T01:58:02+00:00
https://schoolwith.me/schools/photo_movie/movie/40104,スクール,検出 - インデックス未登録,検出 - インデックス未登録,,,,2026-10-06T01:58:02+00:00
https://schoolwith.me/schools/photo_movie/movie/40110,スクール,検出 - インデックス未登録,検出 - インデックス未登録,,,,2026-10-06T01:58:02+00:00
https://schoolwith.me/schools/photo_movie/movie/40202,スクール,検出 - インデックス未登録,検出 - インデックス未登録,,,,2026-10-06T01:58:02+00:00
https://schoolwith.me/schools/photo_movie/movie/40356,スクール,検出 - インデックス未登録,検出 - インデックス未登録,,,,2026-10-06T01:58:02+00:00
https://schoolwith.me/schools/photo_movie/movie/40358,スクール,検出 - インデックス未登録,検出 - インデックス未登録,,,,2026-10-06T01:58:02+00:00
https://schoolwith.me/schools/photo_movie/movie/40360,スクール,検出 - インデックス未登録,検出 - インデックス未登録,,,,2026-10-06T01:58:02+00:00
https://schoolwith.me/schools/photo_movie/movie/40363,スクール,検出 - インデックス未登録,検出 - インデックス未登録,,,,2026-10-06T01:58:02+00:00
https://schoolwith.me/schools/photo_movie/movie/40364,スクール,検出 - インデックス未登録,検出 - インデックス未登録,,,,2026-10-06T01:58:02+00:00
https://schoolwith.me/schools/photo_movie/movie/40371,スクール,検出 - インデックス未登録,検出 - インデックス未登録,,,,2026-10-06T01:58:02+00:00
https://schoolwith.me/schools/photo_movie/movie/40373,スクール,検出 - インデックス未登録,検出 - インデックス未登録,,,,2026-10-06T01:58:02+00:00
https://schoolwith.me/schools/photo_movie/movie/40374,スクール,検出 - インデックス未登録,検出 - インデックス未登録,,,,2026-10-06T01:58:02+00:00
https://schoolwith.me/schools/photo_movie/movie/40376,スクール,検出 - インデックス未登録,検出 - インデックス未登録,,,,2026-10-06T01:58:02+00:00
https://schoolwith.me/schools/photo_movie/movie/50003,スクール,検出 - インデックス未登録,検出 - インデックス未登録,,,,2026-10-06T01:58:02+00:00
https://schoolwith.me/schools/photo_movie/movie/50004,スクール,検出 - インデックス未登録,検出 - インデックス未登録,,,,2026-10-06T01:58:02+00:00
https://schoolwith.me/schools/photo_movie/movie/50006,スクール,検出 - インデックス未登録,検出 - インデックス未登録,,,,2026-10-06T01:58:02+00:00
https://schoolwith.me/schools/photo_movie/movie/50007,スクール,検出 - インデックス未登録,検出 - インデックス未登録,,,,2026-10-06T01:58:02+00:00
https://schoolwith.me/schools/photo_movie/movie/50011,スクール,検出 - インデックス未登録,検出 - インデックス未登録,,,,2026-10-06T01:58:02+00:00
https://schoolwith.me/schools/photo_movie/movie/50013,スクール,検出 - インデックス未登録,検出 - インデックス未登録,,,,2026-10-06T01:58:02+00:00
https://schoolwith.me/schools/photo_movie/movie/50015,スクール,検出 - インデックス未登録,検出 - インデックス未登録,,,,2026-10-06T01:58:02+00:00
https://schoolwith.me/schools/photo_movie/movie/50020,スクール,検出 - インデックス未登録,検出 - インデックス未登録,,,,2026-10-06T01:58:02+00:00
https://schoolwith.me/schools/photo_movie/movie/50030,スクール,検出 - インデックス未登録,検出 - インデックス未登録,,,,2026-10-06T01:58:02+00:00
https://schoolwith.me/schools/photo_movie/movie/50037,スクール,検出 - インデックス未登録,検出 - インデックス未登録,,,,2026-10-06T01:58:02+00:00
https://schoolwith.me/schools/photo_movie/movie/50050,スクール,検出 - インデックス未登録,検出 - インデックス未登録,,,,2026-10-06T01:58:02+00:00
https://schoolwith.me/schools/photo_movie/movie/50062,スクール,検出 - インデックス未登録,検出 - インデックス未登録,,,,2026-10-06T01:58:02+00:00
https://schoolwith.me/schools/photo_movie/movie/50077,スクール,検出 - インデックス未登録,検出 - インデックス未登録,,,,2026-10-06T01:58:02+00:00
https://schoolwith.me/schools/photo_movie/movie/50083,スクール,検出 - インデックス未登録,検出 - インデックス未登録,,,,2026-10-06T01:58:02+00:00
https://schoolwith.me/schools/photo_movie/movie/50084,スクール,検出 - インデックス未登録,検出 - インデックス未登録,,,,2026-10-06T01:58:02+00:00
https://schoolwith.me/schools/photo_movie/movie/50088,スクール,検出 - インデックス未登録,検出 - インデックス未登録,,,,2026-10-06T01:58:02+00:00
https://schoolwith.me/schools/photo_movie/movie/50092,スクール,検出 - インデックス未登録,検出 - インデックス未登録,,,,2026-10-06T01:58:02+00:00
https://schoolwith.me/schools/photo_movie/movie/50105,スクール,検出 - インデックス未登録,検出 - インデックス未登録,,,,2026-10-06T01:58:02+00:00
https://schoolwith.me/schools/photo_movie/movie/50136,スクール,検出 - インデックス未登録,検出 - インデックス未登録,,,,2026-10-06T01:58:02+00:00
https://schoolwith.me/schools/photo_movie/movie/50139,スクール,検出 - インデックス未登録,検出 - インデックス未登録,,,,2026-10-06T01:58:02+00:00
https://schoolwith.me/schools/photo_movie/movie/50289,スクール,検出 - インデックス未登録,検出 - インデックス未登録,,,,2026-10-06T01:58:02+00:00
https://schoolwith.me/schools/photo_movie/movie/50290,スクール,検出 - インデックス未登録,検出 - インデックス未登録,,,,2026-10-06T01:58:02+00:00
https://schoolwith.me/schools/photo_movie/movie/50337,スクール,検出 - インデックス未登録,検出 - インデックス未登録,,,,2026-10-06T01:58:02+00:00
https://schoolwith.me/schools/photo_movie/movie/50360,スクール,検出 - インデックス未登録,検出 - インデックス未登録,,,,2026-10-06T01:58:02+00:00
https://schoolwith.me/schools/photo_movie/movie/50364,スクール,検出 - インデックス未登録,検出 - インデックス未登録,,,,2026-10-06T01:58:02+00:00
https://schoolwith.me/schools/photo_movie/movie/50379,スクール,検出 - インデックス未登録,検出 - インデックス未登録,,,,2026-10-06T01:58:02+00:00
https://schoolwith.me/schools/photo_movie/movie/50744,スクール,検出 - インデックス未登録,検出 - インデックス未登録,,,,2026-10-06T01:58:02+00:00
https://schoolwith.me/schools/photo_movie/movie/57,スクール,検出 - インデックス未登録,検出 - インデックス未登録,,,,2026-10-06T01:58:02+00:00
https://schoolwith.me/schools/photo_movie/movie/60004,スクール,検出 - インデックス未登録,検出 - インデックス未登録,,,,2026-10-06T01:58:02+00:00
https://schoolwith.me/schools/photo_movie/movie/60005,スクール,検出 - インデックス未登録,検出 - インデックス未登録,,,,2026-10-06T01:58:02+00:00
https://schoolwith.me/schools/photo_movie/movie/60008,スクール,検出 - インデックス未登録,検出 - インデックス未登録,,,,2026-10-06T01:58:02+00:00
https://schoolwith.me/schools/photo_movie/movie/60013,スクール,検出 - インデックス未登録,検出 - インデックス未登録,,,,2026-10-06T01:58:02+00:00
https://schoolwith.me/schools/photo_movie/movie/60021,スクール,検出 - インデックス未登録,検出 - インデックス未登録,,,,2026-10-06T01:58:02+00:00
https://schoolwith.me/schools/photo_movie/movie/60022,スクール,検出 - インデックス未登録,検出 - インデックス未登録,,,,2026-10-06T01:58:02+00:00
https://schoolwith.me/schools/photo_movie/movie/60023,スクール,検出 - インデックス未登録,検出 - インデックス未登録,,,,2026-10-06T01:58:02+00:00
https://schoolwith.me/schools/photo_movie/movie/60025,スクール,検出 - インデックス未登録,検出 - インデックス未登録,,,,2026-10-06T01:58:02+00:00
https://schoolwith.me/schools/photo_movie/movie/60026,スクール,検出 - インデックス未登録,検出 - インデックス未登録,,,,2026-10-06T01:58:02+00:00
https://schoolwith.me/schools/photo_movie/movie/60249,スクール,検出 - インデックス未登録,検出 - インデックス未登録,,,,2026-10-06T01:58:02+00:00
https://schoolwith.me/schools/photo_movie/movie/70001,スクール,検出 - インデックス未登録,検出 - インデックス未登録,,,,2026-10-06T01:58:02+00:00
https://schoolwith.me/schools/photo_movie/movie/70002,スクール,検出 - インデックス未登録,検出 - インデックス未登録,,,,2026-10-06T01:58:02+00:00
https://schoolwith.me/schools/photo_movie/movie/70005,スクール,検出 - インデックス未登録,検出 - インデックス未登録,,,,2026-10-06T01:58:02+00:00
https://schoolwith.me/schools/photo_movie/movie/70010,スクール,検出 - インデックス未登録,検出 - インデックス未登録,,,,2026-10-06T01:58:02+00:00
https://schoolwith.me/schools/photo_movie/movie/70024,スクール,検出 - インデックス未登録,検出 - インデックス未登録,,,,2026-10-06T01:58:02+00:00
https://schoolwith.me/schools/photo_movie/movie/70037,スクール,検出 - インデックス未登録,検出 - インデックス未登録,,,,2026-10-06T01:58:02+00:00
https://schoolwith.me/schools/photo_movie/movie/70042,スクール,検出 - インデックス未登録,検出 - インデックス未登録,,,,2026-10-06T01:58:02+00:00
https://schoolwith.me/schools/photo_movie/movie/70046,スクール,検出 - インデックス未登録,検出 - インデックス未登録,,,,2026-10-06T01:58:02+00:00
https://schoolwith.me/schools/photo_movie/movie/70047,スクール,検出 - インデックス未登録,検出 - インデックス未登録,,,,2026-10-06T01:58:02+00:00
https://schoolwith.me/schools/photo_movie/movie/70074,スクール,検出 - インデックス未登録,検出 - インデックス未登録,,,,2026-10-06T01:58:02+00:00
https://schoolwith.me/schools/photo_movie/movie/70110,スクール,検出 - インデックス未登録,検出 - インデックス未登録,,,,2026-10-06T01:58:02+00:00
https://schoolwith.me/schools/photo_movie/movie/70115,スクール,検出 - インデックス未登録,検出 - インデックス未登録,,,,2026-10-06T01:58:02+00:00
https://schoolwith.me/schools/photo_movie/movie/80011,スクール,検出 - インデックス未登録,検出 - インデックス未登録,,,,2026-10-06T01:58:02+00:00
https://schoolwith.me/schools/photo_movie/movie/80015,スクール,検出 - インデックス未登録,検出 - インデックス未登録,,,,2026-10-06T01:58:02+00:00
https://schoolwith.me/schools/photo_movie/movie/80017,スクール,検出 - インデックス未登録,検出 - インデックス未登録,,,,2026-10-06T01:58:02+00:00
https://schoolwith.me/schools/photo_movie/movie/80020,スクール,検出 - インデックス未登録,検出 - インデックス未登録,,,,2026-10-06T01:58:02+00:00
https://schoolwith.me/schools/photo_movie/movie/80021,スクール,検出 - インデックス未登録,検出 - インデックス未登録,,,,2026-10-06T01:58:02+00:00
https://schoolwith.me/schools/photo_movie/movie/80024,スクール,検出 - インデックス未登録,検出 - インデックス未登録,,,,2026-10-06T01:58:02+00:00
https://schoolwith.me/schools/photo_movie/movie/80025,スクール,検出 - インデックス未登録,検出 - インデックス未登録,,,,2026-10-06T01:58:02+00:00
https://schoolwith.me/schools/photo_movie/movie/88,スクール,検出 - インデックス未登録,検出 - インデックス未登録,,,,2026-10-06T01:58:02+00:00
https://schoolwith.me/schools/photo_movie/movie/89,スクール,検出 - インデックス未登録,検出 - インデックス未登録,,,,2026-10-06T01:58:02+00:00
https://schoolwith.me/schools/photo_movie/photo/141,スクール,検出 - インデックス未登録,検出 - インデックス未登録,,,,2026-10-06T01:58:02+00:00
https://schoolwith.me/schools/photo_movie/photo/187,スクール,検出 - インデックス未登録,検出 - インデックス未登録,,,,2026-10-06T01:58:02+00:00
https://schoolwith.me/schools/photo_movie/photo/189,スクール,検出 - インデックス未登録,検出 - インデックス未登録,,,,2026-10-06T01:58:02+00:00
https://schoolwith.me/schools/photo_movie/photo/20009,スクール,検出 - インデックス未登録,検出 - インデックス未登録,,,,2026-10-06T01:58:02+00:00
https://schoolwith.me/schools/photo_movie/photo/20010,スクール,検出 - インデックス未登録,検出 - インデックス未登録,,,,2026-10-06T01:58:02+00:00
https://schoolwith.me/schools/photo_movie/photo/20017,スクール,検出 - インデックス未登録,検出 - インデックス未登録,,,,2026-10-06T01:58:02+00:00
https://schoolwith.me/schools/photo_movie/photo/20045,スクール,検出 - インデックス未登録,検出 - インデックス未登録,,,,2026-10-06T01:58:02+00:00
https://schoolwith.me/schools/photo_movie/photo/20061,スクール,検出 - インデックス未登録,検出 - インデックス未登録,,,,2026-10-06T01:58:02+00:00
https://schoolwith.me/schools/photo_movie/photo/20091,スクール,検出 - インデックス未登録,検出 - インデックス未登録,,,,2026-10-06T01:58:02+00:00
https://schoolwith.me/schools/photo_movie/photo/20116,スクール,検出 - インデックス未登録,検出 - インデックス未登録,,,,2026-10-06T01:58:02+00:00
https://schoolwith.me/schools/photo_movie/photo/20119,スクール,検出 - インデックス未登録,検出 - インデックス未登録,,,,2026-10-06T01:58:02+00:00
https://schoolwith.me/schools/photo_movie/photo/20123,スクール,検出 - インデックス未登録,検出 - インデックス未登録,,,,2026-10-06T01:58:02+00:00
https://schoolwith.me/schools/photo_movie/photo/20177,スクール,検出 - インデックス未登録,検出 - インデックス未登録,,,,2026-10-06T01:58:02+00:00
https://schoolwith.me/schools/photo_movie/photo/20212,スクール,検出 - インデックス未登録,検出 - インデックス未登録,,,,2026-10-06T01:58:02+00:00
https://schoolwith.me/schools/photo_movie/photo/20243,スクール,検出 - インデックス未登録,検出 - インデックス未登録,,,,2026-10-06T01:58:02+00:00
https://schoolwith.me/schools/photo_movie/photo/20246,スクール,検出 - インデックス未登録,検出 - インデックス未登録,,,,2026-10-06T01:58:02+00:00
https://schoolwith.me/schools/photo_movie/photo/20806,スクール,検出 - インデックス未登録,検出 - インデックス未登録,,,,2026-10-06T01:58:02+00:00
https://schoolwith.me/schools/photo_movie/photo/223,スクール,検出 - インデックス未登録,検出 - インデックス未登録,,,,2026-10-06T01:58:02+00:00
https://schoolwith.me/schools/photo_movie/photo/225,スクール,検出 - インデックス未登録,検出 - インデックス未登録,,,,2026-10-06T01:58:02+00:00
https://schoolwith.me/schools/photo_movie/photo/226,スクール,検出 - インデックス未登録,検出 - インデックス未登録,,,,2026-10-06T01:58:02+00:00
https://schoolwith.me/schools/photo_movie/photo/234,スクール,検出 - インデックス未登録,検出 - インデックス未登録,,,,2026-10-06T01:58:02+00:00
https://schoolwith.me/schools/photo_movie/photo/236,スクール,検出 - インデックス未登録,検出 - インデックス未登録,,,,2026-10-06T01:58:02+00:00
https://schoolwith.me/schools/photo_movie/photo/238,スクール,検出 - インデックス未登録,検出 - インデックス未登録,,,,2026-10-06T01:58:02+00:00
https://schoolwith.me/schools/photo_movie/photo/239,スクール,検出 - インデックス未登録,検出 - インデックス未登録,,,,2026-10-06T01:58:02+00:00
https://schoolwith.me/schools/photo_movie/photo/240002,スクール,検出 - インデックス未登録,検出 - インデックス未登録,,,,2026-10-06T01:58:02+00:00
https://schoolwith.me/schools/photo_movie/photo/30009,スクール,検出 - インデックス未登録,検出 - インデックス未登録,,,,2026-10-06T01:58:02+00:00
https://schoolwith.me/schools/photo_movie/photo/30011,スクール,検出 - インデックス未登録,検出 - インデックス未登録,,,,2026-10-06T01:58:02+00:00
https://schoolwith.me/schools/photo_movie/photo/30025,スクール,検出 - インデックス未登録,検出 - インデックス未登録,,,,2026-10-06T01:58:02+00:00
https://schoolwith.me/schools/photo_movie/photo/30030,スクール,検出 - インデックス未登録,検出 - インデックス未登録,,,,2026-10-06T01:58:02+00:00
https://schoolwith.me/schools/photo_movie/photo/30050,スクール,検出 - インデックス未登録,検出 - インデックス未登録,,,,2026-10-06T01:58:02+00:00
https://schoolwith.me/schools/photo_movie/photo/30066,スクール,検出 - インデックス未登録,検出 - インデックス未登録,,,,2026-10-06T01:58:02+00:00
https://schoolwith.me/schools/photo_movie/photo/30070,スクール,検出 - インデックス未登録,検出 - インデックス未登録,,,,2026-10-06T01:58:02+00:00
https://schoolwith.me/schools/photo_movie/photo/30073,スクール,検出 - インデックス未登録,検出 - インデックス未登録,,,,2026-10-06T01:58:02+00:00
https://schoolwith.me/schools/photo_movie/photo/30076,スクール,検出 - インデックス未登録,検出 - インデックス未登録,,,,2026-10-06T01:58:02+00:00
https://schoolwith.me/schools/photo_movie/photo/30078,スクール,検出 - インデックス未登録,検出 - インデックス未登録,,,,2026-10-06T01:58:02+00:00
https://schoolwith.me/schools/photo_movie/photo/30084,スクール,検出 - インデックス未登録,検出 - インデックス未登録,,,,2026-10-06T01:58:02+00:00
https://schoolwith.me/schools/photo_movie/photo/30101,スクール,検出 - インデックス未登録,検出 - インデックス未登録,,,,2026-10-06T01:58:02+00:00
https://schoolwith.me/schools/photo_movie/photo/30178,スクール,検出 - インデックス未登録,検出 - インデックス未登録,,,,2026-10-06T01:58:02+00:00
https://schoolwith.me/schools/photo_movie/photo/30345,スクール,検出 - インデックス未登録,検出 - インデックス未登録,,,,2026-10-06T01:58:02+00:00
https://schoolwith.me/schools/photo_movie/photo/40006,スクール,検出 - インデックス未登録,検出 - インデックス未登録,,,,2026-10-06T01:58:02+00:00
https://schoolwith.me/schools/photo_movie/photo/40015,スクール,検出 - インデックス未登録,検出 - インデックス未登録,,,,2026-10-06T01:58:02+00:00
https://schoolwith.me/schools/photo_movie/photo/40016,スクール,検出 - インデックス未登録,検出 - インデックス未登録,,,,2026-10-06T01:58:02+00:00
https://schoolwith.me/schools/photo_movie/photo/40027,スクール,検出 - インデックス未登録,検出 - インデックス未登録,,,,2026-10-06T01:58:02+00:00
https://schoolwith.me/schools/photo_movie/photo/40057,スクール,検出 - インデックス未登録,検出 - インデックス未登録,,,,2026-10-06T01:58:02+00:00
https://schoolwith.me/schools/photo_movie/photo/40059,スクール,検出 - インデックス未登録,検出 - インデックス未登録,,,,2026-10-06T01:58:02+00:00
https://schoolwith.me/schools/photo_movie/photo/40060,スクール,検出 - インデックス未登録,検出 - インデックス未登録,,,,2026-10-06T01:58:02+00:00
https://schoolwith.me/schools/photo_movie/photo/40064,スクール,検出 - インデックス未登録,検出 - インデックス未登録,,,,2026-10-06T01:58:02+00:00
https://schoolwith.me/schools/photo_movie/photo/40069,スクール,検出 - インデックス未登録,検出 - インデックス未登録,,,,2026-10-06T01:58:02+00:00
https://schoolwith.me/schools/photo_movie/photo/40087,スクール,検出 - インデックス未登録,検出 - インデックス未登録,,,,2026-10-06T01:58:02+00:00
https://schoolwith.me/schools/photo_movie/photo/40097,スクール,検出 - インデックス未登録,検出 - インデックス未登録,,,,2026-10-06T01:58:02+00:00
https://schoolwith.me/schools/photo_movie/photo/40202,スクール,検出 - インデックス未登録,検出 - インデックス未登録,,,,2026-10-06T01:58:02+00:00
https://schoolwith.me/schools/photo_movie/photo/40357,スクール,検出 - インデックス未登録,検出 - インデックス未登録,,,,2026-10-06T01:58:02+00:00
https://schoolwith.me/schools/photo_movie/photo/40358,スクール,検出 - インデックス未登録,検出 - インデックス未登録,,,,2026-10-06T01:58:02+00:00
https://schoolwith.me/schools/photo_movie/photo/40360,スクール,検出 - インデックス未登録,検出 - インデックス未登録,,,,2026-10-06T01:58:02+00:00
https://schoolwith.me/schools/photo_movie/photo/40364,スクール,検出 - インデックス未登録,検出 - インデックス未登録,,,,2026-10-06T01:58:02+00:00
https://schoolwith.me/schools/photo_movie/photo/40365,スクール,検出 - インデックス未登録,検出 - インデックス未登録,,,,2026-10-06T01:58:02+00:00
https://schoolwith.me/schools/photo_movie/photo/40371,スクール,検出 - インデックス未登録,検出 - インデックス未登録,,,,2026-10-06T01:58:02+00:00
https://schoolwith.me/schools/photo_movie/photo/40372,スクール,検出 - インデックス未登録,検出 - インデックス未登録,,,,2026-10-06T01:58:02+00:00
https://schoolwith.me/schools/photo_movie/photo/40374,スクール,検出 - インデックス未登録,検出 - インデックス未登録,,,,2026-10-06T01:58:02+00:00
https://schoolwith.me/schools/photo_movie/photo/40375,スクール,検出 - インデックス未登録,検出 - インデックス未登録,,,,2026-10-06T01:58:02+00:00
https://schoolwith.me/schools/photo_movie/photo/50002,スクール,検出 - インデックス未登録,検出 - インデックス未登録,,,,2026-10-06T01:58:02+00:00
https://schoolwith.me/schools/photo_movie/photo/50007,スクール,検出 - インデックス未登録,検出 - インデックス未登録,,,,2026-10-06T01:58:02+00:00
https://schoolwith.me/schools/photo_movie/photo/50013,スクール,検出 - インデックス未登録,検出 - インデックス未登録,,,,2026-10-06T01:58:02+00:00
https://schoolwith.me/schools/photo_movie/photo/50015,スクール,検出 - インデックス未登録,検出 - インデックス未登録,,,,2026-10-06T01:58:02+00:00
https://schoolwith.me/schools/photo_movie/photo/50020,スクール,検出 - インデックス未登録,検出 - インデックス未登録,,,,2026-10-06T01:58:02+00:00
https://schoolwith.me/schools/photo_movie/photo/50030,スクール,検出 - インデックス未登録,検出 - インデックス未登録,,,,2026-10-06T01:58:02+00:00
https://schoolwith.me/schools/photo_movie/photo/50037,スクール,検出 - インデックス未登録,検出 - インデックス未登録,,,,2026-10-06T01:58:02+00:00
https://schoolwith.me/schools/photo_movie/photo/50046,スクール,検出 - インデックス未登録,検出 - インデックス未登録,,,,2026-10-06T01:58:02+00:00
https://schoolwith.me/schools/photo_movie/photo/50050,スクール,検出 - インデックス未登録,検出 - インデックス未登録,,,,2026-10-06T01:58:02+00:00
https://schoolwith.me/schools/photo_movie/photo/50062,スクール,検出 - インデックス未登録,検出 - インデックス未登録,,,,2026-10-06T01:58:02+00:00
https://schoolwith.me/schools/photo_movie/photo/50083,スクール,検出 - インデックス未登録,検出 - インデックス未登録,,,,2026-10-06T01:58:02+00:00
https://schoolwith.me/schools/photo_movie/photo/50084,スクール,検出 - インデックス未登録,検出 - インデックス未登録,,,,2026-10-06T01:58:02+00:00
https://schoolwith.me/schools/photo_movie/photo/50088,スクール,検出 - インデックス未登録,検出 - インデックス未登録,,,,2026-10-06T01:58:02+00:00
https://schoolwith.me/schools/photo_movie/photo/50090,スクール,検出 - インデックス未登録,検出 - インデックス未登録,,,,2026-10-06T01:58:02+00:00
https://schoolwith.me/schools/photo_movie/photo/50105,スクール,検出 - インデックス未登録,検出 - インデックス未登録,,,,2026-10-06T01:58:02+00:00
https://schoolwith.me/schools/photo_movie/photo/50136,スクール,検出 - インデックス未登録,検出 - インデックス未登録,,,,2026-10-06T01:58:02+00:00
https://schoolwith.me/schools/photo_movie/photo/50289,スクール,検出 - インデックス未登録,検出 - インデックス未登録,,,,2026-10-06T01:58:02+00:00
https://schoolwith.me/schools/photo_movie/photo/50290,スクール,検出 - インデックス未登録,検出 - インデックス未登録,,,,2026-10-06T01:58:02+00:00
https://schoolwith.me/schools/photo_movie/photo/50337,スクール,検出 - インデックス未登録,検出 - インデックス未登録,,,,2026-10-06T01:58:02+00:00
https://schoolwith.me/schools/photo_movie/photo/50352,スクール,検出 - インデックス未登録,検出 - インデックス未登録,,,,2026-10-06T01:58:02+00:00
https://schoolwith.me/schools/photo_movie/photo/50364,スクール,検出 - インデックス未登録,検出 - インデックス未登録,,,,2026-10-06T01:58:02+00:00
https://schoolwith.me/schools/photo_movie/photo/50379,スクール,検出 - インデックス未登録,検出 - インデックス未登録,,,,2026-10-06T01:58:02+00:00
https://schoolwith.me/schools/photo_movie/photo/60004,スクール,検出 - インデックス未登録,検出 - インデックス未登録,,,,2026-10-06T01:58:02+00:00
https://schoolwith.me/schools/photo_movie/photo/60023,スクール,検出 - インデックス未登録,検出 - インデックス未登録,,,,2026-10-06T01:58:02+00:00
https://schoolwith.me/schools/photo_movie/photo/70002,スクール,検出 - インデックス未登録,検出 - インデックス未登録,,,,2026-10-06T01:58:02+00:00
https://schoolwith.me/schools/photo_movie/photo/70005,スクール,検出 - インデックス未登録,検出 - インデックス未登録,,,,2026-10-06T01:58:02+00:00
https://schoolwith.me/schools/photo_movie/photo/70010,スクール,検出 - インデックス未登録,検出 - インデックス未登録,,,,2026-10-06T01:58:02+00:00
https://schoolwith.me/schools/photo_movie/photo/70024,スクール,検出 - インデックス未登録,検出 - インデックス未登録,,,,2026-10-06T01:58:02+00:00
https://schoolwith.me/schools/photo_movie/photo/70037,スクール,検出 - インデックス未登録,検出 - インデックス未登録,,,,2026-10-06T01:58:02+00:00
https://schoolwith.me/schools/photo_movie/photo/70042,スクール,検出 - インデックス未登録,検出 - インデックス未登録,,,,2026-10-06T01:58:02+00:00
https://schoolwith.me/schools/photo_movie/photo/70046,スクール,検出 - インデックス未登録,検出 - インデックス未登録,,,,2026-10-06T01:58:02+00:00
https://schoolwith.me/schools/photo_movie/photo/70074,スクール,検出 - インデックス未登録,検出 - インデックス未登録,,,,2026-10-06T01:58:02+00:00
https://schoolwith.me/schools/photo_movie/photo/70110,スクール,検出 - インデックス未登録,検出 - インデックス未登録,,,,2026-10-06T01:58:02+00:00
https://schoolwith.me/schools/photo_movie/photo/70115,スクール,検出 - インデックス未登録,検出 - インデックス未登録,,,,2026-10-06T01:58:02+00:00
https://schoolwith.me/schools/photo_movie/photo/80015,スクール,検出 - インデックス未登録,検出 - インデックス未登録,,,,2026-10-06T01:58:02+00:00
https://schoolwith.me/schools/photo_movie/photo/80024,スクール,検出 - インデックス未登録,検出 - インデックス未登録,,,,2026-10-06T01:58:02+00:00
https://schoolwith.me/?a8=XXX,パラメータ付き,検出 - インデックス未登録,検出 - インデックス未登録,,,,2026-10-05T00:17:00+00:00
https://schoolwith.me/?afid=POc2mn9nN69dke7L06qAZnJg9TCTWcDE0qe7&cid=c01jjrx2f2hq37h4pxxv7py4t74&p=ph3a8u9yn97o,パラメータ付き,検出 - インデックス未登録,検出 - インデックス未登録,,,,2026-10-05T00:17:00+00:00
https://schoolwith.me/matchings?fbclid=fbclid,パラメータ付き,検出 - インデックス未登録,検出 - インデックス未登録,,,,2026-10-09T01:31:49+00:00
https://schoolwith.me/users?src_user=school_bookmark,パラメータ付き,検出 - インデックス未登録,検出 - インデックス未登録,,,,2026-10-06T01:58:02+00:00
https://schoolwith.me/help/111,ヘルプ,検出 - インデックス未登録,検出 - インデックス未登録,,,,2026-10-09T01:31:49+00:00
https://schoolwith.me/help/12,ヘルプ,検出 - インデックス未登録,検出 - インデックス未登録,,,,2026-10-09T01:31:49+00:00
https://schoolwith.me/help/155,ヘルプ,検出 - インデックス未登録,検出 - インデックス未登録,,,,2026-10-09T01:31:49+00:00
https://schoolwith.me/help/157,ヘルプ,検出 - インデックス未登録,検出 - インデックス未登録,,,,2026-10-09T01:31:49+00:00
https://schoolwith.me/help/165,ヘルプ,検出 - インデックス未登録,検出 - インデックス未登録,,,,2026-10-09T01:31:49+00:00
https://schoolwith.me/help/18,ヘルプ,検出 - インデックス未登録,検出 - インデックス未登録,,,,2026-10-09T01:31:49+00:00
https://schoolwith.me/help/185,ヘルプ,検出 - インデックス未登録,検出 - インデックス未登録,,,,2026-10-09T01:31:49+00:00
https://schoolwith.me/help/190,ヘルプ,検出 - インデックス未登録,検出 - インデックス未登録,,,,2026-10-09T01:31:49+00:00
https://schoolwith.me/help/193,ヘルプ,検出 - インデックス未登録,検出 - インデックス未登録,,,,2026-10-09T01:31:49+00:00
https://schoolwith.me/help/197,ヘルプ,検出 - インデックス未登録,検出 - インデックス未登録,,,,2026-10-09T01:31:49+00:00
https://schoolwith.me/help/207,ヘルプ,検出 - インデックス未登録,検出 - インデックス未登録,,,,2026-10-09T01:31:49+00:00
https://schoolwith.me/help/209,ヘルプ,検出 - インデックス未登録,検出 - インデックス未登録,,,,2026-10-09T01:31:49+00:00
https://schoolwith.me/help/21,ヘルプ,検出 - インデックス未登録,検出 - インデックス未登録,,,,2026-10-09T01:31:49+00:00
https://schoolwith.me/help/212,ヘルプ,検出 - インデックス未登録,検出 - インデックス未登録,,,,2026-10-09T01:31:49+00:00
https://schoolwith.me/help/3,ヘルプ,検出 - インデックス未登録,検出 - インデックス未登録,,,,2026-10-09T01:31:49+00:00
https://schoolwith.me/help/4,ヘルプ,検出 - インデックス未登録,検出 - インデックス未登録,,,,2026-10-09T01:31:49+00:00
https://schoolwith.me/help/55,ヘルプ,検出 - インデックス未登録,検出 - インデックス未登録,,,,2026-10-09T01:31:49+00:00
https://schoolwith.me/help/63,ヘルプ,検出 - インデックス未登録,検出 - インデックス未登録,,,,2026-10-09T01:31:49+00:00
https://schoolwith.me/help/64,ヘルプ,検出 - インデックス未登録,検出 - インデックス未登録,,,,2026-10-09T01:31:49+00:00
https://schoolwith.me/help/92,ヘルプ,検出 - インデックス未登録,検出 - インデックス未登録,,,,2026-10-09T01:31:49+00:00
https://schoolwith.me/reviews/31518,口コミ,クロール済み - インデックス未登録,クロール済み - インデックス未登録,https://schoolwith.me/reviews/31518,https://schoolwith.me/reviews/31518,2026-07-24T05:26:42Z,2026-10-09T01:31:49+00:00
https://schoolwith.me/reviews/31969,口コミ,クロール済み - インデックス未登録,クロール済み - インデックス未登録,https://schoolwith.me/reviews/31969,https://schoolwith.me/reviews/31969,2026-08-04T12:39:36Z,2026-10-01T00:53:11+00:00
https://schoolwith.me/reviews/32033,口コミ,クロール済み - インデックス未登録,クロール済み - インデックス未登録,https://schoolwith.me/reviews/32033,https://schoolwith.me/reviews/32033,2025-12-24T22:41:38Z,2026-10-01T00:53:11+00:00
https://schoolwith.me/reviews/32280,口コミ,クロール済み - インデックス未登録,クロール済み - インデックス未登録,https://schoolwith.me/reviews/32280,https://schoolwith.me/reviews/32280,2026-08-28T14:06:57Z,2026-10-01T00:53:11+00:00
https://schoolwith.me/reviews/32370,口コミ,クロール済み - インデックス未登録,クロール済み - インデックス未登録,https://schoolwith.me/reviews/32370,https://schoolwith.me/reviews/32370,2026-05-12T03:58:00Z,2026-10-01T00:53:11+00:00
https://schoolwith.me/reviews/32758,口コミ,クロール済み - インデックス未登録,クロール済み - インデックス未登録,https://schoolwith.me/reviews/32758,https://schoolwith.me/reviews/32758,2026-08-03T09:32:34Z,2026-10-01T00:53:11+00:00
https://schoolwith.me/reviews/32769,口コミ,クロール済み - インデックス未登録,クロール済み - インデックス未登録,https://schoolwith.me/reviews/32769,https://schoolwith.me/reviews/32769,2025-12-16T23:05:02Z,2026-10-01T00:53:11+00:00
https://schoolwith.me/reviews/33109,口コミ,クロール済み - インデックス未登録,クロール済み - インデックス未登録,https://schoolwith.me/reviews/33109,https://schoolwith.me/reviews/33109,2026-09-01T10:55:12Z,2026-10-01T00:53:11+00:00
https://schoolwith.me/reviews/33147,口コミ,クロール済み - インデックス未登録,クロール済み - インデックス未登録,,,2026-07-21T06:26:19Z,2026-10-01T00:53:11+00:00
https://schoolwith.me/reviews/33343,口コミ,クロール済み - インデックス未登録,クロール済み - インデックス未登録,,,2026-07-21T03:10:41Z,2026-10-01T00:53:11+00:00
https://schoolwith.me/reviews/33349,口コミ,クロール済み - インデックス未登録,クロール済み - インデックス未登録,https://schoolwith.me/reviews/33349,https://schoolwith.me/reviews/33349,2026-01-02T10:28:21Z,2026-10-01T00:53:11+00:00
https://schoolwith.me/reviews/33606,口コミ,クロール済み - インデックス未登録,クロール済み - インデックス未登録,,,2026-04-11T19:45:57Z,2026-10-01T00:53:11+00:00
https://schoolwith.me/reviews/33787,口コミ,クロール済み - インデックス未登録,クロール済み - インデックス未登録,,,2026-07-04T16:16:50Z,2026-10-01T00:53:11+00:00
https://schoolwith.me/reviews/33900,口コミ,クロール済み - インデックス未登録,クロール済み - インデックス未登録,https://schoolwith.me/reviews/33900,https://schoolwith.me/reviews/33900,2025-12-27T12:24:26Z,2026-10-01T00:53:11+00:00
https://schoolwith.me/reviews/34162,口コミ,クロール済み - インデックス未登録,クロール済み - インデックス未登録,https://schoolwith.me/reviews/34162,https://schoolwith.me/reviews/34162,2026-07-05T09:51:24Z,2026-10-02T01:09:27+00:00
https://schoolwith.me/reviews/34534,口コミ,クロール済み - インデックス未登録,クロール済み - インデックス未登録,https://schoolwith.me/reviews/34534,https://schoolwith.me/reviews/34534,2026-07-15T03:26:36Z,2026-10-02T01:09:27+00:00
https://schoolwith.me/reviews/34604,口コミ,クロール済み - インデックス未登録,クロール済み - インデックス未登録,https://schoolwith.me/reviews/34604,https://schoolwith.me/reviews/34604,2026-04-12T02:35:38Z,2026-10-02T01:09:27+00:00
https://schoolwith.me/reviews/34739,口コミ,クロール済み - インデックス未登録,クロール済み - インデックス未登録,https://schoolwith.me/reviews/34739,https://schoolwith.me/reviews/34739,2026-01-03T01:32:23Z,2026-10-02T01:09:27+00:00
https://schoolwith.me/reviews/35802,口コミ,クロール済み - インデックス未登録,クロール済み - インデックス未登録,https://schoolwith.me/reviews/35802,https://schoolwith.me/reviews/35802,2026-08-07T14:26:14Z,2026-10-02T01:09:27+00:00
https://schoolwith.me/reviews/35956,口コミ,クロール済み - インデックス未登録,クロール済み - インデックス未登録,,,2026-08-19T23:54:57Z,2026-10-02T01:09:27+00:00
https://schoolwith.me/reviews/36338,口コミ,クロール済み - インデックス未登録,クロール済み - インデックス未登録,,,2026-04-11T20:36:27Z,2026-10-02T01:09:27+00:00
https://schoolwith.me/reviews/36376,口コミ,クロール済み - インデックス未登録,クロール済み - インデックス未登録,https://schoolwith.me/reviews/36376,https://schoolwith.me/reviews/36376,2026-08-01T06:55:50Z,2026-10-02T01:09:27+00:00
https://schoolwith.me/reviews/36379,口コミ,クロール済み - インデックス未登録,クロール済み - インデックス未登録,https://schoolwith.me/reviews/36379,https://schoolwith.me/reviews/36379,2026-08-23T13:59:15Z,2026-10-02T01:09:27+00:00
https://schoolwith.me/reviews/36430,口コミ,クロール済み - インデックス未登録,クロール済み - インデックス未登録,https://schoolwith.me/reviews/36430,https://schoolwith.me/reviews/36430,2026-08-28T10:21:30Z,2026-10-02T01:09:27+00:00
https://schoolwith.me/reviews/36440,口コミ,クロール済み - インデックス未登録,クロール済み - インデックス未登録,https://schoolwith.me/reviews/36440,https://schoolwith.me/reviews/36440,2026-08-09T12:32:56Z,2026-10-02T01:09:27+00:00
https://schoolwith.me/reviews/36604,口コミ,クロール済み - インデックス未登録,クロール済み - インデックス未登録,https://schoolwith.me/reviews/36604,https://schoolwith.me/reviews/36604,2026-07-29T06:55:51Z,2026-10-02T01:09:27+00:00
https://schoolwith.me/reviews/36756,口コミ,クロール済み - インデックス未登録,クロール済み - インデックス未登録,,,2026-05-11T22:36:40Z,2026-10-02T01:09:27+00:00
https://schoolwith.me/reviews/36922,口コミ,クロール済み - インデックス未登録,クロール済み - インデックス未登録,https://schoolwith.me/reviews/36922,https://schoolwith.me/reviews/36922,2026-09-02T07:15:19Z,2026-10-02T01:09:27+00:00
https://schoolwith.me/reviews/37044,口コミ,クロール済み - インデックス未登録,クロール済み - インデックス未登録,,,2026-05-11T15:27:27Z,2026-10-02T01:09:27+00:00
https://schoolwith.me/reviews/37125,口コミ,クロール済み - インデックス未登録,クロール済み - インデックス未登録,https://schoolwith.me/reviews/37125,https://schoolwith.me/reviews/37125,2026-04-22T02:49:08Z,2026-10-03T00:47:34+00:00
https://schoolwith.me/reviews/37312,口コミ,クロール済み - インデックス未登録,クロール済み - インデックス未登録,https://schoolwith.me/reviews/37312,https://schoolwith.me/reviews/37312,2026-08-07T11:09:00Z,2026-10-03T00:47:34+00:00
https://schoolwith.me/reviews/37542,口コミ,クロール済み - インデックス未登録,クロール済み - インデックス未登録,,,2026-04-11T19:59:50Z,2026-10-03T00:47:34+00:00
https://schoolwith.me/reviews/37970,口コミ,クロール済み - インデックス未登録,クロール済み - インデックス未登録,https://schoolwith.me/reviews/37970,https://schoolwith.me/reviews/37970,2026-07-17T01:37:06Z,2026-10-03T00:47:34+00:00
https://schoolwith.me/reviews/38014,口コミ,クロール済み - インデックス未登録,クロール済み - インデックス未登録,https://schoolwith.me/reviews/38014,https://schoolwith.me/reviews/38014,2026-08-07T07:26:18Z,2026-10-03T00:47:34+00:00
https://schoolwith.me/reviews/38218,口コミ,クロール済み - インデックス未登録,クロール済み - インデックス未登録,,,2026-05-04T01:13:41Z,2026-10-03T00:47:34+00:00
https://schoolwith.me/reviews/38295,口コミ,クロール済み - インデックス未登録,クロール済み - インデックス未登録,https://schoolwith.me/reviews/38295,https://schoolwith.me/reviews/38295,2026-08-26T11:07:55Z,2026-10-03T00:47:34+00:00
https://schoolwith.me/reviews/38545,口コミ,クロール済み - インデックス未登録,クロール済み - インデックス未登録,https://schoolwith.me/reviews/38545,https://schoolwith.me/reviews/38545,2026-08-03T18:44:55Z,2026-10-03T00:47:34+00:00
https://schoolwith.me/reviews/38657,口コミ,クロール済み - インデックス未登録,クロール済み - インデックス未登録,https://schoolwith.me/reviews/38657,https://schoolwith.me/reviews/38657,2026-05-10T21:36:33Z,2026-10-03T00:47:34+00:00
https://schoolwith.me/reviews/38917,口コミ,クロール済み - インデックス未登録,クロール済み - インデックス未登録,https://schoolwith.me/reviews/38917,https://schoolwith.me/reviews/38917,2025-12-04T02:06:31Z,2026-10-03T00:47:34+00:00
https://schoolwith.me/reviews/39050,口コミ,クロール済み - インデックス未登録,クロール済み - インデックス未登録,https://schoolwith.me/reviews/39050,https://schoolwith.me/reviews/39050,2026-04-28T13:44:30Z,2026-10-03T00:47:34+00:00
https://schoolwith.me/reviews/39196,口コミ,クロール済み - インデックス未登録,クロール済み - インデックス未登録,https://schoolwith.me/reviews/39196,https://schoolwith.me/reviews/39196,2026-04-24T14:52:38Z,2026-10-03T00:47:34+00:00
https://schoolwith.me/reviews/39368,口コミ,クロール済み - インデックス未登録,クロール済み - インデックス未登録,,,2026-05-11T22:13:00Z,2026-10-03T00:47:34+00:00
https://schoolwith.me/reviews/39447,口コミ,クロール済み - インデックス未登録,クロール済み - インデックス未登録,,,2026-04-11T20:54:15Z,2026-10-03T00:47:34+00:00
https://schoolwith.me/reviews/39575,口コミ,クロール済み - インデックス未登録,クロール済み - インデックス未登録,https://schoolwith.me/reviews/39575,https://schoolwith.me/reviews/39575,2026-05-05T15:40:39Z,2026-10-03T00:47:34+00:00
https://schoolwith.me/reviews/39677,口コミ,クロール済み - インデックス未登録,クロール済み - インデックス未登録,,,2026-04-11T20:35:31Z,2026-10-03T00:47:34+00:00
https://schoolwith.me/reviews/39811,口コミ,クロール済み - インデックス未登録,クロール済み - インデックス未登録,,,2026-04-11T19:04:52Z,2026-10-03T00:47:34+00:00
https://schoolwith.me/reviews/39861,口コミ,クロール済み - インデックス未登録,クロール済み - インデックス未登録,https://schoolwith.me/reviews/39861,https://schoolwith.me/reviews/39861,2026-08-07T20:46:44Z,2026-10-03T00:47:34+00:00
https://schoolwith.me/reviews/39989,口コミ,クロール済み - インデックス未登録,クロール済み - インデックス未登録,https://schoolwith.me/reviews/39989,https://schoolwith.me/reviews/39989,2026-05-09T07:10:51Z,2026-10-03T00:47:34+00:00
https://schoolwith.me/reviews/40104,口コミ,クロール済み - インデックス未登録,クロール済み - インデックス未登録,,,2026-07-15T10:48:55Z,2026-10-04T00:10:45+00:00
https://schoolwith.me/reviews/40303,口コミ,クロール済み - インデックス未登録,クロール済み - インデックス未登録,https://schoolwith.me/reviews/40303,https://schoolwith.me/reviews/40303,2026-08-19T06:13:56Z,2026-10-04T00:10:45+00:00
https://schoolwith.me/reviews/40627,口コミ,クロール済み - インデックス未登録,クロール済み - インデックス未登録,https://schoolwith.me/reviews/40627,https://schoolwith.me/reviews/40627,2026-08-25T04:20:16Z,2026-10-04T00:10:45+00:00
https://schoolwith.me/reviews/40633,口コミ,クロール済み - インデックス未登録,クロール済み - インデックス未登録,https://schoolwith.me/reviews/40633,https://schoolwith.me/reviews/40633,2026-08-26T14:01:35Z,2026-10-04T00:10:45+00:00
https://schoolwith.me/reviews/40883,口コミ,クロール済み - インデックス未登録,クロール済み - インデックス未登録,,,2026-07-15T09:16:33Z,2026-10-04T00:10:45+00:00
https://schoolwith.me/reviews/41506,口コミ,クロール済み - インデックス未登録,クロール済み - インデックス未登録,,,2026-04-11T19:45:24Z,2026-10-04T00:10:45+00:00
https://schoolwith.me/reviews/41649,口コミ,クロール済み - インデックス未登録,クロール済み - インデックス未登録,,,2026-10-02T07:28:43Z,2026-10-04T00:10:45+00:00
https://schoolwith.me/reviews/41844,口コミ,クロール済み - インデックス未登録,クロール済み - インデックス未登録,,,2026-07-15T09:16:41Z,2026-10-04T00:10:45+00:00
https://schoolwith.me/reviews/42112,口コミ,クロール済み - インデックス未登録,クロール済み - インデックス未登録,,,2026-07-15T08:13:34Z,2026-10-04T00:10:45+00:00
https://schoolwith.me/reviews/42130,口コミ,クロール済み - インデックス未登録,クロール済み - インデックス未登録,,,2026-04-11T19:34:18Z,2026-10-04T00:10:45+00:00
https://schoolwith.me/reviews/42325,口コミ,クロール済み - インデックス未登録,クロール済み - インデックス未登録,https://schoolwith.me/reviews/42325,https://schoolwith.me/reviews/42325,2026-05-11T17:28:09Z,2026-10-04T00:10:45+00:00
https://schoolwith.me/reviews/42445,口コミ,クロール済み - インデックス未登録,クロール済み - インデックス未登録,,,2026-04-11T20:10:58Z,2026-10-04T00:10:45+00:00
https://schoolwith.me/reviews/42477,口コミ,クロール済み - インデックス未登録,クロール済み - インデックス未登録,https://schoolwith.me/reviews/42477,https://schoolwith.me/reviews/42477,2026-08-27T01:36:04Z,2026-10-04T00:10:45+00:00
https://schoolwith.me/reviews/42689,口コミ,クロール済み - インデックス未登録,クロール済み - インデックス未登録,https://schoolwith.me/reviews/42689,https://schoolwith.me/reviews/42689,2026-08-17T06:42:15Z,2026-10-04T00:10:45+00:00
https://schoolwith.me/reviews/42838,口コミ,クロール済み - インデックス未登録,クロール済み - インデックス未登録,https://schoolwith.me/reviews/42838,https://schoolwith.me/reviews/42838,2026-08-03T19:22:49Z,2026-10-04T00:10:45+00:00
https://schoolwith.me/reviews/42956,口コミ,クロール済み - インデックス未登録,クロール済み - インデックス未登録,,,2026-07-15T02:26:08Z,2026-10-04T00:10:45+00:00
https://schoolwith.me/reviews/43290,口コミ,クロール済み - インデックス未登録,クロール済み - インデックス未登録,,,2026-07-15T03:38:29Z,2026-10-05T00:17:00+00:00
https://schoolwith.me/reviews/43505,口コミ,クロール済み - インデックス未登録,クロール済み - インデックス未登録,https://schoolwith.me/reviews/43505,https://schoolwith.me/reviews/43505,2026-08-18T15:29:34Z,2026-10-05T00:17:00+00:00
https://schoolwith.me/reviews/43557,口コミ,クロール済み - インデックス未登録,クロール済み - インデックス未登録,https://schoolwith.me/reviews/43557,https://schoolwith.me/reviews/43557,2026-08-05T04:13:46Z,2026-10-05T00:17:00+00:00
https://schoolwith.me/reviews/43609,口コミ,クロール済み - インデックス未登録,クロール済み - インデックス未登録,,,2026-06-13T01:31:07Z,2026-10-05T00:17:00+00:00
https://schoolwith.me/reviews/43698,口コミ,クロール済み - インデックス未登録,クロール済み - インデックス未登録,https://schoolwith.me/reviews/43698,https://schoolwith.me/reviews/43698,2026-04-19T04:18:02Z,2026-10-05T00:17:00+00:00
https://schoolwith.me/reviews/43815,口コミ,クロール済み - インデックス未登録,クロール済み - インデックス未登録,,,2026-05-11T02:27:47Z,2026-10-05T00:17:00+00:00
https://schoolwith.me/reviews/43944,口コミ,クロール済み - インデックス未登録,クロール済み - インデックス未登録,https://schoolwith.me/reviews/43944,https://schoolwith.me/reviews/43944,2026-05-04T05:06:30Z,2026-10-05T00:17:00+00:00
https://schoolwith.me/reviews/44120,口コミ,クロール済み - インデックス未登録,クロール済み - インデックス未登録,,,2026-07-15T13:09:12Z,2026-10-05T00:17:00+00:00
https://schoolwith.me/reviews/44499,口コミ,クロール済み - インデックス未登録,クロール済み - インデックス未登録,https://schoolwith.me/reviews/44499,https://schoolwith.me/reviews/44499,2026-04-28T09:31:47Z,2026-10-05T00:17:00+00:00
https://schoolwith.me/reviews/44511,口コミ,クロール済み - インデックス未登録,クロール済み - インデックス未登録,https://schoolwith.me/reviews/44511,https://schoolwith.me/reviews/44511,2026-08-14T17:14:12Z,2026-10-05T00:17:00+00:00
https://schoolwith.me/reviews/44529,口コミ,クロール済み - インデックス未登録,クロール済み - インデックス未登録,https://schoolwith.me/reviews/44529,https://schoolwith.me/reviews/44529,2026-08-08T16:36:22Z,2026-10-05T00:17:00+00:00
https://schoolwith.me/reviews/44685,口コミ,クロール済み - インデックス未登録,クロール済み - インデックス未登録,https://schoolwith.me/reviews/44685,https://schoolwith.me/reviews/44685,2026-09-05T13:56:15Z,2026-10-05T00:17:00+00:00
https://schoolwith.me/reviews/44754,口コミ,クロール済み - インデックス未登録,クロール済み - インデックス未登録,https://schoolwith.me/reviews/44754,https://schoolwith.me/reviews/44754,2026-04-08T05:41:18Z,2026-10-05T00:17:00+00:00
https://schoolwith.me/reviews/44972,口コミ,クロール済み - インデックス未登録,クロール済み - インデックス未登録,https://schoolwith.me/reviews/44972,https://schoolwith.me/reviews/44972,2026-08-26T05:31:26Z,2026-10-05T00:17:00+00:00
https://schoolwith.me/reviews/44992,口コミ,クロール済み - インデックス未登録,クロール済み - インデックス未登録,https://schoolwith.me/reviews/44992,https://schoolwith.me/reviews/44992,2026-04-22T01:35:09Z,2026-10-05T00:17:00+00:00
https://schoolwith.me/reviews/45028,口コミ,クロール済み - インデックス未登録,クロール済み - インデックス未登録,https://schoolwith.me/reviews/45028,https://schoolwith.me/reviews/45028,2026-05-06T04:28:54Z,2026-10-05T00:17:00+00:00
https://schoolwith.me/reviews/45137,口コミ,クロール済み - インデックス未登録,クロール済み - インデックス未登録,https://schoolwith.me/reviews/45137,https://schoolwith.me/reviews/45137,2026-08-17T15:24:53Z,2026-10-05T00:17:00+00:00
https://schoolwith.me/reviews/45138,口コミ,クロール済み - インデックス未登録,クロール済み - インデックス未登録,https://schoolwith.me/reviews/45138,https://schoolwith.me/reviews/45138,2026-04-22T14:30:16Z,2026-10-05T00:17:00+00:00
https://schoolwith.me/reviews/45170,口コミ,クロール済み - インデックス未登録,クロール済み - インデックス未登録,https://schoolwith.me/reviews/45170,https://schoolwith.me/reviews/45170,2026-04-29T07:21:38Z,2026-10-05T00:17:00+00:00
https://schoolwith.me/reviews/45282,口コミ,クロール済み - インデックス未登録,クロール済み - インデックス未登録,https://schoolwith.me/reviews/45282,https://schoolwith.me/reviews/45282,2026-03-24T16:45:37Z,2026-10-05T00:17:00+00:00
https://schoolwith.me/reviews/45345,口コミ,クロール済み - インデックス未登録,クロール済み - インデックス未登録,https://schoolwith.me/reviews/45345,https://schoolwith.me/reviews/45345,2026-08-04T16:40:37Z,2026-10-05T00:17:00+00:00
https://schoolwith.me/reviews/45347,口コミ,クロール済み - インデックス未登録,クロール済み - インデックス未登録,,,2026-05-11T17:01:47Z,2026-10-05T00:17:00+00:00
https://schoolwith.me/reviews/45399,口コミ,クロール済み - インデックス未登録,クロール済み - インデックス未登録,,,2026-05-31T06:11:33Z,2026-10-05T00:17:00+00:00
https://schoolwith.me/reviews/45422,口コミ,クロール済み - インデックス未登録,クロール済み - インデックス未登録,,,2026-05-04T01:06:33Z,2026-10-05T00:17:00+00:00
https://schoolwith.me/reviews/45430,口コミ,クロール済み - インデックス未登録,クロール済み - インデックス未登録,https://schoolwith.me/reviews/45430,https://schoolwith.me/reviews/45430,2026-04-29T01:09:32Z,2026-10-05T00:17:00+00:00
https://schoolwith.me/reviews/45549,口コミ,クロール済み - インデックス未登録,クロール済み - インデックス未登録,https://schoolwith.me/reviews/45549,https://schoolwith.me/reviews/45549,2026-04-08T20:41:10Z,2026-10-05T00:17:00+00:00
https://schoolwith.me/reviews/45556,口コミ,クロール済み - インデックス未登録,クロール済み - インデックス未登録,https://schoolwith.me/reviews/45556,https://schoolwith.me/reviews/45556,2026-04-25T03:53:37Z,2026-10-05T00:17:00+00:00
https://schoolwith.me/reviews/45598,口コミ,クロール済み - インデックス未登録,クロール済み - インデックス未登録,https://schoolwith.me/reviews/45598,https://schoolwith.me/reviews/45598,2026-05-10T16:10:47Z,2026-10-05T00:17:00+00:00
https://schoolwith.me/schools/review/40374,口コミ,クロール済み - インデックス未登録,クロール済み - インデックス未登録,https://schoolwith.me/schools/review/40374,https://schoolwith.me/schools/review/40374,2025-12-20T08:59:31Z,2026-10-06T01:58:02+00:00
https://schoolwith.me/reviews/31427,口コミ,検出 - インデックス未登録,検出 - インデックス未登録,,,,2026-10-09T01:31:49+00:00
https://schoolwith.me/reviews/31455,口コミ,検出 - インデックス未登録,検出 - インデックス未登録,,,,2026-10-09T01:31:49+00:00
https://schoolwith.me/reviews/31479,口コミ,検出 - インデックス未登録,検出 - インデックス未登録,,,,2026-10-09T01:31:49+00:00
https://schoolwith.me/reviews/31500,口コミ,検出 - インデックス未登録,検出 - インデックス未登録,,,,2026-10-09T01:31:49+00:00
https://schoolwith.me/reviews/31506,口コミ,検出 - インデックス未登録,検出 - インデックス未登録,,,,2026-10-09T01:31:49+00:00
https://schoolwith.me/reviews/31524,口コミ,検出 - インデックス未登録,検出 - インデックス未登録,,,,2026-10-09T01:31:49+00:00
https://schoolwith.me/reviews/31557,口コミ,検出 - インデックス未登録,検出 - インデックス未登録,,,,2026-10-09T01:31:49+00:00
https://schoolwith.me/reviews/31633,口コミ,検出 - インデックス未登録,検出 - インデックス未登録,,,,2026-10-09T01:31:49+00:00
https://schoolwith.me/reviews/31697,口コミ,検出 - インデックス未登録,検出 - インデックス未登録,,,,2026-10-01T00:53:11+00:00
https://schoolwith.me/reviews/31742,口コミ,検出 - インデックス未登録,検出 - インデックス未登録,,,,2026-10-01T00:53:11+00:00
https://schoolwith.me/reviews/31783,口コミ,検出 - インデックス未登録,検出 - インデックス未登録,,,,2026-10-01T00:53:11+00:00
https://schoolwith.me/reviews/31839,口コミ,検出 - インデックス未登録,検出 - インデックス未登録,,,,2026-10-01T00:53:11+00:00
https://schoolwith.me/reviews/31883,口コミ,検出 - インデックス未登録,検出 - インデックス未登録,,,,2026-10-01T00:53:11+00:00
https://schoolwith.me/reviews/31912,口コミ,検出 - インデックス未登録,検出 - インデックス未登録,,,,2026-10-01T00:53:11+00:00
https://schoolwith.me/reviews/31951,口コミ,検出 - インデックス未登録,検出 - インデックス未登録,,,,2026-10-01T00:53:11+00:00
https://schoolwith.me/reviews/31955,口コミ,検出 - インデックス未登録,検出 - インデックス未登録,,,,2026-10-01T00:53:11+00:00
https://schoolwith.me/reviews/32021,口コミ,検出 - インデックス未登録,検出 - インデックス未登録,,,,2026-10-01T00:53:11+00:00
https://schoolwith.me/reviews/32040,口コミ,検出 - インデックス未登録,検出 - インデックス未登録,,,,2026-10-01T00:53:11+00:00
https://schoolwith.me/reviews/32041,口コミ,検出 - インデックス未登録,検出 - インデックス未登録,,,,2026-10-01T00:53:11+00:00
https://schoolwith.me/reviews/32051,口コミ,検出 - インデックス未登録,検出 - インデックス未登録,,,,2026-10-01T00:53:11+00:00
https://schoolwith.me/reviews/32054,口コミ,検出 - インデックス未登録,検出 - インデックス未登録,,,,2026-10-01T00:53:11+00:00
https://schoolwith.me/reviews/32078,口コミ,検出 - インデックス未登録,検出 - インデックス未登録,,,,2026-10-01T00:53:11+00:00
https://schoolwith.me/reviews/32110,口コミ,検出 - インデックス未登録,検出 - インデックス未登録,,,,2026-10-01T00:53:11+00:00
https://schoolwith.me/reviews/32169,口コミ,検出 - インデックス未登録,検出 - インデックス未登録,,,,2026-10-01T00:53:11+00:00
https://schoolwith.me/reviews/32292,口コミ,検出 - インデックス未登録,検出 - インデックス未登録,,,,2026-10-01T00:53:11+00:00
https://schoolwith.me/reviews/32334,口コミ,検出 - インデックス未登録,検出 - インデックス未登録,,,,2026-10-01T00:53:11+00:00
https://schoolwith.me/reviews/32344,口コミ,検出 - インデックス未登録,検出 - インデックス未登録,,,,2026-10-01T00:53:11+00:00
https://schoolwith.me/reviews/32398,口コミ,検出 - インデックス未登録,検出 - インデックス未登録,,,,2026-10-01T00:53:11+00:00
https://schoolwith.me/reviews/32408,口コミ,検出 - インデックス未登録,検出 - インデックス未登録,,,,2026-10-01T00:53:11+00:00
https://schoolwith.me/reviews/32428,口コミ,検出 - インデックス未登録,検出 - インデックス未登録,,,,2026-10-01T00:53:11+00:00
https://schoolwith.me/reviews/32477,口コミ,検出 - インデックス未登録,検出 - インデックス未登録,,,,2026-10-01T00:53:11+00:00
https://schoolwith.me/reviews/32524,口コミ,検出 - インデックス未登録,検出 - インデックス未登録,,,,2026-10-01T00:53:11+00:00
https://schoolwith.me/reviews/32528,口コミ,検出 - インデックス未登録,検出 - インデックス未登録,,,,2026-10-01T00:53:11+00:00
https://schoolwith.me/reviews/32532,口コミ,検出 - インデックス未登録,検出 - インデックス未登録,,,,2026-10-01T00:53:11+00:00
https://schoolwith.me/reviews/32568,口コミ,検出 - インデックス未登録,検出 - インデックス未登録,,,,2026-10-01T00:53:11+00:00
https://schoolwith.me/reviews/32613,口コミ,検出 - インデックス未登録,検出 - インデックス未登録,,,,2026-10-01T00:53:11+00:00
https://schoolwith.me/reviews/32615,口コミ,検出 - インデックス未登録,検出 - インデックス未登録,,,,2026-10-01T00:53:11+00:00
https://schoolwith.me/reviews/32757,口コミ,検出 - インデックス未登録,検出 - インデックス未登録,,,,2026-10-01T00:53:11+00:00
https://schoolwith.me/reviews/32779,口コミ,検出 - インデックス未登録,検出 - インデックス未登録,,,,2026-10-01T00:53:11+00:00
https://schoolwith.me/reviews/32787,口コミ,検出 - インデックス未登録,検出 - インデックス未登録,,,,2026-10-01T00:53:11+00:00
https://schoolwith.me/reviews/32791,口コミ,検出 - インデックス未登録,検出 - インデックス未登録,,,,2026-10-01T00:53:11+00:00
https://schoolwith.me/reviews/32794,口コミ,検出 - インデックス未登録,検出 - インデックス未登録,,,,2026-10-01T00:53:11+00:00
https://schoolwith.me/reviews/32826,口コミ,検出 - インデックス未登録,検出 - インデックス未登録,,,,2026-10-01T00:53:11+00:00
https://schoolwith.me/reviews/32862,口コミ,検出 - インデックス未登録,検出 - インデックス未登録,,,,2026-10-01T00:53:11+00:00
https://schoolwith.me/reviews/32903,口コミ,検出 - インデックス未登録,検出 - インデックス未登録,,,,2026-10-01T00:53:11+00:00
https://schoolwith.me/reviews/32957,口コミ,検出 - インデックス未登録,検出 - インデックス未登録,,,,2026-10-01T00:53:11+00:00
https://schoolwith.me/reviews/33037,口コミ,検出 - インデックス未登録,検出 - インデックス未登録,,,,2026-10-01T00:53:11+00:00
https://schoolwith.me/reviews/33038,口コミ,検出 - インデックス未登録,検出 - インデックス未登録,,,,2026-10-01T00:53:11+00:00
https://schoolwith.me/reviews/33065,口コミ,検出 - インデックス未登録,検出 - インデックス未登録,,,,2026-10-01T00:53:11+00:00
https://schoolwith.me/reviews/33070,口コミ,検出 - インデックス未登録,検出 - インデックス未登録,,,,2026-10-01T00:53:11+00:00
https://schoolwith.me/reviews/33122,口コミ,検出 - インデックス未登録,検出 - インデックス未登録,,,,2026-10-01T00:53:11+00:00
https://schoolwith.me/reviews/33141,口コミ,検出 - インデックス未登録,検出 - インデックス未登録,,,,2026-10-01T00:53:11+00:00
https://schoolwith.me/reviews/33221,口コミ,検出 - インデックス未登録,検出 - インデックス未登録,,,,2026-10-01T00:53:11+00:00
https://schoolwith.me/reviews/33225,口コミ,検出 - インデックス未登録,検出 - インデックス未登録,,,,2026-10-01T00:53:11+00:00
https://schoolwith.me/reviews/33245,口コミ,検出 - インデックス未登録,検出 - インデックス未登録,,,,2026-10-01T00:53:11+00:00
https://schoolwith.me/reviews/33257,口コミ,検出 - インデックス未登録,検出 - インデックス未登録,,,,2026-10-01T00:53:11+00:00
https://schoolwith.me/reviews/33287,口コミ,検出 - インデックス未登録,検出 - インデックス未登録,,,,2026-10-01T00:53:11+00:00
https://schoolwith.me/reviews/33328,口コミ,検出 - インデックス未登録,検出 - インデックス未登録,,,,2026-10-01T00:53:11+00:00
https://schoolwith.me/reviews/33359,口コミ,検出 - インデックス未登録,検出 - インデックス未登録,,,,2026-10-01T00:53:11+00:00
https://schoolwith.me/reviews/33360,口コミ,検出 - インデックス未登録,検出 - インデックス未登録,,,,2026-10-01T00:53:11+00:00
https://schoolwith.me/reviews/33395,口コミ,検出 - インデックス未登録,検出 - インデックス未登録,,,,2026-10-01T00:53:11+00:00
https://schoolwith.me/reviews/33397,口コミ,検出 - インデックス未登録,検出 - インデックス未登録,,,,2026-10-01T00:53:11+00:00
https://schoolwith.me/reviews/33403,口コミ,検出 - インデックス未登録,検出 - インデックス未登録,,,,2026-10-01T00:53:11+00:00
https://schoolwith.me/reviews/33412,口コミ,検出 - インデックス未登録,検出 - インデックス未登録,,,,2026-10-01T00:53:11+00:00
https://schoolwith.me/reviews/33431,口コミ,検出 - インデックス未登録,検出 - インデックス未登録,,,,2026-10-01T00:53:11+00:00
https://schoolwith.me/reviews/33436,口コミ,検出 - インデックス未登録,検出 - インデックス未登録,,,,2026-10-01T00:53:11+00:00
https://schoolwith.me/reviews/33445,口コミ,検出 - インデックス未登録,検出 - インデックス未登録,,,,2026-10-01T00:53:11+00:00
https://schoolwith.me/reviews/33455,口コミ,検出 - インデックス未登録,検出 - インデックス未登録,,,,2026-10-01T00:53:11+00:00
https://schoolwith.me/reviews/33468,口コミ,検出 - インデックス未登録,検出 - インデックス未登録,,,,2026-10-01T00:53:11+00:00
https://schoolwith.me/reviews/33494,口コミ,検出 - インデックス未登録,検出 - インデックス未登録,,,,2026-10-01T00:53:11+00:00
https://schoolwith.me/reviews/33546,口コミ,検出 - インデックス未登録,検出 - インデックス未登録,,,,2026-10-01T00:53:11+00:00
https://schoolwith.me/reviews/33608,口コミ,検出 - インデックス未登録,検出 - インデックス未登録,,,,2026-10-01T00:53:11+00:00
https://schoolwith.me/reviews/33620,口コミ,検出 - インデックス未登録,検出 - インデックス未登録,,,,2026-10-01T00:53:11+00:00
https://schoolwith.me/reviews/33709,口コミ,検出 - インデックス未登録,検出 - インデックス未登録,,,,2026-10-01T00:53:11+00:00
https://schoolwith.me/reviews/33735,口コミ,検出 - インデックス未登録,検出 - インデックス未登録,,,,2026-10-01T00:53:11+00:00
https://schoolwith.me/reviews/33751,口コミ,検出 - インデックス未登録,検出 - インデックス未登録,,,,2026-10-01T00:53:11+00:00
https://schoolwith.me/reviews/33757,口コミ,検出 - インデックス未登録,検出 - インデックス未登録,,,,2026-10-01T00:53:11+00:00
https://schoolwith.me/reviews/33763,口コミ,検出 - インデックス未登録,検出 - インデックス未登録,,,,2026-10-01T00:53:11+00:00
https://schoolwith.me/reviews/33794,口コミ,検出 - インデックス未登録,検出 - インデックス未登録,,,,2026-10-01T00:53:11+00:00
https://schoolwith.me/reviews/33844,口コミ,検出 - インデックス未登録,検出 - インデックス未登録,,,,2026-10-01T00:53:11+00:00
https://schoolwith.me/reviews/33927,口コミ,検出 - インデックス未登録,検出 - インデックス未登録,,,,2026-10-01T00:53:11+00:00
https://schoolwith.me/reviews/33931,口コミ,検出 - インデックス未登録,検出 - インデックス未登録,,,,2026-10-01T00:53:11+00:00
https://schoolwith.me/reviews/34023,口コミ,検出 - インデックス未登録,検出 - インデックス未登録,,,,2026-10-02T01:09:27+00:00
https://schoolwith.me/reviews/34034,口コミ,検出 - インデックス未登録,検出 - インデックス未登録,,,,2026-10-02T01:09:27+00:00
https://schoolwith.me/reviews/34049,口コミ,検出 - インデックス未登録,検出 - インデックス未登録,,,,2026-10-02T01:09:27+00:00
https://schoolwith.me/reviews/34086,口コミ,検出 - インデックス未登録,検出 - インデックス未登録,,,,2026-10-02T01:09:27+00:00
https://schoolwith.me/reviews/34157,口コミ,検出 - インデックス未登録,検出 - インデックス未登録,,,,2026-10-02T01:09:27+00:00
https://schoolwith.me/reviews/34241,口コミ,検出 - インデックス未登録,検出 - インデックス未登録,,,,2026-10-02T01:09:27+00:00
https://schoolwith.me/reviews/34244,口コミ,検出 - インデックス未登録,検出 - インデックス未登録,,,,2026-10-02T01:09:27+00:00
https://schoolwith.me/reviews/34260,口コミ,検出 - インデックス未登録,検出 - インデックス未登録,,,,2026-10-02T01:09:27+00:00
https://schoolwith.me/reviews/34295,口コミ,検出 - インデックス未登録,検出 - インデックス未登録,,,,2026-10-02T01:09:27+00:00
https://schoolwith.me/reviews/34441,口コミ,検出 - インデックス未登録,検出 - インデックス未登録,,,,2026-10-02T01:09:27+00:00
https://schoolwith.me/reviews/34465,口コミ,検出 - インデックス未登録,検出 - インデックス未登録,,,,2026-10-02T01:09:27+00:00
https://schoolwith.me/reviews/34489,口コミ,検出 - インデックス未登録,検出 - インデックス未登録,,,,2026-10-02T01:09:27+00:00
https://schoolwith.me/reviews/34552,口コミ,検出 - インデックス未登録,検出 - インデックス未登録,,,,2026-10-02T01:09:27+00:00
https://schoolwith.me/reviews/34559,口コミ,検出 - インデックス未登録,検出 - インデックス未登録,,,,2026-10-02T01:09:27+00:00
https://schoolwith.me/reviews/34624,口コミ,検出 - インデックス未登録,検出 - インデックス未登録,,,,2026-10-02T01:09:27+00:00
https://schoolwith.me/reviews/34639,口コミ,検出 - インデックス未登録,検出 - インデックス未登録,,,,2026-10-02T01:09:27+00:00
https://schoolwith.me/reviews/34744,口コミ,検出 - インデックス未登録,検出 - インデックス未登録,,,,2026-10-02T01:09:27+00:00
https://schoolwith.me/reviews/34784,口コミ,検出 - インデックス未登録,検出 - インデックス未登録,,,,2026-10-02T01:09:27+00:00
https://schoolwith.me/reviews/34839,口コミ,検出 - インデックス未登録,検出 - インデックス未登録,,,,2026-10-02T01:09:27+00:00
https://schoolwith.me/reviews/34857,口コミ,検出 - インデックス未登録,検出 - インデックス未登録,,,,2026-10-02T01:09:27+00:00
https://schoolwith.me/reviews/34869,口コミ,検出 - インデックス未登録,検出 - インデックス未登録,,,,2026-10-02T01:09:27+00:00
https://schoolwith.me/reviews/34878,口コミ,検出 - インデックス未登録,検出 - インデックス未登録,,,,2026-10-02T01:09:27+00:00
https://schoolwith.me/reviews/34888,口コミ,検出 - インデックス未登録,検出 - インデックス未登録,,,,2026-10-02T01:09:27+00:00
https://schoolwith.me/reviews/34891,口コミ,検出 - インデックス未登録,検出 - インデックス未登録,,,,2026-10-02T01:09:27+00:00
https://schoolwith.me/reviews/34957,口コミ,検出 - インデックス未登録,検出 - インデックス未登録,,,,2026-10-02T01:09:27+00:00
https://schoolwith.me/reviews/34967,口コミ,検出 - インデックス未登録,検出 - インデックス未登録,,,,2026-10-02T01:09:27+00:00
https://schoolwith.me/reviews/34968,口コミ,検出 - インデックス未登録,検出 - インデックス未登録,,,,2026-10-02T01:09:27+00:00
https://schoolwith.me/reviews/34970,口コミ,検出 - インデックス未登録,検出 - インデックス未登録,,,,2026-10-02T01:09:27+00:00
https://schoolwith.me/reviews/34980,口コミ,検出 - インデックス未登録,検出 - インデックス未登録,,,,2026-10-02T01:09:27+00:00
https://schoolwith.me/reviews/35015,口コミ,検出 - インデックス未登録,検出 - インデックス未登録,,,,2026-10-02T01:09:27+00:00
https://schoolwith.me/reviews/35018,口コミ,検出 - インデックス未登録,検出 - インデックス未登録,,,,2026-10-02T01:09:27+00:00
https://schoolwith.me/reviews/35020,口コミ,検出 - インデックス未登録,検出 - インデックス未登録,,,,2026-10-02T01:09:27+00:00
https://schoolwith.me/reviews/35031,口コミ,検出 - インデックス未登録,検出 - インデックス未登録,,,,2026-10-02T01:09:27+00:00
https://schoolwith.me/reviews/35032,口コミ,検出 - インデックス未登録,検出 - インデックス未登録,,,,2026-10-02T01:09:27+00:00
https://schoolwith.me/reviews/35038,口コミ,検出 - インデックス未登録,検出 - インデックス未登録,,,,2026-10-02T01:09:27+00:00
https://schoolwith.me/reviews/35042,口コミ,検出 - インデックス未登録,検出 - インデックス未登録,,,,2026-10-02T01:09:27+00:00
https://schoolwith.me/reviews/35063,口コミ,検出 - インデックス未登録,検出 - インデックス未登録,,,,2026-10-02T01:09:27+00:00
https://schoolwith.me/reviews/35065,口コミ,検出 - インデックス未登録,検出 - インデックス未登録,,,,2026-10-02T01:09:27+00:00
https://schoolwith.me/reviews/35094,口コミ,検出 - インデックス未登録,検出 - インデックス未登録,,,,2026-10-02T01:09:27+00:00
https://schoolwith.me/reviews/35126,口コミ,検出 - インデックス未登録,検出 - インデックス未登録,,,,2026-10-02T01:09:27+00:00
https://schoolwith.me/reviews/35136,口コミ,検出 - インデックス未登録,検出 - インデックス未登録,,,,2026-10-02T01:09:27+00:00
https://schoolwith.me/reviews/35146,口コミ,検出 - インデックス未登録,検出 - インデックス未登録,,,,2026-10-02T01:09:27+00:00
https://schoolwith.me/reviews/35150,口コミ,検出 - インデックス未登録,検出 - インデックス未登録,,,,2026-10-02T01:09:27+00:00
https://schoolwith.me/reviews/35165,口コミ,検出 - インデックス未登録,検出 - インデックス未登録,,,,2026-10-02T01:09:27+00:00
https://schoolwith.me/reviews/35172,口コミ,検出 - インデックス未登録,検出 - インデックス未登録,,,,2026-10-02T01:09:27+00:00
https://schoolwith.me/reviews/35178,口コミ,検出 - インデックス未登録,検出 - インデックス未登録,,,,2026-10-02T01:09:27+00:00
https://schoolwith.me/reviews/35179,口コミ,検出 - インデックス未登録,検出 - インデックス未登録,,,,2026-10-02T01:09:27+00:00
https://schoolwith.me/reviews/35181,口コミ,検出 - インデックス未登録,検出 - インデックス未登録,,,,2026-10-02T01:09:27+00:00
https://schoolwith.me/reviews/35189,口コミ,検出 - インデックス未登録,検出 - インデックス未登録,,,,2026-10-02T01:09:27+00:00
https://schoolwith.me/reviews/35211,口コミ,検出 - インデックス未登録,検出 - インデックス未登録,,,,2026-10-02T01:09:27+00:00
https://schoolwith.me/reviews/35229,口コミ,検出 - インデックス未登録,検出 - インデックス未登録,,,,2026-10-02T01:09:27+00:00
https://schoolwith.me/reviews/35245,口コミ,検出 - インデックス未登録,検出 - インデックス未登録,,,,2026-10-02T01:09:27+00:00
https://schoolwith.me/reviews/35247,口コミ,検出 - インデックス未登録,検出 - インデックス未登録,,,,2026-10-02T01:09:27+00:00
https://schoolwith.me/reviews/35253,口コミ,検出 - インデックス未登録,検出 - インデックス未登録,,,,2026-10-02T01:09:27+00:00
https://schoolwith.me/reviews/35272,口コミ,検出 - インデックス未登録,検出 - インデックス未登録,,,,2026-10-02T01:09:27+00:00
https://schoolwith.me/reviews/35290,口コミ,検出 - インデックス未登録,検出 - インデックス未登録,,,,2026-10-02T01:09:27+00:00
https://schoolwith.me/reviews/35306,口コミ,検出 - インデックス未登録,検出 - インデックス未登録,,,,2026-10-02T01:09:27+00:00
https://schoolwith.me/reviews/35319,口コミ,検出 - インデックス未登録,検出 - インデックス未登録,,,,2026-10-02T01:09:27+00:00
https://schoolwith.me/reviews/35327,口コミ,検出 - インデックス未登録,検出 - インデックス未登録,,,,2026-10-02T01:09:27+00:00
https://schoolwith.me/reviews/35354,口コミ,検出 - インデックス未登録,検出 - インデックス未登録,,,,2026-10-02T01:09:27+00:00
https://schoolwith.me/reviews/35358,口コミ,検出 - インデックス未登録,検出 - インデックス未登録,,,,2026-10-02T01:09:27+00:00
https://schoolwith.me/reviews/35378,口コミ,検出 - インデックス未登録,検出 - インデックス未登録,,,,2026-10-02T01:09:27+00:00
https://schoolwith.me/reviews/35394,口コミ,検出 - インデックス未登録,検出 - インデックス未登録,,,,2026-10-02T01:09:27+00:00
https://schoolwith.me/reviews/35410,口コミ,検出 - インデックス未登録,検出 - インデックス未登録,,,,2026-10-02T01:09:27+00:00
https://schoolwith.me/reviews/35411,口コミ,検出 - インデックス未登録,検出 - インデックス未登録,,,,2026-10-02T01:09:27+00:00
https://schoolwith.me/reviews/35415,口コミ,検出 - インデックス未登録,検出 - インデックス未登録,,,,2026-10-02T01:09:27+00:00
https://schoolwith.me/reviews/35436,口コミ,検出 - インデックス未登録,検出 - インデックス未登録,,,,2026-10-02T01:09:27+00:00
https://schoolwith.me/reviews/35457,口コミ,検出 - インデックス未登録,検出 - インデックス未登録,,,,2026-10-02T01:09:27+00:00
https://schoolwith.me/reviews/35483,口コミ,検出 - インデックス未登録,検出 - インデックス未登録,,,,2026-10-02T01:09:27+00:00
https://schoolwith.me/reviews/35490,口コミ,検出 - インデックス未登録,検出 - インデックス未登録,,,,2026-10-02T01:09:27+00:00
https://schoolwith.me/reviews/35507,口コミ,検出 - インデックス未登録,検出 - インデックス未登録,,,,2026-10-02T01:09:27+00:00
https://schoolwith.me/reviews/35524,口コミ,検出 - インデックス未登録,検出 - インデックス未登録,,,,2026-10-02T01:09:27+00:00
https://schoolwith.me/reviews/35531,口コミ,検出 - インデックス未登録,検出 - インデックス未登録,,,,2026-10-02T01:09:27+00:00
https://schoolwith.me/reviews/35544,口コミ,検出 - インデックス未登録,検出 - インデックス未登録,,,,2026-10-02T01:09:27+00:00
https://schoolwith.me/reviews/35590,口コミ,検出 - インデックス未登録,検出 - インデックス未登録,,,,2026-10-02T01:09:27+00:00
https://schoolwith.me/reviews/35613,口コミ,検出 - インデックス未登録,検出 - インデックス未登録,,,,2026-10-02T01:09:27+00:00
https://schoolwith.me/reviews/35664,口コミ,検出 - インデックス未登録,検出 - インデックス未登録,,,,2026-10-02T01:09:27+00:00
https://schoolwith.me/reviews/35693,口コミ,検出 - インデックス未登録,検出 - インデックス未登録,,,,2026-10-02T01:09:27+00:00
https://schoolwith.me/reviews/35704,口コミ,検出 - インデックス未登録,検出 - インデックス未登録,,,,2026-10-02T01:09:27+00:00
https://schoolwith.me/reviews/35709,口コミ,検出 - インデックス未登録,検出 - インデックス未登録,,,,2026-10-02T01:09:27+00:00
https://schoolwith.me/reviews/35717,口コミ,検出 - インデックス未登録,検出 - インデックス未登録,,,,2026-10-02T01:09:27+00:00
https://schoolwith.me/reviews/35718,口コミ,検出 - インデックス未登録,検出 - インデックス未登録,,,,2026-10-02T01:09:27+00:00
https://schoolwith.me/reviews/35736,口コミ,検出 - インデックス未登録,検出 - インデックス未登録,,,,2026-10-02T01:09:27+00:00
https://schoolwith.me/reviews/35738,口コミ,検出 - インデックス未登録,検出 - インデックス未登録,,,,2026-10-02T01:09:27+00:00
https://schoolwith.me/reviews/35739,口コミ,検出 - インデックス未登録,検出 - インデックス未登録,,,,2026-10-02T01:09:27+00:00
https://schoolwith.me/reviews/35777,口コミ,検出 - インデックス未登録,検出 - インデックス未登録,,,,2026-10-02T01:09:27+00:00
https://schoolwith.me/reviews/35801,口コミ,検出 - インデックス未登録,検出 - インデックス未登録,,,,2026-10-02T01:09:27+00:00
https://schoolwith.me/reviews/35825,口コミ,検出 - インデックス未登録,検出 - インデックス未登録,,,,2026-10-02T01:09:27+00:00
https://schoolwith.me/reviews/35827,口コミ,検出 - インデックス未登録,検出 - インデックス未登録,,,,2026-10-02T01:09:27+00:00
https://schoolwith.me/reviews/35830,口コミ,検出 - インデックス未登録,検出 - インデックス未登録,,,,2026-10-02T01:09:27+00:00
https://schoolwith.me/reviews/35837,口コミ,検出 - インデックス未登録,検出 - インデックス未登録,,,,2026-10-02T01:09:27+00:00
https://schoolwith.me/reviews/35841,口コミ,検出 - インデックス未登録,検出 - インデックス未登録,,,,2026-10-02T01:09:27+00:00
https://schoolwith.me/reviews/35862,口コミ,検出 - インデックス未登録,検出 - インデックス未登録,,,,2026-10-02T01:09:27+00:00
https://schoolwith.me/reviews/35875,口コミ,検出 - インデックス未登録,検出 - インデックス未登録,,,,2026-10-02T01:09:27+00:00
https://schoolwith.me/reviews/35879,口コミ,検出 - インデックス未登録,検出 - インデックス未登録,,,,2026-10-02T01:09:27+00:00
https://schoolwith.me/reviews/35899,口コミ,検出 - インデックス未登録,検出 - インデックス未登録,,,,2026-10-02T01:09:27+00:00
https://schoolwith.me/reviews/35916,口コミ,検出 - インデックス未登録,検出 - インデックス未登録,,,,2026-10-02T01:09:27+00:00
https://schoolwith.me/reviews/35924,口コミ,検出 - インデックス未登録,検出 - インデックス未登録,,,,2026-10-02T01:09:27+00:00
https://schoolwith.me/reviews/35938,口コミ,検出 - インデックス未登録,検出 - インデックス未登録,,,,2026-10-02T01:09:27+00:00
https://schoolwith.me/reviews/35944,口コミ,検出 - インデックス未登録,検出 - インデックス未登録,,,,2026-10-02T01:09:27+00:00
https://schoolwith.me/reviews/35949,口コミ,検出 - インデックス未登録,検出 - インデックス未登録,,,,2026-10-02T01:09:27+00:00
https://schoolwith.me/reviews/35961,口コミ,検出 - インデックス未登録,検出 - インデックス未登録,,,,2026-10-02T01:09:27+00:00
https://schoolwith.me/reviews/35983,口コミ,検出 - インデックス未登録,検出 - インデックス未登録,,,,2026-10-02T01:09:27+00:00
https://schoolwith.me/reviews/35989,口コミ,検出 - インデックス未登録,検出 - インデックス未登録,,,,2026-10-02T01:09:27+00:00
https://schoolwith.me/reviews/36018,口コミ,検出 - インデックス未登録,検出 - インデックス未登録,,,,2026-10-02T01:09:27+00:00
https://schoolwith.me/reviews/36043,口コミ,検出 - インデックス未登録,検出 - インデックス未登録,,,,2026-10-02T01:09:27+00:00
https://schoolwith.me/reviews/36060,口コミ,検出 - インデックス未登録,検出 - インデックス未登録,,,,2026-10-02T01:09:27+00:00
https://schoolwith.me/reviews/36085,口コミ,検出 - インデックス未登録,検出 - インデックス未登録,,,,2026-10-02T01:09:27+00:00
https://schoolwith.me/reviews/36093,口コミ,検出 - インデックス未登録,検出 - インデックス未登録,,,,2026-10-02T01:09:27+00:00
https://schoolwith.me/reviews/36103,口コミ,検出 - インデックス未登録,検出 - インデックス未登録,,,,2026-10-02T01:09:27+00:00
https://schoolwith.me/reviews/36107,口コミ,検出 - インデックス未登録,検出 - インデックス未登録,,,,2026-10-02T01:09:27+00:00
https://schoolwith.me/reviews/36116,口コミ,検出 - インデックス未登録,検出 - インデックス未登録,,,,2026-10-02T01:09:27+00:00
https://schoolwith.me/reviews/36144,口コミ,検出 - インデックス未登録,検出 - インデックス未登録,,,,2026-10-02T01:09:27+00:00
https://schoolwith.me/reviews/36149,口コミ,検出 - インデックス未登録,検出 - インデックス未登録,,,,2026-10-02T01:09:27+00:00
https://schoolwith.me/reviews/36151,口コミ,検出 - インデックス未登録,検出 - インデックス未登録,,,,2026-10-02T01:09:27+00:00
https://schoolwith.me/reviews/36164,口コミ,検出 - インデックス未登録,検出 - インデックス未登録,,,,2026-10-02T01:09:27+00:00
https://schoolwith.me/reviews/36187,口コミ,検出 - インデックス未登録,検出 - インデックス未登録,,,,2026-10-02T01:09:27+00:00
https://schoolwith.me/reviews/36198,口コミ,検出 - インデックス未登録,検出 - インデックス未登録,,,,2026-10-02T01:09:27+00:00
https://schoolwith.me/reviews/36254,口コミ,検出 - インデックス未登録,検出 - インデックス未登録,,,,2026-10-02T01:09:27+00:00
https://schoolwith.me/reviews/36274,口コミ,検出 - インデックス未登録,検出 - インデックス未登録,,,,2026-10-02T01:09:27+00:00
https://schoolwith.me/reviews/36280,口コミ,検出 - インデックス未登録,検出 - インデックス未登録,,,,2026-10-02T01:09:27+00:00
https://schoolwith.me/reviews/36311,口コミ,検出 - インデックス未登録,検出 - インデックス未登録,,,,2026-10-02T01:09:27+00:00
https://schoolwith.me/reviews/36314,口コミ,検出 - インデックス未登録,検出 - インデックス未登録,,,,2026-10-02T01:09:27+00:00
https://schoolwith.me/reviews/36318,口コミ,検出 - インデックス未登録,検出 - インデックス未登録,,,,2026-10-02T01:09:27+00:00
https://schoolwith.me/reviews/36320,口コミ,検出 - インデックス未登録,検出 - インデックス未登録,,,,2026-10-02T01:09:27+00:00
https://schoolwith.me/reviews/36321,口コミ,検出 - インデックス未登録,検出 - インデックス未登録,,,,2026-10-02T01:09:27+00:00
https://schoolwith.me/reviews/36322,口コミ,検出 - インデックス未登録,検出 - インデックス未登録,,,,2026-10-02T01:09:27+00:00
https://schoolwith.me/reviews/36324,口コミ,検出 - インデックス未登録,検出 - インデックス未登録,,,,2026-10-02T01:09:27+00:00
https://schoolwith.me/reviews/36327,口コミ,検出 - インデックス未登録,検出 - インデックス未登録,,,,2026-10-02T01:09:27+00:00
https://schoolwith.me/reviews/36328,口コミ,検出 - インデックス未登録,検出 - インデックス未登録,,,,2026-10-02T01:09:27+00:00
https://schoolwith.me/reviews/36334,口コミ,検出 - インデックス未登録,検出 - インデックス未登録,,,,2026-10-02T01:09:27+00:00
https://schoolwith.me/reviews/36348,口コミ,検出 - インデックス未登録,検出 - インデックス未登録,,,,2026-10-02T01:09:27+00:00
https://schoolwith.me/reviews/36368,口コミ,検出 - インデックス未登録,検出 - インデックス未登録,,,,2026-10-02T01:09:27+00:00
https://schoolwith.me/reviews/36381,口コミ,検出 - インデックス未登録,検出 - インデックス未登録,,,,2026-10-02T01:09:27+00:00
https://schoolwith.me/reviews/36382,口コミ,検出 - インデックス未登録,検出 - インデックス未登録,,,,2026-10-02T01:09:27+00:00
https://schoolwith.me/reviews/36389,口コミ,検出 - インデックス未登録,検出 - インデックス未登録,,,,2026-10-02T01:09:27+00:00
https://schoolwith.me/reviews/36395,口コミ,検出 - インデックス未登録,検出 - インデックス未登録,,,,2026-10-02T01:09:27+00:00
https://schoolwith.me/reviews/36400,口コミ,検出 - インデックス未登録,検出 - インデックス未登録,,,,2026-10-02T01:09:27+00:00
https://schoolwith.me/reviews/36418,口コミ,検出 - インデックス未登録,検出 - インデックス未登録,,,,2026-10-02T01:09:27+00:00
https://schoolwith.me/reviews/36426,口コミ,検出 - インデックス未登録,検出 - インデックス未登録,,,,2026-10-02T01:09:27+00:00
https://schoolwith.me/reviews/36429,口コミ,検出 - インデックス未登録,検出 - インデックス未登録,,,,2026-10-02T01:09:27+00:00
https://schoolwith.me/reviews/36433,口コミ,検出 - インデックス未登録,検出 - インデックス未登録,,,,2026-10-02T01:09:27+00:00
https://schoolwith.me/reviews/36442,口コミ,検出 - インデックス未登録,検出 - インデックス未登録,,,,2026-10-02T01:09:27+00:00
https://schoolwith.me/reviews/36445,口コミ,検出 - インデックス未登録,検出 - インデックス未登録,,,,2026-10-02T01:09:27+00:00
https://schoolwith.me/reviews/36449,口コミ,検出 - インデックス未登録,検出 - インデックス未登録,,,,2026-10-02T01:09:27+00:00
https://schoolwith.me/reviews/36465,口コミ,検出 - インデックス未登録,検出 - インデックス未登録,,,,2026-10-02T01:09:27+00:00
https://schoolwith.me/reviews/36477,口コミ,検出 - インデックス未登録,検出 - インデックス未登録,,,,2026-10-02T01:09:27+00:00
https://schoolwith.me/reviews/36517,口コミ,検出 - インデックス未登録,検出 - インデックス未登録,,,,2026-10-02T01:09:27+00:00
https://schoolwith.me/reviews/36541,口コミ,検出 - インデックス未登録,検出 - インデックス未登録,,,,2026-10-02T01:09:27+00:00
https://schoolwith.me/reviews/36545,口コミ,検出 - インデックス未登録,検出 - インデックス未登録,,,,2026-10-02T01:09:27+00:00
https://schoolwith.me/reviews/36556,口コミ,検出 - インデックス未登録,検出 - インデックス未登録,,,,2026-10-02T01:09:27+00:00
https://schoolwith.me/reviews/36565,口コミ,検出 - インデックス未登録,検出 - インデックス未登録,,,,2026-10-02T01:09:27+00:00
https://schoolwith.me/reviews/36569,口コミ,検出 - インデックス未登録,検出 - インデックス未登録,,,,2026-10-02T01:09:27+00:00
https://schoolwith.me/reviews/36600,口コミ,検出 - インデックス未登録,検出 - インデックス未登録,,,,2026-10-02T01:09:27+00:00
https://schoolwith.me/reviews/36623,口コミ,検出 - インデックス未登録,検出 - インデックス未登録,,,,2026-10-02T01:09:27+00:00
https://schoolwith.me/reviews/36630,口コミ,検出 - インデックス未登録,検出 - インデックス未登録,,,,2026-10-02T01:09:27+00:00
https://schoolwith.me/reviews/36638,口コミ,検出 - インデックス未登録,検出 - インデックス未登録,,,,2026-10-02T01:09:27+00:00
https://schoolwith.me/reviews/36639,口コミ,検出 - インデックス未登録,検出 - インデックス未登録,,,,2026-10-02T01:09:27+00:00
https://schoolwith.me/reviews/36646,口コミ,検出 - インデックス未登録,検出 - インデックス未登録,,,,2026-10-02T01:09:27+00:00
https://schoolwith.me/reviews/36663,口コミ,検出 - インデックス未登録,検出 - インデックス未登録,,,,2026-10-02T01:09:27+00:00
https://schoolwith.me/reviews/36672,口コミ,検出 - インデックス未登録,検出 - インデックス未登録,,,,2026-10-02T01:09:27+00:00
https://schoolwith.me/reviews/36703,口コミ,検出 - インデックス未登録,検出 - インデックス未登録,,,,2026-10-02T01:09:27+00:00
https://schoolwith.me/reviews/36714,口コミ,検出 - インデックス未登録,検出 - インデックス未登録,,,,2026-10-02T01:09:27+00:00
https://schoolwith.me/reviews/36715,口コミ,検出 - インデックス未登録,検出 - インデックス未登録,,,,2026-10-02T01:09:27+00:00
https://schoolwith.me/reviews/36719,口コミ,検出 - インデックス未登録,検出 - インデックス未登録,,,,2026-10-02T01:09:27+00:00
https://schoolwith.me/reviews/36722,口コミ,検出 - インデックス未登録,検出 - インデックス未登録,,,,2026-10-02T01:09:27+00:00
https://schoolwith.me/reviews/36748,口コミ,検出 - インデックス未登録,検出 - インデックス未登録,,,,2026-10-02T01:09:27+00:00
https://schoolwith.me/reviews/36780,口コミ,検出 - インデックス未登録,検出 - インデックス未登録,,,,2026-10-02T01:09:27+00:00
https://schoolwith.me/reviews/36782,口コミ,検出 - インデックス未登録,検出 - インデックス未登録,,,,2026-10-02T01:09:27+00:00
https://schoolwith.me/reviews/36787,口コミ,検出 - インデックス未登録,検出 - インデックス未登録,,,,2026-10-02T01:09:27+00:00
https://schoolwith.me/reviews/36826,口コミ,検出 - インデックス未登録,検出 - インデックス未登録,,,,2026-10-02T01:09:27+00:00
https://schoolwith.me/reviews/36827,口コミ,検出 - インデックス未登録,検出 - インデックス未登録,,,,2026-10-02T01:09:27+00:00
https://schoolwith.me/reviews/36832,口コミ,検出 - インデックス未登録,検出 - インデックス未登録,,,,2026-10-02T01:09:27+00:00
https://schoolwith.me/reviews/36869,口コミ,検出 - インデックス未登録,検出 - インデックス未登録,,,,2026-10-02T01:09:27+00:00
https://schoolwith.me/reviews/36889,口コミ,検出 - インデックス未登録,検出 - インデックス未登録,,,,2026-10-02T01:09:27+00:00
https://schoolwith.me/reviews/36912,口コミ,検出 - インデックス未登録,検出 - インデックス未登録,,,,2026-10-02T01:09:27+00:00
https://schoolwith.me/reviews/36917,口コミ,検出 - インデックス未登録,検出 - インデックス未登録,,,,2026-10-02T01:09:27+00:00
https://schoolwith.me/reviews/36977,口コミ,検出 - インデックス未登録,検出 - インデックス未登録,,,,2026-10-02T01:09:27+00:00
https://schoolwith.me/reviews/37005,口コミ,検出 - インデックス未登録,検出 - インデックス未登録,,,,2026-10-02T01:09:27+00:00
https://schoolwith.me/reviews/37030,口コミ,検出 - インデックス未登録,検出 - インデックス未登録,,,,2026-10-02T01:09:27+00:00
https://schoolwith.me/reviews/37035,口コミ,検出 - インデックス未登録,検出 - インデックス未登録,,,,2026-10-02T01:09:27+00:00
https://schoolwith.me/reviews/37056,口コミ,検出 - インデックス未登録,検出 - インデックス未登録,,,,2026-10-03T00:47:34+00:00
https://schoolwith.me/reviews/37068,口コミ,検出 - インデックス未登録,検出 - インデックス未登録,,,,2026-10-03T00:47:34+00:00
https://schoolwith.me/reviews/37106,口コミ,検出 - インデックス未登録,検出 - インデックス未登録,,,,2026-10-03T00:47:34+00:00
https://schoolwith.me/reviews/37109,口コミ,検出 - インデックス未登録,検出 - インデックス未登録,,,,2026-10-03T00:47:34+00:00
https://schoolwith.me/reviews/37120,口コミ,検出 - インデックス未登録,検出 - インデックス未登録,,,,2026-10-03T00:47:34+00:00
https://schoolwith.me/reviews/37195,口コミ,検出 - インデックス未登録,検出 - インデックス未登録,,,,2026-10-03T00:47:34+00:00
https://schoolwith.me/reviews/37197,口コミ,検出 - インデックス未登録,検出 - インデックス未登録,,,,2026-10-03T00:47:34+00:00
https://schoolwith.me/reviews/37199,口コミ,検出 - インデックス未登録,検出 - インデックス未登録,,,,2026-10-03T00:47:34+00:00
https://schoolwith.me/reviews/37256,口コミ,検出 - インデックス未登録,検出 - インデックス未登録,,,,2026-10-03T00:47:34+00:00
https://schoolwith.me/reviews/37263,口コミ,検出 - インデックス未登録,検出 - インデックス未登録,,,,2026-10-03T00:47:34+00:00
https://schoolwith.me/reviews/37267,口コミ,検出 - インデックス未登録,検出 - インデックス未登録,,,,2026-10-03T00:47:34+00:00
https://schoolwith.me/reviews/37274,口コミ,検出 - インデックス未登録,検出 - インデックス未登録,,,,2026-10-03T00:47:34+00:00
https://schoolwith.me/reviews/37281,口コミ,検出 - インデックス未登録,検出 - インデックス未登録,,,,2026-10-03T00:47:34+00:00
https://schoolwith.me/reviews/37308,口コミ,検出 - インデックス未登録,検出 - インデックス未登録,,,,2026-10-03T00:47:34+00:00
https://schoolwith.me/reviews/37319,口コミ,検出 - インデックス未登録,検出 - インデックス未登録,,,,2026-10-03T00:47:34+00:00
https://schoolwith.me/reviews/37328,口コミ,検出 - インデックス未登録,検出 - インデックス未登録,,,,2026-10-03T00:47:34+00:00
https://schoolwith.me/reviews/37330,口コミ,検出 - インデックス未登録,検出 - インデックス未登録,,,,2026-10-03T00:47:34+00:00
https://schoolwith.me/reviews/37335,口コミ,検出 - インデックス未登録,検出 - インデックス未登録,,,,2026-10-03T00:47:34+00:00
https://schoolwith.me/reviews/37346,口コミ,検出 - インデックス未登録,検出 - インデックス未登録,,,,2026-10-03T00:47:34+00:00
https://schoolwith.me/reviews/37380,口コミ,検出 - インデックス未登録,検出 - インデックス未登録,,,,2026-10-03T00:47:34+00:00
https://schoolwith.me/reviews/37406,口コミ,検出 - インデックス未登録,検出 - インデックス未登録,,,,2026-10-03T00:47:34+00:00
https://schoolwith.me/reviews/37409,口コミ,検出 - インデックス未登録,検出 - インデックス未登録,,,,2026-10-03T00:47:34+00:00
https://schoolwith.me/reviews/37420,口コミ,検出 - インデックス未登録,検出 - インデックス未登録,,,,2026-10-03T00:47:34+00:00
https://schoolwith.me/reviews/37439,口コミ,検出 - インデックス未登録,検出 - インデックス未登録,,,,2026-10-03T00:47:34+00:00
https://schoolwith.me/reviews/37454,口コミ,検出 - インデックス未登録,検出 - インデックス未登録,,,,2026-10-03T00:47:34+00:00
https://schoolwith.me/reviews/37465,口コミ,検出 - インデックス未登録,検出 - インデックス未登録,,,,2026-10-03T00:47:34+00:00
https://schoolwith.me/reviews/37471,口コミ,検出 - インデックス未登録,検出 - インデックス未登録,,,,2026-10-03T00:47:34+00:00
https://schoolwith.me/reviews/37486,口コミ,検出 - インデックス未登録,検出 - インデックス未登録,,,,2026-10-03T00:47:34+00:00
https://schoolwith.me/reviews/37487,口コミ,検出 - インデックス未登録,検出 - インデックス未登録,,,,2026-10-03T00:47:34+00:00
https://schoolwith.me/reviews/37500,口コミ,検出 - インデックス未登録,検出 - インデックス未登録,,,,2026-10-03T00:47:34+00:00
https://schoolwith.me/reviews/37509,口コミ,検出 - インデックス未登録,検出 - インデックス未登録,,,,2026-10-03T00:47:34+00:00
https://schoolwith.me/reviews/37512,口コミ,検出 - インデックス未登録,検出 - インデックス未登録,,,,2026-10-03T00:47:34+00:00
https://schoolwith.me/reviews/37557,口コミ,検出 - インデックス未登録,検出 - インデックス未登録,,,,2026-10-03T00:47:34+00:00
https://schoolwith.me/reviews/37558,口コミ,検出 - インデックス未登録,検出 - インデックス未登録,,,,2026-10-03T00:47:34+00:00
https://schoolwith.me/reviews/37563,口コミ,検出 - インデックス未登録,検出 - インデックス未登録,,,,2026-10-03T00:47:34+00:00
https://schoolwith.me/reviews/37573,口コミ,検出 - インデックス未登録,検出 - インデックス未登録,,,,2026-10-03T00:47:34+00:00
https://schoolwith.me/reviews/37580,口コミ,検出 - インデックス未登録,検出 - インデックス未登録,,,,2026-10-03T00:47:34+00:00
https://schoolwith.me/reviews/37581,口コミ,検出 - インデックス未登録,検出 - インデックス未登録,,,,2026-10-03T00:47:34+00:00
https://schoolwith.me/reviews/37582,口コミ,検出 - インデックス未登録,検出 - インデックス未登録,,,,2026-10-03T00:47:34+00:00
https://schoolwith.me/reviews/37608,口コミ,検出 - インデックス未登録,検出 - インデックス未登録,,,,2026-10-03T00:47:34+00:00
https://schoolwith.me/reviews/37614,口コミ,検出 - インデックス未登録,検出 - インデックス未登録,,,,2026-10-03T00:47:34+00:00
https://schoolwith.me/reviews/37624,口コミ,検出 - インデックス未登録,検出 - インデックス未登録,,,,2026-10-03T00:47:34+00:00
https://schoolwith.me/reviews/37646,口コミ,検出 - インデックス未登録,検出 - インデックス未登録,,,,2026-10-03T00:47:34+00:00
https://schoolwith.me/reviews/37648,口コミ,検出 - インデックス未登録,検出 - インデックス未登録,,,,2026-10-03T00:47:34+00:00
https://schoolwith.me/reviews/37655,口コミ,検出 - インデックス未登録,検出 - インデックス未登録,,,,2026-10-03T00:47:34+00:00
https://schoolwith.me/reviews/37658,口コミ,検出 - インデックス未登録,検出 - インデックス未登録,,,,2026-10-03T00:47:34+00:00
https://schoolwith.me/reviews/37667,口コミ,検出 - インデックス未登録,検出 - インデックス未登録,,,,2026-10-03T00:47:34+00:00
https://schoolwith.me/reviews/37672,口コミ,検出 - インデックス未登録,検出 - インデックス未登録,,,,2026-10-03T00:47:34+00:00
https://schoolwith.me/reviews/37679,口コミ,検出 - インデックス未登録,検出 - インデックス未登録,,,,2026-10-03T00:47:34+00:00
https://schoolwith.me/reviews/37712,口コミ,検出 - インデックス未登録,検出 - インデックス未登録,,,,2026-10-03T00:47:34+00:00
https://schoolwith.me/reviews/37723,口コミ,検出 - インデックス未登録,検出 - インデックス未登録,,,,2026-10-03T00:47:34+00:00
https://schoolwith.me/reviews/37727,口コミ,検出 - インデックス未登録,検出 - インデックス未登録,,,,2026-10-03T00:47:34+00:00
https://schoolwith.me/reviews/37733,口コミ,検出 - インデックス未登録,検出 - インデックス未登録,,,,2026-10-03T00:47:34+00:00
https://schoolwith.me/reviews/37748,口コミ,検出 - インデックス未登録,検出 - インデックス未登録,,,,2026-10-03T00:47:34+00:00
https://schoolwith.me/reviews/37751,口コミ,検出 - インデックス未登録,検出 - インデックス未登録,,,,2026-10-03T00:47:34+00:00
https://schoolwith.me/reviews/37753,口コミ,検出 - インデックス未登録,検出 - インデックス未登録,,,,2026-10-03T00:47:34+00:00
https://schoolwith.me/reviews/37764,口コミ,検出 - インデックス未登録,検出 - インデックス未登録,,,,2026-10-03T00:47:34+00:00
https://schoolwith.me/reviews/37765,口コミ,検出 - インデックス未登録,検出 - インデックス未登録,,,,2026-10-03T00:47:34+00:00
https://schoolwith.me/reviews/37792,口コミ,検出 - インデックス未登録,検出 - インデックス未登録,,,,2026-10-03T00:47:34+00:00
https://schoolwith.me/reviews/37849,口コミ,検出 - インデックス未登録,検出 - インデックス未登録,,,,2026-10-03T00:47:34+00:00
https://schoolwith.me/reviews/37868,口コミ,検出 - インデックス未登録,検出 - インデックス未登録,,,,2026-10-03T00:47:34+00:00
https://schoolwith.me/reviews/37894,口コミ,検出 - インデックス未登録,検出 - インデックス未登録,,,,2026-10-03T00:47:34+00:00
https://schoolwith.me/reviews/37896,口コミ,検出 - インデックス未登録,検出 - インデックス未登録,,,,2026-10-03T00:47:34+00:00
https://schoolwith.me/reviews/37901,口コミ,検出 - インデックス未登録,検出 - インデックス未登録,,,,2026-10-03T00:47:34+00:00
https://schoolwith.me/reviews/37917,口コミ,検出 - インデックス未登録,検出 - インデックス未登録,,,,2026-10-03T00:47:34+00:00
https://schoolwith.me/reviews/37923,口コミ,検出 - インデックス未登録,検出 - インデックス未登録,,,,2026-10-03T00:47:34+00:00
https://schoolwith.me/reviews/37930,口コミ,検出 - インデックス未登録,検出 - インデックス未登録,,,,2026-10-03T00:47:34+00:00
https://schoolwith.me/reviews/37937,口コミ,検出 - インデックス未登録,検出 - インデックス未登録,,,,2026-10-03T00:47:34+00:00
https://schoolwith.me/reviews/37955,口コミ,検出 - インデックス未登録,検出 - インデックス未登録,,,,2026-10-03T00:47:34+00:00
https://schoolwith.me/reviews/37960,口コミ,検出 - インデックス未登録,検出 - インデックス未登録,,,,2026-10-03T00:47:34+00:00
https://schoolwith.me/reviews/37965,口コミ,検出 - インデックス未登録,検出 - インデックス未登録,,,,2026-10-03T00:47:34+00:00
https://schoolwith.me/reviews/37983,口コミ,検出 - インデックス未登録,検出 - インデックス未登録,,,,2026-10-03T00:47:34+00:00
https://schoolwith.me/reviews/38060,口コミ,検出 - インデックス未登録,検出 - インデックス未登録,,,,2026-10-03T00:47:34+00:00
https://schoolwith.me/reviews/38061,口コミ,検出 - インデックス未登録,検出 - インデックス未登録,,,,2026-10-03T00:47:34+00:00
https://schoolwith.me/reviews/38068,口コミ,検出 - インデックス未登録,検出 - インデックス未登録,,,,2026-10-03T00:47:34+00:00
https://schoolwith.me/reviews/38079,口コミ,検出 - インデックス未登録,検出 - インデックス未登録,,,,2026-10-03T00:47:34+00:00
https://schoolwith.me/reviews/38085,口コミ,検出 - インデックス未登録,検出 - インデックス未登録,,,,2026-10-03T00:47:34+00:00
https://schoolwith.me/reviews/38111,口コミ,検出 - インデックス未登録,検出 - インデックス未登録,,,,2026-10-03T00:47:34+00:00
https://schoolwith.me/reviews/38113,口コミ,検出 - インデックス未登録,検出 - インデックス未登録,,,,2026-10-03T00:47:34+00:00
https://schoolwith.me/reviews/38125,口コミ,検出 - インデックス未登録,検出 - インデックス未登録,,,,2026-10-03T00:47:34+00:00
https://schoolwith.me/reviews/38133,口コミ,検出 - インデックス未登録,検出 - インデックス未登録,,,,2026-10-03T00:47:34+00:00
https://schoolwith.me/reviews/38136,口コミ,検出 - インデックス未登録,検出 - インデックス未登録,,,,2026-10-03T00:47:34+00:00
https://schoolwith.me/reviews/38138,口コミ,検出 - インデックス未登録,検出 - インデックス未登録,,,,2026-10-03T00:47:34+00:00
https://schoolwith.me/reviews/38159,口コミ,検出 - インデックス未登録,検出 - インデックス未登録,,,,2026-10-03T00:47:34+00:00
https://schoolwith.me/reviews/38160,口コミ,検出 - インデックス未登録,検出 - インデックス未登録,,,,2026-10-03T00:47:34+00:00
https://schoolwith.me/reviews/38163,口コミ,検出 - インデックス未登録,検出 - インデックス未登録,,,,2026-10-03T00:47:34+00:00
https://schoolwith.me/reviews/38187,口コミ,検出 - インデックス未登録,検出 - インデックス未登録,,,,2026-10-03T00:47:34+00:00
https://schoolwith.me/reviews/38190,口コミ,検出 - インデックス未登録,検出 - インデックス未登録,,,,2026-10-03T00:47:34+00:00
https://schoolwith.me/reviews/38198,口コミ,検出 - インデックス未登録,検出 - インデックス未登録,,,,2026-10-03T00:47:34+00:00
https://schoolwith.me/reviews/38204,口コミ,検出 - インデックス未登録,検出 - インデックス未登録,,,,2026-10-03T00:47:34+00:00
https://schoolwith.me/reviews/38226,口コミ,検出 - インデックス未登録,検出 - インデックス未登録,,,,2026-10-03T00:47:34+00:00
https://schoolwith.me/reviews/38236,口コミ,検出 - インデックス未登録,検出 - インデックス未登録,,,,2026-10-03T00:47:34+00:00
https://schoolwith.me/reviews/38242,口コミ,検出 - インデックス未登録,検出 - インデックス未登録,,,,2026-10-03T00:47:34+00:00
https://schoolwith.me/reviews/38267,口コミ,検出 - インデックス未登録,検出 - インデックス未登録,,,,2026-10-03T00:47:34+00:00
https://schoolwith.me/reviews/38298,口コミ,検出 - インデックス未登録,検出 - インデックス未登録,,,,2026-10-03T00:47:34+00:00
https://schoolwith.me/reviews/38311,口コミ,検出 - インデックス未登録,検出 - インデックス未登録,,,,2026-10-03T00:47:34+00:00
https://schoolwith.me/reviews/38371,口コミ,検出 - インデックス未登録,検出 - インデックス未登録,,,,2026-10-03T00:47:34+00:00
https://schoolwith.me/reviews/38416,口コミ,検出 - インデックス未登録,検出 - インデックス未登録,,,,2026-10-03T00:47:34+00:00
https://schoolwith.me/reviews/38451,口コミ,検出 - インデックス未登録,検出 - インデックス未登録,,,,2026-10-03T00:47:34+00:00
https://schoolwith.me/reviews/38494,口コミ,検出 - インデックス未登録,検出 - インデックス未登録,,,,2026-10-03T00:47:34+00:00
https://schoolwith.me/reviews/38515,口コミ,検出 - インデックス未登録,検出 - インデックス未登録,,,,2026-10-03T00:47:34+00:00
https://schoolwith.me/reviews/38557,口コミ,検出 - インデックス未登録,検出 - インデックス未登録,,,,2026-10-03T00:47:34+00:00
https://schoolwith.me/reviews/38568,口コミ,検出 - インデックス未登録,検出 - インデックス未登録,,,,2026-10-03T00:47:34+00:00
https://schoolwith.me/reviews/38574,口コミ,検出 - インデックス未登録,検出 - インデックス未登録,,,,2026-10-03T00:47:34+00:00
https://schoolwith.me/reviews/38575,口コミ,検出 - インデックス未登録,検出 - インデックス未登録,,,,2026-10-03T00:47:34+00:00
https://schoolwith.me/reviews/38613,口コミ,検出 - インデックス未登録,検出 - インデックス未登録,,,,2026-10-03T00:47:34+00:00
https://schoolwith.me/reviews/38696,口コミ,検出 - インデックス未登録,検出 - インデックス未登録,,,,2026-10-03T00:47:34+00:00
https://schoolwith.me/reviews/38730,口コミ,検出 - インデックス未登録,検出 - インデックス未登録,,,,2026-10-03T00:47:34+00:00
https://schoolwith.me/reviews/38767,口コミ,検出 - インデックス未登録,検出 - インデックス未登録,,,,2026-10-03T00:47:34+00:00
https://schoolwith.me/reviews/38777,口コミ,検出 - インデックス未登録,検出 - インデックス未登録,,,,2026-10-03T00:47:34+00:00
https://schoolwith.me/reviews/38799,口コミ,検出 - インデックス未登録,検出 - インデックス未登録,,,,2026-10-03T00:47:34+00:00
https://schoolwith.me/reviews/38816,口コミ,検出 - インデックス未登録,検出 - インデックス未登録,,,,2026-10-03T00:47:34+00:00
https://schoolwith.me/reviews/38837,口コミ,検出 - インデックス未登録,検出 - インデックス未登録,,,,2026-10-03T00:47:34+00:00
https://schoolwith.me/reviews/38850,口コミ,検出 - インデックス未登録,検出 - インデックス未登録,,,,2026-10-03T00:47:34+00:00
https://schoolwith.me/reviews/38879,口コミ,検出 - インデックス未登録,検出 - インデックス未登録,,,,2026-10-03T00:47:34+00:00
https://schoolwith.me/reviews/38894,口コミ,検出 - インデックス未登録,検出 - インデックス未登録,,,,2026-10-03T00:47:34+00:00
https://schoolwith.me/reviews/38898,口コミ,検出 - インデックス未登録,検出 - インデックス未登録,,,,2026-10-03T00:47:34+00:00
https://schoolwith.me/reviews/38918,口コミ,検出 - インデックス未登録,検出 - インデックス未登録,,,,2026-10-03T00:47:34+00:00
https://schoolwith.me/reviews/38974,口コミ,検出 - インデックス未登録,検出 - インデックス未登録,,,,2026-10-03T00:47:34+00:00
https://schoolwith.me/reviews/38979,口コミ,検出 - インデックス未登録,検出 - インデックス未登録,,,,2026-10-03T00:47:34+00:00
https://schoolwith.me/reviews/39027,口コミ,検出 - インデックス未登録,検出 - インデックス未登録,,,,2026-10-03T00:47:34+00:00
https://schoolwith.me/reviews/39036,口コミ,検出 - インデックス未登録,検出 - インデックス未登録,,,,2026-10-03T00:47:34+00:00
https://schoolwith.me/reviews/39078,口コミ,検出 - インデックス未登録,検出 - インデックス未登録,,,,2026-10-03T00:47:34+00:00
https://schoolwith.me/reviews/39083,口コミ,検出 - インデックス未登録,検出 - インデックス未登録,,,,2026-10-03T00:47:34+00:00
https://schoolwith.me/reviews/39142,口コミ,検出 - インデックス未登録,検出 - インデックス未登録,,,,2026-10-03T00:47:34+00:00
https://schoolwith.me/reviews/39149,口コミ,検出 - インデックス未登録,検出 - インデックス未登録,,,,2026-10-03T00:47:34+00:00
https://schoolwith.me/reviews/39160,口コミ,検出 - インデックス未登録,検出 - インデックス未登録,,,,2026-10-03T00:47:34+00:00
https://schoolwith.me/reviews/39171,口コミ,検出 - インデックス未登録,検出 - インデックス未登録,,,,2026-10-03T00:47:34+00:00
https://schoolwith.me/reviews/39184,口コミ,検出 - インデックス未登録,検出 - インデックス未登録,,,,2026-10-03T00:47:34+00:00
https://schoolwith.me/reviews/39221,口コミ,検出 - インデックス未登録,検出 - インデックス未登録,,,,2026-10-03T00:47:34+00:00
https://schoolwith.me/reviews/39300,口コミ,検出 - インデックス未登録,検出 - インデックス未登録,,,,2026-10-03T00:47:34+00:00
https://schoolwith.me/reviews/39321,口コミ,検出 - インデックス未登録,検出 - インデックス未登録,,,,2026-10-03T00:47:34+00:00
https://schoolwith.me/reviews/39323,口コミ,検出 - インデックス未登録,検出 - インデックス未登録,,,,2026-10-03T00:47:34+00:00
https://schoolwith.me/reviews/39351,口コミ,検出 - インデックス未登録,検出 - インデックス未登録,,,,2026-10-03T00:47:34+00:00
https://schoolwith.me/reviews/39360,口コミ,検出 - インデックス未登録,検出 - インデックス未登録,,,,2026-10-03T00:47:34+00:00
https://schoolwith.me/reviews/39361,口コミ,検出 - インデックス未登録,検出 - インデックス未登録,,,,2026-10-03T00:47:34+00:00
https://schoolwith.me/reviews/39397,口コミ,検出 - インデックス未登録,検出 - インデックス未登録,,,,2026-10-03T00:47:34+00:00
https://schoolwith.me/reviews/39407,口コミ,検出 - インデックス未登録,検出 - インデックス未登録,,,,2026-10-03T00:47:34+00:00
https://schoolwith.me/reviews/39425,口コミ,検出 - インデックス未登録,検出 - インデックス未登録,,,,2026-10-03T00:47:34+00:00
https://schoolwith.me/reviews/39451,口コミ,検出 - インデックス未登録,検出 - インデックス未登録,,,,2026-10-03T00:47:34+00:00
https://schoolwith.me/reviews/39461,口コミ,検出 - インデックス未登録,検出 - インデックス未登録,,,,2026-10-03T00:47:34+00:00
https://schoolwith.me/reviews/39492,口コミ,検出 - インデックス未登録,検出 - インデックス未登録,,,,2026-10-03T00:47:34+00:00
https://schoolwith.me/reviews/39516,口コミ,検出 - インデックス未登録,検出 - インデックス未登録,,,,2026-10-03T00:47:34+00:00
https://schoolwith.me/reviews/39540,口コミ,検出 - インデックス未登録,検出 - インデックス未登録,,,,2026-10-03T00:47:34+00:00
https://schoolwith.me/reviews/39552,口コミ,検出 - インデックス未登録,検出 - インデックス未登録,,,,2026-10-03T00:47:34+00:00
https://schoolwith.me/reviews/39577,口コミ,検出 - インデックス未登録,検出 - インデックス未登録,,,,2026-10-03T00:47:34+00:00
https://schoolwith.me/reviews/39611,口コミ,検出 - インデックス未登録,検出 - インデックス未登録,,,,2026-10-03T00:47:34+00:00
https://schoolwith.me/reviews/39614,口コミ,検出 - インデックス未登録,検出 - インデックス未登録,,,,2026-10-03T00:47:34+00:00
https://schoolwith.me/reviews/39636,口コミ,検出 - インデックス未登録,検出 - インデックス未登録,,,,2026-10-03T00:47:34+00:00
https://schoolwith.me/reviews/39643,口コミ,検出 - インデックス未登録,検出 - インデックス未登録,,,,2026-10-03T00:47:34+00:00
https://schoolwith.me/reviews/39653,口コミ,検出 - インデックス未登録,検出 - インデックス未登録,,,,2026-10-03T00:47:34+00:00
https://schoolwith.me/reviews/39655,口コミ,検出 - インデックス未登録,検出 - インデックス未登録,,,,2026-10-03T00:47:34+00:00
https://schoolwith.me/reviews/39657,口コミ,検出 - インデックス未登録,検出 - インデックス未登録,,,,2026-10-03T00:47:34+00:00
https://schoolwith.me/reviews/39664,口コミ,検出 - インデックス未登録,検出 - インデックス未登録,,,,2026-10-03T00:47:34+00:00
https://schoolwith.me/reviews/39669,口コミ,検出 - インデックス未登録,検出 - インデックス未登録,,,,2026-10-03T00:47:34+00:00
https://schoolwith.me/reviews/39671,口コミ,検出 - インデックス未登録,検出 - インデックス未登録,,,,2026-10-03T00:47:34+00:00
https://schoolwith.me/reviews/39683,口コミ,検出 - インデックス未登録,検出 - インデックス未登録,,,,2026-10-03T00:47:34+00:00
https://schoolwith.me/reviews/39684,口コミ,検出 - インデックス未登録,検出 - インデックス未登録,,,,2026-10-03T00:47:34+00:00
https://schoolwith.me/reviews/39687,口コミ,検出 - インデックス未登録,検出 - インデックス未登録,,,,2026-10-03T00:47:34+00:00
https://schoolwith.me/reviews/39690,口コミ,検出 - インデックス未登録,検出 - インデックス未登録,,,,2026-10-03T00:47:34+00:00
https://schoolwith.me/reviews/39692,口コミ,検出 - インデックス未登録,検出 - インデックス未登録,,,,2026-10-03T00:47:34+00:00
https://schoolwith.me/reviews/39693,口コミ,検出 - インデックス未登録,検出 - インデックス未登録,,,,2026-10-03T00:47:34+00:00
https://schoolwith.me/reviews/39792,口コミ,検出 - インデックス未登録,検出 - インデックス未登録,,,,2026-10-03T00:47:34+00:00
https://schoolwith.me/reviews/39800,口コミ,検出 - インデックス未登録,検出 - インデックス未登録,,,,2026-10-03T00:47:34+00:00
https://schoolwith.me/reviews/39802,口コミ,検出 - インデックス未登録,検出 - インデックス未登録,,,,2026-10-03T00:47:34+00:00
https://schoolwith.me/reviews/39809,口コミ,検出 - インデックス未登録,検出 - インデックス未登録,,,,2026-10-03T00:47:34+00:00
https://schoolwith.me/reviews/39814,口コミ,検出 - インデックス未登録,検出 - インデックス未登録,,,,2026-10-03T00:47:34+00:00
https://schoolwith.me/reviews/39817,口コミ,検出 - インデックス未登録,検出 - インデックス未登録,,,,2026-10-03T00:47:34+00:00
https://schoolwith.me/reviews/39843,口コミ,検出 - インデックス未登録,検出 - インデックス未登録,,,,2026-10-03T00:47:34+00:00
https://schoolwith.me/reviews/39855,口コミ,検出 - インデックス未登録,検出 - インデックス未登録,,,,2026-10-03T00:47:34+00:00
https://schoolwith.me/reviews/39860,口コミ,検出 - インデックス未登録,検出 - インデックス未登録,,,,2026-10-03T00:47:34+00:00
https://schoolwith.me/reviews/39870,口コミ,検出 - インデックス未登録,検出 - インデックス未登録,,,,2026-10-03T00:47:34+00:00
https://schoolwith.me/reviews/39875,口コミ,検出 - インデックス未登録,検出 - インデックス未登録,,,,2026-10-03T00:47:34+00:00
https://schoolwith.me/reviews/39895,口コミ,検出 - インデックス未登録,検出 - インデックス未登録,,,,2026-10-03T00:47:34+00:00
https://schoolwith.me/reviews/39899,口コミ,検出 - インデックス未登録,検出 - インデックス未登録,,,,2026-10-03T00:47:34+00:00
https://schoolwith.me/reviews/39900,口コミ,検出 - インデックス未登録,検出 - インデックス未登録,,,,2026-10-03T00:47:34+00:00
https://schoolwith.me/reviews/39903,口コミ,検出 - インデックス未登録,検出 - インデックス未登録,,,,2026-10-03T00:47:34+00:00
https://schoolwith.me/reviews/39937,口コミ,検出 - インデックス未登録,検出 - インデックス未登録,,,,2026-10-03T00:47:34+00:00
https://schoolwith.me/reviews/39945,口コミ,検出 - インデックス未登録,検出 - インデックス未登録,,,,2026-10-03T00:47:34+00:00
https://schoolwith.me/reviews/39950,口コミ,検出 - インデックス未登録,検出 - インデックス未登録,,,,2026-10-03T00:47:34+00:00
https://schoolwith.me/reviews/39963,口コミ,検出 - インデックス未登録,検出 - インデックス未登録,,,,2026-10-03T00:47:34+00:00
https://schoolwith.me/reviews/39968,口コミ,検出 - インデックス未登録,検出 - インデックス未登録,,,,2026-10-03T00:47:34+00:00
https://schoolwith.me/reviews/39992,口コミ,検出 - インデックス未登録,検出 - インデックス未登録,,,,2026-10-03T00:47:34+00:00
https://schoolwith.me/reviews/40004,口コミ,検出 - インデックス未登録,検出 - インデックス未登録,,,,2026-10-03T00:47:34+00:00
https://schoolwith.me/reviews/40006,口コミ,検出 - インデックス未登録,検出 - インデックス未登録,,,,2026-10-03T00:47:34+00:00
https://schoolwith.me/reviews/40038,口コミ,検出 - インデックス未登録,検出 - インデックス未登録,,,,2026-10-04T00:10:45+00:00
https://schoolwith.me/reviews/40051,口コミ,検出 - インデックス未登録,検出 - インデックス未登録,,,,2026-10-04T00:10:45+00:00
https://schoolwith.me/reviews/40053,口コミ,検出 - インデックス未登録,検出 - インデックス未登録,,,,2026-10-04T00:10:45+00:00
https://schoolwith.me/reviews/40070,口コミ,検出 - インデックス未登録,検出 - インデックス未登録,,,,2026-10-04T00:10:45+00:00
https://schoolwith.me/reviews/40079,口コミ,検出 - インデックス未登録,検出 - インデックス未登録,,,,2026-10-04T00:10:45+00:00
https://schoolwith.me/reviews/40085,口コミ,検出 - インデックス未登録,検出 - インデックス未登録,,,,2026-10-04T00:10:45+00:00
https://schoolwith.me/reviews/40095,口コミ,検出 - インデックス未登録,検出 - インデックス未登録,,,,2026-10-04T00:10:45+00:00
https://schoolwith.me/reviews/40107,口コミ,検出 - インデックス未登録,検出 - インデックス未登録,,,,2026-10-04T00:10:45+00:00
https://schoolwith.me/reviews/40110,口コミ,検出 - インデックス未登録,検出 - インデックス未登録,,,,2026-10-04T00:10:45+00:00
https://schoolwith.me/reviews/40130,口コミ,検出 - インデックス未登録,検出 - インデックス未登録,,,,2026-10-04T00:10:45+00:00
https://schoolwith.me/reviews/40133,口コミ,検出 - インデックス未登録,検出 - インデックス未登録,,,,2026-10-04T00:10:45+00:00
https://schoolwith.me/reviews/40161,口コミ,検出 - インデックス未登録,検出 - インデックス未登録,,,,2026-10-04T00:10:45+00:00
https://schoolwith.me/reviews/40164,口コミ,検出 - インデックス未登録,検出 - インデックス未登録,,,,2026-10-04T00:10:45+00:00
https://schoolwith.me/reviews/40165,口コミ,検出 - インデックス未登録,検出 - インデックス未登録,,,,2026-10-04T00:10:45+00:00
https://schoolwith.me/reviews/40176,口コミ,検出 - インデックス未登録,検出 - インデックス未登録,,,,2026-10-04T00:10:45+00:00
https://schoolwith.me/reviews/40189,口コミ,検出 - インデックス未登録,検出 - インデックス未登録,,,,2026-10-04T00:10:45+00:00
https://schoolwith.me/reviews/40201,口コミ,検出 - インデックス未登録,検出 - インデックス未登録,,,,2026-10-04T00:10:45+00:00
https://schoolwith.me/reviews/40206,口コミ,検出 - インデックス未登録,検出 - インデックス未登録,,,,2026-10-04T00:10:45+00:00
https://schoolwith.me/reviews/40210,口コミ,検出 - インデックス未登録,検出 - インデックス未登録,,,,2026-10-04T00:10:45+00:00
https://schoolwith.me/reviews/40234,口コミ,検出 - インデックス未登録,検出 - インデックス未登録,,,,2026-10-04T00:10:45+00:00
https://schoolwith.me/reviews/40257,口コミ,検出 - インデックス未登録,検出 - インデックス未登録,,,,2026-10-04T00:10:45+00:00
https://schoolwith.me/reviews/40262,口コミ,検出 - インデックス未登録,検出 - インデックス未登録,,,,2026-10-04T00:10:45+00:00
https://schoolwith.me/reviews/40270,口コミ,検出 - インデックス未登録,検出 - インデックス未登録,,,,2026-10-04T00:10:45+00:00
https://schoolwith.me/reviews/40277,口コミ,検出 - インデックス未登録,検出 - インデックス未登録,,,,2026-10-04T00:10:45+00:00
https://schoolwith.me/reviews/40286,口コミ,検出 - インデックス未登録,検出 - インデックス未登録,,,,2026-10-04T00:10:45+00:00
https://schoolwith.me/reviews/40320,口コミ,検出 - インデックス未登録,検出 - インデックス未登録,,,,2026-10-04T00:10:45+00:00
https://schoolwith.me/reviews/40333,口コミ,検出 - インデックス未登録,検出 - インデックス未登録,,,,2026-10-04T00:10:45+00:00
https://schoolwith.me/reviews/40337,口コミ,検出 - インデックス未登録,検出 - インデックス未登録,,,,2026-10-04T00:10:45+00:00
https://schoolwith.me/reviews/40345,口コミ,検出 - インデックス未登録,検出 - インデックス未登録,,,,2026-10-04T00:10:45+00:00
https://schoolwith.me/reviews/40348,口コミ,検出 - インデックス未登録,検出 - インデックス未登録,,,,2026-10-04T00:10:45+00:00
https://schoolwith.me/reviews/40357,口コミ,検出 - インデックス未登録,検出 - インデックス未登録,,,,2026-10-04T00:10:45+00:00
https://schoolwith.me/reviews/40365,口コミ,検出 - インデックス未登録,検出 - インデックス未登録,,,,2026-10-04T00:10:45+00:00
https://schoolwith.me/reviews/40374,口コミ,検出 - インデックス未登録,検出 - インデックス未登録,,,,2026-10-04T00:10:45+00:00
https://schoolwith.me/reviews/40386,口コミ,検出 - インデックス未登録,検出 - インデックス未登録,,,,2026-10-04T00:10:45+00:00
https://schoolwith.me/reviews/40440,口コミ,検出 - インデックス未登録,検出 - インデックス未登録,,,,2026-10-04T00:10:45+00:00
https://schoolwith.me/reviews/40467,口コミ,検出 - インデックス未登録,検出 - インデックス未登録,,,,2026-10-04T00:10:45+00:00
https://schoolwith.me/reviews/40483,口コミ,検出 - インデックス未登録,検出 - インデックス未登録,,,,2026-10-04T00:10:45+00:00
https://schoolwith.me/reviews/40489,口コミ,検出 - インデックス未登録,検出 - インデックス未登録,,,,2026-10-04T00:10:45+00:00
https://schoolwith.me/reviews/40497,口コミ,検出 - インデックス未登録,検出 - インデックス未登録,,,,2026-10-04T00:10:45+00:00
https://schoolwith.me/reviews/40500,口コミ,検出 - インデックス未登録,検出 - インデックス未登録,,,,2026-10-04T00:10:45+00:00
https://schoolwith.me/reviews/40501,口コミ,検出 - インデックス未登録,検出 - インデックス未登録,,,,2026-10-04T00:10:45+00:00
https://schoolwith.me/reviews/40504,口コミ,検出 - インデックス未登録,検出 - インデックス未登録,,,,2026-10-04T00:10:45+00:00
https://schoolwith.me/reviews/40527,口コミ,検出 - インデックス未登録,検出 - インデックス未登録,,,,2026-10-04T00:10:45+00:00
https://schoolwith.me/reviews/40530,口コミ,検出 - インデックス未登録,検出 - インデックス未登録,,,,2026-10-04T00:10:45+00:00
https://schoolwith.me/reviews/40531,口コミ,検出 - インデックス未登録,検出 - インデックス未登録,,,,2026-10-04T00:10:45+00:00
https://schoolwith.me/reviews/40562,口コミ,検出 - インデックス未登録,検出 - インデックス未登録,,,,2026-10-04T00:10:45+00:00
https://schoolwith.me/reviews/40578,口コミ,検出 - インデックス未登録,検出 - インデックス未登録,,,,2026-10-04T00:10:45+00:00
https://schoolwith.me/reviews/40587,口コミ,検出 - インデックス未登録,検出 - インデックス未登録,,,,2026-10-04T00:10:45+00:00
https://schoolwith.me/reviews/40590,口コミ,検出 - インデックス未登録,検出 - インデックス未登録,,,,2026-10-04T00:10:45+00:00
https://schoolwith.me/reviews/40595,口コミ,検出 - インデックス未登録,検出 - インデックス未登録,,,,2026-10-04T00:10:45+00:00
https://schoolwith.me/reviews/40603,口コミ,検出 - インデックス未登録,検出 - インデックス未登録,,,,2026-10-04T00:10:45+00:00
https://schoolwith.me/reviews/40616,口コミ,検出 - インデックス未登録,検出 - インデックス未登録,,,,2026-10-04T00:10:45+00:00
https://schoolwith.me/reviews/40634,口コミ,検出 - インデックス未登録,検出 - インデックス未登録,,,,2026-10-04T00:10:45+00:00
https://schoolwith.me/reviews/40636,口コミ,検出 - インデックス未登録,検出 - インデックス未登録,,,,2026-10-04T00:10:45+00:00
https://schoolwith.me/reviews/40646,口コミ,検出 - インデックス未登録,検出 - インデックス未登録,,,,2026-10-04T00:10:45+00:00
https://schoolwith.me/reviews/40650,口コミ,検出 - インデックス未登録,検出 - インデックス未登録,,,,2026-10-04T00:10:45+00:00
https://schoolwith.me/reviews/40657,口コミ,検出 - インデックス未登録,検出 - インデックス未登録,,,,2026-10-04T00:10:45+00:00
https://schoolwith.me/reviews/40664,口コミ,検出 - インデックス未登録,検出 - インデックス未登録,,,,2026-10-04T00:10:45+00:00
https://schoolwith.me/reviews/40669,口コミ,検出 - インデックス未登録,検出 - インデックス未登録,,,,2026-10-04T00:10:45+00:00
https://schoolwith.me/reviews/40670,口コミ,検出 - インデックス未登録,検出 - インデックス未登録,,,,2026-10-04T00:10:45+00:00
https://schoolwith.me/reviews/40687,口コミ,検出 - インデックス未登録,検出 - インデックス未登録,,,,2026-10-04T00:10:45+00:00
https://schoolwith.me/reviews/40694,口コミ,検出 - インデックス未登録,検出 - インデックス未登録,,,,2026-10-04T00:10:45+00:00
https://schoolwith.me/reviews/40703,口コミ,検出 - インデックス未登録,検出 - インデックス未登録,,,,2026-10-04T00:10:45+00:00
https://schoolwith.me/reviews/40720,口コミ,検出 - インデックス未登録,検出 - インデックス未登録,,,,2026-10-04T00:10:45+00:00
https://schoolwith.me/reviews/40732,口コミ,検出 - インデックス未登録,検出 - インデックス未登録,,,,2026-10-04T00:10:45+00:00
https://schoolwith.me/reviews/40750,口コミ,検出 - インデックス未登録,検出 - インデックス未登録,,,,2026-10-04T00:10:45+00:00
https://schoolwith.me/reviews/40790,口コミ,検出 - インデックス未登録,検出 - インデックス未登録,,,,2026-10-04T00:10:45+00:00
https://schoolwith.me/reviews/40807,口コミ,検出 - インデックス未登録,検出 - インデックス未登録,,,,2026-10-04T00:10:45+00:00
https://schoolwith.me/reviews/40810,口コミ,検出 - インデックス未登録,検出 - インデックス未登録,,,,2026-10-04T00:10:45+00:00
https://schoolwith.me/reviews/40819,口コミ,検出 - インデックス未登録,検出 - インデックス未登録,,,,2026-10-04T00:10:45+00:00
https://schoolwith.me/reviews/40824,口コミ,検出 - インデックス未登録,検出 - インデックス未登録,,,,2026-10-04T00:10:45+00:00
https://schoolwith.me/reviews/40840,口コミ,検出 - インデックス未登録,検出 - インデックス未登録,,,,2026-10-04T00:10:45+00:00
https://schoolwith.me/reviews/40849,口コミ,検出 - インデックス未登録,検出 - インデックス未登録,,,,2026-10-04T00:10:45+00:00
https://schoolwith.me/reviews/40857,口コミ,検出 - インデックス未登録,検出 - インデックス未登録,,,,2026-10-04T00:10:45+00:00
https://schoolwith.me/reviews/40867,口コミ,検出 - インデックス未登録,検出 - インデックス未登録,,,,2026-10-04T00:10:45+00:00
https://schoolwith.me/reviews/40872,口コミ,検出 - インデックス未登録,検出 - インデックス未登録,,,,2026-10-04T00:10:45+00:00
https://schoolwith.me/reviews/40875,口コミ,検出 - インデックス未登録,検出 - インデックス未登録,,,,2026-10-04T00:10:45+00:00
https://schoolwith.me/reviews/40877,口コミ,検出 - インデックス未登録,検出 - インデックス未登録,,,,2026-10-04T00:10:45+00:00
https://schoolwith.me/reviews/40882,口コミ,検出 - インデックス未登録,検出 - インデックス未登録,,,,2026-10-04T00:10:45+00:00
https://schoolwith.me/reviews/40887,口コミ,検出 - インデックス未登録,検出 - インデックス未登録,,,,2026-10-04T00:10:45+00:00
https://schoolwith.me/reviews/40928,口コミ,検出 - インデックス未登録,検出 - インデックス未登録,,,,2026-10-04T00:10:45+00:00
https://schoolwith.me/reviews/40930,口コミ,検出 - インデックス未登録,検出 - インデックス未登録,,,,2026-10-04T00:10:45+00:00
https://schoolwith.me/reviews/40936,口コミ,検出 - インデックス未登録,検出 - インデックス未登録,,,,2026-10-04T00:10:45+00:00
https://schoolwith.me/reviews/40964,口コミ,検出 - インデックス未登録,検出 - インデックス未登録,,,,2026-10-04T00:10:45+00:00
https://schoolwith.me/reviews/40973,口コミ,検出 - インデックス未登録,検出 - インデックス未登録,,,,2026-10-04T00:10:45+00:00
https://schoolwith.me/reviews/40986,口コミ,検出 - インデックス未登録,検出 - インデックス未登録,,,,2026-10-04T00:10:45+00:00
https://schoolwith.me/reviews/40987,口コミ,検出 - インデックス未登録,検出 - インデックス未登録,,,,2026-10-04T00:10:45+00:00
https://schoolwith.me/reviews/41074,口コミ,検出 - インデックス未登録,検出 - インデックス未登録,,,,2026-10-04T00:10:45+00:00
https://schoolwith.me/reviews/41106,口コミ,検出 - インデックス未登録,検出 - インデックス未登録,,,,2026-10-04T00:10:45+00:00
https://schoolwith.me/reviews/41111,口コミ,検出 - インデックス未登録,検出 - インデックス未登録,,,,2026-10-04T00:10:45+00:00
https://schoolwith.me/reviews/41130,口コミ,検出 - インデックス未登録,検出 - インデックス未登録,,,,2026-10-04T00:10:45+00:00
https://schoolwith.me/reviews/41172,口コミ,検出 - インデックス未登録,検出 - インデックス未登録,,,,2026-10-04T00:10:45+00:00
https://schoolwith.me/reviews/41174,口コミ,検出 - インデックス未登録,検出 - インデックス未登録,,,,2026-10-04T00:10:45+00:00
https://schoolwith.me/reviews/41179,口コミ,検出 - インデックス未登録,検出 - インデックス未登録,,,,2026-10-04T00:10:45+00:00
https://schoolwith.me/reviews/41188,口コミ,検出 - インデックス未登録,検出 - インデックス未登録,,,,2026-10-04T00:10:45+00:00
https://schoolwith.me/reviews/41220,口コミ,検出 - インデックス未登録,検出 - インデックス未登録,,,,2026-10-04T00:10:45+00:00
https://schoolwith.me/reviews/41230,口コミ,検出 - インデックス未登録,検出 - インデックス未登録,,,,2026-10-04T00:10:45+00:00
https://schoolwith.me/reviews/41231,口コミ,検出 - インデックス未登録,検出 - インデックス未登録,,,,2026-10-04T00:10:45+00:00
https://schoolwith.me/reviews/41239,口コミ,検出 - インデックス未登録,検出 - インデックス未登録,,,,2026-10-04T00:10:45+00:00
https://schoolwith.me/reviews/41255,口コミ,検出 - インデックス未登録,検出 - インデックス未登録,,,,2026-10-04T00:10:45+00:00
https://schoolwith.me/reviews/41259,口コミ,検出 - インデックス未登録,検出 - インデックス未登録,,,,2026-10-04T00:10:45+00:00
https://schoolwith.me/reviews/41263,口コミ,検出 - インデックス未登録,検出 - インデックス未登録,,,,2026-10-04T00:10:45+00:00
https://schoolwith.me/reviews/41266,口コミ,検出 - インデックス未登録,検出 - インデックス未登録,,,,2026-10-04T00:10:45+00:00
https://schoolwith.me/reviews/41274,口コミ,検出 - インデックス未登録,検出 - インデックス未登録,,,,2026-10-04T00:10:45+00:00
https://schoolwith.me/reviews/41284,口コミ,検出 - インデックス未登録,検出 - インデックス未登録,,,,2026-10-04T00:10:45+00:00
https://schoolwith.me/reviews/41289,口コミ,検出 - インデックス未登録,検出 - インデックス未登録,,,,2026-10-04T00:10:45+00:00
https://schoolwith.me/reviews/41291,口コミ,検出 - インデックス未登録,検出 - インデックス未登録,,,,2026-10-04T00:10:45+00:00
https://schoolwith.me/reviews/41345,口コミ,検出 - インデックス未登録,検出 - インデックス未登録,,,,2026-10-04T00:10:45+00:00
https://schoolwith.me/reviews/41351,口コミ,検出 - インデックス未登録,検出 - インデックス未登録,,,,2026-10-04T00:10:45+00:00
https://schoolwith.me/reviews/41357,口コミ,検出 - インデックス未登録,検出 - インデックス未登録,,,,2026-10-04T00:10:45+00:00
https://schoolwith.me/reviews/41364,口コミ,検出 - インデックス未登録,検出 - インデックス未登録,,,,2026-10-04T00:10:45+00:00
https://schoolwith.me/reviews/41375,口コミ,検出 - インデックス未登録,検出 - インデックス未登録,,,,2026-10-04T00:10:45+00:00
https://schoolwith.me/reviews/41376,口コミ,検出 - インデックス未登録,検出 - インデックス未登録,,,,2026-10-04T00:10:45+00:00
https://schoolwith.me/reviews/41385,口コミ,検出 - インデックス未登録,検出 - インデックス未登録,,,,2026-10-04T00:10:45+00:00
https://schoolwith.me/reviews/41390,口コミ,検出 - インデックス未登録,検出 - インデックス未登録,,,,2026-10-04T00:10:45+00:00
https://schoolwith.me/reviews/41394,口コミ,検出 - インデックス未登録,検出 - インデックス未登録,,,,2026-10-04T00:10:45+00:00
https://schoolwith.me/reviews/41422,口コミ,検出 - インデックス未登録,検出 - インデックス未登録,,,,2026-10-04T00:10:45+00:00
https://schoolwith.me/reviews/41423,口コミ,検出 - インデックス未登録,検出 - インデックス未登録,,,,2026-10-04T00:10:45+00:00
https://schoolwith.me/reviews/41429,口コミ,検出 - インデックス未登録,検出 - インデックス未登録,,,,2026-10-04T00:10:45+00:00
https://schoolwith.me/reviews/41440,口コミ,検出 - インデックス未登録,検出 - インデックス未登録,,,,2026-10-04T00:10:45+00:00
https://schoolwith.me/reviews/41490,口コミ,検出 - インデックス未登録,検出 - インデックス未登録,,,,2026-10-04T00:10:45+00:00
https://schoolwith.me/reviews/41500,口コミ,検出 - インデックス未登録,検出 - インデックス未登録,,,,2026-10-04T00:10:45+00:00
https://schoolwith.me/reviews/41501,口コミ,検出 - インデックス未登録,検出 - インデックス未登録,,,,2026-10-04T00:10:45+00:00
https://schoolwith.me/reviews/41510,口コミ,検出 - インデックス未登録,検出 - インデックス未登録,,,,2026-10-04T00:10:45+00:00
https://schoolwith.me/reviews/41526,口コミ,検出 - インデックス未登録,検出 - インデックス未登録,,,,2026-10-04T00:10:45+00:00
https://schoolwith.me/reviews/41534,口コミ,検出 - インデックス未登録,検出 - インデックス未登録,,,,2026-10-04T00:10:45+00:00
https://schoolwith.me/reviews/41567,口コミ,検出 - インデックス未登録,検出 - インデックス未登録,,,,2026-10-04T00:10:45+00:00
https://schoolwith.me/reviews/41612,口コミ,検出 - インデックス未登録,検出 - インデックス未登録,,,,2026-10-04T00:10:45+00:00
https://schoolwith.me/reviews/41628,口コミ,検出 - インデックス未登録,検出 - インデックス未登録,,,,2026-10-04T00:10:45+00:00
https://schoolwith.me/reviews/41635,口コミ,検出 - インデックス未登録,検出 - インデックス未登録,,,,2026-10-04T00:10:45+00:00
https://schoolwith.me/reviews/41659,口コミ,検出 - インデックス未登録,検出 - インデックス未登録,,,,2026-10-04T00:10:45+00:00
https://schoolwith.me/reviews/41680,口コミ,検出 - インデックス未登録,検出 - インデックス未登録,,,,2026-10-04T00:10:45+00:00
https://schoolwith.me/reviews/41713,口コミ,検出 - インデックス未登録,検出 - インデックス未登録,,,,2026-10-04T00:10:45+00:00
https://schoolwith.me/reviews/41716,口コミ,検出 - インデックス未登録,検出 - インデックス未登録,,,,2026-10-04T00:10:45+00:00
https://schoolwith.me/reviews/41730,口コミ,検出 - インデックス未登録,検出 - インデックス未登録,,,,2026-10-04T00:10:45+00:00
https://schoolwith.me/reviews/41741,口コミ,検出 - インデックス未登録,検出 - インデックス未登録,,,,2026-10-04T00:10:45+00:00
https://schoolwith.me/reviews/41743,口コミ,検出 - インデックス未登録,検出 - インデックス未登録,,,,2026-10-04T00:10:45+00:00
https://schoolwith.me/reviews/41810,口コミ,検出 - インデックス未登録,検出 - インデックス未登録,,,,2026-10-04T00:10:45+00:00
https://schoolwith.me/reviews/41830,口コミ,検出 - インデックス未登録,検出 - インデックス未登録,,,,2026-10-04T00:10:45+00:00
https://schoolwith.me/reviews/41834,口コミ,検出 - インデックス未登録,検出 - インデックス未登録,,,,2026-10-04T00:10:45+00:00
https://schoolwith.me/reviews/41846,口コミ,検出 - インデックス未登録,検出 - インデックス未登録,,,,2026-10-04T00:10:45+00:00
https://schoolwith.me/reviews/41851,口コミ,検出 - インデックス未登録,検出 - インデックス未登録,,,,2026-10-04T00:10:45+00:00
https://schoolwith.me/reviews/41877,口コミ,検出 - インデックス未登録,検出 - インデックス未登録,,,,2026-10-04T00:10:45+00:00
https://schoolwith.me/reviews/41888,口コミ,検出 - インデックス未登録,検出 - インデックス未登録,,,,2026-10-04T00:10:45+00:00
https://schoolwith.me/reviews/41900,口コミ,検出 - インデックス未登録,検出 - インデックス未登録,,,,2026-10-04T00:10:45+00:00
https://schoolwith.me/reviews/41902,口コミ,検出 - インデックス未登録,検出 - インデックス未登録,,,,2026-10-04T00:10:45+00:00
https://schoolwith.me/reviews/41906,口コミ,検出 - インデックス未登録,検出 - インデックス未登録,,,,2026-10-04T00:10:45+00:00
https://schoolwith.me/reviews/41908,口コミ,検出 - インデックス未登録,検出 - インデックス未登録,,,,2026-10-04T00:10:45+00:00
https://schoolwith.me/reviews/41944,口コミ,検出 - インデックス未登録,検出 - インデックス未登録,,,,2026-10-04T00:10:45+00:00
https://schoolwith.me/reviews/41969,口コミ,検出 - インデックス未登録,検出 - インデックス未登録,,,,2026-10-04T00:10:45+00:00
https://schoolwith.me/reviews/41980,口コミ,検出 - インデックス未登録,検出 - インデックス未登録,,,,2026-10-04T00:10:45+00:00
https://schoolwith.me/reviews/41999,口コミ,検出 - インデックス未登録,検出 - インデックス未登録,,,,2026-10-04T00:10:45+00:00
https://schoolwith.me/reviews/42027,口コミ,検出 - インデックス未登録,検出 - インデックス未登録,,,,2026-10-04T00:10:45+00:00
https://schoolwith.me/reviews/42035,口コミ,検出 - インデックス未登録,検出 - インデックス未登録,,,,2026-10-04T00:10:45+00:00
https://schoolwith.me/reviews/42052,口コミ,検出 - インデックス未登録,検出 - インデックス未登録,,,,2026-10-04T00:10:45+00:00
https://schoolwith.me/reviews/42061,口コミ,検出 - インデックス未登録,検出 - インデックス未登録,,,,2026-10-04T00:10:45+00:00
https://schoolwith.me/reviews/42085,口コミ,検出 - インデックス未登録,検出 - インデックス未登録,,,,2026-10-04T00:10:45+00:00
https://schoolwith.me/reviews/42101,口コミ,検出 - インデックス未登録,検出 - インデックス未登録,,,,2026-10-04T00:10:45+00:00
https://schoolwith.me/reviews/42121,口コミ,検出 - インデックス未登録,検出 - インデックス未登録,,,,2026-10-04T00:10:45+00:00
https://schoolwith.me/reviews/42129,口コミ,検出 - インデックス未登録,検出 - インデックス未登録,,,,2026-10-04T00:10:45+00:00
https://schoolwith.me/reviews/42133,口コミ,検出 - インデックス未登録,検出 - インデックス未登録,,,,2026-10-04T00:10:45+00:00
https://schoolwith.me/reviews/42138,口コミ,検出 - インデックス未登録,検出 - インデックス未登録,,,,2026-10-04T00:10:45+00:00
https://schoolwith.me/reviews/42177,口コミ,検出 - インデックス未登録,検出 - インデックス未登録,,,,2026-10-04T00:10:45+00:00
https://schoolwith.me/reviews/42189,口コミ,検出 - インデックス未登録,検出 - インデックス未登録,,,,2026-10-04T00:10:45+00:00
https://schoolwith.me/reviews/42228,口コミ,検出 - インデックス未登録,検出 - インデックス未登録,,,,2026-10-04T00:10:45+00:00
https://schoolwith.me/reviews/42244,口コミ,検出 - インデックス未登録,検出 - インデックス未登録,,,,2026-10-04T00:10:45+00:00
https://schoolwith.me/reviews/42263,口コミ,検出 - インデックス未登録,検出 - インデックス未登録,,,,2026-10-04T00:10:45+00:00
https://schoolwith.me/reviews/42274,口コミ,検出 - インデックス未登録,検出 - インデックス未登録,,,,2026-10-04T00:10:45+00:00
https://schoolwith.me/reviews/42277,口コミ,検出 - インデックス未登録,検出 - インデックス未登録,,,,2026-10-04T00:10:45+00:00
https://schoolwith.me/reviews/42278,口コミ,検出 - インデックス未登録,検出 - インデックス未登録,,,,2026-10-04T00:10:45+00:00
https://schoolwith.me/reviews/42288,口コミ,検出 - インデックス未登録,検出 - インデックス未登録,,,,2026-10-04T00:10:45+00:00
https://schoolwith.me/reviews/42293,口コミ,検出 - インデックス未登録,検出 - インデックス未登録,,,,2026-10-04T00:10:45+00:00
https://schoolwith.me/reviews/42299,口コミ,検出 - インデックス未登録,検出 - インデックス未登録,,,,2026-10-04T00:10:45+00:00
https://schoolwith.me/reviews/42303,口コミ,検出 - インデックス未登録,検出 - インデックス未登録,,,,2026-10-04T00:10:45+00:00
https://schoolwith.me/reviews/42326,口コミ,検出 - インデックス未登録,検出 - インデックス未登録,,,,2026-10-04T00:10:45+00:00
https://schoolwith.me/reviews/42352,口コミ,検出 - インデックス未登録,検出 - インデックス未登録,,,,2026-10-04T00:10:45+00:00
https://schoolwith.me/reviews/42354,口コミ,検出 - インデックス未登録,検出 - インデックス未登録,,,,2026-10-04T00:10:45+00:00
https://schoolwith.me/reviews/42371,口コミ,検出 - インデックス未登録,検出 - インデックス未登録,,,,2026-10-04T00:10:45+00:00
https://schoolwith.me/reviews/42380,口コミ,検出 - インデックス未登録,検出 - インデックス未登録,,,,2026-10-04T00:10:45+00:00
https://schoolwith.me/reviews/42428,口コミ,検出 - インデックス未登録,検出 - インデックス未登録,,,,2026-10-04T00:10:45+00:00
https://schoolwith.me/reviews/42431,口コミ,検出 - インデックス未登録,検出 - インデックス未登録,,,,2026-10-04T00:10:45+00:00
https://schoolwith.me/reviews/42432,口コミ,検出 - インデックス未登録,検出 - インデックス未登録,,,,2026-10-04T00:10:45+00:00
https://schoolwith.me/reviews/42434,口コミ,検出 - インデックス未登録,検出 - インデックス未登録,,,,2026-10-04T00:10:45+00:00
https://schoolwith.me/reviews/42438,口コミ,検出 - インデックス未登録,検出 - インデックス未登録,,,,2026-10-04T00:10:45+00:00
https://schoolwith.me/reviews/42446,口コミ,検出 - インデックス未登録,検出 - インデックス未登録,,,,2026-10-04T00:10:45+00:00
https://schoolwith.me/reviews/42449,口コミ,検出 - インデックス未登録,検出 - インデックス未登録,,,,2026-10-04T00:10:45+00:00
https://schoolwith.me/reviews/42452,口コミ,検出 - インデックス未登録,検出 - インデックス未登録,,,,2026-10-04T00:10:45+00:00
https://schoolwith.me/reviews/42456,口コミ,検出 - インデックス未登録,検出 - インデックス未登録,,,,2026-10-04T00:10:45+00:00
https://schoolwith.me/reviews/42462,口コミ,検出 - インデックス未登録,検出 - インデックス未登録,,,,2026-10-04T00:10:45+00:00
https://schoolwith.me/reviews/42465,口コミ,検出 - インデックス未登録,検出 - インデックス未登録,,,,2026-10-04T00:10:45+00:00
https://schoolwith.me/reviews/42466,口コミ,検出 - インデックス未登録,検出 - インデックス未登録,,,,2026-10-04T00:10:45+00:00
https://schoolwith.me/reviews/42471,口コミ,検出 - インデックス未登録,検出 - インデックス未登録,,,,2026-10-04T00:10:45+00:00
https://schoolwith.me/reviews/42475,口コミ,検出 - インデックス未登録,検出 - インデックス未登録,,,,2026-10-04T00:10:45+00:00
https://schoolwith.me/reviews/42489,口コミ,検出 - インデックス未登録,検出 - インデックス未登録,,,,2026-10-04T00:10:45+00:00
https://schoolwith.me/reviews/42497,口コミ,検出 - インデックス未登録,検出 - インデックス未登録,,,,2026-10-04T00:10:45+00:00
https://schoolwith.me/reviews/42503,口コミ,検出 - インデックス未登録,検出 - インデックス未登録,,,,2026-10-04T00:10:45+00:00
https://schoolwith.me/reviews/42520,口コミ,検出 - インデックス未登録,検出 - インデックス未登録,,,,2026-10-04T00:10:45+00:00
https://schoolwith.me/reviews/42521,口コミ,検出 - インデックス未登録,検出 - インデックス未登録,,,,2026-10-04T00:10:45+00:00
https://schoolwith.me/reviews/42529,口コミ,検出 - インデックス未登録,検出 - インデックス未登録,,,,2026-10-04T00:10:45+00:00
https://schoolwith.me/reviews/42530,口コミ,検出 - インデックス未登録,検出 - インデックス未登録,,,,2026-10-04T00:10:45+00:00
https://schoolwith.me/reviews/42538,口コミ,検出 - インデックス未登録,検出 - インデックス未登録,,,,2026-10-04T00:10:45+00:00
https://schoolwith.me/reviews/42543,口コミ,検出 - インデックス未登録,検出 - インデックス未登録,,,,2026-10-04T00:10:45+00:00
https://schoolwith.me/reviews/42550,口コミ,検出 - インデックス未登録,検出 - インデックス未登録,,,,2026-10-04T00:10:45+00:00
https://schoolwith.me/reviews/42553,口コミ,検出 - インデックス未登録,検出 - インデックス未登録,,,,2026-10-04T00:10:45+00:00
https://schoolwith.me/reviews/42555,口コミ,検出 - インデックス未登録,検出 - インデックス未登録,,,,2026-10-04T00:10:45+00:00
https://schoolwith.me/reviews/42559,口コミ,検出 - インデックス未登録,検出 - インデックス未登録,,,,2026-10-04T00:10:45+00:00
https://schoolwith.me/reviews/42578,口コミ,検出 - インデックス未登録,検出 - インデックス未登録,,,,2026-10-04T00:10:45+00:00
https://schoolwith.me/reviews/42581,口コミ,検出 - インデックス未登録,検出 - インデックス未登録,,,,2026-10-04T00:10:45+00:00
https://schoolwith.me/reviews/42589,口コミ,検出 - インデックス未登録,検出 - インデックス未登録,,,,2026-10-04T00:10:45+00:00
https://schoolwith.me/reviews/42590,口コミ,検出 - インデックス未登録,検出 - インデックス未登録,,,,2026-10-04T00:10:45+00:00
https://schoolwith.me/reviews/42594,口コミ,検出 - インデックス未登録,検出 - インデックス未登録,,,,2026-10-04T00:10:45+00:00
https://schoolwith.me/reviews/42610,口コミ,検出 - インデックス未登録,検出 - インデックス未登録,,,,2026-10-04T00:10:45+00:00
https://schoolwith.me/reviews/42625,口コミ,検出 - インデックス未登録,検出 - インデックス未登録,,,,2026-10-04T00:10:45+00:00
https://schoolwith.me/reviews/42633,口コミ,検出 - インデックス未登録,検出 - インデックス未登録,,,,2026-10-04T00:10:45+00:00
https://schoolwith.me/reviews/42687,口コミ,検出 - インデックス未登録,検出 - インデックス未登録,,,,2026-10-04T00:10:45+00:00
https://schoolwith.me/reviews/42696,口コミ,検出 - インデックス未登録,検出 - インデックス未登録,,,,2026-10-04T00:10:45+00:00
https://schoolwith.me/reviews/42698,口コミ,検出 - インデックス未登録,検出 - インデックス未登録,,,,2026-10-04T00:10:45+00:00
https://schoolwith.me/reviews/42702,口コミ,検出 - インデックス未登録,検出 - インデックス未登録,,,,2026-10-04T00:10:45+00:00
https://schoolwith.me/reviews/42707,口コミ,検出 - インデックス未登録,検出 - インデックス未登録,,,,2026-10-04T00:10:45+00:00
https://schoolwith.me/reviews/42714,口コミ,検出 - インデックス未登録,検出 - インデックス未登録,,,,2026-10-04T00:10:45+00:00
https://schoolwith.me/reviews/42715,口コミ,検出 - インデックス未登録,検出 - インデックス未登録,,,,2026-10-04T00:10:45+00:00
https://schoolwith.me/reviews/42726,口コミ,検出 - インデックス未登録,検出 - インデックス未登録,,,,2026-10-04T00:10:45+00:00
https://schoolwith.me/reviews/42740,口コミ,検出 - インデックス未登録,検出 - インデックス未登録,,,,2026-10-04T00:10:45+00:00
https://schoolwith.me/reviews/42750,口コミ,検出 - インデックス未登録,検出 - インデックス未登録,,,,2026-10-04T00:10:45+00:00
https://schoolwith.me/reviews/42766,口コミ,検出 - インデックス未登録,検出 - インデックス未登録,,,,2026-10-04T00:10:45+00:00
https://schoolwith.me/reviews/42774,口コミ,検出 - インデックス未登録,検出 - インデックス未登録,,,,2026-10-04T00:10:45+00:00
https://schoolwith.me/reviews/42778,口コミ,検出 - インデックス未登録,検出 - インデックス未登録,,,,2026-10-04T00:10:45+00:00
https://schoolwith.me/reviews/42791,口コミ,検出 - インデックス未登録,検出 - インデックス未登録,,,,2026-10-04T00:10:45+00:00
https://schoolwith.me/reviews/42792,口コミ,検出 - インデックス未登録,検出 - インデックス未登録,,,,2026-10-04T00:10:45+00:00
https://schoolwith.me/reviews/42825,口コミ,検出 - インデックス未登録,検出 - インデックス未登録,,,,2026-10-04T00:10:45+00:00
https://schoolwith.me/reviews/42864,口コミ,検出 - インデックス未登録,検出 - インデックス未登録,,,,2026-10-04T00:10:45+00:00
https://schoolwith.me/reviews/42871,口コミ,検出 - インデックス未登録,検出 - インデックス未登録,,,,2026-10-04T00:10:45+00:00
https://schoolwith.me/reviews/42874,口コミ,検出 - インデックス未登録,検出 - インデックス未登録,,,,2026-10-04T00:10:45+00:00
https://schoolwith.me/reviews/42897,口コミ,検出 - インデックス未登録,検出 - インデックス未登録,,,,2026-10-04T00:10:45+00:00
https://schoolwith.me/reviews/42917,口コミ,検出 - インデックス未登録,検出 - インデックス未登録,,,,2026-10-04T00:10:45+00:00
https://schoolwith.me/reviews/42924,口コミ,検出 - インデックス未登録,検出 - インデックス未登録,,,,2026-10-04T00:10:45+00:00
https://schoolwith.me/reviews/42925,口コミ,検出 - インデックス未登録,検出 - インデックス未登録,,,,2026-10-04T00:10:45+00:00
https://schoolwith.me/reviews/42938,口コミ,検出 - インデックス未登録,検出 - インデックス未登録,,,,2026-10-04T00:10:45+00:00
https://schoolwith.me/reviews/42939,口コミ,検出 - インデックス未登録,検出 - インデックス未登録,,,,2026-10-04T00:10:45+00:00
https://schoolwith.me/reviews/42941,口コミ,検出 - インデックス未登録,検出 - インデックス未登録,,,,2026-10-04T00:10:45+00:00
https://schoolwith.me/reviews/42972,口コミ,検出 - インデックス未登録,検出 - インデックス未登録,,,,2026-10-04T00:10:45+00:00
https://schoolwith.me/reviews/42988,口コミ,検出 - インデックス未登録,検出 - インデックス未登録,,,,2026-10-04T00:10:45+00:00
https://schoolwith.me/reviews/42993,口コミ,検出 - インデックス未登録,検出 - インデックス未登録,,,,2026-10-04T00:10:45+00:00
https://schoolwith.me/reviews/42994,口コミ,検出 - インデックス未登録,検出 - インデックス未登録,,,,2026-10-04T00:10:45+00:00
https://schoolwith.me/reviews/42998,口コミ,検出 - インデックス未登録,検出 - インデックス未登録,,,,2026-10-04T00:10:45+00:00
https://schoolwith.me/reviews/43021,口コミ,検出 - インデックス未登録,検出 - インデックス未登録,,,,2026-10-05T00:17:00+00:00
https://schoolwith.me/reviews/43048,口コミ,検出 - インデックス未登録,検出 - インデックス未登録,,,,2026-10-05T00:17:00+00:00
https://schoolwith.me/reviews/43053,口コミ,検出 - インデックス未登録,検出 - インデックス未登録,,,,2026-10-05T00:17:00+00:00
https://schoolwith.me/reviews/43063,口コミ,検出 - インデックス未登録,検出 - インデックス未登録,,,,2026-10-05T00:17:00+00:00
https://schoolwith.me/reviews/43074,口コミ,検出 - インデックス未登録,検出 - インデックス未登録,,,,2026-10-05T00:17:00+00:00
https://schoolwith.me/reviews/43079,口コミ,検出 - インデックス未登録,検出 - インデックス未登録,,,,2026-10-05T00:17:00+00:00
https://schoolwith.me/reviews/43086,口コミ,検出 - インデックス未登録,検出 - インデックス未登録,,,,2026-10-05T00:17:00+00:00
https://schoolwith.me/reviews/43146,口コミ,検出 - インデックス未登録,検出 - インデックス未登録,,,,2026-10-05T00:17:00+00:00
https://schoolwith.me/reviews/43150,口コミ,検出 - インデックス未登録,検出 - インデックス未登録,,,,2026-10-05T00:17:00+00:00
https://schoolwith.me/reviews/43158,口コミ,検出 - インデックス未登録,検出 - インデックス未登録,,,,2026-10-05T00:17:00+00:00
https://schoolwith.me/reviews/43234,口コミ,検出 - インデックス未登録,検出 - インデックス未登録,,,,2026-10-05T00:17:00+00:00
https://schoolwith.me/reviews/43237,口コミ,検出 - インデックス未登録,検出 - インデックス未登録,,,,2026-10-05T00:17:00+00:00
https://schoolwith.me/reviews/43240,口コミ,検出 - インデックス未登録,検出 - インデックス未登録,,,,2026-10-05T00:17:00+00:00
https://schoolwith.me/reviews/43252,口コミ,検出 - インデックス未登録,検出 - インデックス未登録,,,,2026-10-05T00:17:00+00:00
https://schoolwith.me/reviews/43281,口コミ,検出 - インデックス未登録,検出 - インデックス未登録,,,,2026-10-05T00:17:00+00:00
https://schoolwith.me/reviews/43293,口コミ,検出 - インデックス未登録,検出 - インデックス未登録,,,,2026-10-05T00:17:00+00:00
https://schoolwith.me/reviews/43323,口コミ,検出 - インデックス未登録,検出 - インデックス未登録,,,,2026-10-05T00:17:00+00:00
https://schoolwith.me/reviews/43327,口コミ,検出 - インデックス未登録,検出 - インデックス未登録,,,,2026-10-05T00:17:00+00:00
https://schoolwith.me/reviews/43334,口コミ,検出 - インデックス未登録,検出 - インデックス未登録,,,,2026-10-05T00:17:00+00:00
https://schoolwith.me/reviews/43339,口コミ,検出 - インデックス未登録,検出 - インデックス未登録,,,,2026-10-05T00:17:00+00:00
https://schoolwith.me/reviews/43349,口コミ,検出 - インデックス未登録,検出 - インデックス未登録,,,,2026-10-05T00:17:00+00:00
https://schoolwith.me/reviews/43363,口コミ,検出 - インデックス未登録,検出 - インデックス未登録,,,,2026-10-05T00:17:00+00:00
https://schoolwith.me/reviews/43397,口コミ,検出 - インデックス未登録,検出 - インデックス未登録,,,,2026-10-05T00:17:00+00:00
https://schoolwith.me/reviews/43403,口コミ,検出 - インデックス未登録,検出 - インデックス未登録,,,,2026-10-05T00:17:00+00:00
https://schoolwith.me/reviews/43406,口コミ,検出 - インデックス未登録,検出 - インデックス未登録,,,,2026-10-05T00:17:00+00:00
https://schoolwith.me/reviews/43407,口コミ,検出 - インデックス未登録,検出 - インデックス未登録,,,,2026-10-05T00:17:00+00:00
https://schoolwith.me/reviews/43445,口コミ,検出 - インデックス未登録,検出 - インデックス未登録,,,,2026-10-05T00:17:00+00:00
https://schoolwith.me/reviews/43461,口コミ,検出 - インデックス未登録,検出 - インデックス未登録,,,,2026-10-05T00:17:00+00:00
https://schoolwith.me/reviews/43469,口コミ,検出 - インデックス未登録,検出 - インデックス未登録,,,,2026-10-05T00:17:00+00:00
https://schoolwith.me/reviews/43474,口コミ,検出 - インデックス未登録,検出 - インデックス未登録,,,,2026-10-05T00:17:00+00:00
https://schoolwith.me/reviews/43479,口コミ,検出 - インデックス未登録,検出 - インデックス未登録,,,,2026-10-05T00:17:00+00:00
https://schoolwith.me/reviews/43481,口コミ,検出 - インデックス未登録,検出 - インデックス未登録,,,,2026-10-05T00:17:00+00:00
https://schoolwith.me/reviews/43495,口コミ,検出 - インデックス未登録,検出 - インデックス未登録,,,,2026-10-05T00:17:00+00:00
https://schoolwith.me/reviews/43521,口コミ,検出 - インデックス未登録,検出 - インデックス未登録,,,,2026-10-05T00:17:00+00:00
https://schoolwith.me/reviews/43523,口コミ,検出 - インデックス未登録,検出 - インデックス未登録,,,,2026-10-05T00:17:00+00:00
https://schoolwith.me/reviews/43531,口コミ,検出 - インデックス未登録,検出 - インデックス未登録,,,,2026-10-05T00:17:00+00:00
https://schoolwith.me/reviews/43555,口コミ,検出 - インデックス未登録,検出 - インデックス未登録,,,,2026-10-05T00:17:00+00:00
https://schoolwith.me/reviews/43562,口コミ,検出 - インデックス未登録,検出 - インデックス未登録,,,,2026-10-05T00:17:00+00:00
https://schoolwith.me/reviews/43577,口コミ,検出 - インデックス未登録,検出 - インデックス未登録,,,,2026-10-05T00:17:00+00:00
https://schoolwith.me/reviews/43583,口コミ,検出 - インデックス未登録,検出 - インデックス未登録,,,,2026-10-05T00:17:00+00:00
https://schoolwith.me/reviews/43589,口コミ,検出 - インデックス未登録,検出 - インデックス未登録,,,,2026-10-05T00:17:00+00:00
https://schoolwith.me/reviews/43630,口コミ,検出 - インデックス未登録,検出 - インデックス未登録,,,,2026-10-05T00:17:00+00:00
https://schoolwith.me/reviews/43639,口コミ,検出 - インデックス未登録,検出 - インデックス未登録,,,,2026-10-05T00:17:00+00:00
https://schoolwith.me/reviews/43640,口コミ,検出 - インデックス未登録,検出 - インデックス未登録,,,,2026-10-05T00:17:00+00:00
https://schoolwith.me/reviews/43659,口コミ,検出 - インデックス未登録,検出 - インデックス未登録,,,,2026-10-05T00:17:00+00:00
https://schoolwith.me/reviews/43667,口コミ,検出 - インデックス未登録,検出 - インデックス未登録,,,,2026-10-05T00:17:00+00:00
https://schoolwith.me/reviews/43687,口コミ,検出 - インデックス未登録,検出 - インデックス未登録,,,,2026-10-05T00:17:00+00:00
https://schoolwith.me/reviews/43697,口コミ,検出 - インデックス未登録,検出 - インデックス未登録,,,,2026-10-05T00:17:00+00:00
https://schoolwith.me/reviews/43709,口コミ,検出 - インデックス未登録,検出 - インデックス未登録,,,,2026-10-05T00:17:00+00:00
https://schoolwith.me/reviews/43735,口コミ,検出 - インデックス未登録,検出 - インデックス未登録,,,,2026-10-05T00:17:00+00:00
https://schoolwith.me/reviews/43737,口コミ,検出 - インデックス未登録,検出 - インデックス未登録,,,,2026-10-05T00:17:00+00:00
https://schoolwith.me/reviews/43738,口コミ,検出 - インデックス未登録,検出 - インデックス未登録,,,,2026-10-05T00:17:00+00:00
https://schoolwith.me/reviews/43745,口コミ,検出 - インデックス未登録,検出 - インデックス未登録,,,,2026-10-05T00:17:00+00:00
https://schoolwith.me/reviews/43753,口コミ,検出 - インデックス未登録,検出 - インデックス未登録,,,,2026-10-05T00:17:00+00:00
https://schoolwith.me/reviews/43767,口コミ,検出 - インデックス未登録,検出 - インデックス未登録,,,,2026-10-05T00:17:00+00:00
https://schoolwith.me/reviews/43769,口コミ,検出 - インデックス未登録,検出 - インデックス未登録,,,,2026-10-05T00:17:00+00:00
https://schoolwith.me/reviews/43775,口コミ,検出 - インデックス未登録,検出 - インデックス未登録,,,,2026-10-05T00:17:00+00:00
https://schoolwith.me/reviews/43776,口コミ,検出 - インデックス未登録,検出 - インデックス未登録,,,,2026-10-05T00:17:00+00:00
https://schoolwith.me/reviews/43780,口コミ,検出 - インデックス未登録,検出 - インデックス未登録,,,,2026-10-05T00:17:00+00:00
https://schoolwith.me/reviews/43782,口コミ,検出 - インデックス未登録,検出 - インデックス未登録,,,,2026-10-05T00:17:00+00:00
https://schoolwith.me/reviews/43783,口コミ,検出 - インデックス未登録,検出 - インデックス未登録,,,,2026-10-05T00:17:00+00:00
https://schoolwith.me/reviews/43819,口コミ,検出 - インデックス未登録,検出 - インデックス未登録,,,,2026-10-05T00:17:00+00:00
https://schoolwith.me/reviews/43821,口コミ,検出 - インデックス未登録,検出 - インデックス未登録,,,,2026-10-05T00:17:00+00:00
https://schoolwith.me/reviews/43838,口コミ,検出 - インデックス未登録,検出 - インデックス未登録,,,,2026-10-05T00:17:00+00:00
https://schoolwith.me/reviews/43875,口コミ,検出 - インデックス未登録,検出 - インデックス未登録,,,,2026-10-05T00:17:00+00:00
https://schoolwith.me/reviews/43940,口コミ,検出 - インデックス未登録,検出 - インデックス未登録,,,,2026-10-05T00:17:00+00:00
https://schoolwith.me/reviews/43941,口コミ,検出 - インデックス未登録,検出 - インデックス未登録,,,,2026-10-05T00:17:00+00:00
https://schoolwith.me/reviews/43954,口コミ,検出 - インデックス未登録,検出 - インデックス未登録,,,,2026-10-05T00:17:00+00:00
https://schoolwith.me/reviews/43968,口コミ,検出 - インデックス未登録,検出 - インデックス未登録,,,,2026-10-05T00:17:00+00:00
https://schoolwith.me/reviews/43970,口コミ,検出 - インデックス未登録,検出 - インデックス未登録,,,,2026-10-05T00:17:00+00:00
https://schoolwith.me/reviews/44021,口コミ,検出 - インデックス未登録,検出 - インデックス未登録,,,,2026-10-05T00:17:00+00:00
https://schoolwith.me/reviews/44046,口コミ,検出 - インデックス未登録,検出 - インデックス未登録,,,,2026-10-05T00:17:00+00:00
https://schoolwith.me/reviews/44059,口コミ,検出 - インデックス未登録,検出 - インデックス未登録,,,,2026-10-05T00:17:00+00:00
https://schoolwith.me/reviews/44077,口コミ,検出 - インデックス未登録,検出 - インデックス未登録,,,,2026-10-05T00:17:00+00:00
https://schoolwith.me/reviews/44108,口コミ,検出 - インデックス未登録,検出 - インデックス未登録,,,,2026-10-05T00:17:00+00:00
https://schoolwith.me/reviews/44126,口コミ,検出 - インデックス未登録,検出 - インデックス未登録,,,,2026-10-05T00:17:00+00:00
https://schoolwith.me/reviews/44127,口コミ,検出 - インデックス未登録,検出 - インデックス未登録,,,,2026-10-05T00:17:00+00:00
https://schoolwith.me/reviews/44143,口コミ,検出 - インデックス未登録,検出 - インデックス未登録,,,,2026-10-05T00:17:00+00:00
https://schoolwith.me/reviews/44167,口コミ,検出 - インデックス未登録,検出 - インデックス未登録,,,,2026-10-05T00:17:00+00:00
https://schoolwith.me/reviews/44214,口コミ,検出 - インデックス未登録,検出 - インデックス未登録,,,,2026-10-05T00:17:00+00:00
https://schoolwith.me/reviews/44222,口コミ,検出 - インデックス未登録,検出 - インデックス未登録,,,,2026-10-05T00:17:00+00:00
https://schoolwith.me/reviews/44227,口コミ,検出 - インデックス未登録,検出 - インデックス未登録,,,,2026-10-05T00:17:00+00:00
https://schoolwith.me/reviews/44236,口コミ,検出 - インデックス未登録,検出 - インデックス未登録,,,,2026-10-05T00:17:00+00:00
https://schoolwith.me/reviews/44289,口コミ,検出 - インデックス未登録,検出 - インデックス未登録,,,,2026-10-05T00:17:00+00:00
https://schoolwith.me/reviews/44350,口コミ,検出 - インデックス未登録,検出 - インデックス未登録,,,,2026-10-05T00:17:00+00:00
https://schoolwith.me/reviews/44363,口コミ,検出 - インデックス未登録,検出 - インデックス未登録,,,,2026-10-05T00:17:00+00:00
https://schoolwith.me/reviews/44477,口コミ,検出 - インデックス未登録,検出 - インデックス未登録,,,,2026-10-05T00:17:00+00:00
https://schoolwith.me/reviews/44484,口コミ,検出 - インデックス未登録,検出 - インデックス未登録,,,,2026-10-05T00:17:00+00:00
https://schoolwith.me/reviews/44518,口コミ,検出 - インデックス未登録,検出 - インデックス未登録,,,,2026-10-05T00:17:00+00:00
https://schoolwith.me/reviews/44659,口コミ,検出 - インデックス未登録,検出 - インデックス未登録,,,,2026-10-05T00:17:00+00:00
https://schoolwith.me/reviews/44675,口コミ,検出 - インデックス未登録,検出 - インデックス未登録,,,,2026-10-05T00:17:00+00:00
https://schoolwith.me/reviews/44718,口コミ,検出 - インデックス未登録,検出 - インデックス未登録,,,,2026-10-05T00:17:00+00:00
https://schoolwith.me/reviews/44771,口コミ,検出 - インデックス未登録,検出 - インデックス未登録,,,,2026-10-05T00:17:00+00:00
https://schoolwith.me/reviews/44773,口コミ,検出 - インデックス未登録,検出 - インデックス未登録,,,,2026-10-05T00:17:00+00:00
https://schoolwith.me/reviews/44784,口コミ,検出 - インデックス未登録,検出 - インデックス未登録,,,,2026-10-05T00:17:00+00:00
https://schoolwith.me/reviews/44785,口コミ,検出 - インデックス未登録,検出 - インデックス未登録,,,,2026-10-05T00:17:00+00:00
https://schoolwith.me/reviews/44827,口コミ,検出 - インデックス未登録,検出 - インデックス未登録,,,,2026-10-05T00:17:00+00:00
https://schoolwith.me/reviews/44853,口コミ,検出 - インデックス未登録,検出 - インデックス未登録,,,,2026-10-05T00:17:00+00:00
https://schoolwith.me/reviews/44854,口コミ,検出 - インデックス未登録,検出 - インデックス未登録,,,,2026-10-05T00:17:00+00:00
https://schoolwith.me/reviews/44887,口コミ,検出 - インデックス未登録,検出 - インデックス未登録,,,,2026-10-05T00:17:00+00:00
https://schoolwith.me/reviews/44911,口コミ,検出 - インデックス未登録,検出 - インデックス未登録,,,,2026-10-05T00:17:00+00:00
https://schoolwith.me/reviews/44930,口コミ,検出 - インデックス未登録,検出 - インデックス未登録,,,,2026-10-05T00:17:00+00:00
https://schoolwith.me/reviews/44941,口コミ,検出 - インデックス未登録,検出 - インデックス未登録,,,,2026-10-05T00:17:00+00:00
https://schoolwith.me/reviews/44943,口コミ,検出 - インデックス未登録,検出 - インデックス未登録,,,,2026-10-05T00:17:00+00:00
https://schoolwith.me/reviews/44989,口コミ,検出 - インデックス未登録,検出 - インデックス未登録,,,,2026-10-05T00:17:00+00:00
https://schoolwith.me/reviews/44999,口コミ,検出 - インデックス未登録,検出 - インデックス未登録,,,,2026-10-05T00:17:00+00:00
https://schoolwith.me/reviews/45026,口コミ,検出 - インデックス未登録,検出 - インデックス未登録,,,,2026-10-05T00:17:00+00:00
https://schoolwith.me/reviews/45035,口コミ,検出 - インデックス未登録,検出 - インデックス未登録,,,,2026-10-05T00:17:00+00:00
https://schoolwith.me/reviews/45066,口コミ,検出 - インデックス未登録,検出 - インデックス未登録,,,,2026-10-05T00:17:00+00:00
https://schoolwith.me/reviews/45069,口コミ,検出 - インデックス未登録,検出 - インデックス未登録,,,,2026-10-05T00:17:00+00:00
https://schoolwith.me/reviews/45113,口コミ,検出 - インデックス未登録,検出 - インデックス未登録,,,,2026-10-05T00:17:00+00:00
https://schoolwith.me/reviews/45128,口コミ,検出 - インデックス未登録,検出 - インデックス未登録,,,,2026-10-05T00:17:00+00:00
https://schoolwith.me/reviews/45152,口コミ,検出 - インデックス未登録,検出 - インデックス未登録,,,,2026-10-05T00:17:00+00:00
https://schoolwith.me/reviews/45161,口コミ,検出 - インデックス未登録,検出 - インデックス未登録,,,,2026-10-05T00:17:00+00:00
https://schoolwith.me/reviews/45165,口コミ,検出 - インデックス未登録,検出 - インデックス未登録,,,,2026-10-05T00:17:00+00:00
https://schoolwith.me/reviews/45176,口コミ,検出 - インデックス未登録,検出 - インデックス未登録,,,,2026-10-05T00:17:00+00:00
https://schoolwith.me/reviews/45177,口コミ,検出 - インデックス未登録,検出 - インデックス未登録,,,,2026-10-05T00:17:00+00:00
https://schoolwith.me/reviews/45184,口コミ,検出 - インデックス未登録,検出 - インデックス未登録,,,,2026-10-05T00:17:00+00:00
https://schoolwith.me/reviews/45212,口コミ,検出 - インデックス未登録,検出 - インデックス未登録,,,,2026-10-05T00:17:00+00:00
https://schoolwith.me/reviews/45274,口コミ,検出 - インデックス未登録,検出 - インデックス未登録,,,,2026-10-05T00:17:00+00:00
https://schoolwith.me/reviews/45296,口コミ,検出 - インデックス未登録,検出 - インデックス未登録,,,,2026-10-05T00:17:00+00:00
https://schoolwith.me/reviews/45316,口コミ,検出 - インデックス未登録,検出 - インデックス未登録,,,,2026-10-05T00:17:00+00:00
https://schoolwith.me/reviews/45318,口コミ,検出 - インデックス未登録,検出 - インデックス未登録,,,,2026-10-05T00:17:00+00:00
https://schoolwith.me/reviews/45321,口コミ,検出 - インデックス未登録,検出 - インデックス未登録,,,,2026-10-05T00:17:00+00:00
https://schoolwith.me/reviews/45322,口コミ,検出 - インデックス未登録,検出 - インデックス未登録,,,,2026-10-05T00:17:00+00:00
https://schoolwith.me/reviews/45329,口コミ,検出 - インデックス未登録,検出 - インデックス未登録,,,,2026-10-05T00:17:00+00:00
https://schoolwith.me/reviews/45338,口コミ,検出 - インデックス未登録,検出 - インデックス未登録,,,,2026-10-05T00:17:00+00:00
https://schoolwith.me/reviews/45354,口コミ,検出 - インデックス未登録,検出 - インデックス未登録,,,,2026-10-05T00:17:00+00:00
https://schoolwith.me/reviews/45358,口コミ,検出 - インデックス未登録,検出 - インデックス未登録,,,,2026-10-05T00:17:00+00:00
https://schoolwith.me/reviews/45362,口コミ,検出 - インデックス未登録,検出 - インデックス未登録,,,,2026-10-05T00:17:00+00:00
https://schoolwith.me/reviews/45368,口コミ,検出 - インデックス未登録,検出 - インデックス未登録,,,,2026-10-05T00:17:00+00:00
https://schoolwith.me/reviews/45378,口コミ,検出 - インデックス未登録,検出 - インデックス未登録,,,,2026-10-05T00:17:00+00:00
https://schoolwith.me/reviews/45388,口コミ,検出 - インデックス未登録,検出 - インデックス未登録,,,,2026-10-05T00:17:00+00:00
https://schoolwith.me/reviews/45391,口コミ,検出 - インデックス未登録,検出 - インデックス未登録,,,,2026-10-05T00:17:00+00:00
https://schoolwith.me/reviews/45397,口コミ,検出 - インデックス未登録,検出 - インデックス未登録,,,,2026-10-05T00:17:00+00:00
https://schoolwith.me/reviews/45405,口コミ,検出 - インデックス未登録,検出 - インデックス未登録,,,,2026-10-05T00:17:00+00:00
https://schoolwith.me/reviews/45414,口コミ,検出 - インデックス未登録,検出 - インデックス未登録,,,,2026-10-05T00:17:00+00:00
https://schoolwith.me/reviews/45416,口コミ,検出 - インデックス未登録,検出 - インデックス未登録,,,,2026-10-05T00:17:00+00:00
https://schoolwith.me/reviews/45421,口コミ,検出 - インデックス未登録,検出 - インデックス未登録,,,,2026-10-05T00:17:00+00:00
https://schoolwith.me/reviews/45433,口コミ,検出 - インデックス未登録,検出 - インデックス未登録,,,,2026-10-05T00:17:00+00:00
https://schoolwith.me/reviews/45454,口コミ,検出 - インデックス未登録,検出 - インデックス未登録,,,,2026-10-05T00:17:00+00:00
https://schoolwith.me/reviews/45458,口コミ,検出 - インデックス未登録,検出 - インデックス未登録,,,,2026-10-05T00:17:00+00:00
https://schoolwith.me/reviews/45462,口コミ,検出 - インデックス未登録,検出 - インデックス未登録,,,,2026-10-05T00:17:00+00:00
https://schoolwith.me/reviews/45468,口コミ,検出 - インデックス未登録,検出 - インデックス未登録,,,,2026-10-05T00:17:00+00:00
https://schoolwith.me/schools/review/20148,口コミ,検出 - インデックス未登録,検出 - インデックス未登録,,,,2026-10-06T01:58:02+00:00
https://schoolwith.me/schools/review/20806,口コミ,検出 - インデックス未登録,検出 - インデックス未登録,,,,2026-10-06T01:58:02+00:00
https://schoolwith.me/schools/review/246,口コミ,検出 - インデックス未登録,検出 - インデックス未登録,,,,2026-10-06T01:58:02+00:00
https://schoolwith.me/schools/review/30178,口コミ,検出 - インデックス未登録,検出 - インデックス未登録,,,,2026-10-06T01:58:02+00:00
https://schoolwith.me/schools/review/30339,口コミ,検出 - インデックス未登録,検出 - インデックス未登録,,,,2026-10-06T01:58:02+00:00
https://schoolwith.me/schools/review/30342,口コミ,検出 - インデックス未登録,検出 - インデックス未登録,,,,2026-10-06T01:58:02+00:00
https://schoolwith.me/schools/review/30343,口コミ,検出 - インデックス未登録,検出 - インデックス未登録,,,,2026-10-06T01:58:02+00:00
https://schoolwith.me/schools/review/40373,口コミ,検出 - インデックス未登録,検出 - インデックス未登録,,,,2026-10-06T01:58:02+00:00
https://schoolwith.me/schools/review/50061,口コミ,検出 - インデックス未登録,検出 - インデックス未登録,,,,2026-10-06T01:58:02+00:00
