URL,前回のクロール
https://schoolwith.me/about?a8=I2Ghz2Y8u7rmQ7jZwns2sQEZBdlpsQreVnrmeljVQVL8u7GNX752-_GNs7leEe5sCVqQjBGFC2Ghos00000019593001,1970-01-01
https://schoolwith.me/about?a8=KrA0DrUo2L8pjzgCZjBMppIMq.zJ8oIsAj_CszIFMF4o2LAX79TKcLTLGLZsasTBcFbMIvAycrA01s00000024868001,1970-01-01
https://schoolwith.me/about?a8=cETptEiKDYIKbfRwQmafTTCB4TZXIeBCFmyN8eBCKN.CRYTIpYTgSe_B4e_gSe_Y.M_y02ARb2TLb2TK5N.2RHTc.EbgDeT7pekXxs00000024433001,1970-01-01
https://schoolwith.me/areas/school/19001/direction:asc/sort:lowest_fee_per_month,1970-01-01
https://schoolwith.me/areas/school/2/direction:desc/page:2,1970-01-01
https://schoolwith.me/areas/school/2/page:3/direction:desc,1970-01-01
https://schoolwith.me/areas/school/2005/page:2/direction:desc,1970-01-01
https://schoolwith.me/areas/school/2008/page:2/direction:desc,1970-01-01
https://schoolwith.me/areas/school/2038/direction:desc,1970-01-01
https://schoolwith.me/areas/school/2086/direction:desc,1970-01-01
https://schoolwith.me/areas/school/24001/direction:desc,1970-01-01
https://schoolwith.me/areas/school/3/page:3/direction:asc/sort:lowest_fee_per_month,1970-01-01
https://schoolwith.me/areas/school/3/sort:lowest_fee_per_month/direction:asc/page:2,1970-01-01
https://schoolwith.me/areas/school/3001/page:2/direction:desc,1970-01-01
https://schoolwith.me/areas/school/4001/direction:desc/page:5,1970-01-01
https://schoolwith.me/areas/school/4002/direction:desc/page:6,1970-01-01
https://schoolwith.me/areas/school/4002/page:4/direction:desc,1970-01-01
https://schoolwith.me/areas/school/4007/direction:asc/sort:lowest_fee_per_month,1970-01-01
https://schoolwith.me/areas/school/5007/direction:desc/page:2,1970-01-01
https://schoolwith.me/areas/school/5017/direction:asc/sort:lowest_fee_per_month,1970-01-01
https://schoolwith.me/areas/school/5043/direction:asc/sort:lowest_fee_per_month,1970-01-01
https://schoolwith.me/areas/school/7002/direction:desc,1970-01-01
https://schoolwith.me/attention,1970-01-01
https://schoolwith.me/campaigns/bestbody?a8=KrA0DrUo2L8pjzgCZjBMppIMq.zJ8oIsAj_CszIFMF4o2LAX79TKcLTLGLZsasTBcFbMIvAycrA01s00000024868001,1970-01-01
https://schoolwith.me/category/schools/abroad_life/country_id:4/area_id:4002,1970-01-01
https://schoolwith.me/category/schools/abroad_life/country_id:5/area_id:5003,1970-01-01
https://schoolwith.me/category/schools/abroad_life/country_id:5/area_id:5021,1970-01-01
https://schoolwith.me/category/schools/abroad_life/country_id:6/area_id:6004,1970-01-01
https://schoolwith.me/category/schools/abroad_life/sort:lowest_fee_per_month/direction:asc/page:8,1970-01-01
https://schoolwith.me/category/schools/barista/country_id:4/area_id:4011,1970-01-01
https://schoolwith.me/category/schools/business/country_id:1/area_id:6,1970-01-01
https://schoolwith.me/category/schools/business/country_id:8/area_id:8001,1970-01-01
https://schoolwith.me/category/schools/business/direction:asc/country_id:4/area_id:4003/sort:lowest_fee_per_month,1970-01-01
https://schoolwith.me/category/schools/business/direction:asc/country_id:7/area_id:7001/sort:lowest_fee_per_month,1970-01-01
https://schoolwith.me/category/schools/business/page:2/country_id:3,1970-01-01
https://schoolwith.me/category/schools/cambridge/country_id:1/area_id:1,1970-01-01
https://schoolwith.me/category/schools/cambridge/country_id:4/area_id:4012,1970-01-01
https://schoolwith.me/category/schools/cambridge/country_id:7/area_id:7002,1970-01-01
https://schoolwith.me/category/schools/cambridge/sort:lowest_fee_per_month/direction:asc/country_id:5/page:3,1970-01-01
https://schoolwith.me/category/schools/cambridge/sort:lowest_fee_per_month/direction:asc/page:6,1970-01-01
https://schoolwith.me/category/schools/campaign/country_id:3/area_id:3005,1970-01-01
https://schoolwith.me/category/schools/campaign/country_id:4/area_id:4002,1970-01-01
https://schoolwith.me/category/schools/campaign/country_id:4/area_id:4007,1970-01-01
https://schoolwith.me/category/schools/campaign/country_id:6/area_id:6004,1970-01-01
https://schoolwith.me/category/schools/campaign/country_id:8/area_id:8008,1970-01-01
https://schoolwith.me/category/schools/facility/country_id:1/area_id:14,1970-01-01
https://schoolwith.me/category/schools/facility/country_id:2,1970-01-01
https://schoolwith.me/category/schools/facility/country_id:2/area_id:2009,1970-01-01
https://schoolwith.me/category/schools/facility/country_id:3/area_id:3002,1970-01-01
https://schoolwith.me/category/schools/facility/country_id:4/area_id:4003,1970-01-01
https://schoolwith.me/category/schools/facility/country_id:4/area_id:4007,1970-01-01
https://schoolwith.me/category/schools/gmat/country_id:2/area_id:2006,1970-01-01
https://schoolwith.me/category/schools/gre/country_id:5/area_id:5007,1970-01-01
https://schoolwith.me/category/schools/hard_schedule/country_id:1/area_id:3,1970-01-01
https://schoolwith.me/category/schools/ielts/direction:asc/country_id:3/area_id:3012/sort:lowest_fee_per_month,1970-01-01
https://schoolwith.me/category/schools/ielts/direction:asc/country_id:5/area_id:5006/sort:lowest_fee_per_month,1970-01-01
https://schoolwith.me/category/schools/ielts/direction:desc/country_id:3/area_id:3003,1970-01-01
https://schoolwith.me/category/schools/ielts/direction:desc/country_id:5/area_id:5005,1970-01-01
https://schoolwith.me/category/schools/ielts/direction:desc/country_id:5/page:2,1970-01-01
https://schoolwith.me/category/schools/ielts/direction:desc/country_id:7/area_id:7002,1970-01-01
https://schoolwith.me/category/schools/ielts/direction:desc/country_id:7/page:2,1970-01-01
https://schoolwith.me/category/schools/ielts/page:2/country_id:1/area_id:1,1970-01-01
https://schoolwith.me/category/schools/ielts/sort:lowest_fee_per_month/direction:ASC/country_id:1,1970-01-01
https://schoolwith.me/category/schools/ielts/sort:lowest_fee_per_month/direction:ASC/country_id:5/area_id:5005,1970-01-01
https://schoolwith.me/category/schools/internship/country_id:2,1970-01-01
https://schoolwith.me/category/schools/medical/country_id:5/area_id:5001,1970-01-01
https://schoolwith.me/category/schools/native/country_id:2/area_id:2002,1970-01-01
https://schoolwith.me/category/schools/native/country_id:2/area_id:2003,1970-01-01
https://schoolwith.me/category/schools/native/country_id:2/area_id:2008,1970-01-01
https://schoolwith.me/category/schools/native/country_id:3/area_id:3005,1970-01-01
https://schoolwith.me/category/schools/native/country_id:3/area_id:3007,1970-01-01
https://schoolwith.me/category/schools/native/country_id:5/area_id:5020,1970-01-01
https://schoolwith.me/category/schools/native/country_id:6/area_id:6001,1970-01-01
https://schoolwith.me/category/schools/non_japanese/country_id:3/area_id:3001,1970-01-01
https://schoolwith.me/category/schools/non_japanese/country_id:3/area_id:3012,1970-01-01
https://schoolwith.me/category/schools/non_japanese/country_id:6/area_id:6002,1970-01-01
https://schoolwith.me/category/schools/non_japanese/country_id:8/area_id:8002,1970-01-01
https://schoolwith.me/category/schools/non_japanese/direction:asc/country_id:8/sort:lowest_fee_per_month,1970-01-01
https://schoolwith.me/category/schools/non_japanese/direction:desc/country_id:8,1970-01-01
https://schoolwith.me/category/schools/online_english/country_id:1/area_id:2,1970-01-01
https://schoolwith.me/category/schools/parent_child/direction:asc/sort:lowest_fee_per_month,1970-01-01
https://schoolwith.me/category/schools/short_term/direction:desc/country_id:1,1970-01-01
https://schoolwith.me/category/schools/short_term/direction:desc/country_id:2/area_id:2006,1970-01-01
https://schoolwith.me/category/schools/short_term/direction:desc/country_id:2/area_id:2009,1970-01-01
https://schoolwith.me/category/schools/short_term/direction:desc/country_id:5/area_id:5045,1970-01-01
https://schoolwith.me/category/schools/short_term/page:2/country_id:5,1970-01-01
https://schoolwith.me/category/schools/short_term/page:2/sort:lowest_fee_per_month/direction:asc/country_id:2,1970-01-01
https://schoolwith.me/category/schools/short_term/sort:lowest_fee_per_month/direction:ASC/country_id:3/area_id:3071,1970-01-01
https://schoolwith.me/category/schools/short_term/sort:lowest_fee_per_month/direction:asc/country_id:2/area_id:2071,1970-01-01
https://schoolwith.me/category/schools/toefl/direction:asc/country_id:8/area_id:8002/sort:lowest_fee_per_month,1970-01-01
https://schoolwith.me/category/schools/toefl/direction:desc/country_id:2/area_id:2009,1970-01-01
https://schoolwith.me/category/schools/toefl/direction:desc/country_id:3/area_id:3001,1970-01-01
https://schoolwith.me/category/schools/toefl/direction:desc/country_id:3/page:2,1970-01-01
https://schoolwith.me/category/schools/toefl/page:2/direction:asc/sort:lowest_fee_per_month,1970-01-01
https://schoolwith.me/category/schools/toefl/sort:lowest_fee_per_month/direction:ASC/country_id:2/area_id:2002,1970-01-01
https://schoolwith.me/category/schools/toefl/sort:lowest_fee_per_month/direction:ASC/country_id:5/area_id:5002,1970-01-01
https://schoolwith.me/category/schools/toeic/country_id:8/area_id:8002,1970-01-01
https://schoolwith.me/category/schools/univ_going/country_id:3/area_id:3005,1970-01-01
https://schoolwith.me/category/schools/univ_going/country_id:4/area_id:4001,1970-01-01
https://schoolwith.me/category/schools/univ_going/country_id:4/area_id:4003,1970-01-01
https://schoolwith.me/category/schools/univ_going/country_id:6,1970-01-01
https://schoolwith.me/category/schools/univ_going/country_id:7/area_id:7001,1970-01-01
https://schoolwith.me/category/schools/univ_going/direction:desc/country_id:3,1970-01-01
https://schoolwith.me/category/schools/vacation/country_id:1,1970-01-01
https://schoolwith.me/category/schools/vacation/country_id:2/area_id:2003,1970-01-01
https://schoolwith.me/category/schools/working_holiday/country_id:5/area_id:5021,1970-01-01
https://schoolwith.me/category/schools/working_holiday/direction:asc/country_id:0/sort:lowest_fee_per_month,1970-01-01
https://schoolwith.me/category/schools/working_holiday/page:5/direction:desc/country_id:3,1970-01-01
https://schoolwith.me/category/schools/working_holiday_course/country_id:3/area_id:3004,1970-01-01
https://schoolwith.me/columns/author/108,1970-01-01
https://schoolwith.me/columns/author/111/supports/line/page:2,1970-01-01
https://schoolwith.me/columns/author/115,1970-01-01
https://schoolwith.me/columns/author/117?a8=cETptEiKDYIKbfRwQmafTTCB4TZXIeBCFmyN8eBCKN.CRYTIpYTgSe_B4e_gSe_Y.M_y02ARb2TLb2TK5N.2RHTc.EbgDeT7pekXxs00000024433001,1970-01-01
https://schoolwith.me/columns/author/118?a8=I2Ghz2Y8u7rmQ7jZwns2sQEZBdlpsQreVnrmeljVQVL8u7GNX752-_GNs7leEe5sCVqQjBGFC2Ghos00000019593001,1970-01-01
https://schoolwith.me/columns/author/122?a8=KrA0DrUo2L8pjzgCZjBMppIMq.zJ8oIsAj_CszIFMF4o2LAX79TKcLTLGLZsasTBcFbMIvAycrA01s00000024868001,1970-01-01
https://schoolwith.me/columns/author/129,1970-01-01
https://schoolwith.me/columns/author/193,1970-01-01
https://schoolwith.me/columns/author/203,1970-01-01
https://schoolwith.me/columns/author/218?a8=I2Ghz2Y8u7rmQ7jZwns2sQEZBdlpsQreVnrmeljVQVL8u7GNX752-_GNs7leEe5sCVqQjBGFC2Ghos00000019593001,1970-01-01
https://schoolwith.me/columns/author/219?a8=I2Ghz2Y8u7rmQ7jZwns2sQEZBdlpsQreVnrmeljVQVL8u7GNX752-_GNs7leEe5sCVqQjBGFC2Ghos00000019593001,1970-01-01
https://schoolwith.me/columns/author/230/page:2?a8=KrA0DrUo2L8pjzgCZjBMppIMq.zJ8oIsAj_CszIFMF4o2LAX79TKcLTLGLZsasTBcFbMIvAycrA01s00000024868001,1970-01-01
https://schoolwith.me/columns/author/230/supports/line,1970-01-01
https://schoolwith.me/columns/author/265?a8=KrA0DrUo2L8pjzgCZjBMppIMq.zJ8oIsAj_CszIFMF4o2LAX79TKcLTLGLZsasTBcFbMIvAycrA01s00000024868001,1970-01-01
https://schoolwith.me/columns/author/27?a8=KrA0DrUo2L8pjzgCZjBMppIMq.zJ8oIsAj_CszIFMF4o2LAX79TKcLTLGLZsasTBcFbMIvAycrA01s00000024868001,1970-01-01
https://schoolwith.me/columns/author/27?a8=cETptEiKDYIKbfRwQmafTTCB4TZXIeBCFmyN8eBCKN.CRYTIpYTgSe_B4e_gSe_Y.M_y02ARb2TLb2TK5N.2RHTc.EbgDeT7pekXxs00000024433001,1970-01-01
https://schoolwith.me/columns/author/33?a8=cETptEiKDYIKbfRwQmafTTCB4TZXIeBCFmyN8eBCKN.CRYTIpYTgSe_B4e_gSe_Y.M_y02ARb2TLb2TK5N.2RHTc.EbgDeT7pekXxs00000024433001,1970-01-01
https://schoolwith.me/columns/author/49,1970-01-01
https://schoolwith.me/columns/author/54?a8=KrA0DrUo2L8pjzgCZjBMppIMq.zJ8oIsAj_CszIFMF4o2LAX79TKcLTLGLZsasTBcFbMIvAycrA01s00000024868001,1970-01-01
https://schoolwith.me/columns/author/79?a8=cETptEiKDYIKbfRwQmafTTCB4TZXIeBCFmyN8eBCKN.CRYTIpYTgSe_B4e_gSe_Y.M_y02ARb2TLb2TK5N.2RHTc.EbgDeT7pekXxs00000024433001,1970-01-01
https://schoolwith.me/columns/author/8?a8=cETptEiKDYIKbfRwQmafTTCB4TZXIeBCFmyN8eBCKN.CRYTIpYTgSe_B4e_gSe_Y.M_y02ARb2TLb2TK5N.2RHTc.EbgDeT7pekXxs00000024433001,1970-01-01
https://schoolwith.me/columns/author/95,1970-01-01
https://schoolwith.me/columns/author/99?a8=I2Ghz2Y8u7rmQ7jZwns2sQEZBdlpsQreVnrmeljVQVL8u7GNX752-_GNs7leEe5sCVqQjBGFC2Ghos00000019593001,1970-01-01
https://schoolwith.me/columns/author/99?a8=cETptEiKDYIKbfRwQmafTTCB4TZXIeBCFmyN8eBCKN.CRYTIpYTgSe_B4e_gSe_Y.M_y02ARb2TLb2TK5N.2RHTc.EbgDeT7pekXxs00000024433001,1970-01-01
https://schoolwith.me/columns/category/12/page:3?a8=KrA0DrUo2L8pjzgCZjBMppIMq.zJ8oIsAj_CszIFMF4o2LAX79TKcLTLGLZsasTBcFbMIvAycrA01s00000024868001,1970-01-01
https://schoolwith.me/columns/category/3/page:7?a8=I2Ghz2Y8u7rmQ7jZwns2sQEZBdlpsQreVnrmeljVQVL8u7GNX752-_GNs7leEe5sCVqQjBGFC2Ghos00000019593001,1970-01-01
https://schoolwith.me/columns/category/3/page:8?a8=I2Ghz2Y8u7rmQ7jZwns2sQEZBdlpsQreVnrmeljVQVL8u7GNX752-_GNs7leEe5sCVqQjBGFC2Ghos00000019593001,1970-01-01
https://schoolwith.me/columns/category/3/page:8?a8=KrA0DrUo2L8pjzgCZjBMppIMq.zJ8oIsAj_CszIFMF4o2LAX79TKcLTLGLZsasTBcFbMIvAycrA01s00000024868001,1970-01-01
https://schoolwith.me/columns/category/6/page:2?a8=I2Ghz2Y8u7rmQ7jZwns2sQEZBdlpsQreVnrmeljVQVL8u7GNX752-_GNs7leEe5sCVqQjBGFC2Ghos00000019593001,1970-01-01
https://schoolwith.me/columns/category/6/page:2?a8=KrA0DrUo2L8pjzgCZjBMppIMq.zJ8oIsAj_CszIFMF4o2LAX79TKcLTLGLZsasTBcFbMIvAycrA01s00000024868001,1970-01-01
https://schoolwith.me/columns/country/2/page:2?a8=I2Ghz2Y8u7rmQ7jZwns2sQEZBdlpsQreVnrmeljVQVL8u7GNX752-_GNs7leEe5sCVqQjBGFC2Ghos00000019593001,1970-01-01
https://schoolwith.me/columns/country/2/supports/line/page:2,1970-01-01
https://schoolwith.me/columns?a8=I2Ghz2Y8u7rmQ7jZwns2sQEZBdlpsQreVnrmeljVQVL8u7GNX752-_GNs7leEe5sCVqQjBGFC2Ghos00000019593001&page=18,1970-01-01
https://schoolwith.me/columns?a8=I2Ghz2Y8u7rmQ7jZwns2sQEZBdlpsQreVnrmeljVQVL8u7GNX752-_GNs7leEe5sCVqQjBGFC2Ghos00000019593001&page=3,1970-01-01
https://schoolwith.me/columns?a8=KrA0DrUo2L8pjzgCZjBMppIMq.zJ8oIsAj_CszIFMF4o2LAX79TKcLTLGLZsasTBcFbMIvAycrA01s00000024868001&page=44,1970-01-01
https://schoolwith.me/columns?a8=KrA0DrUo2L8pjzgCZjBMppIMq.zJ8oIsAj_CszIFMF4o2LAX79TKcLTLGLZsasTBcFbMIvAycrA01s00000024868001&page=76,1970-01-01
https://schoolwith.me/columns?a8=KrA0DrUo2L8pjzgCZjBMppIMq.zJ8oIsAj_CszIFMF4o2LAX79TKcLTLGLZsasTBcFbMIvAycrA01s00000024868001&page=92,1970-01-01
https://schoolwith.me/columns?fbclid=IwAR2LrhPrCFB5-7nIZBWzH2IzpsjQWxFcmjI6I36-2JkSrf6zL6rJsFYo3Ys&page=54,1970-01-01
https://schoolwith.me/columns?fbclid=IwAR2LrhPrCFB5-7nIZBWzH2IzpsjQWxFcmjI6I36-2JkSrf6zL6rJsFYo3Ys&page=67,1970-01-01
https://schoolwith.me/columns?fbclid=IwAR2LrhPrCFB5-7nIZBWzH2IzpsjQWxFcmjI6I36-2JkSrf6zL6rJsFYo3Ys&page=85,1970-01-01
https://schoolwith.me/columns?src=top_pc_fc&page=21,1970-01-01
https://schoolwith.me/columns?src=top_pc_fc&page=59,1970-01-01
https://schoolwith.me/columns?src=top_pc_fc&page=90,1970-01-01
https://schoolwith.me/counsel/register?a8=KrA0DrUo2L8pjzgCZjBMppIMq.zJ8oIsAj_CszIFMF4o2LAX79TKcLTLGLZsasTBcFbMIvAycrA01s00000024868001,1970-01-01
https://schoolwith.me/counsel/register?src=top-sp-footer,1970-01-01
https://schoolwith.me/countries/AU/types/abroad_life/direction:asc/sort:lowest_fee_per_month,1970-01-01
https://schoolwith.me/countries/AU/types/abroad_life/direction:desc,1970-01-01
https://schoolwith.me/countries/AU/types/abroad_life?sort_type=/countries/AU/types/abroad_life,1970-01-01
https://schoolwith.me/countries/IE/types/short_term/sort:lowest_fee_per_month/direction:asc,1970-01-01
https://schoolwith.me/countries/NZ/types/abroad_life?sort_type=/countries/NZ/types/abroad_life/sort:lowest_fee_per_month/direction:asc,1970-01-01
https://schoolwith.me/countries/NZ/types/short_term/direction:desc,1970-01-01
https://schoolwith.me/countries/NZ/types/working_holiday/direction:asc/sort:lowest_fee_per_month,1970-01-01
https://schoolwith.me/countries/PH/types/short_term/direction:asc/sort:lowest_fee_per_month,1970-01-01
https://schoolwith.me/countries/PH/types/short_term/sort:lowest_fee_per_month/direction:asc,1970-01-01
https://schoolwith.me/countries/UK/types/short_term/sort:lowest_fee_per_month/direction:asc,1970-01-01
https://schoolwith.me/countries/school/AU/sort:lowest_fee_per_month/direction:asc/page:5,1970-01-01
https://schoolwith.me/countries/school/ID/direction:asc/sort:lowest_fee_per_month/page:3,1970-01-01
https://schoolwith.me/countries/school/ID/direction:desc/page:2,1970-01-01
https://schoolwith.me/countries/school/IE/sort:lowest_fee_per_month/direction:asc/page:7,1970-01-01
https://schoolwith.me/countries/school/NZ/page:23/sort:lowest_fee_per_month/direction:asc,1970-01-01
https://schoolwith.me/countries/school/PH/page:11/direction:desc,1970-01-01
https://schoolwith.me/countries/school/PH/sort:lowest_fee_per_month/direction:asc/page:3,1970-01-01
https://schoolwith.me/countries/school/UK/direction:desc/page:4,1970-01-01
https://schoolwith.me/countries/school/UK/page:23/direction:desc,1970-01-01
https://schoolwith.me/countries/school/US/page:3/direction:desc,1970-01-01
https://schoolwith.me/countries/school/US/page:34/direction:desc,1970-01-01
https://schoolwith.me/countries/school/US/page:42/direction:desc,1970-01-01
https://schoolwith.me/countries/school/US/page:51/direction:desc,1970-01-01
https://schoolwith.me/countries/school/US/page:68/sort:lowest_fee_per_month/direction:asc,1970-01-01
https://schoolwith.me/countries/school/US/page:71/direction:desc,1970-01-01
https://schoolwith.me/countries?a8=cETptEiKDYIKbfRwQmafTTCB4TZXIeBCFmyN8eBCKN.CRYTIpYTgSe_B4e_gSe_Y.M_y02ARb2TLb2TK5N.2RHTc.EbgDeT7pekXxs00000024433001,1970-01-01
https://schoolwith.me/departure_steps?a8=KrA0DrUo2L8pjzgCZjBMppIMq.zJ8oIsAj_CszIFMF4o2LAX79TKcLTLGLZsasTBcFbMIvAycrA01s00000024868001,1970-01-01
https://schoolwith.me/file/au_baggage.pdf?a8=KrA0DrUo2L8pjzgCZjBMppIMq.zJ8oIsAj_CszIFMF4o2LAX79TKcLTLGLZsasTBcFbMIvAycrA01s00000024868001,1970-01-01
https://schoolwith.me/file/ca_baggage.pdf?a8=KrA0DrUo2L8pjzgCZjBMppIMq.zJ8oIsAj_CszIFMF4o2LAX79TKcLTLGLZsasTBcFbMIvAycrA01s00000024868001,1970-01-01
https://schoolwith.me/file/mt_baggage.pdf,1970-01-01
https://schoolwith.me/file/mt_baggage.pdf?a8=KrA0DrUo2L8pjzgCZjBMppIMq.zJ8oIsAj_CszIFMF4o2LAX79TKcLTLGLZsasTBcFbMIvAycrA01s00000024868001,1970-01-01
https://schoolwith.me/file/uk_baggage.pdf,1970-01-01
https://schoolwith.me/file/us_baggage.pdf,1970-01-01
https://schoolwith.me/forschools?a8=cETptEiKDYIKbfRwQmafTTCB4TZXIeBCFmyN8eBCKN.CRYTIpYTgSe_B4e_gSe_Y.M_y02ARb2TLb2TK5N.2RHTc.EbgDeT7pekXxs00000024433001,1970-01-01
https://schoolwith.me/guideline?a8=KrA0DrUo2L8pjzgCZjBMppIMq.zJ8oIsAj_CszIFMF4o2LAX79TKcLTLGLZsasTBcFbMIvAycrA01s00000024868001,1970-01-01
https://schoolwith.me/guideline?a8=cETptEiKDYIKbfRwQmafTTCB4TZXIeBCFmyN8eBCKN.CRYTIpYTgSe_B4e_gSe_Y.M_y02ARb2TLb2TK5N.2RHTc.EbgDeT7pekXxs00000024433001,1970-01-01
https://schoolwith.me/help/103,1970-01-01
https://schoolwith.me/help/103?a8=I2Ghz2Y8u7rmQ7jZwns2sQEZBdlpsQreVnrmeljVQVL8u7GNX752-_GNs7leEe5sCVqQjBGFC2Ghos00000019593001,1970-01-01
https://schoolwith.me/help/11,1970-01-01
https://schoolwith.me/help/118?a8=I2Ghz2Y8u7rmQ7jZwns2sQEZBdlpsQreVnrmeljVQVL8u7GNX752-_GNs7leEe5sCVqQjBGFC2Ghos00000019593001,1970-01-01
https://schoolwith.me/help/155,1970-01-01
https://schoolwith.me/help/172,1970-01-01
https://schoolwith.me/help/18,1970-01-01
https://schoolwith.me/help/183,1970-01-01
https://schoolwith.me/help/186?a8=KrA0DrUo2L8pjzgCZjBMppIMq.zJ8oIsAj_CszIFMF4o2LAX79TKcLTLGLZsasTBcFbMIvAycrA01s00000024868001,1970-01-01
https://schoolwith.me/help/186?a8=cETptEiKDYIKbfRwQmafTTCB4TZXIeBCFmyN8eBCKN.CRYTIpYTgSe_B4e_gSe_Y.M_y02ARb2TLb2TK5N.2RHTc.EbgDeT7pekXxs00000024433001,1970-01-01
https://schoolwith.me/help/195,1970-01-01
https://schoolwith.me/help/209,1970-01-01
https://schoolwith.me/help/21,1970-01-01
https://schoolwith.me/help/28?a8=cETptEiKDYIKbfRwQmafTTCB4TZXIeBCFmyN8eBCKN.CRYTIpYTgSe_B4e_gSe_Y.M_y02ARb2TLb2TK5N.2RHTc.EbgDeT7pekXxs00000024433001,1970-01-01
https://schoolwith.me/help/3,1970-01-01
https://schoolwith.me/help/56?a8=KrA0DrUo2L8pjzgCZjBMppIMq.zJ8oIsAj_CszIFMF4o2LAX79TKcLTLGLZsasTBcFbMIvAycrA01s00000024868001,1970-01-01
https://schoolwith.me/help/96,1970-01-01
https://schoolwith.me/help/category/procedures?a8=I2Ghz2Y8u7rmQ7jZwns2sQEZBdlpsQreVnrmeljVQVL8u7GNX752-_GNs7leEe5sCVqQjBGFC2Ghos00000019593001,1970-01-01
https://schoolwith.me/help/category/procedures?a8=cETptEiKDYIKbfRwQmafTTCB4TZXIeBCFmyN8eBCKN.CRYTIpYTgSe_B4e_gSe_Y.M_y02ARb2TLb2TK5N.2RHTc.EbgDeT7pekXxs00000024433001,1970-01-01
https://schoolwith.me/help/category/schools?a8=I2Ghz2Y8u7rmQ7jZwns2sQEZBdlpsQreVnrmeljVQVL8u7GNX752-_GNs7leEe5sCVqQjBGFC2Ghos00000019593001,1970-01-01
https://schoolwith.me/languages/schools/55/message_for_after_covit19/page:106/direction:desc?sort_type=/languages/schools/55/message_for_after_covit19/direction:asc/sort:lowest_fee_per_month?sort_type%3D%252Flanguages%252Fschools%252F55%252Fmessage_for_after_covit19%252Fdirection%253Aasc%252Fsort%253Alowest_fee_per_month%253Fsort_type%253D%25252Flanguages%25252Fschools%25252F55%25252Fmessage_for_after_covit19%25252Fdirection%25253Adesc%25253Fsort_type%25253D%2525252Flanguages%2525252Fschools%2525252F55%2525252Fmessage_for_after_covit19%2525252Fdirection%2525253Adesc%2525253Fsort_type%2525253D%252525252Flanguages%252525252Fschools%252525252F55%252525252Fmessage_for_after_covit19%252525252Fdirection%252525253Adesc%252525253Fsort_type%252525253D%25252525252Flanguages%25252525252Fschools%25252525252F55%25252525252Fmessage_for_after_covit19%25252525252Fdirection%25252525253Adesc%25252525253Fsort_type%25252525253D%2525252525252Flanguages%2525252525252Fschools%2525252525252F55%2525252525252Fmessage_for_after_covit19%2525252525252Fdirection%2525252525253Adesc%2525252525253Fsort_type%2525252525253D%252525252525252Flanguages%252525252525252Fschools%252525252525252F55%252525252525252Fmessage_for_after_covit19%252525252525252Fsort%252525252525253Alowest_fee_per_month%252525252525252Fdirection%252525252525253Aasc,1970-01-01
https://schoolwith.me/languages/schools/55/message_for_after_covit19/page:154/sort:lowest_fee_per_month/direction:asc,1970-01-01
https://schoolwith.me/languages/schools/55/message_for_after_covit19/page:166/sort:lowest_fee_per_month/direction:asc,1970-01-01
https://schoolwith.me/languages/schools/55/message_for_after_covit19/page:74/sort:lowest_fee_per_month/direction:asc?sort_type=/languages/schools/55/message_for_after_covit19/direction:desc,1970-01-01
https://schoolwith.me/matchings/areas/AU?a8=I2Ghz2Y8u7rmQ7jZwns2sQEZBdlpsQreVnrmeljVQVL8u7GNX752-_GNs7leEe5sCVqQjBGFC2Ghos00000019593001,1970-01-01
https://schoolwith.me/matchings/areas/AU?src_user=areas_4016_sp,1970-01-01
https://schoolwith.me/matchings/areas/AU?src_user=country_sp,1970-01-01
https://schoolwith.me/matchings/areas/CA?a8=I2Ghz2Y8u7rmQ7jZwns2sQEZBdlpsQreVnrmeljVQVL8u7GNX752-_GNs7leEe5sCVqQjBGFC2Ghos00000019593001,1970-01-01
https://schoolwith.me/matchings/areas/CA?src_user=areas_3003_sp,1970-01-01
https://schoolwith.me/matchings/areas/CA?src_user=country_sp,1970-01-01
https://schoolwith.me/matchings/areas/IE?src_user=areas_main_7003_pc,1970-01-01
https://schoolwith.me/matchings/areas/MT?src_user=areas_8002_sp,1970-01-01
https://schoolwith.me/matchings/areas/NZ?a8=KrA0DrUo2L8pjzgCZjBMppIMq.zJ8oIsAj_CszIFMF4o2LAX79TKcLTLGLZsasTBcFbMIvAycrA01s00000024868001,1970-01-01
https://schoolwith.me/matchings/areas/PH?a8=I2Ghz2Y8u7rmQ7jZwns2sQEZBdlpsQreVnrmeljVQVL8u7GNX752-_GNs7leEe5sCVqQjBGFC2Ghos00000019593001,1970-01-01
https://schoolwith.me/matchings/areas/PH?a8=KrA0DrUo2L8pjzgCZjBMppIMq.zJ8oIsAj_CszIFMF4o2LAX79TKcLTLGLZsasTBcFbMIvAycrA01s00000024868001,1970-01-01
https://schoolwith.me/matchings/areas/PH?src_user=areas_4_sp,1970-01-01
https://schoolwith.me/matchings/areas/PH?src_user=areas_8_sp,1970-01-01
https://schoolwith.me/matchings/areas/UK?a8=I2Ghz2Y8u7rmQ7jZwns2sQEZBdlpsQreVnrmeljVQVL8u7GNX752-_GNs7leEe5sCVqQjBGFC2Ghos00000019593001,1970-01-01
https://schoolwith.me/matchings/areas/UK?a8=KrA0DrUo2L8pjzgCZjBMppIMq.zJ8oIsAj_CszIFMF4o2LAX79TKcLTLGLZsasTBcFbMIvAycrA01s00000024868001,1970-01-01
https://schoolwith.me/matchings/countries?a8=cETptEiKDYIKbfRwQmafTTCB4TZXIeBCFmyN8eBCKN.CRYTIpYTgSe_B4e_gSe_Y.M_y02ARb2TLb2TK5N.2RHTc.EbgDeT7pekXxs00000024433001,1970-01-01
https://schoolwith.me/matchings/questions/2?a8=cETptEiKDYIKbfRwQmafTTCB4TZXIeBCFmyN8eBCKN.CRYTIpYTgSe_B4e_gSe_Y.M_y02ARb2TLb2TK5N.2RHTc.EbgDeT7pekXxs00000024433001,1970-01-01
https://schoolwith.me/matchings?src_columns_under=31961,1970-01-01
https://schoolwith.me/matchings?src_user=top_main_country_pc,1970-01-01
https://schoolwith.me/ph_matchings/select/12?a8=KrA0DrUo2L8pjzgCZjBMppIMq.zJ8oIsAj_CszIFMF4o2LAX79TKcLTLGLZsasTBcFbMIvAycrA01s00000024868001,1970-01-01
https://schoolwith.me/ph_matchings/select/1?a8=I2Ghz2Y8u7rmQ7jZwns2sQEZBdlpsQreVnrmeljVQVL8u7GNX752-_GNs7leEe5sCVqQjBGFC2Ghos00000019593001,1970-01-01
https://schoolwith.me/ph_matchings?src=area_sp_h,1970-01-01
https://schoolwith.me/ph_western?a8=I2Ghz2Y8u7rmQ7jZwns2sQEZBdlpsQreVnrmeljVQVL8u7GNX752-_GNs7leEe5sCVqQjBGFC2Ghos00000019593001,1970-01-01
https://schoolwith.me/ph_western?src=area_pc_s,1970-01-01
https://schoolwith.me/press/3?a8=KrA0DrUo2L8pjzgCZjBMppIMq.zJ8oIsAj_CszIFMF4o2LAX79TKcLTLGLZsasTBcFbMIvAycrA01s00000024868001,1970-01-01
https://schoolwith.me/press/5?a8=KrA0DrUo2L8pjzgCZjBMppIMq.zJ8oIsAj_CszIFMF4o2LAX79TKcLTLGLZsasTBcFbMIvAycrA01s00000024868001,1970-01-01
https://schoolwith.me/press?a8=KrA0DrUo2L8pjzgCZjBMppIMq.zJ8oIsAj_CszIFMF4o2LAX79TKcLTLGLZsasTBcFbMIvAycrA01s00000024868001,1970-01-01
https://schoolwith.me/provinces/13/direction:desc/page:3,1970-01-01
https://schoolwith.me/provinces/2009/direction:desc/page:2,1970-01-01
https://schoolwith.me/provinces/2009/page:2/direction:desc,1970-01-01
https://schoolwith.me/provinces/2032/direction:asc/sort:lowest_fee_per_month/page:4,1970-01-01
https://schoolwith.me/provinces/2047/direction:desc/page:2,1970-01-01
https://schoolwith.me/provinces/3006/direction:desc/page:8,1970-01-01
https://schoolwith.me/provinces/3006/page:3/direction:desc,1970-01-01
https://schoolwith.me/provinces/3006/sort:lowest_fee_per_month/direction:asc/page:2,1970-01-01
https://schoolwith.me/provinces/4002/direction:desc/page:8,1970-01-01
https://schoolwith.me/provinces/4002/sort:lowest_fee_per_month/direction:asc/page:5,1970-01-01
https://schoolwith.me/provinces/4003/page:8/direction:desc,1970-01-01
https://schoolwith.me/provinces/4005/direction:desc/page:2,1970-01-01
https://schoolwith.me/provinces/4005/sort:lowest_fee_per_month/direction:asc,1970-01-01
https://schoolwith.me/provinces/5004/page:14/direction:desc,1970-01-01
https://schoolwith.me/provinces/5006/direction:desc,1970-01-01
https://schoolwith.me/provinces/5006/sort:lowest_fee_per_month/direction:ASC,1970-01-01
https://schoolwith.me/provinces/60/direction:desc/page:2,1970-01-01
https://schoolwith.me/provinces/6002/page:2/direction:desc,1970-01-01
https://schoolwith.me/provinces/6002/sort:lowest_fee_per_month/direction:asc/page:9,1970-01-01
https://schoolwith.me/provinces/6015/direction:desc,1970-01-01
https://schoolwith.me/provinces/82/sort:lowest_fee_per_month/direction:asc,1970-01-01
https://schoolwith.me/purposes/schools/1/page:3/direction:desc?src_user=top_main_ppse_pc,1970-01-01
https://schoolwith.me/purposes/schools/1/page:6?src_user=top_main_ppse_sp,1970-01-01
https://schoolwith.me/purposes/schools/1/page:8?src_user=top_main_ppse_sp,1970-01-01
https://schoolwith.me/purposes/schools/11/page:8/direction:asc/sort:lowest_fee_per_month?src_user=top_main_ppse_pc,1970-01-01
https://schoolwith.me/purposes/schools/11/page:8/sort:lowest_fee_per_month/direction:asc?src_user=top_main_ppse_sp,1970-01-01
https://schoolwith.me/purposes/schools/3/page:7/direction:desc?src_user=top_main_ppse_pc,1970-01-01
https://schoolwith.me/purposes/schools/8/sort:lowest_fee_per_month/direction:asc?a8=cETptEiKDYIKbfRwQmafTTCB4TZXIeBCFmyN8eBCKN.CRYTIpYTgSe_B4e_gSe_Y.M_y02ARb2TLb2TK5N.2RHTc.EbgDeT7pekXxs00000024433001,1970-01-01
https://schoolwith.me/purposes/schools/demogura/0/direction:asc/age:30/gender:M/job:student/sort:lowest_fee_per_month?sort_type=/purposes/schools/demogura/0/sort:lowest_fee_per_month/direction:asc/age:30/gender:M/job:student,1970-01-01
https://schoolwith.me/purposes/schools/demogura/0/direction:asc/age:50/gender:F/sort:lowest_fee_per_month?sort_type=/purposes/schools/demogura/0/direction:desc/age:50/gender:F,1970-01-01
https://schoolwith.me/purposes/schools/demogura/1/age:10/job:student/sort:lowest_fee_per_month/direction:asc?sort_type=/purposes/schools/demogura/1/age:10/job:student/direction:desc?sort_type%3D%252Fpurposes%252Fschools%252Fdemogura%252F1%252Fage%253A10%252Fjob%253Astudent%252Fsort%253Alowest_fee_per_month%252Fdirection%253Aasc,1970-01-01
https://schoolwith.me/purposes/schools/demogura/1/age:15/gender:F/job:student?sort_type=/purposes/schools/demogura/1/age:15/gender:F/job:student/sort:lowest_fee_per_month/direction:ASC,1970-01-01
https://schoolwith.me/purposes/schools/demogura/1/age:25/gender:F/job:society/sort:lowest_fee_per_month/direction:asc,1970-01-01
https://schoolwith.me/purposes/schools/demogura/1/age:25/gender:F/job:society?a8=KrA0DrUo2L8pjzgCZjBMppIMq.zJ8oIsAj_CszIFMF4o2LAX79TKcLTLGLZsasTBcFbMIvAycrA01s00000024868001,1970-01-01
https://schoolwith.me/purposes/schools/demogura/1/direction:asc/sort:lowest_fee_per_month/age:20/page:3?sort_type=/purposes/schools/demogura/1/direction:asc/sort:lowest_fee_per_month/age:20,1970-01-01
https://schoolwith.me/purposes/schools/demogura/1/direction:desc/age:10/gender:M/job:student,1970-01-01
https://schoolwith.me/purposes/schools/demogura/1/direction:desc/age:15/gender:F/job:student,1970-01-01
https://schoolwith.me/purposes/schools/demogura/1/page:11/gender:F/job:society?sort_type=/purposes/schools/demogura/1/gender:F/job:society/direction:desc,1970-01-01
https://schoolwith.me/purposes/schools/demogura/1/page:11/job:student?sort_type=/purposes/schools/demogura/1/job:student/direction:desc,1970-01-01
https://schoolwith.me/purposes/schools/demogura/1/page:12/job:student?sort_type=/purposes/schools/demogura/1/job:student/direction:desc,1970-01-01
https://schoolwith.me/purposes/schools/demogura/1/page:2/direction:asc/sort:lowest_fee_per_month/age:25/gender:F?sort_type=/purposes/schools/demogura/1/direction:desc/age:25/gender:F,1970-01-01
https://schoolwith.me/purposes/schools/demogura/1/page:2/direction:desc/age:20?sort_type=/purposes/schools/demogura/1/direction:desc/age:20,1970-01-01
https://schoolwith.me/purposes/schools/demogura/1/page:2/direction:desc/age:30/gender:M/job:student?sort_type=/purposes/schools/demogura/1/direction:asc/sort:lowest_fee_per_month/age:30/gender:M/job:student,1970-01-01
https://schoolwith.me/purposes/schools/demogura/1/page:2/sort:lowest_fee_per_month/direction:asc/age:30/gender:F/job:society?sort_type=/purposes/schools/demogura/1/age:30/gender:F/job:society/direction:desc,1970-01-01
https://schoolwith.me/purposes/schools/demogura/1/page:3/direction:desc/gender:M/job:student?sort_type=/purposes/schools/demogura/1/direction:desc/gender:M/job:student,1970-01-01
https://schoolwith.me/purposes/schools/demogura/1/page:3/sort:lowest_fee_per_month/direction:asc/age:25/gender:F?sort_type=/purposes/schools/demogura/1/age:25/gender:F/sort:lowest_fee_per_month/direction:asc,1970-01-01
https://schoolwith.me/purposes/schools/demogura/1/page:4/direction:desc/gender:M/job:student?sort_type=/purposes/schools/demogura/1/direction:desc/gender:M/job:student,1970-01-01
https://schoolwith.me/purposes/schools/demogura/1/page:4/sort:lowest_fee_per_month/direction:asc/age:25/gender:F?sort_type=/purposes/schools/demogura/1/age:25/gender:F/sort:lowest_fee_per_month/direction:asc,1970-01-01
https://schoolwith.me/purposes/schools/demogura/1/page:4/sort:lowest_fee_per_month/direction:asc/age:25?sort_type=/purposes/schools/demogura/1/direction:desc/age:25,1970-01-01
https://schoolwith.me/purposes/schools/demogura/1/page:4/sort:lowest_fee_per_month/direction:asc/age:30/job:society?sort_type=/purposes/schools/demogura/1/age:30/job:society/direction:desc,1970-01-01
https://schoolwith.me/purposes/schools/demogura/1/page:5/direction:desc/age:25/job:society?sort_type=/purposes/schools/demogura/1/age:25/job:society/sort:lowest_fee_per_month/direction:asc?sort_type%3D%252Fpurposes%252Fschools%252Fdemogura%252F1%252Fage%253A25%252Fjob%253Asociety%252Fsort%253Alowest_fee_per_month%252Fdirection%253Aasc,1970-01-01
https://schoolwith.me/purposes/schools/demogura/1/page:6/direction:asc/sort:lowest_fee_per_month/age:20/job:student?sort_type=/purposes/schools/demogura/1/age:20/job:student/sort:lowest_fee_per_month/direction:ASC?sort_type%3D%252Fpurposes%252Fschools%252Fdemogura%252F1%252Fage%253A20%252Fjob%253Astudent%252Fsort%253Alowest_fee_per_month%252Fdirection%253AASC%253Fsort_type%253D%25252Fpurposes%25252Fschools%25252Fdemogura%25252F1%25252Fage%25253A20%25252Fjob%25253Astudent%25253Fsort_type%25253D%2525252Fpurposes%2525252Fschools%2525252Fdemogura%2525252F1%2525252Fage%2525253A20%2525252Fjob%2525253Astudent%2525252Fsort%2525253Alowest_fee_per_month%2525252Fdirection%2525253AASC%2525253Fsort_type%2525253D%252525252Fpurposes%252525252Fschools%252525252Fdemogura%252525252F1%252525252Fage%252525253A20%252525252Fjob%252525253Astudent%252525252Fsort%252525253Alowest_fee_per_month%252525252Fdirection%252525253AASC%252525253Fsort_type%252525253D%25252525252Fpurposes%25252525252Fschools%25252525252Fdemogura%25252525252F1%25252525252Fage%25252525253A20%25252525252Fjob%25252525253Astudent%25252525253Fsort_type%25252525253D%2525252525252Fpurposes%2525252525252Fschools%2525252525252Fdemogura%2525252525252F1%2525252525252Fage%2525252525253A20%2525252525252Fjob%2525252525253Astudent%2525252525253Fsort_type%2525252525253D%252525252525252Fpurposes%252525252525252Fschools%252525252525252Fdemogura%252525252525252F1%252525252525252Fsort%252525252525253Alowest_fee_per_month%252525252525252Fdirection%252525252525253AASC%252525252525252Fage%252525252525253A20%252525252525252Fjob%252525252525253Astudent%252525252525253Fsort_type%252525252525253D%25252525252525252Fpurposes%25252525252525252Fschools%25252525252525252Fdemogura%25252525252525252F1%25252525252525252Fage%25252525252525253A20%25252525252525252Fjob%25252525252525253Astudent,1970-01-01
https://schoolwith.me/purposes/schools/demogura/1/page:8/job:student?sort_type=/purposes/schools/demogura/1/job:student/direction:desc?sort_type%3D%252Fpurposes%252Fschools%252Fdemogura%252F1%252Fjob%253Astudent%252Fsort%253Alowest_fee_per_month%252Fdirection%253Aasc,1970-01-01
https://schoolwith.me/purposes/schools/demogura/1/sort:lowest_fee_per_month/direction:asc/age:30/gender:F/job:society?sort_type=/purposes/schools/demogura/1/age:30/gender:F/job:society/direction:desc,1970-01-01
https://schoolwith.me/purposes/schools/demogura/10/direction:asc/age:10/sort:lowest_fee_per_month,1970-01-01
https://schoolwith.me/purposes/schools/demogura/10/direction:asc/sort:lowest_fee_per_month/age:10,1970-01-01
https://schoolwith.me/purposes/schools/demogura/10/direction:desc/age:30,1970-01-01
https://schoolwith.me/purposes/schools/demogura/11/age:30/gender:M/job:student/page:2,1970-01-01
https://schoolwith.me/purposes/schools/demogura/11/age:40/gender:M/page:2?sort_type=/purposes/schools/demogura/11/age:40/gender:M/sort:lowest_fee_per_month/direction:asc?sort_type%3D%252Fpurposes%252Fschools%252Fdemogura%252F11%252Fage%253A40%252Fgender%253AM%252Fdirection%253Adesc,1970-01-01
https://schoolwith.me/purposes/schools/demogura/11/direction:asc/sort:lowest_fee_per_month/age:20/job:student/page:5?sort_type=/purposes/schools/demogura/11/direction:desc/age:20/job:student?sort_type%3D%252Fpurposes%252Fschools%252Fdemogura%252F11%252Fdirection%253Adesc%252Fage%253A20%252Fjob%253Astudent%253Fsort_type%253D%25252Fpurposes%25252Fschools%25252Fdemogura%25252F11%25252Fdirection%25253Adesc%25252Fage%25253A20%25252Fjob%25253Astudent%25253Fsort_type%25253D%2525252Fpurposes%2525252Fschools%2525252Fdemogura%2525252F11%2525252Fdirection%2525253Adesc%2525252Fage%2525253A20%2525252Fjob%2525253Astudent,1970-01-01
https://schoolwith.me/purposes/schools/demogura/11/direction:asc/sort:lowest_fee_per_month/age:30/gender:M/job:student?sort_type=/purposes/schools/demogura/11/sort:lowest_fee_per_month/direction:asc/age:30/gender:M/job:student,1970-01-01
https://schoolwith.me/purposes/schools/demogura/11/direction:asc/sort:lowest_fee_per_month/age:30/job:society/page:2,1970-01-01
https://schoolwith.me/purposes/schools/demogura/11/direction:desc/gender:F/job:student/page:9?sort_type=/purposes/schools/demogura/11/gender:F/job:student/direction:desc,1970-01-01
https://schoolwith.me/purposes/schools/demogura/11/page:11/job:student?sort_type=/purposes/schools/demogura/11/job:student/direction:desc,1970-01-01
https://schoolwith.me/purposes/schools/demogura/11/page:14/sort:lowest_fee_per_month/direction:asc/job:student?sort_type=/purposes/schools/demogura/11/sort:lowest_fee_per_month/direction:asc/job:student,1970-01-01
https://schoolwith.me/purposes/schools/demogura/11/page:16/sort:lowest_fee_per_month/direction:asc/job:student?sort_type=/purposes/schools/demogura/11/sort:lowest_fee_per_month/direction:asc/job:student,1970-01-01
https://schoolwith.me/purposes/schools/demogura/11/page:2/direction:asc/sort:lowest_fee_per_month/age:25/gender:F?sort_type=/purposes/schools/demogura/11/direction:desc/age:25/gender:F,1970-01-01
https://schoolwith.me/purposes/schools/demogura/11/page:2/direction:asc/sort:lowest_fee_per_month/age:30/gender:F?sort_type=/purposes/schools/demogura/11/age:30/gender:F/sort:lowest_fee_per_month/direction:ASC?sort_type%3D%252Fpurposes%252Fschools%252Fdemogura%252F11%252Fage%253A30%252Fgender%253AF%253Fsort_type%253D%25252Fpurposes%25252Fschools%25252Fdemogura%25252F11%25252Fage%25253A30%25252Fgender%25253AF%25252Fsort%25253Alowest_fee_per_month%25252Fdirection%25253AASC,1970-01-01
https://schoolwith.me/purposes/schools/demogura/11/page:2/sort:lowest_fee_per_month/direction:asc/age:15/gender:F?sort_type=/purposes/schools/demogura/11/sort:lowest_fee_per_month/direction:asc/age:15/gender:F,1970-01-01
https://schoolwith.me/purposes/schools/demogura/11/page:3/direction:asc/sort:lowest_fee_per_month/age:15?sort_type=/purposes/schools/demogura/11/sort:lowest_fee_per_month/direction:asc/age:15,1970-01-01
https://schoolwith.me/purposes/schools/demogura/11/page:3/sort:lowest_fee_per_month/direction:asc/age:30/gender:M/job:student,1970-01-01
https://schoolwith.me/purposes/schools/demogura/11/page:5/direction:asc/sort:lowest_fee_per_month/age:15?sort_type=/purposes/schools/demogura/11/sort:lowest_fee_per_month/direction:asc/age:15,1970-01-01
https://schoolwith.me/purposes/schools/demogura/11/page:5/direction:desc/age:25/gender:F,1970-01-01
https://schoolwith.me/purposes/schools/demogura/11/page:5/sort:lowest_fee_per_month/direction:asc/age:20/gender:F?sort_type=/purposes/schools/demogura/11/age:20/gender:F?sort_type%3D%252Fpurposes%252Fschools%252Fdemogura%252F11%252Fsort%253Alowest_fee_per_month%252Fdirection%253AASC%252Fage%253A20%252Fgender%253AF,1970-01-01
https://schoolwith.me/purposes/schools/demogura/11/page:6/direction:asc/sort:lowest_fee_per_month/age:15?sort_type=/purposes/schools/demogura/11/sort:lowest_fee_per_month/direction:asc/age:15,1970-01-01
https://schoolwith.me/purposes/schools/demogura/11/page:6/direction:desc/age:20/gender:F?sort_type=/purposes/schools/demogura/11/age:20/gender:F/sort:lowest_fee_per_month/direction:asc,1970-01-01
https://schoolwith.me/purposes/schools/demogura/11/page:6/direction:desc/gender:F/job:student?sort_type=/purposes/schools/demogura/11/gender:F/job:student/direction:desc,1970-01-01
https://schoolwith.me/purposes/schools/demogura/11/page:7/direction:asc/sort:lowest_fee_per_month/age:30/gender:F/job:society,1970-01-01
https://schoolwith.me/purposes/schools/demogura/11/page:8/sort:lowest_fee_per_month/direction:asc/age:20/gender:F?sort_type=/purposes/schools/demogura/11/age:20/gender:F?sort_type%3D%252Fpurposes%252Fschools%252Fdemogura%252F11%252Fsort%253Alowest_fee_per_month%252Fdirection%253AASC%252Fage%253A20%252Fgender%253AF,1970-01-01
https://schoolwith.me/purposes/schools/demogura/11/page:9/direction:asc/sort:lowest_fee_per_month/gender:F/job:society?sort_type=/purposes/schools/demogura/11/direction:desc/gender:F/job:society,1970-01-01
https://schoolwith.me/purposes/schools/demogura/11/page:9/direction:desc/age:20?sort_type=/purposes/schools/demogura/11/direction:asc/age:20/sort:lowest_fee_per_month,1970-01-01
https://schoolwith.me/purposes/schools/demogura/2/age:25/job:society/sort:lowest_fee_per_month/direction:asc?sort_type=/purposes/schools/demogura/2/age:25/job:society/sort:lowest_fee_per_month/direction:asc?sort_type%3D%252Fpurposes%252Fschools%252Fdemogura%252F2%252Fage%253A25%252Fjob%253Asociety%252Fsort%253Alowest_fee_per_month%252Fdirection%253Aasc%253Fsort_type%253D%25252Fpurposes%25252Fschools%25252Fdemogura%25252F2%25252Fage%25253A25%25252Fjob%25253Asociety%25252Fsort%25253Alowest_fee_per_month%25252Fdirection%25253Aasc,1970-01-01
https://schoolwith.me/purposes/schools/demogura/2/direction:asc/age:20/sort:lowest_fee_per_month?sort_type=/purposes/schools/demogura/2/age:20?sort_type%3D%252Fpurposes%252Fschools%252Fdemogura%252F2%252Fage%253A20%252Fsort%253Alowest_fee_per_month%252Fdirection%253AASC,1970-01-01
https://schoolwith.me/purposes/schools/demogura/2/direction:asc/gender:M/job:society/sort:lowest_fee_per_month?sort_type=/purposes/schools/demogura/2/sort:lowest_fee_per_month/direction:asc/gender:M/job:society?sort_type%3D%252Fpurposes%252Fschools%252Fdemogura%252F2%252Fgender%253AM%252Fjob%253Asociety%252Fdirection%253Adesc%253Fsort_type%253D%25252Fpurposes%25252Fschools%25252Fdemogura%25252F2%25252Fgender%25253AM%25252Fjob%25253Asociety%25252Fdirection%25253Adesc,1970-01-01
https://schoolwith.me/purposes/schools/demogura/2/direction:asc/sort:lowest_fee_per_month/age:20,1970-01-01
https://schoolwith.me/purposes/schools/demogura/2/page:11/direction:desc/gender:M?sort_type=/purposes/schools/demogura/2/direction:desc/gender:M,1970-01-01
https://schoolwith.me/purposes/schools/demogura/2/page:12/direction:desc/gender:M?sort_type=/purposes/schools/demogura/2/direction:desc/gender:M,1970-01-01
https://schoolwith.me/purposes/schools/demogura/2/page:15/direction:desc/gender:F?sort_type=/purposes/schools/demogura/2/gender:F/direction:desc,1970-01-01
https://schoolwith.me/purposes/schools/demogura/2/page:2/direction:asc/sort:lowest_fee_per_month/age:40/gender:M?sort_type=/purposes/schools/demogura/2/direction:asc/sort:lowest_fee_per_month/age:40/gender:M,1970-01-01
https://schoolwith.me/purposes/schools/demogura/2/page:3/direction:asc/sort:lowest_fee_per_month/age:40/gender:M?sort_type=/purposes/schools/demogura/2/direction:asc/sort:lowest_fee_per_month/age:40/gender:M,1970-01-01
https://schoolwith.me/purposes/schools/demogura/2/page:3/direction:asc/sort:lowest_fee_per_month/age:40/job:society,1970-01-01
https://schoolwith.me/purposes/schools/demogura/2/page:3/sort:lowest_fee_per_month/direction:asc/age:40/gender:M,1970-01-01
https://schoolwith.me/purposes/schools/demogura/2/page:5/direction:desc/gender:M/job:student?sort_type=/purposes/schools/demogura/2/direction:asc/gender:M/job:student/sort:lowest_fee_per_month?sort_type%3D%252Fpurposes%252Fschools%252Fdemogura%252F2%252Fdirection%253Adesc%252Fgender%253AM%252Fjob%253Astudent,1970-01-01
https://schoolwith.me/purposes/schools/demogura/2/page:7/gender:M/job:society?sort_type=/purposes/schools/demogura/2/gender:M/job:society/sort:lowest_fee_per_month/direction:asc,1970-01-01
https://schoolwith.me/purposes/schools/demogura/2/page:9/direction:desc/gender:M?sort_type=/purposes/schools/demogura/2/direction:desc/gender:M,1970-01-01
https://schoolwith.me/purposes/schools/demogura/2/sort:lowest_fee_per_month/direction:asc/age:40/job:society/page:2?sort_type=/purposes/schools/demogura/2/age:40/job:society/direction:desc?sort_type%3D%252Fpurposes%252Fschools%252Fdemogura%252F2%252Fage%253A40%252Fjob%253Asociety%252Fdirection%253Adesc%253Fsort_type%253D%25252Fpurposes%25252Fschools%25252Fdemogura%25252F2%25252Fage%25253A40%25252Fjob%25253Asociety%25252Fsort%25253Alowest_fee_per_month%25252Fdirection%25253Aasc,1970-01-01
https://schoolwith.me/purposes/schools/demogura/3/direction:asc/sort:lowest_fee_per_month/age:30/gender:M/job:society,1970-01-01
https://schoolwith.me/purposes/schools/demogura/3/direction:asc/sort:lowest_fee_per_month/age:40/gender:M/job:society?sort_type=/purposes/schools/demogura/3/direction:desc/age:40/gender:M/job:society,1970-01-01
https://schoolwith.me/purposes/schools/demogura/3/direction:asc/sort:lowest_fee_per_month/gender:M/page:2?sort_type=/purposes/schools/demogura/3/direction:desc/gender:M,1970-01-01
https://schoolwith.me/purposes/schools/demogura/3/direction:desc/age:15/job:student,1970-01-01
https://schoolwith.me/purposes/schools/demogura/3/direction:desc/age:40,1970-01-01
https://schoolwith.me/purposes/schools/demogura/3/page:2/direction:desc/age:25/job:student,1970-01-01
https://schoolwith.me/purposes/schools/demogura/3/page:3/direction:desc/age:40,1970-01-01
https://schoolwith.me/purposes/schools/demogura/3/page:3/direction:desc/job:society?sort_type=/purposes/schools/demogura/3/direction:asc/job:society/sort:lowest_fee_per_month?sort_type%3D%252Fpurposes%252Fschools%252Fdemogura%252F3%252Fdirection%253Aasc%252Fsort%253Alowest_fee_per_month%252Fjob%253Asociety,1970-01-01
https://schoolwith.me/purposes/schools/demogura/3/page:3/job:society?sort_type=/purposes/schools/demogura/3/job:society/sort:lowest_fee_per_month/direction:asc?sort_type%3D%252Fpurposes%252Fschools%252Fdemogura%252F3%252Fjob%253Asociety%252Fdirection%253Adesc%253Fsort_type%253D%25252Fpurposes%25252Fschools%25252Fdemogura%25252F3%25252Fjob%25253Asociety%25252Fsort%25253Alowest_fee_per_month%25252Fdirection%25253Aasc%25253Fsort_type%25253D%2525252Fpurposes%2525252Fschools%2525252Fdemogura%2525252F3%2525252Fjob%2525253Asociety%2525252Fdirection%2525253Adesc%2525253Fsort_type%2525253D%252525252Fpurposes%252525252Fschools%252525252Fdemogura%252525252F3%252525252Fjob%252525253Asociety%252525252Fdirection%252525253Adesc%252525253Fsort_type%252525253D%25252525252Fpurposes%25252525252Fschools%25252525252Fdemogura%25252525252F3%25252525252Fjob%25252525253Asociety%25252525252Fsort%25252525253Alowest_fee_per_month%25252525252Fdirection%25252525253Aasc%25252525253Fsort_type%25252525253D%2525252525252Fpurposes%2525252525252Fschools%2525252525252Fdemogura%2525252525252F3%2525252525252Fjob%2525252525253Asociety%2525252525252Fdirection%2525252525253Adesc,1970-01-01
https://schoolwith.me/purposes/schools/demogura/3/page:5/job:society?sort_type=/purposes/schools/demogura/3/job:society/sort:lowest_fee_per_month/direction:asc?sort_type%3D%252Fpurposes%252Fschools%252Fdemogura%252F3%252Fjob%253Asociety%252Fsort%253Alowest_fee_per_month%252Fdirection%253Aasc%253Fsort_type%253D%25252Fpurposes%25252Fschools%25252Fdemogura%25252F3%25252Fjob%25253Asociety%25252Fsort%25253Alowest_fee_per_month%25252Fdirection%25253Aasc%25253Fsort_type%25253D%2525252Fpurposes%2525252Fschools%2525252Fdemogura%2525252F3%2525252Fjob%2525253Asociety%2525252Fsort%2525253Alowest_fee_per_month%2525252Fdirection%2525253Aasc%2525253Fsort_type%2525253D%252525252Fpurposes%252525252Fschools%252525252Fdemogura%252525252F3%252525252Fjob%252525253Asociety%252525252Fdirection%252525253Adesc%252525253Fsort_type%252525253D%25252525252Fpurposes%25252525252Fschools%25252525252Fdemogura%25252525252F3%25252525252Fjob%25252525253Asociety%25252525252Fdirection%25252525253Adesc%25252525253Fsort_type%25252525253D%2525252525252Fpurposes%2525252525252Fschools%2525252525252Fdemogura%2525252525252F3%2525252525252Fjob%2525252525253Asociety%2525252525252Fsort%2525252525253Alowest_fee_per_month%2525252525252Fdirection%2525252525253Aasc%2525252525253Fsort_type%2525252525253D%252525252525252Fpurposes%252525252525252Fschools%252525252525252Fdemogura%252525252525252F3%252525252525252Fjob%252525252525253Asociety%252525252525252Fdirection%252525252525253Adesc,1970-01-01
https://schoolwith.me/purposes/schools/demogura/3/page:6/job:society?sort_type=/purposes/schools/demogura/3/job:society/sort:lowest_fee_per_month/direction:asc?sort_type%3D%252Fpurposes%252Fschools%252Fdemogura%252F3%252Fjob%253Asociety%252Fsort%253Alowest_fee_per_month%252Fdirection%253Aasc%253Fsort_type%253D%25252Fpurposes%25252Fschools%25252Fdemogura%25252F3%25252Fjob%25253Asociety%25252Fsort%25253Alowest_fee_per_month%25252Fdirection%25253Aasc%25253Fsort_type%25253D%2525252Fpurposes%2525252Fschools%2525252Fdemogura%2525252F3%2525252Fjob%2525253Asociety%2525252Fsort%2525253Alowest_fee_per_month%2525252Fdirection%2525253Aasc%2525253Fsort_type%2525253D%252525252Fpurposes%252525252Fschools%252525252Fdemogura%252525252F3%252525252Fjob%252525253Asociety%252525252Fdirection%252525253Adesc%252525253Fsort_type%252525253D%25252525252Fpurposes%25252525252Fschools%25252525252Fdemogura%25252525252F3%25252525252Fjob%25252525253Asociety%25252525252Fdirection%25252525253Adesc%25252525253Fsort_type%25252525253D%2525252525252Fpurposes%2525252525252Fschools%2525252525252Fdemogura%2525252525252F3%2525252525252Fjob%2525252525253Asociety%2525252525252Fsort%2525252525253Alowest_fee_per_month%2525252525252Fdirection%2525252525253Aasc%2525252525253Fsort_type%2525252525253D%252525252525252Fpurposes%252525252525252Fschools%252525252525252Fdemogura%252525252525252F3%252525252525252Fjob%252525252525253Asociety%252525252525252Fdirection%252525252525253Adesc,1970-01-01
https://schoolwith.me/purposes/schools/demogura/3/page:7/job:society?sort_type=/purposes/schools/demogura/3/job:society/sort:lowest_fee_per_month/direction:asc?sort_type%3D%252Fpurposes%252Fschools%252Fdemogura%252F3%252Fjob%253Asociety%252Fsort%253Alowest_fee_per_month%252Fdirection%253Aasc%253Fsort_type%253D%25252Fpurposes%25252Fschools%25252Fdemogura%25252F3%25252Fjob%25253Asociety%25252Fsort%25253Alowest_fee_per_month%25252Fdirection%25253Aasc%25253Fsort_type%25253D%2525252Fpurposes%2525252Fschools%2525252Fdemogura%2525252F3%2525252Fjob%2525253Asociety%2525252Fsort%2525253Alowest_fee_per_month%2525252Fdirection%2525253Aasc%2525253Fsort_type%2525253D%252525252Fpurposes%252525252Fschools%252525252Fdemogura%252525252F3%252525252Fjob%252525253Asociety%252525252Fdirection%252525253Adesc%252525253Fsort_type%252525253D%25252525252Fpurposes%25252525252Fschools%25252525252Fdemogura%25252525252F3%25252525252Fjob%25252525253Asociety%25252525252Fdirection%25252525253Adesc%25252525253Fsort_type%25252525253D%2525252525252Fpurposes%2525252525252Fschools%2525252525252Fdemogura%2525252525252F3%2525252525252Fjob%2525252525253Asociety%2525252525252Fsort%2525252525253Alowest_fee_per_month%2525252525252Fdirection%2525252525253Aasc%2525252525253Fsort_type%2525252525253D%252525252525252Fpurposes%252525252525252Fschools%252525252525252Fdemogura%252525252525252F3%252525252525252Fjob%252525252525253Asociety%252525252525252Fdirection%252525252525253Adesc,1970-01-01
https://schoolwith.me/purposes/schools/demogura/3/page:8/direction:asc/sort:lowest_fee_per_month/job:society?sort_type=/purposes/schools/demogura/3/direction:desc/job:society,1970-01-01
https://schoolwith.me/purposes/schools/demogura/3/sort:lowest_fee_per_month/direction:asc/age:30/gender:F?sort_type=/purposes/schools/demogura/3/age:30/gender:F/sort:lowest_fee_per_month/direction:asc,1970-01-01
https://schoolwith.me/purposes/schools/demogura/4/age:20/gender:F/sort:lowest_fee_per_month/direction:asc?sort_type=/purposes/schools/demogura/4/age:20/gender:F/sort:lowest_fee_per_month/direction:asc,1970-01-01
https://schoolwith.me/purposes/schools/demogura/4/age:20/gender:F?sort_type=/purposes/schools/demogura/4/age:20/gender:F/direction:desc,1970-01-01
https://schoolwith.me/purposes/schools/demogura/4/direction:asc/age:30/gender:F/sort:lowest_fee_per_month?sort_type=/purposes/schools/demogura/4/age:30/gender:F/sort:lowest_fee_per_month/direction:asc?sort_type%3D%252Fpurposes%252Fschools%252Fdemogura%252F4%252Fage%253A30%252Fgender%253AF%252Fsort%253Alowest_fee_per_month%252Fdirection%253Aasc,1970-01-01
https://schoolwith.me/purposes/schools/demogura/4/direction:asc/sort:lowest_fee_per_month/age:30/gender:F/page:2?sort_type=/purposes/schools/demogura/4/age:30/gender:F/sort:lowest_fee_per_month/direction:asc?sort_type%3D%252Fpurposes%252Fschools%252Fdemogura%252F4%252Fage%253A30%252Fgender%253AF%252Fsort%253Alowest_fee_per_month%252Fdirection%253Aasc,1970-01-01
https://schoolwith.me/purposes/schools/demogura/4/page:3/age:20/gender:F?sort_type=/purposes/schools/demogura/4/age:20/gender:F/direction:desc,1970-01-01
https://schoolwith.me/purposes/schools/demogura/4/page:8/direction:desc/gender:M/job:student,1970-01-01
https://schoolwith.me/purposes/schools/demogura/5/age:25/gender:F/job:society?sort_type=/purposes/schools/demogura/5/age:25/gender:F/job:society/sort:lowest_fee_per_month/direction:asc,1970-01-01
https://schoolwith.me/purposes/schools/demogura/5/direction:desc/age:10/job:society?sort_type=/purposes/schools/demogura/5/age:10/job:society/direction:desc?sort_type%3D%252Fpurposes%252Fschools%252Fdemogura%252F5%252Fage%253A10%252Fjob%253Asociety%252Fdirection%253Adesc%253Fsort_type%253D%25252Fpurposes%25252Fschools%25252Fdemogura%25252F5%25252Fage%25253A10%25252Fjob%25253Asociety%25252Fsort%25253Alowest_fee_per_month%25252Fdirection%25253Aasc,1970-01-01
https://schoolwith.me/purposes/schools/demogura/5/direction:desc/age:20/gender:F/page:2?sort_type=/purposes/schools/demogura/5/direction:asc/age:20/gender:F/sort:lowest_fee_per_month?sort_type%3D%252Fpurposes%252Fschools%252Fdemogura%252F5%252Fsort%253Alowest_fee_per_month%252Fdirection%253Aasc%252Fage%253A20%252Fgender%253AF,1970-01-01
https://schoolwith.me/purposes/schools/demogura/5/direction:desc/job:society?sort_type=/purposes/schools/demogura/5/direction:asc/job:society/sort:lowest_fee_per_month,1970-01-01
https://schoolwith.me/purposes/schools/demogura/5/gender:F/job:student/page:2?sort_type=/purposes/schools/demogura/5/gender:F/job:student/direction:desc,1970-01-01
https://schoolwith.me/purposes/schools/demogura/5/gender:F/job:student?sort_type=/purposes/schools/demogura/5/gender:F/job:student/direction:desc,1970-01-01
https://schoolwith.me/purposes/schools/demogura/5/sort:lowest_fee_per_month/direction:asc/age:15/gender:F/job:student/page:2,1970-01-01
https://schoolwith.me/purposes/schools/demogura/6/age:30/gender:M/job:society?sort_type=/purposes/schools/demogura/6/age:30/gender:M/job:society/direction:desc,1970-01-01
https://schoolwith.me/purposes/schools/demogura/6/direction:asc/age:30/gender:M/sort:lowest_fee_per_month?sort_type=/purposes/schools/demogura/6/direction:asc/age:30/gender:M/sort:lowest_fee_per_month?sort_type%3D%252Fpurposes%252Fschools%252Fdemogura%252F6%252Fdirection%253Adesc%252Fage%253A30%252Fgender%253AM%253Fsort_type%253D%25252Fpurposes%25252Fschools%25252Fdemogura%25252F6%25252Fdirection%25253Aasc%25252Fsort%25253Alowest_fee_per_month%25252Fage%25253A30%25252Fgender%25253AM%25253Fsort_type%25253D%2525252Fpurposes%2525252Fschools%2525252Fdemogura%2525252F6%2525252Fdirection%2525253Aasc%2525252Fsort%2525253Alowest_fee_per_month%2525252Fage%2525253A30%2525252Fgender%2525253AM,1970-01-01
https://schoolwith.me/purposes/schools/demogura/6/direction:asc/job:student/sort:lowest_fee_per_month?sort_type=/purposes/schools/demogura/6/direction:desc/job:student?sort_type%3D%252Fpurposes%252Fschools%252Fdemogura%252F6%252Fdirection%253Adesc%252Fjob%253Astudent,1970-01-01
https://schoolwith.me/purposes/schools/demogura/6/direction:asc/sort:lowest_fee_per_month/age:30/job:society?sort_type=/purposes/schools/demogura/6/direction:desc/age:30/job:society,1970-01-01
https://schoolwith.me/purposes/schools/demogura/6/direction:asc/sort:lowest_fee_per_month/age:60/job:society/page:2,1970-01-01
https://schoolwith.me/purposes/schools/demogura/6/page:2/sort:lowest_fee_per_month/direction:asc/age:60/job:society,1970-01-01
https://schoolwith.me/purposes/schools/demogura/6/page:3/direction:desc/age:60/job:society?sort_type=/purposes/schools/demogura/6/age:60/job:society/direction:desc,1970-01-01
https://schoolwith.me/purposes/schools/demogura/6/page:5/sort:lowest_fee_per_month/direction:asc/age:40/job:society?sort_type=/purposes/schools/demogura/6/direction:desc/age:40/job:society,1970-01-01
https://schoolwith.me/purposes/schools/demogura/6/sort:lowest_fee_per_month/direction:asc/age:25/gender:F?sort_type=/purposes/schools/demogura/6/age:25/gender:F/sort:lowest_fee_per_month/direction:asc,1970-01-01
https://schoolwith.me/purposes/schools/demogura/6/sort:lowest_fee_per_month/direction:asc/age:30/gender:M/page:2?sort_type=/purposes/schools/demogura/6/age:30/gender:M/sort:lowest_fee_per_month/direction:asc,1970-01-01
https://schoolwith.me/purposes/schools/demogura/7/age:10/gender:M/job:society?sort_type=/purposes/schools/demogura/7/sort:lowest_fee_per_month/direction:asc/age:10/gender:M/job:society,1970-01-01
https://schoolwith.me/purposes/schools/demogura/7/direction:asc/age:30/job:student/sort:lowest_fee_per_month?sort_type=/purposes/schools/demogura/7/age:30/job:student?sort_type%3D%252Fpurposes%252Fschools%252Fdemogura%252F7%252Fsort%253Alowest_fee_per_month%252Fdirection%253AASC%252Fage%253A30%252Fjob%253Astudent%253Fsort_type%253D%25252Fpurposes%25252Fschools%25252Fdemogura%25252F7%25252Fage%25253A30%25252Fjob%25253Astudent,1970-01-01
https://schoolwith.me/purposes/schools/demogura/7/direction:asc/sort:lowest_fee_per_month/age:30/job:student/page:2?sort_type=/purposes/schools/demogura/7/age:30/job:student?sort_type%3D%252Fpurposes%252Fschools%252Fdemogura%252F7%252Fsort%253Alowest_fee_per_month%252Fdirection%253AASC%252Fage%253A30%252Fjob%253Astudent%253Fsort_type%253D%25252Fpurposes%25252Fschools%25252Fdemogura%25252F7%25252Fage%25253A30%25252Fjob%25253Astudent,1970-01-01
https://schoolwith.me/purposes/schools/demogura/7/direction:desc/age:20/page:2?sort_type=/purposes/schools/demogura/7/age:20/direction:desc,1970-01-01
https://schoolwith.me/purposes/schools/demogura/7/direction:desc/age:30/job:student/page:2?sort_type=/purposes/schools/demogura/7/age:30/job:student?sort_type%3D%252Fpurposes%252Fschools%252Fdemogura%252F7%252Fsort%253Alowest_fee_per_month%252Fdirection%253AASC%252Fage%253A30%252Fjob%253Astudent%253Fsort_type%253D%25252Fpurposes%25252Fschools%25252Fdemogura%25252F7%25252Fage%25253A30%25252Fjob%25253Astudent,1970-01-01
https://schoolwith.me/purposes/schools/demogura/7/direction:desc/age:50/gender:M/job:society?sort_type=/purposes/schools/demogura/7/age:50/gender:M/job:society/sort:lowest_fee_per_month/direction:asc?sort_type%3D%252Fpurposes%252Fschools%252Fdemogura%252F7%252Fage%253A50%252Fgender%253AM%252Fjob%253Asociety%252Fsort%253Alowest_fee_per_month%252Fdirection%253Aasc,1970-01-01
https://schoolwith.me/purposes/schools/demogura/7/page:11/direction:desc/gender:F?sort_type=/purposes/schools/demogura/7/gender:F/sort:lowest_fee_per_month/direction:asc,1970-01-01
https://schoolwith.me/purposes/schools/demogura/7/page:2/direction:desc/age:20?sort_type=/purposes/schools/demogura/7/age:20/direction:desc,1970-01-01
https://schoolwith.me/purposes/schools/demogura/7/page:3/direction:desc/age:20?sort_type=/purposes/schools/demogura/7/age:20/direction:desc,1970-01-01
https://schoolwith.me/purposes/schools/demogura/7/page:3/sort:lowest_fee_per_month/direction:asc/age:25?sort_type=/purposes/schools/demogura/7/age:25/sort:lowest_fee_per_month/direction:asc,1970-01-01
https://schoolwith.me/purposes/schools/demogura/7/page:4/sort:lowest_fee_per_month/direction:asc?a8=I2Ghz2Y8u7rmQ7jZwns2sQEZBdlpsQreVnrmeljVQVL8u7GNX752-_GNs7leEe5sCVqQjBGFC2Ghos00000019593001,1970-01-01
https://schoolwith.me/purposes/schools/demogura/7/page:5/direction:desc/gender:F?sort_type=/purposes/schools/demogura/7/gender:F/sort:lowest_fee_per_month/direction:asc,1970-01-01
https://schoolwith.me/purposes/schools/demogura/7/page:5/sort:lowest_fee_per_month/direction:asc/age:30/job:society?sort_type=/purposes/schools/demogura/7/age:30/job:society/direction:desc,1970-01-01
https://schoolwith.me/purposes/schools/demogura/7/page:9/direction:desc/gender:F?sort_type=/purposes/schools/demogura/7/gender:F/sort:lowest_fee_per_month/direction:asc,1970-01-01
https://schoolwith.me/purposes/schools/demogura/7/sort:lowest_fee_per_month/direction:asc/age:25/page:2?sort_type=/purposes/schools/demogura/7/age:25/sort:lowest_fee_per_month/direction:asc,1970-01-01
https://schoolwith.me/purposes/schools/demogura/8/direction:asc/gender:M/sort:lowest_fee_per_month?sort_type=/purposes/schools/demogura/8/direction:desc/gender:M,1970-01-01
https://schoolwith.me/purposes/schools/demogura/8/page:2/direction:asc/sort:lowest_fee_per_month/job:society?sort_type=/purposes/schools/demogura/8/direction:asc/sort:lowest_fee_per_month/job:society,1970-01-01
https://schoolwith.me/purposes/schools/demogura/8/page:3/direction:desc/gender:F,1970-01-01
https://schoolwith.me/purposes/schools/demogura/8/page:3/direction:desc/gender:F?sort_type=/purposes/schools/demogura/8/direction:desc/gender:F,1970-01-01
https://schoolwith.me/purposes/schools/demogura/9/direction:asc/sort:lowest_fee_per_month/age:30/gender:F/job:society?sort_type=/purposes/schools/demogura/9/direction:desc/age:30/gender:F/job:society,1970-01-01
https://schoolwith.me/purposes/schools/demogura/9/direction:asc/sort:lowest_fee_per_month/age:50/gender:F?sort_type=/purposes/schools/demogura/9/direction:desc/age:50/gender:F,1970-01-01
https://schoolwith.me/purposes/schools/demogura/9/gender:F/job:student/sort:lowest_fee_per_month/direction:asc?sort_type=/purposes/schools/demogura/9/gender:F/job:student/direction:desc?sort_type%3D%252Fpurposes%252Fschools%252Fdemogura%252F9%252Fgender%253AF%252Fjob%253Astudent%252Fsort%253Alowest_fee_per_month%252Fdirection%253Aasc,1970-01-01
https://schoolwith.me/purposes/schools/demogura/9/page:13/direction:asc/sort:lowest_fee_per_month/gender:F,1970-01-01
https://schoolwith.me/purposes/schools/demogura/9/page:14/direction:asc/sort:lowest_fee_per_month/gender:F?sort_type=/purposes/schools/demogura/9/direction:asc/sort:lowest_fee_per_month/gender:F,1970-01-01
https://schoolwith.me/purposes/schools/demogura/9/page:15/direction:asc/sort:lowest_fee_per_month/gender:F?sort_type=/purposes/schools/demogura/9/direction:asc/sort:lowest_fee_per_month/gender:F,1970-01-01
https://schoolwith.me/purposes/schools/demogura/9/page:2/age:25/job:society,1970-01-01
https://schoolwith.me/purposes/schools/demogura/9/page:2/direction:asc/sort:lowest_fee_per_month/age:25/job:society?sort_type=/purposes/schools/demogura/9/sort:lowest_fee_per_month/direction:asc/age:25/job:society,1970-01-01
https://schoolwith.me/purposes/schools/demogura/9/page:2/direction:desc/age:25/job:society,1970-01-01
https://schoolwith.me/purposes/schools/demogura/9/page:2/sort:lowest_fee_per_month/direction:asc/age:40/gender:F?sort_type=/purposes/schools/demogura/9/age:40/gender:F/direction:desc,1970-01-01
https://schoolwith.me/purposes/schools/demogura/9/page:3/direction:desc/age:50?sort_type=/purposes/schools/demogura/9/age:50/direction:desc,1970-01-01
https://schoolwith.me/purposes/schools/demogura/9/page:3/sort:lowest_fee_per_month/direction:asc/age:15/gender:F?sort_type=/purposes/schools/demogura/9/age:15/gender:F/direction:desc,1970-01-01
https://schoolwith.me/purposes/schools/demogura/9/page:4/direction:asc/sort:lowest_fee_per_month/age:30/gender:F,1970-01-01
https://schoolwith.me/purposes/schools/demogura/9/page:4/sort:lowest_fee_per_month/direction:asc/age:15/gender:F/job:student?sort_type=/purposes/schools/demogura/9/direction:desc/age:15/gender:F/job:student,1970-01-01
https://schoolwith.me/purposes/schools/demogura/9/page:5/age:25/gender:M?sort_type=/purposes/schools/demogura/9/age:25/gender:M/sort:lowest_fee_per_month/direction:asc,1970-01-01
https://schoolwith.me/purposes/schools/demogura/9/page:5/direction:asc/sort:lowest_fee_per_month/gender:M?sort_type=/purposes/schools/demogura/9/direction:asc/sort:lowest_fee_per_month/gender:M,1970-01-01
https://schoolwith.me/purposes/schools/demogura/9/page:5/sort:lowest_fee_per_month/direction:asc/gender:F?sort_type=/purposes/schools/demogura/9/direction:desc/gender:F,1970-01-01
https://schoolwith.me/purposes/schools/demogura/9/page:6/gender:F/job:student?sort_type=/purposes/schools/demogura/9/gender:F/job:student/direction:desc?sort_type%3D%252Fpurposes%252Fschools%252Fdemogura%252F9%252Fgender%253AF%252Fjob%253Astudent%252Fsort%253Alowest_fee_per_month%252Fdirection%253Aasc,1970-01-01
https://schoolwith.me/purposes/schools/demogura/9/page:9/direction:desc/gender:M/job:student?sort_type=/purposes/schools/demogura/9/direction:desc/gender:M/job:student,1970-01-01
https://schoolwith.me/purposes/schools/demogura/9/sort:lowest_fee_per_month/direction:asc/age:30/gender:M?sort_type=/purposes/schools/demogura/9/age:30/gender:M/direction:desc,1970-01-01
https://schoolwith.me/purposes/schools/demogura/9/sort:lowest_fee_per_month/direction:asc/age:40/gender:F/page:2?sort_type=/purposes/schools/demogura/9/age:40/gender:F/direction:desc,1970-01-01
https://schoolwith.me/purposes/schools/demogura/9/sort:lowest_fee_per_month/direction:asc/age:50/job:society/page:2,1970-01-01
https://schoolwith.me/purposes/schools/demogura/9/sort:lowest_fee_per_month/direction:asc/gender:F/job:society?sort_type=/purposes/schools/demogura/9/direction:desc/gender:F/job:society,1970-01-01
https://schoolwith.me/purposes/schools/demogura/9/sort:lowest_fee_per_month/direction:asc/gender:F/job:student/page:2?sort_type=/purposes/schools/demogura/9/gender:F/job:student/direction:desc?sort_type%3D%252Fpurposes%252Fschools%252Fdemogura%252F9%252Fgender%253AF%252Fjob%253Astudent%252Fsort%253Alowest_fee_per_month%252Fdirection%253Aasc,1970-01-01
https://schoolwith.me/purposes?a8=cETptEiKDYIKbfRwQmafTTCB4TZXIeBCFmyN8eBCKN.CRYTIpYTgSe_B4e_gSe_Y.M_y02ARb2TLb2TK5N.2RHTc.EbgDeT7pekXxs00000024433001,1970-01-01
https://schoolwith.me/purposes?src_user=top_main_demo_sp,1970-01-01
https://schoolwith.me/review_campaign?a8=I2Ghz2Y8u7rmQ7jZwns2sQEZBdlpsQreVnrmeljVQVL8u7GNX752-_GNs7leEe5sCVqQjBGFC2Ghos00000019593001,1970-01-01
https://schoolwith.me/reviews/31461,1970-01-01
https://schoolwith.me/reviews/31494,1970-01-01
https://schoolwith.me/reviews/31520,1970-01-01
https://schoolwith.me/reviews/31524,1970-01-01
https://schoolwith.me/reviews/31528,1970-01-01
https://schoolwith.me/reviews/31557,1970-01-01
https://schoolwith.me/reviews/31611,1970-01-01
https://schoolwith.me/reviews/31644,1970-01-01
https://schoolwith.me/reviews/31839,1970-01-01
https://schoolwith.me/reviews/31849,1970-01-01
https://schoolwith.me/reviews/31883,1970-01-01
https://schoolwith.me/reviews/32054,1970-01-01
https://schoolwith.me/reviews/32078,1970-01-01
https://schoolwith.me/reviews/32169,1970-01-01
https://schoolwith.me/reviews/32275,1970-01-01
https://schoolwith.me/reviews/32292,1970-01-01
https://schoolwith.me/reviews/32299,1970-01-01
https://schoolwith.me/reviews/32441,1970-01-01
https://schoolwith.me/reviews/32487,1970-01-01
https://schoolwith.me/reviews/32532,1970-01-01
https://schoolwith.me/reviews/32548,1970-01-01
https://schoolwith.me/reviews/32568,1970-01-01
https://schoolwith.me/reviews/32731,1970-01-01
https://schoolwith.me/reviews/32757,1970-01-01
https://schoolwith.me/reviews/32789,1970-01-01
https://schoolwith.me/reviews/32798,1970-01-01
https://schoolwith.me/reviews/32826,1970-01-01
https://schoolwith.me/reviews/32957,1970-01-01
https://schoolwith.me/reviews/33037,1970-01-01
https://schoolwith.me/reviews/33065,1970-01-01
https://schoolwith.me/reviews/33070,1970-01-01
https://schoolwith.me/reviews/33272,1970-01-01
https://schoolwith.me/reviews/33283,1970-01-01
https://schoolwith.me/reviews/33359,1970-01-01
https://schoolwith.me/reviews/33397,1970-01-01
https://schoolwith.me/reviews/33412,1970-01-01
https://schoolwith.me/reviews/33463,1970-01-01
https://schoolwith.me/reviews/33467,1970-01-01
https://schoolwith.me/reviews/33468,1970-01-01
https://schoolwith.me/reviews/33504,1970-01-01
https://schoolwith.me/reviews/33545,1970-01-01
https://schoolwith.me/reviews/33735,1970-01-01
https://schoolwith.me/reviews/33763,1970-01-01
https://schoolwith.me/reviews/33842,1970-01-01
https://schoolwith.me/reviews/33856,1970-01-01
https://schoolwith.me/reviews/33858,1970-01-01
https://schoolwith.me/reviews/33877,1970-01-01
https://schoolwith.me/reviews/33898,1970-01-01
https://schoolwith.me/reviews/34023,1970-01-01
https://schoolwith.me/reviews/34244,1970-01-01
https://schoolwith.me/reviews/34428,1970-01-01
https://schoolwith.me/reviews/34551,1970-01-01
https://schoolwith.me/reviews/34552,1970-01-01
https://schoolwith.me/reviews/34559,1970-01-01
https://schoolwith.me/reviews/34829,1970-01-01
https://schoolwith.me/reviews/34891,1970-01-01
https://schoolwith.me/reviews/34900,1970-01-01
https://schoolwith.me/reviews/34952,1970-01-01
https://schoolwith.me/reviews/34980,1970-01-01
https://schoolwith.me/reviews/35010,1970-01-01
https://schoolwith.me/reviews/35015,1970-01-01
https://schoolwith.me/reviews/35090,1970-01-01
https://schoolwith.me/reviews/35114,1970-01-01
https://schoolwith.me/reviews/35159,1970-01-01
https://schoolwith.me/reviews/35171,1970-01-01
https://schoolwith.me/reviews/35172,1970-01-01
https://schoolwith.me/reviews/35175,1970-01-01
https://schoolwith.me/reviews/35178,1970-01-01
https://schoolwith.me/reviews/35216,1970-01-01
https://schoolwith.me/reviews/35253,1970-01-01
https://schoolwith.me/reviews/35254,1970-01-01
https://schoolwith.me/reviews/35272,1970-01-01
https://schoolwith.me/reviews/35290,1970-01-01
https://schoolwith.me/reviews/35319,1970-01-01
https://schoolwith.me/reviews/35327,1970-01-01
https://schoolwith.me/reviews/35394,1970-01-01
https://schoolwith.me/reviews/35415,1970-01-01
https://schoolwith.me/reviews/35457,1970-01-01
https://schoolwith.me/reviews/35498,1970-01-01
https://schoolwith.me/reviews/35510,1970-01-01
https://schoolwith.me/reviews/35535,1970-01-01
https://schoolwith.me/reviews/35544,1970-01-01
https://schoolwith.me/reviews/35565,1970-01-01
https://schoolwith.me/reviews/35621,1970-01-01
https://schoolwith.me/reviews/35646,1970-01-01
https://schoolwith.me/reviews/35664,1970-01-01
https://schoolwith.me/reviews/35696,1970-01-01
https://schoolwith.me/reviews/35739,1970-01-01
https://schoolwith.me/reviews/35789,1970-01-01
https://schoolwith.me/reviews/35837,1970-01-01
https://schoolwith.me/reviews/35839,1970-01-01
https://schoolwith.me/reviews/35875,1970-01-01
https://schoolwith.me/reviews/35883,1970-01-01
https://schoolwith.me/reviews/35899,1970-01-01
https://schoolwith.me/reviews/35938,1970-01-01
https://schoolwith.me/reviews/35944,1970-01-01
https://schoolwith.me/reviews/35949,1970-01-01
https://schoolwith.me/reviews/35961,1970-01-01
https://schoolwith.me/reviews/35970,1970-01-01
https://schoolwith.me/reviews/35972,1970-01-01
https://schoolwith.me/reviews/35996,1970-01-01
https://schoolwith.me/reviews/36002,1970-01-01
https://schoolwith.me/reviews/36039,1970-01-01
https://schoolwith.me/reviews/36041,1970-01-01
https://schoolwith.me/reviews/36043,1970-01-01
https://schoolwith.me/reviews/36045,1970-01-01
https://schoolwith.me/reviews/36060,1970-01-01
https://schoolwith.me/reviews/36122,1970-01-01
https://schoolwith.me/reviews/36144,1970-01-01
https://schoolwith.me/reviews/36187,1970-01-01
https://schoolwith.me/reviews/36222,1970-01-01
https://schoolwith.me/reviews/36254,1970-01-01
https://schoolwith.me/reviews/36274,1970-01-01
https://schoolwith.me/reviews/36280,1970-01-01
https://schoolwith.me/reviews/36311,1970-01-01
https://schoolwith.me/reviews/36320,1970-01-01
https://schoolwith.me/reviews/36327,1970-01-01
https://schoolwith.me/reviews/36328,1970-01-01
https://schoolwith.me/reviews/36334,1970-01-01
https://schoolwith.me/reviews/36348,1970-01-01
https://schoolwith.me/reviews/36410,1970-01-01
https://schoolwith.me/reviews/36429,1970-01-01
https://schoolwith.me/reviews/36459,1970-01-01
https://schoolwith.me/reviews/36523,1970-01-01
https://schoolwith.me/reviews/36545,1970-01-01
https://schoolwith.me/reviews/36554,1970-01-01
https://schoolwith.me/reviews/36579,1970-01-01
https://schoolwith.me/reviews/36580,1970-01-01
https://schoolwith.me/reviews/36623,1970-01-01
https://schoolwith.me/reviews/36639,1970-01-01
https://schoolwith.me/reviews/36663,1970-01-01
https://schoolwith.me/reviews/36678,1970-01-01
https://schoolwith.me/reviews/36703,1970-01-01
https://schoolwith.me/reviews/36722,1970-01-01
https://schoolwith.me/reviews/36748,1970-01-01
https://schoolwith.me/reviews/36780,1970-01-01
https://schoolwith.me/reviews/36826,1970-01-01
https://schoolwith.me/reviews/36827,1970-01-01
https://schoolwith.me/reviews/36832,1970-01-01
https://schoolwith.me/reviews/36869,1970-01-01
https://schoolwith.me/reviews/36889,1970-01-01
https://schoolwith.me/reviews/36973,1970-01-01
https://schoolwith.me/reviews/36975,1970-01-01
https://schoolwith.me/reviews/36977,1970-01-01
https://schoolwith.me/reviews/37022,1970-01-01
https://schoolwith.me/reviews/37056,1970-01-01
https://schoolwith.me/reviews/37068,1970-01-01
https://schoolwith.me/reviews/37106,1970-01-01
https://schoolwith.me/reviews/37117,1970-01-01
https://schoolwith.me/reviews/37199,1970-01-01
https://schoolwith.me/reviews/37249,1970-01-01
https://schoolwith.me/reviews/37263,1970-01-01
https://schoolwith.me/reviews/37283,1970-01-01
https://schoolwith.me/reviews/37319,1970-01-01
https://schoolwith.me/reviews/37330,1970-01-01
https://schoolwith.me/reviews/37335,1970-01-01
https://schoolwith.me/reviews/37380,1970-01-01
https://schoolwith.me/reviews/37409,1970-01-01
https://schoolwith.me/reviews/37439,1970-01-01
https://schoolwith.me/reviews/37454,1970-01-01
https://schoolwith.me/reviews/37465,1970-01-01
https://schoolwith.me/reviews/37487,1970-01-01
https://schoolwith.me/reviews/37509,1970-01-01
https://schoolwith.me/reviews/37558,1970-01-01
https://schoolwith.me/reviews/37563,1970-01-01
https://schoolwith.me/reviews/37573,1970-01-01
https://schoolwith.me/reviews/37582,1970-01-01
https://schoolwith.me/reviews/37624,1970-01-01
https://schoolwith.me/reviews/37655,1970-01-01
https://schoolwith.me/reviews/37679,1970-01-01
https://schoolwith.me/reviews/37691,1970-01-01
https://schoolwith.me/reviews/37727,1970-01-01
https://schoolwith.me/reviews/37729,1970-01-01
https://schoolwith.me/reviews/37733,1970-01-01
https://schoolwith.me/reviews/37748,1970-01-01
https://schoolwith.me/reviews/37751,1970-01-01
https://schoolwith.me/reviews/37896,1970-01-01
https://schoolwith.me/reviews/37901,1970-01-01
https://schoolwith.me/reviews/37914,1970-01-01
https://schoolwith.me/reviews/37917,1970-01-01
https://schoolwith.me/reviews/37924,1970-01-01
https://schoolwith.me/reviews/37960,1970-01-01
https://schoolwith.me/reviews/37983,1970-01-01
https://schoolwith.me/reviews/38073,1970-01-01
https://schoolwith.me/reviews/38125,1970-01-01
https://schoolwith.me/reviews/38138,1970-01-01
https://schoolwith.me/reviews/38159,1970-01-01
https://schoolwith.me/reviews/38163,1970-01-01
https://schoolwith.me/reviews/38187,1970-01-01
https://schoolwith.me/reviews/38220,1970-01-01
https://schoolwith.me/reviews/38236,1970-01-01
https://schoolwith.me/reviews/38259,1970-01-01
https://schoolwith.me/reviews/38260,1970-01-01
https://schoolwith.me/reviews/38286,1970-01-01
https://schoolwith.me/reviews/38316,1970-01-01
https://schoolwith.me/reviews/38361,1970-01-01
https://schoolwith.me/reviews/38373,1970-01-01
https://schoolwith.me/reviews/38387,1970-01-01
https://schoolwith.me/reviews/38392,1970-01-01
https://schoolwith.me/reviews/38403,1970-01-01
https://schoolwith.me/reviews/38420,1970-01-01
https://schoolwith.me/reviews/38430,1970-01-01
https://schoolwith.me/reviews/38456,1970-01-01
https://schoolwith.me/reviews/38494,1970-01-01
https://schoolwith.me/reviews/38534,1970-01-01
https://schoolwith.me/reviews/38543,1970-01-01
https://schoolwith.me/reviews/38613,1970-01-01
https://schoolwith.me/reviews/38661,1970-01-01
https://schoolwith.me/reviews/38726,1970-01-01
https://schoolwith.me/reviews/38737,1970-01-01
https://schoolwith.me/reviews/38816,1970-01-01
https://schoolwith.me/reviews/38822,1970-01-01
https://schoolwith.me/reviews/38857,1970-01-01
https://schoolwith.me/reviews/38879,1970-01-01
https://schoolwith.me/reviews/38894,1970-01-01
https://schoolwith.me/reviews/38912,1970-01-01
https://schoolwith.me/reviews/38918,1970-01-01
https://schoolwith.me/reviews/38929,1970-01-01
https://schoolwith.me/reviews/38988,1970-01-01
https://schoolwith.me/reviews/39078,1970-01-01
https://schoolwith.me/reviews/39081,1970-01-01
https://schoolwith.me/reviews/39084,1970-01-01
https://schoolwith.me/reviews/39140,1970-01-01
https://schoolwith.me/reviews/39190,1970-01-01
https://schoolwith.me/reviews/39259,1970-01-01
https://schoolwith.me/reviews/39281,1970-01-01
https://schoolwith.me/reviews/39293,1970-01-01
https://schoolwith.me/reviews/39294,1970-01-01
https://schoolwith.me/reviews/39300,1970-01-01
https://schoolwith.me/reviews/39313,1970-01-01
https://schoolwith.me/reviews/39351,1970-01-01
https://schoolwith.me/reviews/39516,1970-01-01
https://schoolwith.me/reviews/39540,1970-01-01
https://schoolwith.me/reviews/39543,1970-01-01
https://schoolwith.me/reviews/39552,1970-01-01
https://schoolwith.me/reviews/39577,1970-01-01
https://schoolwith.me/reviews/39614,1970-01-01
https://schoolwith.me/reviews/39627,1970-01-01
https://schoolwith.me/reviews/39653,1970-01-01
https://schoolwith.me/reviews/39692,1970-01-01
https://schoolwith.me/reviews/39693,1970-01-01
https://schoolwith.me/reviews/39809,1970-01-01
https://schoolwith.me/reviews/39814,1970-01-01
https://schoolwith.me/reviews/39817,1970-01-01
https://schoolwith.me/reviews/39855,1970-01-01
https://schoolwith.me/reviews/39860,1970-01-01
https://schoolwith.me/reviews/39875,1970-01-01
https://schoolwith.me/reviews/39920,1970-01-01
https://schoolwith.me/reviews/39937,1970-01-01
https://schoolwith.me/reviews/39945,1970-01-01
https://schoolwith.me/reviews/39950,1970-01-01
https://schoolwith.me/reviews/39963,1970-01-01
https://schoolwith.me/reviews/40165,1970-01-01
https://schoolwith.me/reviews/40257,1970-01-01
https://schoolwith.me/reviews/40305,1970-01-01
https://schoolwith.me/reviews/40330,1970-01-01
https://schoolwith.me/reviews/40333,1970-01-01
https://schoolwith.me/reviews/40345,1970-01-01
https://schoolwith.me/reviews/40348,1970-01-01
https://schoolwith.me/reviews/40374,1970-01-01
https://schoolwith.me/reviews/40386,1970-01-01
https://schoolwith.me/reviews/40440,1970-01-01
https://schoolwith.me/reviews/40467,1970-01-01
https://schoolwith.me/reviews/40497,1970-01-01
https://schoolwith.me/reviews/40500,1970-01-01
https://schoolwith.me/reviews/40527,1970-01-01
https://schoolwith.me/reviews/40587,1970-01-01
https://schoolwith.me/reviews/40616,1970-01-01
https://schoolwith.me/reviews/40657,1970-01-01
https://schoolwith.me/reviews/40669,1970-01-01
https://schoolwith.me/reviews/40703,1970-01-01
https://schoolwith.me/reviews/40790,1970-01-01
https://schoolwith.me/reviews/40840,1970-01-01
https://schoolwith.me/reviews/40887,1970-01-01
https://schoolwith.me/reviews/40922,1970-01-01
https://schoolwith.me/reviews/40928,1970-01-01
https://schoolwith.me/reviews/40964,1970-01-01
https://schoolwith.me/reviews/40983,1970-01-01
https://schoolwith.me/reviews/41058,1970-01-01
https://schoolwith.me/reviews/41064,1970-01-01
https://schoolwith.me/reviews/41074,1970-01-01
https://schoolwith.me/reviews/41111,1970-01-01
https://schoolwith.me/reviews/41130,1970-01-01
https://schoolwith.me/reviews/41143,1970-01-01
https://schoolwith.me/reviews/41160,1970-01-01
https://schoolwith.me/reviews/41224,1970-01-01
https://schoolwith.me/reviews/41628,1970-01-01
https://schoolwith.me/reviews/41680,1970-01-01
https://schoolwith.me/reviews/41713,1970-01-01
https://schoolwith.me/reviews/41730,1970-01-01
https://schoolwith.me/reviews/41859,1970-01-01
https://schoolwith.me/reviews/41900,1970-01-01
https://schoolwith.me/reviews/41906,1970-01-01
https://schoolwith.me/reviews/41980,1970-01-01
https://schoolwith.me/reviews/41999,1970-01-01
https://schoolwith.me/reviews/42015,1970-01-01
https://schoolwith.me/reviews/42061,1970-01-01
https://schoolwith.me/reviews/42085,1970-01-01
https://schoolwith.me/reviews/42133,1970-01-01
https://schoolwith.me/reviews/42138,1970-01-01
https://schoolwith.me/reviews/42302,1970-01-01
https://schoolwith.me/reviews/42326,1970-01-01
https://schoolwith.me/reviews/42380,1970-01-01
https://schoolwith.me/reviews/42424,1970-01-01
https://schoolwith.me/reviews/42446,1970-01-01
https://schoolwith.me/reviews/42466,1970-01-01
https://schoolwith.me/reviews/42468,1970-01-01
https://schoolwith.me/reviews/42470,1970-01-01
https://schoolwith.me/reviews/42538,1970-01-01
https://schoolwith.me/reviews/42555,1970-01-01
https://schoolwith.me/reviews/42581,1970-01-01
https://schoolwith.me/reviews/42610,1970-01-01
https://schoolwith.me/reviews/42633,1970-01-01
https://schoolwith.me/reviews/42696,1970-01-01
https://schoolwith.me/reviews/42698,1970-01-01
https://schoolwith.me/reviews/42726,1970-01-01
https://schoolwith.me/reviews/42766,1970-01-01
https://schoolwith.me/reviews/42769,1970-01-01
https://schoolwith.me/reviews/42939,1970-01-01
https://schoolwith.me/reviews/42950,1970-01-01
https://schoolwith.me/reviews/42963,1970-01-01
https://schoolwith.me/reviews/43021,1970-01-01
https://schoolwith.me/reviews/43048,1970-01-01
https://schoolwith.me/reviews/43073,1970-01-01
https://schoolwith.me/reviews/43158,1970-01-01
https://schoolwith.me/reviews/43234,1970-01-01
https://schoolwith.me/reviews/43237,1970-01-01
https://schoolwith.me/reviews/43334,1970-01-01
https://schoolwith.me/reviews/43406,1970-01-01
https://schoolwith.me/reviews/43492,1970-01-01
https://schoolwith.me/reviews/43555,1970-01-01
https://schoolwith.me/reviews/43593,1970-01-01
https://schoolwith.me/reviews/43620,1970-01-01
https://schoolwith.me/reviews/43639,1970-01-01
https://schoolwith.me/reviews/43640,1970-01-01
https://schoolwith.me/reviews/43659,1970-01-01
https://schoolwith.me/reviews/43720,1970-01-01
https://schoolwith.me/reviews/43738,1970-01-01
https://schoolwith.me/reviews/43767,1970-01-01
https://schoolwith.me/reviews/43782,1970-01-01
https://schoolwith.me/reviews/43819,1970-01-01
https://schoolwith.me/reviews/43907,1970-01-01
https://schoolwith.me/reviews/43924,1970-01-01
https://schoolwith.me/reviews/43940,1970-01-01
https://schoolwith.me/reviews/43970,1970-01-01
https://schoolwith.me/reviews/44021,1970-01-01
https://schoolwith.me/reviews/44043,1970-01-01
https://schoolwith.me/reviews/44054,1970-01-01
https://schoolwith.me/reviews/44127,1970-01-01
https://schoolwith.me/reviews/44167,1970-01-01
https://schoolwith.me/reviews/44214,1970-01-01
https://schoolwith.me/reviews/44222,1970-01-01
https://schoolwith.me/reviews/44340,1970-01-01
https://schoolwith.me/reviews/44363,1970-01-01
https://schoolwith.me/reviews/44389,1970-01-01
https://schoolwith.me/reviews/44407,1970-01-01
https://schoolwith.me/reviews/44483,1970-01-01
https://schoolwith.me/reviews/44514,1970-01-01
https://schoolwith.me/reviews/44518,1970-01-01
https://schoolwith.me/reviews/44524,1970-01-01
https://schoolwith.me/reviews/44659,1970-01-01
https://schoolwith.me/reviews/44672,1970-01-01
https://schoolwith.me/reviews/44690,1970-01-01
https://schoolwith.me/reviews/44699,1970-01-01
https://schoolwith.me/reviews/44701,1970-01-01
https://schoolwith.me/reviews/44718,1970-01-01
https://schoolwith.me/reviews/44727,1970-01-01
https://schoolwith.me/reviews/44759,1970-01-01
https://schoolwith.me/reviews/44774,1970-01-01
https://schoolwith.me/reviews/44785,1970-01-01
https://schoolwith.me/reviews/44818,1970-01-01
https://schoolwith.me/reviews/44827,1970-01-01
https://schoolwith.me/reviews/44853,1970-01-01
https://schoolwith.me/reviews/44854,1970-01-01
https://schoolwith.me/reviews/44930,1970-01-01
https://schoolwith.me/reviews/45026,1970-01-01
https://schoolwith.me/reviews/45035,1970-01-01
https://schoolwith.me/reviews/45161,1970-01-01
https://schoolwith.me/reviews/45176,1970-01-01
https://schoolwith.me/reviews/45321,1970-01-01
https://schoolwith.me/reviews/45329,1970-01-01
https://schoolwith.me/reviews/45451,1970-01-01
https://schoolwith.me/reviews/45454,1970-01-01
https://schoolwith.me/reviews/45462,1970-01-01
https://schoolwith.me/schools/curriculum/20091,1970-01-01
https://schoolwith.me/schools/curriculum/40059,1970-01-01
https://schoolwith.me/schools/curriculum/40202,1970-01-01
https://schoolwith.me/schools/curriculum/40360,1970-01-01
https://schoolwith.me/schools/photo_movie/movie/115,1970-01-01
https://schoolwith.me/schools/photo_movie/movie/142,1970-01-01
https://schoolwith.me/schools/photo_movie/movie/143,1970-01-01
https://schoolwith.me/schools/photo_movie/movie/175,1970-01-01
https://schoolwith.me/schools/photo_movie/movie/20012,1970-01-01
https://schoolwith.me/schools/photo_movie/movie/20123,1970-01-01
https://schoolwith.me/schools/photo_movie/movie/20160,1970-01-01
https://schoolwith.me/schools/photo_movie/movie/20197,1970-01-01
https://schoolwith.me/schools/photo_movie/movie/20211,1970-01-01
https://schoolwith.me/schools/photo_movie/movie/20212,1970-01-01
https://schoolwith.me/schools/photo_movie/movie/20242,1970-01-01
https://schoolwith.me/schools/photo_movie/movie/20243,1970-01-01
https://schoolwith.me/schools/photo_movie/movie/20519,1970-01-01
https://schoolwith.me/schools/photo_movie/movie/210005,1970-01-01
https://schoolwith.me/schools/photo_movie/movie/225,1970-01-01
https://schoolwith.me/schools/photo_movie/movie/225?a8=cETptEiKDYIKbfRwQmafTTCB4TZXIeBCFmyN8eBCKN.CRYTIpYTgSe_B4e_gSe_Y.M_y02ARb2TLb2TK5N.2RHTc.EbgDeT7pekXxs00000024433001,1970-01-01
https://schoolwith.me/schools/photo_movie/movie/234,1970-01-01
https://schoolwith.me/schools/photo_movie/movie/236,1970-01-01
https://schoolwith.me/schools/photo_movie/movie/238,1970-01-01
https://schoolwith.me/schools/photo_movie/movie/239,1970-01-01
https://schoolwith.me/schools/photo_movie/movie/30008,1970-01-01
https://schoolwith.me/schools/photo_movie/movie/30015,1970-01-01
https://schoolwith.me/schools/photo_movie/movie/30054,1970-01-01
https://schoolwith.me/schools/photo_movie/movie/30067,1970-01-01
https://schoolwith.me/schools/photo_movie/movie/30071,1970-01-01
https://schoolwith.me/schools/photo_movie/movie/30085,1970-01-01
https://schoolwith.me/schools/photo_movie/movie/30101,1970-01-01
https://schoolwith.me/schools/photo_movie/movie/30178,1970-01-01
https://schoolwith.me/schools/photo_movie/movie/30345,1970-01-01
https://schoolwith.me/schools/photo_movie/movie/4,1970-01-01
https://schoolwith.me/schools/photo_movie/movie/40021,1970-01-01
https://schoolwith.me/schools/photo_movie/movie/40027,1970-01-01
https://schoolwith.me/schools/photo_movie/movie/40048,1970-01-01
https://schoolwith.me/schools/photo_movie/movie/40054,1970-01-01
https://schoolwith.me/schools/photo_movie/movie/40059,1970-01-01
https://schoolwith.me/schools/photo_movie/movie/40069,1970-01-01
https://schoolwith.me/schools/photo_movie/movie/40097,1970-01-01
https://schoolwith.me/schools/photo_movie/movie/40358,1970-01-01
https://schoolwith.me/schools/photo_movie/movie/40360,1970-01-01
https://schoolwith.me/schools/photo_movie/movie/40363,1970-01-01
https://schoolwith.me/schools/photo_movie/movie/40376,1970-01-01
https://schoolwith.me/schools/photo_movie/movie/50011,1970-01-01
https://schoolwith.me/schools/photo_movie/movie/50014,1970-01-01
https://schoolwith.me/schools/photo_movie/movie/50019,1970-01-01
https://schoolwith.me/schools/photo_movie/movie/50020,1970-01-01
https://schoolwith.me/schools/photo_movie/movie/50037,1970-01-01
https://schoolwith.me/schools/photo_movie/movie/50046,1970-01-01
https://schoolwith.me/schools/photo_movie/movie/50048,1970-01-01
https://schoolwith.me/schools/photo_movie/movie/50050,1970-01-01
https://schoolwith.me/schools/photo_movie/movie/50105,1970-01-01
https://schoolwith.me/schools/photo_movie/movie/50290,1970-01-01
https://schoolwith.me/schools/photo_movie/movie/50364,1970-01-01
https://schoolwith.me/schools/photo_movie/movie/50749,1970-01-01
https://schoolwith.me/schools/photo_movie/movie/57,1970-01-01
https://schoolwith.me/schools/photo_movie/movie/60005,1970-01-01
https://schoolwith.me/schools/photo_movie/movie/60008,1970-01-01
https://schoolwith.me/schools/photo_movie/movie/60023,1970-01-01
https://schoolwith.me/schools/photo_movie/movie/60025?a8=KrA0DrUo2L8pjzgCZjBMppIMq.zJ8oIsAj_CszIFMF4o2LAX79TKcLTLGLZsasTBcFbMIvAycrA01s00000024868001,1970-01-01
https://schoolwith.me/schools/photo_movie/movie/60249,1970-01-01
https://schoolwith.me/schools/photo_movie/movie/70005,1970-01-01
https://schoolwith.me/schools/photo_movie/movie/70010,1970-01-01
https://schoolwith.me/schools/photo_movie/movie/70024,1970-01-01
https://schoolwith.me/schools/photo_movie/movie/70046,1970-01-01
https://schoolwith.me/schools/photo_movie/movie/70047,1970-01-01
https://schoolwith.me/schools/photo_movie/movie/70055,1970-01-01
https://schoolwith.me/schools/photo_movie/movie/70110,1970-01-01
https://schoolwith.me/schools/photo_movie/movie/80021,1970-01-01
https://schoolwith.me/schools/photo_movie/photo/20061,1970-01-01
https://schoolwith.me/schools/photo_movie/photo/20123,1970-01-01
https://schoolwith.me/schools/photo_movie/photo/20138,1970-01-01
https://schoolwith.me/schools/photo_movie/photo/20148,1970-01-01
https://schoolwith.me/schools/photo_movie/photo/20150?a8=KrA0DrUo2L8pjzgCZjBMppIMq.zJ8oIsAj_CszIFMF4o2LAX79TKcLTLGLZsasTBcFbMIvAycrA01s00000024868001,1970-01-01
https://schoolwith.me/schools/photo_movie/photo/20210,1970-01-01
https://schoolwith.me/schools/photo_movie/photo/20211,1970-01-01
https://schoolwith.me/schools/photo_movie/photo/20243,1970-01-01
https://schoolwith.me/schools/photo_movie/photo/20246,1970-01-01
https://schoolwith.me/schools/photo_movie/photo/223,1970-01-01
https://schoolwith.me/schools/photo_movie/photo/239,1970-01-01
https://schoolwith.me/schools/photo_movie/photo/240001,1970-01-01
https://schoolwith.me/schools/photo_movie/photo/240002,1970-01-01
https://schoolwith.me/schools/photo_movie/photo/30025,1970-01-01
https://schoolwith.me/schools/photo_movie/photo/30071?a8=KrA0DrUo2L8pjzgCZjBMppIMq.zJ8oIsAj_CszIFMF4o2LAX79TKcLTLGLZsasTBcFbMIvAycrA01s00000024868001,1970-01-01
https://schoolwith.me/schools/photo_movie/photo/30073,1970-01-01
https://schoolwith.me/schools/photo_movie/photo/30186,1970-01-01
https://schoolwith.me/schools/photo_movie/photo/40060,1970-01-01
https://schoolwith.me/schools/photo_movie/photo/40064,1970-01-01
https://schoolwith.me/schools/photo_movie/photo/40087,1970-01-01
https://schoolwith.me/schools/photo_movie/photo/40202,1970-01-01
https://schoolwith.me/schools/photo_movie/photo/40357,1970-01-01
https://schoolwith.me/schools/photo_movie/photo/40360,1970-01-01
https://schoolwith.me/schools/photo_movie/photo/40365,1970-01-01
https://schoolwith.me/schools/photo_movie/photo/50003,1970-01-01
https://schoolwith.me/schools/photo_movie/photo/50007,1970-01-01
https://schoolwith.me/schools/photo_movie/photo/50030,1970-01-01
https://schoolwith.me/schools/photo_movie/photo/50048?a8=KrA0DrUo2L8pjzgCZjBMppIMq.zJ8oIsAj_CszIFMF4o2LAX79TKcLTLGLZsasTBcFbMIvAycrA01s00000024868001,1970-01-01
https://schoolwith.me/schools/photo_movie/photo/50061,1970-01-01
https://schoolwith.me/schools/photo_movie/photo/50140?a8=KrA0DrUo2L8pjzgCZjBMppIMq.zJ8oIsAj_CszIFMF4o2LAX79TKcLTLGLZsasTBcFbMIvAycrA01s00000024868001,1970-01-01
https://schoolwith.me/schools/photo_movie/photo/50337,1970-01-01
https://schoolwith.me/schools/photo_movie/photo/60021?a8=KrA0DrUo2L8pjzgCZjBMppIMq.zJ8oIsAj_CszIFMF4o2LAX79TKcLTLGLZsasTBcFbMIvAycrA01s00000024868001,1970-01-01
https://schoolwith.me/schools/photo_movie/photo/70112,1970-01-01
https://schoolwith.me/schools/photo_movie/photo/80024,1970-01-01
https://schoolwith.me/schools/photo_movie/photo/80048,1970-01-01
https://schoolwith.me/schools/review/134/end_date_desc/supports/line/page:10,1970-01-01
https://schoolwith.me/schools/review/134/overall_rating_desc/supports/line/page:4,1970-01-01
https://schoolwith.me/schools/review/134/page:16/sort:Review.locale/direction:desc,1970-01-01
https://schoolwith.me/schools/review/134/term_weeks_asc/supports/line/page:22,1970-01-01
https://schoolwith.me/schools/review/134/term_weeks_desc/supports/line/page:12,1970-01-01
https://schoolwith.me/schools/review/134/term_weeks_desc/supports/line/page:15,1970-01-01
https://schoolwith.me/schools/review/134/term_weeks_desc/supports/line/page:16,1970-01-01
https://schoolwith.me/schools/review/134/term_weeks_desc/supports/line/page:9,1970-01-01
https://schoolwith.me/schools/review/138/posts_date_desc/supports/line/page:12,1970-01-01
https://schoolwith.me/schools/review/141/term_weeks_asc/message_for_after_covit19/page:2,1970-01-01
https://schoolwith.me/schools/review/142/page:3/sort:Review.locale/direction:DESC,1970-01-01
https://schoolwith.me/schools/review/144/overall_rating_desc/supports/line,1970-01-01
https://schoolwith.me/schools/review/146/end_date_desc/supports/line,1970-01-01
https://schoolwith.me/schools/review/153/page:6/sort:Review.locale/direction:DESC,1970-01-01
https://schoolwith.me/schools/review/159/overall_rating_asc/supports/line/page:3,1970-01-01
https://schoolwith.me/schools/review/16/posts_date_desc,1970-01-01
https://schoolwith.me/schools/review/165/sort:Review.locale/direction:desc/page:2,1970-01-01
https://schoolwith.me/schools/review/198/posts_date_desc,1970-01-01
https://schoolwith.me/schools/review/20806,1970-01-01
https://schoolwith.me/schools/review/21/term_weeks_desc/message_for_after_covit19/page:2,1970-01-01
https://schoolwith.me/schools/review/3/sort:Review.locale/direction:desc,1970-01-01
https://schoolwith.me/schools/review/38/sort:Review.locale/direction:desc,1970-01-01
https://schoolwith.me/schools/review/50061,1970-01-01
https://schoolwith.me/schools/review/50071/posts_date_desc,1970-01-01
https://schoolwith.me/schools/review/53/overall_rating_desc/supports/line/page:2,1970-01-01
https://schoolwith.me/schools/review/53/overall_rating_desc/supports/line/page:8,1970-01-01
https://schoolwith.me/schools/review/57/end_date_desc/supports/line/page:15,1970-01-01
https://schoolwith.me/schools/review/57/end_date_desc/supports/line/page:2,1970-01-01
https://schoolwith.me/schools/review/57/overall_rating_asc/supports/line/page:2,1970-01-01
https://schoolwith.me/schools/review/57/term_weeks_desc/supports/line/page:12,1970-01-01
https://schoolwith.me/schools/review/58/sort:Review.locale/direction:desc,1970-01-01
https://schoolwith.me/schools/review/73/sort:Review.locale/direction:desc/page:2,1970-01-01
https://schoolwith.me/schools/review/76/overall_rating_desc/supports/line/page:2,1970-01-01
https://schoolwith.me/schools/review/83/posts_date_desc/supports/supports/line/page:2,1970-01-01
https://schoolwith.me/schools/review/90/overall_rating_desc/supports/line/page:6,1970-01-01
https://schoolwith.me/schools/review/90/term_weeks_asc/supports/supports/line/page:2,1970-01-01
https://schoolwith.me/schools/review/90/term_weeks_asc/supports/supports/line/page:5,1970-01-01
https://schoolwith.me/schools/review/93/posts_date_desc/message_for_after_covit19/page:6,1970-01-01
https://schoolwith.me/schools/review/93/sort:Review.end_date/direction:DESC,1970-01-01
https://schoolwith.me/schools/review/94/posts_date_desc,1970-01-01
https://schoolwith.me/schools/stay/11?a8=KrA0DrUo2L8pjzgCZjBMppIMq.zJ8oIsAj_CszIFMF4o2LAX79TKcLTLGLZsasTBcFbMIvAycrA01s00000024868001,1970-01-01
https://schoolwith.me/schools/stay/171?a8=KrA0DrUo2L8pjzgCZjBMppIMq.zJ8oIsAj_CszIFMF4o2LAX79TKcLTLGLZsasTBcFbMIvAycrA01s00000024868001,1970-01-01
https://schoolwith.me/schools/stay/193?a8=KrA0DrUo2L8pjzgCZjBMppIMq.zJ8oIsAj_CszIFMF4o2LAX79TKcLTLGLZsasTBcFbMIvAycrA01s00000024868001,1970-01-01
https://schoolwith.me/search/columns/result/message_for_after_covit19/page:16,1970-01-01
https://schoolwith.me/search/columns/result/message_for_after_covit19/page:74,1970-01-01
https://schoolwith.me/search/columns/result/message_for_after_covit19/page:84,1970-01-01
https://schoolwith.me/search/columns/result/page:12/sub_category_id:2005,1970-01-01
https://schoolwith.me/search/columns/result/page:15/sub_category_id:9001,1970-01-01
https://schoolwith.me/search/columns/result/page:16/sub_category_id:9001,1970-01-01
https://schoolwith.me/search/columns/result/page:2/sub_category_id:3003,1970-01-01
https://schoolwith.me/search/columns/result/page:24/sub_category_id:2004,1970-01-01
https://schoolwith.me/search/columns/result/page:26/sub_category_id:3004,1970-01-01
https://schoolwith.me/search/columns/result/page:27/sub_category_id:1001,1970-01-01
https://schoolwith.me/search/columns/result/page:28/sub_category_id:2005,1970-01-01
https://schoolwith.me/search/columns/result/page:31/sub_category_id:2003,1970-01-01
https://schoolwith.me/search/columns/result/page:34/sub_category_id:2003,1970-01-01
https://schoolwith.me/search/columns/result/page:34/sub_category_id:3001,1970-01-01
https://schoolwith.me/search/columns/result/page:38/sub_category_id:1002,1970-01-01
https://schoolwith.me/search/columns/result/page:41/sub_category_id:3001,1970-01-01
https://schoolwith.me/search/columns/result/page:43/sub_category_id:3002,1970-01-01
https://schoolwith.me/search/columns/result/page:45/sub_category_id:2004,1970-01-01
https://schoolwith.me/search/columns/result/page:48/sub_category_id:1004,1970-01-01
https://schoolwith.me/search/columns/result/page:53/sub_category_id:9001,1970-01-01
https://schoolwith.me/search/columns/result/page:59/sub_category_id:1004,1970-01-01
https://schoolwith.me/search/columns/result/page:6/sub_category_id:3002,1970-01-01
https://schoolwith.me/search/columns/result/page:6/sub_category_id:9001,1970-01-01
https://schoolwith.me/search/columns/result/page:6/supports/line,1970-01-01
https://schoolwith.me/search/columns/result/page:61/sub_category_id:2004,1970-01-01
https://schoolwith.me/search/columns/result/page:63/sub_category_id:3002,1970-01-01
https://schoolwith.me/search/columns/result/page:64/sub_category_id:2002,1970-01-01
https://schoolwith.me/search/columns/result/page:69/sub_category_id:2004,1970-01-01
https://schoolwith.me/search/columns/result/page:7/sub_category_id:2002,1970-01-01
https://schoolwith.me/search/columns/result/page:76/sub_category_id:9001,1970-01-01
https://schoolwith.me/search/columns/result/page:79/sub_category_id:2005,1970-01-01
https://schoolwith.me/search/columns/result/page:80/sub_category_id:2005,1970-01-01
https://schoolwith.me/search/columns/result/page:82/sub_category_id:1001,1970-01-01
https://schoolwith.me/search/columns/result/page:84/sub_category_id:2004,1970-01-01
https://schoolwith.me/search/columns/result/page:9/sub_category_id:2001,1970-01-01
https://schoolwith.me/search/columns/result/page:93/sub_category_id:2004,1970-01-01
https://schoolwith.me/search/columns/result/sub_category_id:1004,1970-01-01
https://schoolwith.me/search/columns/result/supports/line/page:17,1970-01-01
https://schoolwith.me/search/columns/result/supports/line/page:18,1970-01-01
https://schoolwith.me/search/columns/result/supports/line/page:34/sub_category_id:1002,1970-01-01
https://schoolwith.me/search/columns/result/supports/line/page:43,1970-01-01
https://schoolwith.me/search/columns/result/supports/line/page:9,1970-01-01
https://schoolwith.me/seminars/register?schedule=848,1970-01-01
https://schoolwith.me/settings/forget_password?a8=KrA0DrUo2L8pjzgCZjBMppIMq.zJ8oIsAj_CszIFMF4o2LAX79TKcLTLGLZsasTBcFbMIvAycrA01s00000024868001,1970-01-01
https://schoolwith.me/settings/forget_password?a8=cETptEiKDYIKbfRwQmafTTCB4TZXIeBCFmyN8eBCKN.CRYTIpYTgSe_B4e_gSe_Y.M_y02ARb2TLb2TK5N.2RHTc.EbgDeT7pekXxs00000024433001,1970-01-01
https://schoolwith.me/types/cambridge?a8=KrA0DrUo2L8pjzgCZjBMppIMq.zJ8oIsAj_CszIFMF4o2LAX79TKcLTLGLZsasTBcFbMIvAycrA01s00000024868001,1970-01-01
https://schoolwith.me/types/gmat?a8=cETptEiKDYIKbfRwQmafTTCB4TZXIeBCFmyN8eBCKN.CRYTIpYTgSe_B4e_gSe_Y.M_y02ARb2TLb2TK5N.2RHTc.EbgDeT7pekXxs00000024433001,1970-01-01