URL,前回のクロール
https://schoolwith.me/matchings?utm_source=line&utm_medium=social&utm_campaign=timeline,2026-09-19
https://schoolwith.me/matchings?a8=cETptEiKDYIKbfRwQmafTTCB4TZXIeBCFmyN8eBCKN.CRYTIpYTgSe_B4e_gSe_Y.M_y02ARb2TLb2TK5N.2RHTc.EbgDeT7pekXxs00000024433001,2026-09-19
https://schoolwith.me/matchings?a8=I2Ghz2Y8u7rmQ7jZwns2sQEZBdlpsQreVnrmeljVQVL8u7GNX752-_GNs7leEe5sCVqQjBGFC2Ghos00000019593001,2026-09-19
https://schoolwith.me/f_matchings/select/9,2026-09-16
https://schoolwith.me/ph_matchings/select/16,2026-09-07
https://schoolwith.me/ph_matchings/select/6,2026-09-07
https://schoolwith.me/f_matchings/select/2,2026-09-05
https://schoolwith.me/matchings?afid=b6bfda7ab1b964c3c7fb95bd668cd396,2026-08-22
https://schoolwith.me/matchings?src_columns_under=31902,2026-08-07
https://schoolwith.me/matchings?src_columns_under=31659,2026-08-06
https://schoolwith.me/matchings?src_columns_under=31886,2026-07-31
https://schoolwith.me/matchings?src_columns_under=31928,2026-07-27
https://schoolwith.me/matchings?f070180f6e7f035c74eb5c98d404a02b,2026-07-24
https://schoolwith.me/search_schools/result/page:3?sort_type=/search/schools/result?sort_type%3D%252Fsearch%252Fschools%252Fresult%252Fsort%253Alowest_fee_per_month%252Fdirection%253AASC%253Fsort_type%253D%25252Fsearch%25252Fschools%25252Fresult%25253Fsort_type%25253D%2525252Fsearch%2525252Fschools%2525252Fresult%2525252Fsort%2525253Atmp_overall_score%2525252Fdirection%2525253ADESC,2026-07-18
https://schoolwith.me/f_matchings/select/8,2026-07-05
https://schoolwith.me/f_matchings/select/7,2026-06-12
https://schoolwith.me/columns/country/6/page:3?a8=cETptEiKDYIKbfRwQmafTTCB4TZXIeBCFmyN8eBCKN.CRYTIpYTgSe_B4e_gSe_Y.M_y02ARb2TLb2TK5N.2RHTc.EbgDeT7pekXxs00000024433001,2024-10-25
https://schoolwith.me/columns/country/6/page:3?a8=KrA0DrUo2L8pjzgCZjBMppIMq.zJ8oIsAj_CszIFMF4o2LAX79TKcLTLGLZsasTBcFbMIvAycrA01s00000024868001,2024-10-23
https://schoolwith.me/columns/author/174/supports/line/page:4,2024-09-20
https://schoolwith.me/schools/photo_movie/photo/50299/施設・設備,2024-09-17
https://schoolwith.me/schools/photo_movie/photo/20203?a8=cETptEiKDYIKbfRwQmafTTCB4TZXIeBCFmyN8eBCKN.CRYTIpYTgSe_B4e_gSe_Y.M_y02ARb2TLb2TK5N.2RHTc.EbgDeT7pekXxs00000024433001,2024-09-10
https://schoolwith.me/schools/photo_movie/photo/188?a8=I2Ghz2Y8u7rmQ7jZwns2sQEZBdlpsQreVnrmeljVQVL8u7GNX752-_GNs7leEe5sCVqQjBGFC2Ghos00000019593001,2024-09-10
https://schoolwith.me/columns/country/1/page:2?a8=cETptEiKDYIKbfRwQmafTTCB4TZXIeBCFmyN8eBCKN.CRYTIpYTgSe_B4e_gSe_Y.M_y02ARb2TLb2TK5N.2RHTc.EbgDeT7pekXxs00000024433001,2024-08-30
https://schoolwith.me/columns/category/9/page:2?a8=cETptEiKDYIKbfRwQmafTTCB4TZXIeBCFmyN8eBCKN.CRYTIpYTgSe_B4e_gSe_Y.M_y02ARb2TLb2TK5N.2RHTc.EbgDeT7pekXxs00000024433001,2024-08-29
https://schoolwith.me/schools/photo_movie/photo/30060?a8=cETptEiKDYIKbfRwQmafTTCB4TZXIeBCFmyN8eBCKN.CRYTIpYTgSe_B4e_gSe_Y.M_y02ARb2TLb2TK5N.2RHTc.EbgDeT7pekXxs00000024433001,2024-08-29
https://schoolwith.me/columns/author/121/page:2?a8=cETptEiKDYIKbfRwQmafTTCB4TZXIeBCFmyN8eBCKN.CRYTIpYTgSe_B4e_gSe_Y.M_y02ARb2TLb2TK5N.2RHTc.EbgDeT7pekXxs00000024433001,2024-08-27
https://schoolwith.me/columns/author/91?a8=cETptEiKDYIKbfRwQmafTTCB4TZXIeBCFmyN8eBCKN.CRYTIpYTgSe_B4e_gSe_Y.M_y02ARb2TLb2TK5N.2RHTc.EbgDeT7pekXxs00000024433001,2024-08-22
https://schoolwith.me/schools/photo_movie/photo/50049/周辺環境,2024-08-15
https://schoolwith.me/schools/review/126/sort:Review.locale/direction:desc/page:2?a8=KrA0DrUo2L8pjzgCZjBMppIMq.zJ8oIsAj_CszIFMF4o2LAX79TKcLTLGLZsasTBcFbMIvAycrA01s00000024868001,2024-07-22
https://schoolwith.me/schools/review/76/overall_rating_asc/supports/supports/line/page:2,2024-07-21
https://schoolwith.me/schools/photo_movie/photo/30060?a8=KrA0DrUo2L8pjzgCZjBMppIMq.zJ8oIsAj_CszIFMF4o2LAX79TKcLTLGLZsasTBcFbMIvAycrA01s00000024868001,2024-07-13
https://schoolwith.me/schools/review/153/page:2/sort:Review.locale/direction:desc?a8=KrA0DrUo2L8pjzgCZjBMppIMq.zJ8oIsAj_CszIFMF4o2LAX79TKcLTLGLZsasTBcFbMIvAycrA01s00000024868001,2024-07-13
https://schoolwith.me/reviews/38851?a8=KrA0DrUo2L8pjzgCZjBMppIMq.zJ8oIsAj_CszIFMF4o2LAX79TKcLTLGLZsasTBcFbMIvAycrA01s00000024868001,2024-07-06
https://schoolwith.me/reviews/39859?a8=KrA0DrUo2L8pjzgCZjBMppIMq.zJ8oIsAj_CszIFMF4o2LAX79TKcLTLGLZsasTBcFbMIvAycrA01s00000024868001,2024-07-01
https://schoolwith.me/areas/school/1/direction:asc/sort:lowest_fee_per_month?sort_type=/areas/school/1/direction:desc?sort_type%3D%252Fareas%252Fschool%252F1%252Fdirection%253Aasc%252Fsort%253Alowest_fee_per_month%253Fsort_type%253D%25252Fareas%25252Fschool%25252F1%25252Fdirection%25253Aasc%25252Fsort%25253Alowest_fee_per_month%25253Fsort_type%25253D%2525252Fareas%2525252Fschool%2525252F1%2525252Fdirection%2525253Aasc%2525252Fsort%2525253Alowest_fee_per_month%2525253Fsort_type%2525253D%252525252Fareas%252525252Fschool%252525252F1%252525252Fdirection%252525253Adesc%252525253Fsort_type%252525253D%25252525252Fareas%25252525252Fschool%25252525252F1%25252525252Fdirection%25252525253Aasc%25252525252Fsort%25252525253Alowest_fee_per_month%25252525253Fsort_type%25252525253D%2525252525252Fareas%2525252525252Fschool%2525252525252F1%2525252525252Fdirection%2525252525253Adesc,2024-06-26
https://schoolwith.me/category/schools/non_japanese/page:10/sort:lowest_fee_per_month/direction:asc?a8=KrA0DrUo2L8pjzgCZjBMppIMq.zJ8oIsAj_CszIFMF4o2LAX79TKcLTLGLZsasTBcFbMIvAycrA01s00000024868001,2024-06-25
https://schoolwith.me/reviews/38000?a8=KrA0DrUo2L8pjzgCZjBMppIMq.zJ8oIsAj_CszIFMF4o2LAX79TKcLTLGLZsasTBcFbMIvAycrA01s00000024868001,2024-06-24
https://schoolwith.me/category/schools/toeic/direction:asc/country_id:5/area_id:5004/sort:lowest_fee_per_month?a8=KrA0DrUo2L8pjzgCZjBMppIMq.zJ8oIsAj_CszIFMF4o2LAX79TKcLTLGLZsasTBcFbMIvAycrA01s00000024868001,2024-06-24
https://schoolwith.me/category/schools/abroad_life/sort:lowest_fee_per_month/direction:asc/country_id:7/page:2?a8=KrA0DrUo2L8pjzgCZjBMppIMq.zJ8oIsAj_CszIFMF4o2LAX79TKcLTLGLZsasTBcFbMIvAycrA01s00000024868001,2024-06-20
https://schoolwith.me/category/schools/toeic/direction:asc/country_id:52/area_id:52001/sort:lowest_fee_per_month?a8=KrA0DrUo2L8pjzgCZjBMppIMq.zJ8oIsAj_CszIFMF4o2LAX79TKcLTLGLZsasTBcFbMIvAycrA01s00000024868001,2024-06-20
https://schoolwith.me/category/schools/toeic/country_id:6/area_id:6001/sort:lowest_fee_per_month/direction:asc?a8=KrA0DrUo2L8pjzgCZjBMppIMq.zJ8oIsAj_CszIFMF4o2LAX79TKcLTLGLZsasTBcFbMIvAycrA01s00000024868001,2024-06-19
https://schoolwith.me/reviews/35007?a8=KrA0DrUo2L8pjzgCZjBMppIMq.zJ8oIsAj_CszIFMF4o2LAX79TKcLTLGLZsasTBcFbMIvAycrA01s00000024868001,2024-06-19
https://schoolwith.me/category/schools/ielts/direction:desc/country_id:5/area_id:5001/page:2?a8=KrA0DrUo2L8pjzgCZjBMppIMq.zJ8oIsAj_CszIFMF4o2LAX79TKcLTLGLZsasTBcFbMIvAycrA01s00000024868001,2024-06-19
https://schoolwith.me/category/schools/toeic/country_id:1/area_id:4/sort:lowest_fee_per_month/direction:asc?a8=KrA0DrUo2L8pjzgCZjBMppIMq.zJ8oIsAj_CszIFMF4o2LAX79TKcLTLGLZsasTBcFbMIvAycrA01s00000024868001,2024-06-19
https://schoolwith.me/reviews/37282?a8=KrA0DrUo2L8pjzgCZjBMppIMq.zJ8oIsAj_CszIFMF4o2LAX79TKcLTLGLZsasTBcFbMIvAycrA01s00000024868001,2024-06-19
https://schoolwith.me/category/schools/univ_going/page:2/direction:desc?a8=KrA0DrUo2L8pjzgCZjBMppIMq.zJ8oIsAj_CszIFMF4o2LAX79TKcLTLGLZsasTBcFbMIvAycrA01s00000024868001,2024-06-18
https://schoolwith.me/category/schools/univ_going/direction:desc/page:2?a8=KrA0DrUo2L8pjzgCZjBMppIMq.zJ8oIsAj_CszIFMF4o2LAX79TKcLTLGLZsasTBcFbMIvAycrA01s00000024868001,2024-06-18
https://schoolwith.me/areas/school/2009/direction:asc/sort:lowest_fee_per_month/page:2?a8=KrA0DrUo2L8pjzgCZjBMppIMq.zJ8oIsAj_CszIFMF4o2LAX79TKcLTLGLZsasTBcFbMIvAycrA01s00000024868001,2024-06-18
https://schoolwith.me/category/schools/gmat/sort:lowest_fee_per_month/direction:asc?a8=KrA0DrUo2L8pjzgCZjBMppIMq.zJ8oIsAj_CszIFMF4o2LAX79TKcLTLGLZsasTBcFbMIvAycrA01s00000024868001,2024-06-18
https://schoolwith.me/areas/school/4002/page:8/sort:lowest_fee_per_month/direction:asc?a8=KrA0DrUo2L8pjzgCZjBMppIMq.zJ8oIsAj_CszIFMF4o2LAX79TKcLTLGLZsasTBcFbMIvAycrA01s00000024868001,2024-06-18
https://schoolwith.me/category/schools/short_term/page:4/sort:School.application_cnt/direction:DESC,2024-06-18
https://schoolwith.me/areas/school/4002/page:4/direction:asc/sort:lowest_fee_per_month?a8=KrA0DrUo2L8pjzgCZjBMppIMq.zJ8oIsAj_CszIFMF4o2LAX79TKcLTLGLZsasTBcFbMIvAycrA01s00000024868001,2024-06-18
https://schoolwith.me/areas/school/4002/page:2/direction:asc/sort:lowest_fee_per_month?a8=KrA0DrUo2L8pjzgCZjBMppIMq.zJ8oIsAj_CszIFMF4o2LAX79TKcLTLGLZsasTBcFbMIvAycrA01s00000024868001,2024-06-18
https://schoolwith.me/areas/school/4002/page:4/sort:lowest_fee_per_month/direction:asc?a8=KrA0DrUo2L8pjzgCZjBMppIMq.zJ8oIsAj_CszIFMF4o2LAX79TKcLTLGLZsasTBcFbMIvAycrA01s00000024868001,2024-06-18
https://schoolwith.me/areas/school/2005/direction:desc/page:2?a8=KrA0DrUo2L8pjzgCZjBMppIMq.zJ8oIsAj_CszIFMF4o2LAX79TKcLTLGLZsasTBcFbMIvAycrA01s00000024868001,2024-06-18
https://schoolwith.me/columns/country/4/page:3?a8=KrA0DrUo2L8pjzgCZjBMppIMq.zJ8oIsAj_CszIFMF4o2LAX79TKcLTLGLZsasTBcFbMIvAycrA01s00000024868001,2024-06-18
https://schoolwith.me/areas/school/5002/page:2/direction:asc/sort:lowest_fee_per_month?a8=KrA0DrUo2L8pjzgCZjBMppIMq.zJ8oIsAj_CszIFMF4o2LAX79TKcLTLGLZsasTBcFbMIvAycrA01s00000024868001,2024-06-18
https://schoolwith.me/columns/author/174/page:5?a8=KrA0DrUo2L8pjzgCZjBMppIMq.zJ8oIsAj_CszIFMF4o2LAX79TKcLTLGLZsasTBcFbMIvAycrA01s00000024868001,2024-06-18
https://schoolwith.me/areas/school/4002/page:4/direction:desc?a8=KrA0DrUo2L8pjzgCZjBMppIMq.zJ8oIsAj_CszIFMF4o2LAX79TKcLTLGLZsasTBcFbMIvAycrA01s00000024868001,2024-06-18
https://schoolwith.me/areas/school/4002/direction:asc/sort:lowest_fee_per_month/page:2?a8=KrA0DrUo2L8pjzgCZjBMppIMq.zJ8oIsAj_CszIFMF4o2LAX79TKcLTLGLZsasTBcFbMIvAycrA01s00000024868001,2024-06-18
https://schoolwith.me/areas/school/4004/direction:desc/page:2?a8=KrA0DrUo2L8pjzgCZjBMppIMq.zJ8oIsAj_CszIFMF4o2LAX79TKcLTLGLZsasTBcFbMIvAycrA01s00000024868001,2024-06-18
https://schoolwith.me/areas/school/5002/page:2/sort:lowest_fee_per_month/direction:asc?a8=KrA0DrUo2L8pjzgCZjBMppIMq.zJ8oIsAj_CszIFMF4o2LAX79TKcLTLGLZsasTBcFbMIvAycrA01s00000024868001,2024-06-18
https://schoolwith.me/columns/author/252?a8=KrA0DrUo2L8pjzgCZjBMppIMq.zJ8oIsAj_CszIFMF4o2LAX79TKcLTLGLZsasTBcFbMIvAycrA01s00000024868001,2024-06-18
https://schoolwith.me/category/schools/toeic/sort:lowest_fee_per_month/direction:asc/country_id:1/area_id:1?sort_type=/category/schools/toeic/sort:lowest_fee_per_month/direction:ASC/country_id:1/area_id:1?sort_type%3D%252Fcategory%252Fschools%252Ftoeic%252Fsort%253Alowest_fee_per_month%252Fdirection%253AASC%252Fcountry_id%253A1%252Farea_id%253A1,2024-05-31
https://schoolwith.me/category/schools/ielts/supports/line/page:16/direction:asc/sort:lowest_fee_per_month?sort_type=/category/schools/ielts/supports/line/direction:asc/sort:lowest_fee_per_month,2024-05-30
https://schoolwith.me/category/schools/abroad_life/supports/supports/line/page:4/direction:asc/sort:lowest_fee_per_month/country_id:2,2024-05-27
https://schoolwith.me/seminars/register?schedule=492,2024-05-26
https://schoolwith.me/category/schools/toeic/sort:lowest_fee_per_month/direction:ASC/country_id:6/area_id:6001?sort_type=/category/schools/toeic/country_id:6/area_id:6001,2024-05-23
https://schoolwith.me/category/schools/ielts/sort:tmp_overall_score/direction:desc/country_id:5/page:2,2024-05-21
https://schoolwith.me/schools/curriculum/20022?fragment_identifier=Curriculum320,2024-04-17
https://schoolwith.me/category/schools/non_japanese/direction:desc?sort_type=/category/schools/non_japanese/direction:asc/sort:lowest_fee_per_month?sort_type%3D%252Fcategory%252Fschools%252Fnon_japanese%252Fdirection%253Adesc%253Fsort_type%253D%25252Fcategory%25252Fschools%25252Fnon_japanese%25252Fsort%25253Alowest_fee_per_month%25252Fdirection%25253Aasc%25253Fsrc_user%25253Dtop_main_ctgry_pc,2024-04-02
https://schoolwith.me/seminars/register?schedule=920,2024-03-31
https://schoolwith.me/schools/curriculum/20022?fragment_identifier=Curriculum300,2024-03-18
https://schoolwith.me/schools/curriculum/36?fragment_identifier=Curriculum912,2024-03-01
https://schoolwith.me/schools/photo_movie/photo/30060/周辺環境,2024-02-27
https://schoolwith.me/category/schools/ielts/page:16/direction:asc/sort:lowest_fee_per_month?utm_content=bufferb2bf9&amp;amp;utm_medium=social&amp;amp;utm_source=twitter.com&amp;amp;utm_campaign=buffer,2024-02-27
https://schoolwith.me/schools/curriculum/36?fragment_identifier=Curriculum813,2024-02-20
https://schoolwith.me/schools/curriculum/36?fragment_identifier=Curriculum39,2024-02-19
https://schoolwith.me/schools/curriculum/50361?fragment_identifier=Curriculum2743,2024-02-13
https://schoolwith.me/category/schools/short_term/country_id:5/area_id:5003/type:short_term/sort:lowest_fee_per_month/direction:ASC?sort_type=/category/schools/short_term/country_id:5/area_id:5003/type:short_term/sort:lowest_fee_per_month/direction:ASC,2024-02-09
https://schoolwith.me/?fbclid=IwAR1bcKRIM8a3CCOC3n38T-yvQurz2OM15PGush_34qaWXToS3EgP4G2IPwg///////////////,2024-02-07
https://schoolwith.me/category/schools/ielts/page:16/direction:asc/sort:lowest_fee_per_month?utm_content=bufferb2bf9&amp;amp;amp;utm_medium=social&amp;amp;amp;utm_source=twitter.com&amp;amp;amp;utm_campaign=buffer,2024-02-06
https://schoolwith.me/?fbclid=IwAR1nFUpMsWaJYCRp4XafGtlzJ_NjZ2AHi1mAsHxBJx7Rw_60IiCMyJVDHIw///////////////////,2024-02-05
https://schoolwith.me/?fbclid=IwAR1nFUpMsWaJYCRp4XafGtlzJ_NjZ2AHi1mAsHxBJx7Rw_60IiCMyJVDHIw////////////,2024-02-04
https://schoolwith.me/?fbclid=IwAR1nFUpMsWaJYCRp4XafGtlzJ_NjZ2AHi1mAsHxBJx7Rw_60IiCMyJVDHIw///////////,2024-02-04
https://schoolwith.me/?fbclid=IwAR2xMDG-pobAI6da5r_4Jce6nzf0i6O4NLcvpqOk9Q9BYVjXIYqmmip_nYU///////////,2024-02-04
https://schoolwith.me/?yclid=YSS.1001031104.EAIaIQobChMIn4-djcnkgwMVZ2QPAh2lDgUOEAAYASAAEgJkkPD_BwE/////////////,2024-01-28
https://schoolwith.me/category/schools/ielts/sort:lowest_fee_per_month/direction:asc/country_id:2/supports/line,2024-01-28
https://schoolwith.me/category/schools/ielts/reviews/34471/reviews/34468/page:16/direction:asc/sort:lowest_fee_per_month?sort_type=/category/schools/ielts/reviews/34471/reviews/34468/direction:desc?sort_type%3D%252Fcategory%252Fschools%252Fielts%252Freviews%252F34471%252Freviews%252F34468%252Fsort%253Alowest_fee_per_month%252Fdirection%253AASC,2024-01-20
https://schoolwith.me/category/schools/ielts/reviews/34471/reviews/34468/page:4/direction:desc/sort:School.application_cnt?sort_type=/category/schools/ielts/reviews/34471/reviews/34468/direction:desc?sort_type%3D%252Fcategory%252Fschools%252Fielts%252Freviews%252F34471%252Freviews%252F34468%252Fsort%253Alowest_fee_per_month%252Fdirection%253AASC,2024-01-19
https://schoolwith.me/category/schools/ielts/supports/line/country_id:2/sort:lowest_fee_per_month/direction:asc,2024-01-18
https://schoolwith.me/category/schools/short_term/direction:asc/country_id:1/area_id:2/sort:lowest_fee_per_month?sort_type=/category/schools/short_term/country_id:1/area_id:2/direction:desc?sort_type%3D%252Fcategory%252Fschools%252Fshort_term%252Fcountry_id%253A1%252Farea_id%253A2%252Fsort%253Alowest_fee_per_month%252Fdirection%253Aasc%253Fsort_type%253D%25252Fcategory%25252Fschools%25252Fshort_term%25252Fcountry_id%25253A1%25252Farea_id%25253A2%25252Fdirection%25253Adesc%25253Fsort_type%25253D%2525252Fcategory%2525252Fschools%2525252Fshort_term%2525252Fcountry_id%2525253A1%2525252Farea_id%2525253A2%2525252Fsort%2525253Alowest_fee_per_month%2525252Fdirection%2525253Aasc%2525253Fsort_type%2525253D%252525252Fcategory%252525252Fschools%252525252Fshort_term%252525252Fcountry_id%252525253A1%252525252Farea_id%252525253A2%252525252Fsort%252525253Alowest_fee_per_month%252525252Fdirection%252525253Aasc%252525253Fsort_type%252525253D%25252525252Fcategory%25252525252Fschools%25252525252Fshort_term%25252525252Fcountry_id%25252525253A1%25252525252Farea_id%25252525253A2%25252525252Fdirection%25252525253Adesc,2024-01-10
https://schoolwith.me/schools/curriculum/50361?fragment_identifier=Curriculum2755,2023-11-25
https://schoolwith.me/areas/school/2006/page:3?sort_type=/areas/school/2006/sort:lowest_fee_per_month/direction:asc?sort_type%3D%252Fareas%252Fschool%252F2006%252Fdirection%253Adesc%253Fsort_type%253D%25252Fareas%25252Fschool%25252F2006%25252Fdirection%25253Adesc%25253Fsort_type%25253D%2525252Fareas%2525252Fschool%2525252F2006%2525252Fsort%2525253Alowest_fee_per_month%2525252Fdirection%2525253Aasc%2525253Fsort_type%2525253D%252525252Fareas%252525252Fschool%252525252F2006%252525252Fdirection%252525253Adesc%252525253Fsort_type%252525253D%25252525252Fareas%25252525252Fschool%25252525252F2006%25252525252Fdirection%25252525253Adesc,2023-11-24
https://schoolwith.me/areas/school/2006/page:3/direction:desc?sort_type=/areas/school/2006/direction:asc/sort:lowest_fee_per_month?sort_type%3D%252Fareas%252Fschool%252F2006%252Fdirection%253Adesc%253Fsort_type%253D%25252Fareas%25252Fschool%25252F2006%25252Fdirection%25253Aasc%25252Fsort%25253Alowest_fee_per_month%25253Fsort_type%25253D%2525252Fareas%2525252Fschool%2525252F2006%2525252Fdirection%2525253Adesc%2525253Fsort_type%2525253D%252525252Fareas%252525252Fschool%252525252F2006%252525252Fdirection%252525253Aasc%252525252Fsort%252525253Alowest_fee_per_month%252525253Fsort_type%252525253D%25252525252Fareas%25252525252Fschool%25252525252F2006%25252525252Fsort%25252525253Alowest_fee_per_month%25252525252Fdirection%25252525253Aasc%25252525253Fsort_type%25252525253D%2525252525252Fareas%2525252525252Fschool%2525252525252F2006%2525252525252Fdirection%2525252525253Adesc%2525252525253Fsort_type%2525252525253D%252525252525252Fareas%252525252525252Fschool%252525252525252F2006%252525252525252Fdirection%252525252525253Adesc%252525252525253Fsort_type%252525252525253D%25252525252525252Fareas%25252525252525252Fschool%25252525252525252F2006%25252525252525252Fsort%25252525252525253Alowest_fee_per_month%25252525252525252Fdirection%25252525252525253Aasc%25252525252525253Fsort_type%25252525252525253D%2525252525252525252Fareas%2525252525252525252Fschool%2525252525252525252F2006%2525252525252525252Fsort%2525252525252525253Alowest_fee_per_month%2525252525252525252Fdirection%2525252525252525253Aasc,2023-11-15
https://schoolwith.me/areas/school/5006/sort:lowest_fee_per_month/direction:asc?sort_type=/areas/school/5006/sort:lowest_fee_per_month/direction:asc?sort_type%3D%252Fareas%252Fschool%252F5006%252Fdirection%253Adesc%253Fsort_type%253D%25252Fareas%25252Fschool%25252F5006%25252Fsort%25253Alowest_fee_per_month%25252Fdirection%25253Aasc%25253Fsort_type%25253D%2525252Fareas%2525252Fschool%2525252F5006%2525252Fsort%2525253Alowest_fee_per_month%2525252Fdirection%2525253Aasc%2525253Fsort_type%2525253D%252525252Fareas%252525252Fschool%252525252F5006%252525252Fsort%252525253Alowest_fee_per_month%252525252Fdirection%252525253Aasc%252525253Fsort_type%252525253D%25252525252Fareas%25252525252Fschool%25252525252F5006%25252525252Fsort%25252525253Alowest_fee_per_month%25252525252Fdirection%25252525253Aasc%25252525253Fsort_type%25252525253D%2525252525252Fareas%2525252525252Fschool%2525252525252F5006%2525252525252Fdirection%2525252525253Adesc%2525252525253Fsort_type%2525252525253D%252525252525252Fareas%252525252525252Fschool%252525252525252F5006%252525252525252Fsort%252525252525253Alowest_fee_per_month%252525252525252Fdirection%252525252525253Aasc%252525252525253Fsort_type%252525252525253D%25252525252525252Fareas%25252525252525252Fschool%25252525252525252F5006%25252525252525252Fdirection%25252525252525253Adesc,2023-11-15
https://schoolwith.me/areas/school/4003/sort:lowest_fee_per_month/direction:asc/page:2?sort_type=/areas/school/4003/sort:lowest_fee_per_month/direction:asc?sort_type%3D%252Fareas%252Fschool%252F4003%252Fdirection%253Adesc%253Fsort_type%253D%25252Fareas%25252Fschool%25252F4003%25252Fsort%25253Alowest_fee_per_month%25252Fdirection%25253Aasc%25253Fsort_type%25253D%2525252Fareas%2525252Fschool%2525252F4003%2525252Fdirection%2525253Adesc%2525253Fsort_type%2525253D%252525252Fareas%252525252Fschool%252525252F4003%252525252Fsort%252525253Alowest_fee_per_month%252525252Fdirection%252525253Aasc%252525253Fsort_type%252525253D%25252525252Fareas%25252525252Fschool%25252525252F4003%25252525252Fsort%25252525253Alowest_fee_per_month%25252525252Fdirection%25252525253Aasc%25252525253Fsort_type%25252525253D%2525252525252Fareas%2525252525252Fschool%2525252525252F4003%2525252525252Fdirection%2525252525253Adesc,2023-11-15
https://schoolwith.me/areas/school/2006/page:3/sort:lowest_fee_per_month/direction:asc?sort_type=/areas/school/2006/sort:lowest_fee_per_month/direction:asc?sort_type%3D%252Fareas%252Fschool%252F2006%252Fdirection%253Adesc%253Fsort_type%253D%25252Fareas%25252Fschool%25252F2006%25252Fsort%25253Alowest_fee_per_month%25252Fdirection%25253Aasc%25253Fsort_type%25253D%2525252Fareas%2525252Fschool%2525252F2006%2525252Fsort%2525253Alowest_fee_per_month%2525252Fdirection%2525253Aasc%2525253Fsort_type%2525253D%252525252Fareas%252525252Fschool%252525252F2006%252525252Fsort%252525253Alowest_fee_per_month%252525252Fdirection%252525253Aasc%252525253Fsort_type%252525253D%25252525252Fareas%25252525252Fschool%25252525252F2006%25252525252Fsort%25252525253Alowest_fee_per_month%25252525252Fdirection%25252525253Aasc%25252525253Fsort_type%25252525253D%2525252525252Fareas%2525252525252Fschool%2525252525252F2006%2525252525252Fdirection%2525252525253Adesc%2525252525253Fsort_type%2525252525253D%252525252525252Fareas%252525252525252Fschool%252525252525252F2006%252525252525252Fsort%252525252525253Alowest_fee_per_month%252525252525252Fdirection%252525252525253Aasc%252525252525253Fsort_type%252525252525253D%25252525252525252Fareas%25252525252525252Fschool%25252525252525252F2006%25252525252525252Fdirection%25252525252525253Adesc%25252525252525253Fsort_type%25252525252525253D%2525252525252525252Fareas%2525252525252525252Fschool%2525252525252525252F2006%2525252525252525252Fsort%2525252525252525253Alowest_fee_per_month%2525252525252525252Fdirection%2525252525252525253Aasc,2023-11-15
https://schoolwith.me/areas/school/4003/sort:lowest_fee_per_month/direction:asc/page:2?sort_type=/areas/school/4003/sort:lowest_fee_per_month/direction:asc?sort_type%3D%252Fareas%252Fschool%252F4003%252Fsort%253Alowest_fee_per_month%252Fdirection%253Aasc%253Fsort_type%253D%25252Fareas%25252Fschool%25252F4003%25252Fsort%25253Alowest_fee_per_month%25252Fdirection%25253Aasc%25253Fsort_type%25253D%2525252Fareas%2525252Fschool%2525252F4003%2525252Fsort%2525253Alowest_fee_per_month%2525252Fdirection%2525253Aasc%2525253Fsort_type%2525253D%252525252Fareas%252525252Fschool%252525252F4003%252525252Fsort%252525253Alowest_fee_per_month%252525252Fdirection%252525253Aasc%252525253Fsort_type%252525253D%25252525252Fareas%25252525252Fschool%25252525252F4003%25252525252Fdirection%25252525253Adesc%25252525253Fsort_type%25252525253D%2525252525252Fareas%2525252525252Fschool%2525252525252F4003%2525252525252Fdirection%2525252525253Adesc%2525252525253Fsort_type%2525252525253D%252525252525252Fareas%252525252525252Fschool%252525252525252F4003%252525252525252Fsort%252525252525253Alowest_fee_per_month%252525252525252Fdirection%252525252525253Aasc%252525252525253Fsort_type%252525252525253D%25252525252525252Fareas%25252525252525252Fschool%25252525252525252F4003%25252525252525252Fsort%25252525252525253Alowest_fee_per_month%25252525252525252Fdirection%25252525252525253Aasc,2023-11-15
https://schoolwith.me/areas/school/5006/sort:lowest_fee_per_month/direction:asc?sort_type=/areas/school/5006/sort:lowest_fee_per_month/direction:asc?sort_type%3D%252Fareas%252Fschool%252F5006%252Fsort%253Alowest_fee_per_month%252Fdirection%253Aasc%253Fsort_type%253D%25252Fareas%25252Fschool%25252F5006%25252Fsort%25253Alowest_fee_per_month%25252Fdirection%25253Aasc%25253Fsort_type%25253D%2525252Fareas%2525252Fschool%2525252F5006%2525252Fsort%2525253Alowest_fee_per_month%2525252Fdirection%2525253Aasc%2525253Fsort_type%2525253D%252525252Fareas%252525252Fschool%252525252F5006%252525252Fsort%252525253Alowest_fee_per_month%252525252Fdirection%252525253Aasc%252525253Fsort_type%252525253D%25252525252Fareas%25252525252Fschool%25252525252F5006%25252525252Fdirection%25252525253Adesc%25252525253Fsort_type%25252525253D%2525252525252Fareas%2525252525252Fschool%2525252525252F5006%2525252525252Fsort%2525252525253Alowest_fee_per_month%2525252525252Fdirection%2525252525253Aasc%2525252525253Fsort_type%2525252525253D%252525252525252Fareas%252525252525252Fschool%252525252525252F5006%252525252525252Fdirection%252525252525253Adesc%252525252525253Fsort_type%252525252525253D%25252525252525252Fareas%25252525252525252Fschool%25252525252525252F5006%25252525252525252Fsort%25252525252525253Alowest_fee_per_month%25252525252525252Fdirection%25252525252525253Aasc,2023-11-15
https://schoolwith.me/areas/school/5006/sort:lowest_fee_per_month/direction:asc?sort_type=/areas/school/5006/sort:lowest_fee_per_month/direction:asc?sort_type%3D%252Fareas%252Fschool%252F5006%252Fsort%253Alowest_fee_per_month%252Fdirection%253Aasc%253Fsort_type%253D%25252Fareas%25252Fschool%25252F5006%25252Fsort%25253Alowest_fee_per_month%25252Fdirection%25253Aasc%25253Fsort_type%25253D%2525252Fareas%2525252Fschool%2525252F5006%2525252Fdirection%2525253Adesc%2525253Fsort_type%2525253D%252525252Fareas%252525252Fschool%252525252F5006%252525252Fdirection%252525253Adesc%252525253Fsort_type%252525253D%25252525252Fareas%25252525252Fschool%25252525252F5006%25252525252Fsort%25252525253Alowest_fee_per_month%25252525252Fdirection%25252525253Aasc%25252525253Fsort_type%25252525253D%2525252525252Fareas%2525252525252Fschool%2525252525252F5006%2525252525252Fsort%2525252525253Alowest_fee_per_month%2525252525252Fdirection%2525252525253Aasc%2525252525253Fsort_type%2525252525253D%252525252525252Fareas%252525252525252Fschool%252525252525252F5006%252525252525252Fdirection%252525252525253Adesc%252525252525253Fsort_type%252525252525253D%25252525252525252Fareas%25252525252525252Fschool%25252525252525252F5006%25252525252525252Fdirection%25252525252525253Adesc,2023-11-15
https://schoolwith.me/areas/school/2006/page:3/direction:desc?sort_type=/areas/school/2006/direction:asc/sort:lowest_fee_per_month?sort_type%3D%252Fareas%252Fschool%252F2006%252Fdirection%253Adesc%253Fsort_type%253D%25252Fareas%25252Fschool%25252F2006%25252Fdirection%25253Adesc%25253Fsort_type%25253D%2525252Fareas%2525252Fschool%2525252F2006%2525252Fdirection%2525253Adesc%2525253Fsort_type%2525253D%252525252Fareas%252525252Fschool%252525252F2006%252525252Fdirection%252525253Adesc%252525253Fsort_type%252525253D%25252525252Fareas%25252525252Fschool%25252525252F2006%25252525252Fsort%25252525253Alowest_fee_per_month%25252525252Fdirection%25252525253Aasc%25252525253Fsort_type%25252525253D%2525252525252Fareas%2525252525252Fschool%2525252525252F2006%2525252525252Fdirection%2525252525253Adesc%2525252525253Fsort_type%2525252525253D%252525252525252Fareas%252525252525252Fschool%252525252525252F2006%252525252525252Fdirection%252525252525253Adesc,2023-11-15
https://schoolwith.me/areas/school/2006/page:3/direction:desc?sort_type=/areas/school/2006/direction:asc/sort:lowest_fee_per_month?sort_type%3D%252Fareas%252Fschool%252F2006%252Fdirection%253Adesc%253Fsort_type%253D%25252Fareas%25252Fschool%25252F2006%25252Fdirection%25253Adesc%25253Fsort_type%25253D%2525252Fareas%2525252Fschool%2525252F2006%2525252Fdirection%2525253Adesc%2525253Fsort_type%2525253D%252525252Fareas%252525252Fschool%252525252F2006%252525252Fdirection%252525253Aasc%252525252Fsort%252525253Alowest_fee_per_month%252525253Fsort_type%252525253D%25252525252Fareas%25252525252Fschool%25252525252F2006%25252525252Fdirection%25252525253Adesc%25252525253Fsort_type%25252525253D%2525252525252Fareas%2525252525252Fschool%2525252525252F2006%2525252525252Fdirection%2525252525253Adesc%2525252525253Fsort_type%2525252525253D%252525252525252Fareas%252525252525252Fschool%252525252525252F2006%252525252525252Fdirection%252525252525253Adesc%252525252525253Fsort_type%252525252525253D%25252525252525252Fareas%25252525252525252Fschool%25252525252525252F2006%25252525252525252Fdirection%25252525252525253Adesc,2023-11-15
https://schoolwith.me/areas/school/5006/sort:lowest_fee_per_month/direction:asc?sort_type=/areas/school/5006/sort:lowest_fee_per_month/direction:asc?sort_type%3D%252Fareas%252Fschool%252F5006%252Fdirection%253Adesc%253Fsort_type%253D%25252Fareas%25252Fschool%25252F5006%25252Fdirection%25253Adesc%25253Fsort_type%25253D%2525252Fareas%2525252Fschool%2525252F5006%2525252Fdirection%2525253Adesc%2525253Fsort_type%2525253D%252525252Fareas%252525252Fschool%252525252F5006%252525252Fsort%252525253Alowest_fee_per_month%252525252Fdirection%252525253Aasc%252525253Fsort_type%252525253D%25252525252Fareas%25252525252Fschool%25252525252F5006%25252525252Fdirection%25252525253Adesc%25252525253Fsort_type%25252525253D%2525252525252Fareas%2525252525252Fschool%2525252525252F5006%2525252525252Fdirection%2525252525253Adesc%2525252525253Fsort_type%2525252525253D%252525252525252Fareas%252525252525252Fschool%252525252525252F5006%252525252525252Fsort%252525252525253Alowest_fee_per_month%252525252525252Fdirection%252525252525253Aasc%252525252525253Fsort_type%252525252525253D%25252525252525252Fareas%25252525252525252Fschool%25252525252525252F5006%25252525252525252Fsort%25252525252525253Alowest_fee_per_month%25252525252525252Fdirection%25252525252525253Aasc,2023-11-15
https://schoolwith.me/areas/school/5006/sort:lowest_fee_per_month/direction:asc?sort_type=/areas/school/5006/direction:desc?sort_type%3D%252Fareas%252Fschool%252F5006%252Fdirection%253Adesc%253Fsort_type%253D%25252Fareas%25252Fschool%25252F5006%25252Fsort%25253Alowest_fee_per_month%25252Fdirection%25253Aasc%25253Fsort_type%25253D%2525252Fareas%2525252Fschool%2525252F5006%2525252Fdirection%2525253Adesc%2525253Fsort_type%2525253D%252525252Fareas%252525252Fschool%252525252F5006%252525252Fsort%252525253Alowest_fee_per_month%252525252Fdirection%252525253Aasc%252525253Fsort_type%252525253D%25252525252Fareas%25252525252Fschool%25252525252F5006%25252525252Fdirection%25252525253Adesc%25252525253Fsort_type%25252525253D%2525252525252Fareas%2525252525252Fschool%2525252525252F5006%2525252525252Fsort%2525252525253Alowest_fee_per_month%2525252525252Fdirection%2525252525253Aasc%2525252525253Fsort_type%2525252525253D%252525252525252Fareas%252525252525252Fschool%252525252525252F5006%252525252525252Fsort%252525252525253Alowest_fee_per_month%252525252525252Fdirection%252525252525253Aasc%252525252525253Fsort_type%252525252525253D%25252525252525252Fareas%25252525252525252Fschool%25252525252525252F5006%25252525252525252Fdirection%25252525252525253Adesc,2023-11-15
https://schoolwith.me/areas/school/2006/page:3/direction:desc?sort_type=/areas/school/2006/direction:asc/sort:lowest_fee_per_month?sort_type%3D%252Fareas%252Fschool%252F2006%252Fdirection%253Adesc%253Fsort_type%253D%25252Fareas%25252Fschool%25252F2006%25252Fdirection%25253Adesc%25253Fsort_type%25253D%2525252Fareas%2525252Fschool%2525252F2006%2525252Fdirection%2525253Adesc%2525253Fsort_type%2525253D%252525252Fareas%252525252Fschool%252525252F2006%252525252Fdirection%252525253Aasc%252525252Fsort%252525253Alowest_fee_per_month%252525253Fsort_type%252525253D%25252525252Fareas%25252525252Fschool%25252525252F2006%25252525252Fsort%25252525253Alowest_fee_per_month%25252525252Fdirection%25252525253Aasc%25252525253Fsort_type%25252525253D%2525252525252Fareas%2525252525252Fschool%2525252525252F2006%2525252525252Fdirection%2525252525253Adesc%2525252525253Fsort_type%2525252525253D%252525252525252Fareas%252525252525252Fschool%252525252525252F2006%252525252525252Fsort%252525252525253Alowest_fee_per_month%252525252525252Fdirection%252525252525253Aasc%252525252525253Fsort_type%252525252525253D%25252525252525252Fareas%25252525252525252Fschool%25252525252525252F2006%25252525252525252Fsort%25252525252525253Alowest_fee_per_month%25252525252525252Fdirection%25252525252525253Aasc,2023-11-15
https://schoolwith.me/areas/school/5006/sort:lowest_fee_per_month/direction:asc?sort_type=/areas/school/5006/direction:desc?sort_type%3D%252Fareas%252Fschool%252F5006%252Fsort%253Alowest_fee_per_month%252Fdirection%253Aasc%253Fsort_type%253D%25252Fareas%25252Fschool%25252F5006%25252Fsort%25253Alowest_fee_per_month%25252Fdirection%25253Aasc%25253Fsort_type%25253D%2525252Fareas%2525252Fschool%2525252F5006%2525252Fsort%2525253Alowest_fee_per_month%2525252Fdirection%2525253Aasc%2525253Fsort_type%2525253D%252525252Fareas%252525252Fschool%252525252F5006%252525252Fdirection%252525253Adesc%252525253Fsort_type%252525253D%25252525252Fareas%25252525252Fschool%25252525252F5006%25252525252Fdirection%25252525253Adesc%25252525253Fsort_type%25252525253D%2525252525252Fareas%2525252525252Fschool%2525252525252F5006%2525252525252Fdirection%2525252525253Adesc%2525252525253Fsort_type%2525252525253D%252525252525252Fareas%252525252525252Fschool%252525252525252F5006%252525252525252Fdirection%252525252525253Adesc%252525252525253Fsort_type%252525252525253D%25252525252525252Fareas%25252525252525252Fschool%25252525252525252F5006%25252525252525252Fdirection%25252525252525253Adesc%25252525252525253Fsort_type%25252525252525253D%2525252525252525252Fareas%2525252525252525252Fschool%2525252525252525252F5006%2525252525252525252Fdirection%2525252525252525253Adesc,2023-11-15
https://schoolwith.me/areas/school/2006/page:3/direction:desc?sort_type=/areas/school/2006/direction:asc/sort:lowest_fee_per_month?sort_type%3D%252Fareas%252Fschool%252F2006%252Fdirection%253Adesc%253Fsort_type%253D%25252Fareas%25252Fschool%25252F2006%25252Fsort%25253Alowest_fee_per_month%25252Fdirection%25253Aasc%25253Fsort_type%25253D%2525252Fareas%2525252Fschool%2525252F2006%2525252Fdirection%2525253Adesc%2525253Fsort_type%2525253D%252525252Fareas%252525252Fschool%252525252F2006%252525252Fsort%252525253Alowest_fee_per_month%252525252Fdirection%252525253Aasc%252525253Fsort_type%252525253D%25252525252Fareas%25252525252Fschool%25252525252F2006%25252525252Fsort%25252525253Alowest_fee_per_month%25252525252Fdirection%25252525253Aasc,2023-11-15
https://schoolwith.me/areas/school/2006/page:3/direction:desc?sort_type=/areas/school/2006/direction:asc/sort:lowest_fee_per_month?sort_type%3D%252Fareas%252Fschool%252F2006%252Fdirection%253Aasc%252Fsort%253Alowest_fee_per_month%253Fsort_type%253D%25252Fareas%25252Fschool%25252F2006%25252Fdirection%25253Adesc%25253Fsort_type%25253D%2525252Fareas%2525252Fschool%2525252F2006%2525252Fsort%2525253Alowest_fee_per_month%2525252Fdirection%2525253Aasc%2525253Fsort_type%2525253D%252525252Fareas%252525252Fschool%252525252F2006%252525252Fdirection%252525253Adesc%252525253Fsort_type%252525253D%25252525252Fareas%25252525252Fschool%25252525252F2006%25252525252Fsort%25252525253Alowest_fee_per_month%25252525252Fdirection%25252525253Aasc%25252525253Fsort_type%25252525253D%2525252525252Fareas%2525252525252Fschool%2525252525252F2006%2525252525252Fsort%2525252525253Alowest_fee_per_month%2525252525252Fdirection%2525252525253Aasc%2525252525253Fsort_type%2525252525253D%252525252525252Fareas%252525252525252Fschool%252525252525252F2006%252525252525252Fdirection%252525252525253Adesc%252525252525253Fsort_type%252525252525253D%25252525252525252Fareas%25252525252525252Fschool%25252525252525252F2006%25252525252525252Fsort%25252525252525253Alowest_fee_per_month%25252525252525252Fdirection%25252525252525253Aasc,2023-11-15
https://schoolwith.me/areas/school/2006/page:3/direction:desc?sort_type=/areas/school/2006/direction:desc?sort_type%3D%252Fareas%252Fschool%252F2006%252Fdirection%253Aasc%252Fsort%253Alowest_fee_per_month%253Fsort_type%253D%25252Fareas%25252Fschool%25252F2006%25252Fdirection%25253Adesc%25253Fsort_type%25253D%2525252Fareas%2525252Fschool%2525252F2006%2525252Fdirection%2525253Aasc%2525252Fsort%2525253Alowest_fee_per_month%2525253Fsort_type%2525253D%252525252Fareas%252525252Fschool%252525252F2006%252525252Fdirection%252525253Adesc%252525253Fsort_type%252525253D%25252525252Fareas%25252525252Fschool%25252525252F2006%25252525252Fsort%25252525253Alowest_fee_per_month%25252525252Fdirection%25252525253Aasc%25252525253Fsort_type%25252525253D%2525252525252Fareas%2525252525252Fschool%2525252525252F2006%2525252525252Fdirection%2525252525253Adesc%2525252525253Fsort_type%2525252525253D%252525252525252Fareas%252525252525252Fschool%252525252525252F2006%252525252525252Fdirection%252525252525253Adesc,2023-11-15
https://schoolwith.me/areas/school/2006/page:3/direction:desc?sort_type=/areas/school/2006/direction:desc?sort_type%3D%252Fareas%252Fschool%252F2006%252Fdirection%253Adesc%253Fsort_type%253D%25252Fareas%25252Fschool%25252F2006%25252Fdirection%25253Adesc%25253Fsort_type%25253D%2525252Fareas%2525252Fschool%2525252F2006%2525252Fdirection%2525253Aasc%2525252Fsort%2525253Alowest_fee_per_month%2525253Fsort_type%2525253D%252525252Fareas%252525252Fschool%252525252F2006%252525252Fdirection%252525253Aasc%252525252Fsort%252525253Alowest_fee_per_month%252525253Fsort_type%252525253D%25252525252Fareas%25252525252Fschool%25252525252F2006%25252525252Fdirection%25252525253Adesc%25252525253Fsort_type%25252525253D%2525252525252Fareas%2525252525252Fschool%2525252525252F2006%2525252525252Fdirection%2525252525253Aasc%2525252525252Fsort%2525252525253Alowest_fee_per_month%2525252525253Fsort_type%2525252525253D%252525252525252Fareas%252525252525252Fschool%252525252525252F2006%252525252525252Fdirection%252525252525253Adesc%252525252525253Fsort_type%252525252525253D%25252525252525252Fareas%25252525252525252Fschool%25252525252525252F2006%25252525252525252Fdirection%25252525252525253Adesc,2023-11-15
https://schoolwith.me/areas/school/5006/sort:lowest_fee_per_month/direction:asc?sort_type=/areas/school/5006/sort:lowest_fee_per_month/direction:asc?sort_type%3D%252Fareas%252Fschool%252F5006%252Fsort%253Alowest_fee_per_month%252Fdirection%253Aasc%253Fsort_type%253D%25252Fareas%25252Fschool%25252F5006%25252Fsort%25253Alowest_fee_per_month%25252Fdirection%25253Aasc%25253Fsort_type%25253D%2525252Fareas%2525252Fschool%2525252F5006%2525252Fdirection%2525253Adesc%2525253Fsort_type%2525253D%252525252Fareas%252525252Fschool%252525252F5006%252525252Fsort%252525253Alowest_fee_per_month%252525252Fdirection%252525253Aasc%252525253Fsort_type%252525253D%25252525252Fareas%25252525252Fschool%25252525252F5006%25252525252Fsort%25252525253Alowest_fee_per_month%25252525252Fdirection%25252525253Aasc%25252525253Fsort_type%25252525253D%2525252525252Fareas%2525252525252Fschool%2525252525252F5006%2525252525252Fdirection%2525252525253Adesc%2525252525253Fsort_type%2525252525253D%252525252525252Fareas%252525252525252Fschool%252525252525252F5006%252525252525252Fsort%252525252525253Alowest_fee_per_month%252525252525252Fdirection%252525252525253Aasc%252525252525253Fsort_type%252525252525253D%25252525252525252Fareas%25252525252525252Fschool%25252525252525252F5006%25252525252525252Fsort%25252525252525253Alowest_fee_per_month%25252525252525252Fdirection%25252525252525253Aasc,2023-11-15
https://schoolwith.me/areas/school/5006/sort:lowest_fee_per_month/direction:asc?sort_type=/areas/school/5006/direction:desc?sort_type%3D%252Fareas%252Fschool%252F5006%252Fdirection%253Adesc%253Fsort_type%253D%25252Fareas%25252Fschool%25252F5006%25252Fdirection%25253Adesc%25253Fsort_type%25253D%2525252Fareas%2525252Fschool%2525252F5006%2525252Fsort%2525253Alowest_fee_per_month%2525252Fdirection%2525253Aasc%2525253Fsort_type%2525253D%252525252Fareas%252525252Fschool%252525252F5006%252525252Fdirection%252525253Adesc%252525253Fsort_type%252525253D%25252525252Fareas%25252525252Fschool%25252525252F5006%25252525252Fsort%25252525253Alowest_fee_per_month%25252525252Fdirection%25252525253Aasc%25252525253Fsort_type%25252525253D%2525252525252Fareas%2525252525252Fschool%2525252525252F5006%2525252525252Fsort%2525252525253Alowest_fee_per_month%2525252525252Fdirection%2525252525253Aasc%2525252525253Fsort_type%2525252525253D%252525252525252Fareas%252525252525252Fschool%252525252525252F5006%252525252525252Fsort%252525252525253Alowest_fee_per_month%252525252525252Fdirection%252525252525253Aasc%252525252525253Fsort_type%252525252525253D%25252525252525252Fareas%25252525252525252Fschool%25252525252525252F5006%25252525252525252Fsort%25252525252525253Alowest_fee_per_month%25252525252525252Fdirection%25252525252525253Aasc,2023-11-15
https://schoolwith.me/areas/school/5006/sort:lowest_fee_per_month/direction:asc?sort_type=/areas/school/5006/sort:lowest_fee_per_month/direction:asc?sort_type%3D%252Fareas%252Fschool%252F5006%252Fdirection%253Adesc%253Fsort_type%253D%25252Fareas%25252Fschool%25252F5006%25252Fsort%25253Alowest_fee_per_month%25252Fdirection%25253Aasc%25253Fsort_type%25253D%2525252Fareas%2525252Fschool%2525252F5006%2525252Fsort%2525253Alowest_fee_per_month%2525252Fdirection%2525253Aasc%2525253Fsort_type%2525253D%252525252Fareas%252525252Fschool%252525252F5006%252525252Fsort%252525253Alowest_fee_per_month%252525252Fdirection%252525253Aasc%252525253Fsort_type%252525253D%25252525252Fareas%25252525252Fschool%25252525252F5006%25252525252Fsort%25252525253Alowest_fee_per_month%25252525252Fdirection%25252525253Aasc%25252525253Fsort_type%25252525253D%2525252525252Fareas%2525252525252Fschool%2525252525252F5006%2525252525252Fsort%2525252525253Alowest_fee_per_month%2525252525252Fdirection%2525252525253Aasc%2525252525253Fsort_type%2525252525253D%252525252525252Fareas%252525252525252Fschool%252525252525252F5006%252525252525252Fdirection%252525252525253Adesc%252525252525253Fsort_type%252525252525253D%25252525252525252Fareas%25252525252525252Fschool%25252525252525252F5006%25252525252525252Fdirection%25252525252525253Adesc%25252525252525253Fsort_type%25252525252525253D%2525252525252525252Fareas%2525252525252525252Fschool%2525252525252525252F5006%2525252525252525252Fdirection%2525252525252525253Adesc,2023-11-15
https://schoolwith.me/areas/school/5001/page:3?sort_type=/areas/school/5001/direction:desc?sort_type%3D%252Fareas%252Fschool%252F5001%252Fsort%253Alowest_fee_per_month%252Fdirection%253Aasc%253Fsort_type%253D%25252Fareas%25252Fschool%25252F5001%25252Fsort%25253Alowest_fee_per_month%25252Fdirection%25253Aasc%25253Fsort_type%25253D%2525252Fareas%2525252Fschool%2525252F5001%2525252Fdirection%2525253Adesc%2525253Fsort_type%2525253D%252525252Fareas%252525252Fschool%252525252F5001%252525252Fdirection%252525253Adesc%252525253Fsort_type%252525253D%25252525252Fareas%25252525252Fschool%25252525252F5001%25252525252Fdirection%25252525253Adesc%25252525253Fsort_type%25252525253D%2525252525252Fareas%2525252525252Fschool%2525252525252F5001%2525252525252Fsort%2525252525253Alowest_fee_per_month%2525252525252Fdirection%2525252525253Aasc%2525252525253Fsort_type%2525252525253D%252525252525252Fareas%252525252525252Fschool%252525252525252F5001%252525252525252Fsort%252525252525253Alowest_fee_per_month%252525252525252Fdirection%252525252525253Aasc%252525252525253Fsort_type%252525252525253D%25252525252525252Fareas%25252525252525252Fschool%25252525252525252F5001%25252525252525252Fsort%25252525252525253Atmp_overall_score%25252525252525252Fdirection%25252525252525253ADESC%25252525252525253Fsort_type%25252525252525253D%2525252525252525252Fareas%2525252525252525252Fschool%2525252525252525252F5001,2023-11-15
https://schoolwith.me/areas/school/8001/page:2?sort_type=/areas/school/8001/direction:desc?sort_type%3D%252Fareas%252Fschool%252F8001%252Fsort%253Alowest_fee_per_month%252Fdirection%253Aasc%253Fsort_type%253D%25252Fareas%25252Fschool%25252F8001%25252Fdirection%25253Adesc%25253Fsort_type%25253D%2525252Fareas%2525252Fschool%2525252F8001%2525252Fsort%2525253Alowest_fee_per_month%2525252Fdirection%2525253Aasc%2525253Fsort_type%2525253D%252525252Fareas%252525252Fschool%252525252F8001%252525252Fsort%252525253Alowest_fee_per_month%252525252Fdirection%252525253Aasc%252525253Fsort_type%252525253D%25252525252Fareas%25252525252Fschool%25252525252F8001%25252525252Fdirection%25252525253Adesc%25252525253Fsort_type%25252525253D%2525252525252Fareas%2525252525252Fschool%2525252525252F8001%2525252525252Fdirection%2525252525253Adesc%2525252525253Fsort_type%2525252525253D%252525252525252Fareas%252525252525252Fschool%252525252525252F8001%252525252525252Fsort%252525252525253Alowest_fee_per_month%252525252525252Fdirection%252525252525253Aasc%252525252525253Fsort_type%252525252525253D%25252525252525252Fareas%25252525252525252Fschool%25252525252525252F8001%25252525252525252Fsort%25252525252525253Alowest_fee_per_month%25252525252525252Fdirection%25252525252525253Aasc%25252525252525253Fsort_type%25252525252525253D%2525252525252525252Fareas%2525252525252525252Fschool%2525252525252525252F8001%2525252525252525252Fsort%2525252525252525253Alowest_fee_per_month%2525252525252525252Fdirection%2525252525252525253Aasc,2023-11-15
https://schoolwith.me/areas/school/4003/direction:desc/page:2?sort_type=/areas/school/4003/direction:asc/sort:lowest_fee_per_month?sort_type%3D%252Fareas%252Fschool%252F4003%252Fdirection%253Aasc%252Fsort%253Alowest_fee_per_month%253Fsort_type%253D%25252Fareas%25252Fschool%25252F4003%25252Fdirection%25253Adesc%25253Fsort_type%25253D%2525252Fareas%2525252Fschool%2525252F4003%2525252Fdirection%2525253Adesc%2525253Fsort_type%2525253D%252525252Fareas%252525252Fschool%252525252F4003%252525252Fdirection%252525253Adesc%252525253Fsort_type%252525253D%25252525252Fareas%25252525252Fschool%25252525252F4003%25252525252Fsort%25252525253Alowest_fee_per_month%25252525252Fdirection%25252525253Aasc%25252525253Fsort_type%25252525253D%2525252525252Fareas%2525252525252Fschool%2525252525252F4003%2525252525252Fdirection%2525252525253Adesc%2525252525253Fsort_type%2525252525253D%252525252525252Fareas%252525252525252Fschool%252525252525252F4003%252525252525252Fdirection%252525252525253Adesc,2023-11-15
https://schoolwith.me/areas/school/2009/direction:desc/page:2?sort_type=/areas/school/2009/direction:desc?sort_type%3D%252Fareas%252Fschool%252F2009%252Fdirection%253Aasc%252Fsort%253Alowest_fee_per_month%253Fsort_type%253D%25252Fareas%25252Fschool%25252F2009%25252Fdirection%25253Adesc%25253Fsort_type%25253D%2525252Fareas%2525252Fschool%2525252F2009%2525252Fdirection%2525253Aasc%2525252Fsort%2525253Alowest_fee_per_month%2525253Fsort_type%2525253D%252525252Fareas%252525252Fschool%252525252F2009%252525252Fdirection%252525253Adesc%252525253Fsort_type%252525253D%25252525252Fareas%25252525252Fschool%25252525252F2009%25252525252Fdirection%25252525253Adesc%25252525253Fsort_type%25252525253D%2525252525252Fareas%2525252525252Fschool%2525252525252F2009%2525252525252Fdirection%2525252525253Adesc%2525252525253Fsort_type%2525252525253D%252525252525252Fareas%252525252525252Fschool%252525252525252F2009%252525252525252Fdirection%252525252525253Adesc%252525252525253Fsort_type%252525252525253D%25252525252525252Fareas%25252525252525252Fschool%25252525252525252F2009%25252525252525252Fdirection%25252525252525253Adesc%25252525252525253Fsort_type%25252525252525253D%2525252525252525252Fareas%2525252525252525252Fschool%2525252525252525252F2009,2023-11-12
https://schoolwith.me/schools/curriculum/137?fragment_identifier=Curriculum823,2023-11-12
https://schoolwith.me/areas/school/7001/page:3?sort_type=/areas/school/7001/direction:desc?sort_type%3D%252Fareas%252Fschool%252F7001%252Fdirection%253Adesc%253Fsort_type%253D%25252Fareas%25252Fschool%25252F7001%25252Fsort%25253Atmp_overall_score%25252Fdirection%25253ADESC%25253Fsort_type%25253D%2525252Fareas%2525252Fschool%2525252F7001,2023-11-12
https://schoolwith.me/schools/curriculum/99?fragment_identifier=Curriculum791,2023-11-12
https://schoolwith.me/areas/school/5001/page:4?sort_type=/areas/school/5001/direction:desc?sort_type%3D%252Fareas%252Fschool%252F5001%252Fsort%253Atmp_overall_score%252Fdirection%253ADESC%253Fsort_type%253D%25252Fareas%25252Fschool%25252F5001,2023-10-30
https://schoolwith.me/schools/curriculum/20239?fragment_identifier=Curriculum552,2023-10-30
https://schoolwith.me/category/schools/non_japanese/country_id:4/area_id:4007/sort:lowest_fee_per_month/direction:asc?sort_type=/category/schools/non_japanese/country_id:4/area_id:4007/direction:desc?sort_type%3D%252Fcategory%252Fschools%252Fnon_japanese%252Fcountry_id%253A4%252Farea_id%253A4007%252Fdirection%253Adesc%253Fsort_type%253D%25252Fcategory%25252Fschools%25252Fnon_japanese%25252Fcountry_id%25253A4%25252Farea_id%25253A4007%25252Fdirection%25253Adesc%25253Fsort_type%25253D%2525252Fcategory%2525252Fschools%2525252Fnon_japanese%2525252Fcountry_id%2525253A4%2525252Farea_id%2525253A4007%2525252Fsort%2525253Alowest_fee_per_month%2525252Fdirection%2525253Aasc%2525253Fsort_type%2525253D%252525252Fcategory%252525252Fschools%252525252Fnon_japanese%252525252Fcountry_id%252525253A4%252525252Farea_id%252525253A4007%252525252Fdirection%252525253Adesc,2023-10-30
https://schoolwith.me/schools/curriculum/20022?fragment_identifier=Curriculum318,2023-10-29
https://schoolwith.me/countries/school/AU/page:2?sort_type=/countries/school/AU?sort_type%3D%252Fcountries%252Fschool%252FAU%253Fsrc_user%253Dtop_main_cntry_pc,2023-10-27
https://schoolwith.me/schools/curriculum/40009?fragment_identifier=Curriculum1734,2023-10-27
https://schoolwith.me/areas/school/5001/page:4?sort_type=/areas/school/5001/sort:lowest_fee_per_month/direction:asc?sort_type%3D%252Fareas%252Fschool%252F5001%252Fsort%253Alowest_fee_per_month%252Fdirection%253Aasc%253Fsort_type%253D%25252Fareas%25252Fschool%25252F5001%25252Fsort%25253Atmp_overall_score%25252Fdirection%25253ADESC%25253Fsort_type%25253D%2525252Fareas%2525252Fschool%2525252F5001,2023-10-22
https://schoolwith.me/areas/school/3001/page:2?sort_type=/areas/school/3001/direction:desc?sort_type%3D%252Fareas%252Fschool%252F3001%252Fsort%253Alowest_fee_per_month%252Fdirection%253Aasc,2023-10-22
https://schoolwith.me/countries/school/IE/page:2?sort_type=/countries/school/IE/direction:desc?sort_type%3D%252Fcountries%252Fschool%252FIE%252Fdirection%253Adesc%253Fsort_type%253D%25252Fcountries%25252Fschool%25252FIE,2023-10-22
https://schoolwith.me/category/schools/toeic/page:3/country_id:1/sort:School.application_cnt/direction:DESC?sort_type=/category/schools/toeic/country_id:1,2023-10-22
https://schoolwith.me/areas/school/6001/page:2?sort_type=/areas/school/6001/sort:lowest_fee_per_month/direction:asc?sort_type%3D%252Fareas%252Fschool%252F6001%252Fsort%253Alowest_fee_per_month%252Fdirection%253Aasc,2023-10-22
https://schoolwith.me/areas/school/6001/page:2?sort_type=/areas/school/6001/direction:desc?sort_type%3D%252Fareas%252Fschool%252F6001%252Fdirection%253Adesc%253Fsort_type%253D%25252Fareas%25252Fschool%25252F6001%25252Fdirection%25253Adesc,2023-10-21
https://schoolwith.me/schools/curriculum/50361?fragment_identifier=Curriculum2764,2023-10-21
https://schoolwith.me/schools/curriculum/50361?fragment_identifier=Curriculum2763,2023-10-21
https://schoolwith.me/areas/school/6001/page:2?sort_type=/areas/school/6001/direction:desc?sort_type%3D%252Fareas%252Fschool%252F6001%252Fsort%253Alowest_fee_per_month%252Fdirection%253Aasc%253Fsort_type%253D%25252Fareas%25252Fschool%25252F6001%25252Fdirection%25253Adesc,2023-10-21
https://schoolwith.me/areas/school/3001/page:2?sort_type=/areas/school/3001/sort:lowest_fee_per_month/direction:asc?sort_type%3D%252Fareas%252Fschool%252F3001%252Fsort%253Alowest_fee_per_month%252Fdirection%253Aasc,2023-10-21
https://schoolwith.me/areas/school/5001/page:4?sort_type=/areas/school/5001/sort:lowest_fee_per_month/direction:asc?sort_type%3D%252Fareas%252Fschool%252F5001%252Fsort%253Atmp_overall_score%252Fdirection%253ADESC%253Fsort_type%253D%25252Fareas%25252Fschool%25252F5001,2023-10-21
https://schoolwith.me/areas/school/4003/page:2?sort_type=/areas/school/4003/direction:desc?sort_type%3D%252Fareas%252Fschool%252F4003%252Fsort%253Alowest_fee_per_month%252Fdirection%253Aasc%253Fsort_type%253D%25252Fareas%25252Fschool%25252F4003%25252Fdirection%25253Adesc%25253Fsort_type%25253D%2525252Fareas%2525252Fschool%2525252F4003%2525252Fdirection%2525253Adesc%2525253Fsort_type%2525253D%252525252Fareas%252525252Fschool%252525252F4003%252525252Fsort%252525253Alowest_fee_per_month%252525252Fdirection%252525253Aasc,2023-10-20
https://schoolwith.me/areas/school/4003/page:3?sort_type=/areas/school/4003/direction:desc?sort_type%3D%252Fareas%252Fschool%252F4003%252Fdirection%253Adesc%253Fsort_type%253D%25252Fareas%25252Fschool%25252F4003%25252Fsort%25253Alowest_fee_per_month%25252Fdirection%25253Aasc,2023-10-20
https://schoolwith.me/areas/school/4003/page:3?sort_type=/areas/school/4003/direction:desc?sort_type%3D%252Fareas%252Fschool%252F4003%252Fsort%253Alowest_fee_per_month%252Fdirection%253Aasc,2023-10-20
https://schoolwith.me/areas/school/6001/page:2?sort_type=/areas/school/6001/direction:desc?sort_type%3D%252Fareas%252Fschool%252F6001%252Fdirection%253Adesc%253Fsort_type%253D%25252Fareas%25252Fschool%25252F6001%25252Fsort%25253Alowest_fee_per_month%25252Fdirection%25253Aasc,2023-10-20
https://schoolwith.me/areas/school/5001/page:3?sort_type=/areas/school/5001/sort:lowest_fee_per_month/direction:asc?sort_type%3D%252Fareas%252Fschool%252F5001%252Fdirection%253Adesc%253Fsort_type%253D%25252Fareas%25252Fschool%25252F5001%25252Fdirection%25253Adesc%25253Fsort_type%25253D%2525252Fareas%2525252Fschool%2525252F5001%2525252Fsort%2525253Atmp_overall_score%2525252Fdirection%2525253ADESC%2525253Fsort_type%2525253D%252525252Fareas%252525252Fschool%252525252F5001,2023-10-20
https://schoolwith.me/areas/school/5001/page:3?sort_type=/areas/school/5001/sort:lowest_fee_per_month/direction:asc?sort_type%3D%252Fareas%252Fschool%252F5001%252Fsort%253Alowest_fee_per_month%252Fdirection%253Aasc%253Fsort_type%253D%25252Fareas%25252Fschool%25252F5001%25252Fsort%25253Atmp_overall_score%25252Fdirection%25253ADESC%25253Fsort_type%25253D%2525252Fareas%2525252Fschool%2525252F5001,2023-10-20
https://schoolwith.me/areas/school/4003/page:3?sort_type=/areas/school/4003/direction:desc?sort_type%3D%252Fareas%252Fschool%252F4003%252Fsort%253Alowest_fee_per_month%252Fdirection%253Aasc%253Fsort_type%253D%25252Fareas%25252Fschool%25252F4003%25252Fdirection%25253Adesc,2023-10-20
https://schoolwith.me/areas/school/6001/page:2?sort_type=/areas/school/6001/direction:desc?sort_type%3D%252Fareas%252Fschool%252F6001%252Fsort%253Alowest_fee_per_month%252Fdirection%253Aasc,2023-10-20
https://schoolwith.me/areas/school/4003/page:3?sort_type=/areas/school/4003/sort:lowest_fee_per_month/direction:asc?sort_type%3D%252Fareas%252Fschool%252F4003%252Fdirection%253Adesc,2023-10-20
https://schoolwith.me/areas/school/5001/page:4?sort_type=/areas/school/5001/direction:desc?sort_type%3D%252Fareas%252Fschool%252F5001%252Fdirection%253Adesc%253Fsort_type%253D%25252Fareas%25252Fschool%25252F5001%25252Fsort%25253Atmp_overall_score%25252Fdirection%25253ADESC%25253Fsort_type%25253D%2525252Fareas%2525252Fschool%2525252F5001,2023-10-20
https://schoolwith.me/areas/school/6001/page:2?sort_type=/areas/school/6001/sort:lowest_fee_per_month/direction:asc?sort_type%3D%252Fareas%252Fschool%252F6001%252Fdirection%253Adesc,2023-10-20
https://schoolwith.me/areas/school/6001/page:2?sort_type=/areas/school/6001/direction:desc?sort_type%3D%252Fareas%252Fschool%252F6001%252Fdirection%253Adesc%253Fsort_type%253D%25252Fareas%25252Fschool%25252F6001%25252Fdirection%25253Adesc,2023-10-20
https://schoolwith.me/areas/school/5001/page:4?sort_type=/areas/school/5001/direction:desc?sort_type%3D%252Fareas%252Fschool%252F5001%252Fdirection%253Adesc%253Fsort_type%253D%25252Fareas%25252Fschool%25252F5001%25252Fsort%25253Alowest_fee_per_month%25252Fdirection%25253Aasc%25253Fsort_type%25253D%2525252Fareas%2525252Fschool%2525252F5001%2525252Fsort%2525253Atmp_overall_score%2525252Fdirection%2525253ADESC%2525253Fsort_type%2525253D%252525252Fareas%252525252Fschool%252525252F5001,2023-10-20
https://schoolwith.me/areas/school/5001/page:4?sort_type=/areas/school/5001/direction:desc?sort_type%3D%252Fareas%252Fschool%252F5001%252Fdirection%253Adesc%253Fsort_type%253D%25252Fareas%25252Fschool%25252F5001%25252Fdirection%25253Adesc%25253Fsort_type%25253D%2525252Fareas%2525252Fschool%2525252F5001%2525252Fsort%2525253Atmp_overall_score%2525252Fdirection%2525253ADESC%2525253Fsort_type%2525253D%252525252Fareas%252525252Fschool%252525252F5001,2023-10-20
https://schoolwith.me/areas/school/5001/page:4?sort_type=/areas/school/5001/direction:desc?sort_type%3D%252Fareas%252Fschool%252F5001%252Fdirection%253Adesc%253Fsort_type%253D%25252Fareas%25252Fschool%25252F5001%25252Fdirection%25253Adesc%25253Fsort_type%25253D%2525252Fareas%2525252Fschool%2525252F5001%2525252Fsort%2525253Atmp_overall_score%2525252Fdirection%2525253ADESC%2525253Fsort_type%2525253D%252525252Fareas%252525252Fschool%252525252F5001,2023-10-20
https://schoolwith.me/areas/school/4003/page:2?sort_type=/areas/school/4003/sort:lowest_fee_per_month/direction:asc?sort_type%3D%252Fareas%252Fschool%252F4003%252Fdirection%253Adesc,2023-10-20
https://schoolwith.me/areas/school/5001/page:4?sort_type=/areas/school/5001/direction:desc?sort_type%3D%252Fareas%252Fschool%252F5001%252Fdirection%253Adesc%253Fsort_type%253D%25252Fareas%25252Fschool%25252F5001%25252Fsort%25253Atmp_overall_score%25252Fdirection%25253ADESC%25253Fsort_type%25253D%2525252Fareas%2525252Fschool%2525252F5001,2023-10-20
https://schoolwith.me/countries/school/IE/page:2?sort_type=/countries/school/IE/direction:desc?sort_type%3D%252Fcountries%252Fschool%252FIE%252Fdirection%253Adesc,2023-10-20
https://schoolwith.me/areas/school/5001/page:3?sort_type=/areas/school/5001/sort:lowest_fee_per_month/direction:asc?sort_type%3D%252Fareas%252Fschool%252F5001%252Fsort%253Alowest_fee_per_month%252Fdirection%253Aasc%253Fsort_type%253D%25252Fareas%25252Fschool%25252F5001%25252Fsort%25253Atmp_overall_score%25252Fdirection%25253ADESC%25253Fsort_type%25253D%2525252Fareas%2525252Fschool%2525252F5001,2023-10-20
https://schoolwith.me/areas/school/4003/page:3?sort_type=/areas/school/4003/direction:desc?sort_type%3D%252Fareas%252Fschool%252F4003%252Fdirection%253Adesc%253Fsort_type%253D%25252Fareas%25252Fschool%25252F4003%25252Fdirection%25253Adesc%25253Fsort_type%25253D%2525252Fareas%2525252Fschool%2525252F4003%2525252Fdirection%2525253Adesc,2023-10-20
https://schoolwith.me/countries/school/IE/page:2?sort_type=/countries/school/IE/sort:lowest_fee_per_month/direction:asc?sort_type%3D%252Fcountries%252Fschool%252FIE,2023-10-20
https://schoolwith.me/areas/school/4003/page:3?sort_type=/areas/school/4003/direction:desc?sort_type%3D%252Fareas%252Fschool%252F4003%252Fdirection%253Adesc%253Fsort_type%253D%25252Fareas%25252Fschool%25252F4003%25252Fdirection%25253Adesc,2023-10-20
https://schoolwith.me/countries/school/UK/page:2?sort_type=/countries/school/UK/direction:desc?sort_type%3D%252Fcountries%252Fschool%252FUK,2023-10-20
https://schoolwith.me/areas/school/3001/page:2?sort_type=/areas/school/3001/sort:lowest_fee_per_month/direction:asc?sort_type%3D%252Fareas%252Fschool%252F3001%252Fsort%253Alowest_fee_per_month%252Fdirection%253Aasc%253Fsort_type%253D%25252Fareas%25252Fschool%25252F3001%25252Fsort%25253Alowest_fee_per_month%25252Fdirection%25253Aasc%25253Fsort_type%25253D%2525252Fareas%2525252Fschool%2525252F3001%2525252Fdirection%2525253Adesc,2023-10-20
https://schoolwith.me/areas/school/3001/page:2?sort_type=/areas/school/3001/sort:lowest_fee_per_month/direction:asc?sort_type%3D%252Fareas%252Fschool%252F3001%252Fsort%253Alowest_fee_per_month%252Fdirection%253Aasc%253Fsort_type%253D%25252Fareas%25252Fschool%25252F3001%25252Fdirection%25253Adesc%25253Fsort_type%25253D%2525252Fareas%2525252Fschool%2525252F3001%2525252Fsort%2525253Alowest_fee_per_month%2525252Fdirection%2525253Aasc%2525253Fsort_type%2525253D%252525252Fareas%252525252Fschool%252525252F3001%252525252Fdirection%252525253Adesc,2023-10-20
https://schoolwith.me/areas/school/3001/page:2?sort_type=/areas/school/3001/sort:lowest_fee_per_month/direction:asc?sort_type%3D%252Fareas%252Fschool%252F3001%252Fdirection%253Adesc%253Fsort_type%253D%25252Fareas%25252Fschool%25252F3001%25252Fdirection%25253Adesc%25253Fsort_type%25253D%2525252Fareas%2525252Fschool%2525252F3001%2525252Fsort%2525253Alowest_fee_per_month%2525252Fdirection%2525253Aasc%2525253Fsort_type%2525253D%252525252Fareas%252525252Fschool%252525252F3001%252525252Fdirection%252525253Adesc,2023-10-20
https://schoolwith.me/areas/school/3001/page:2?sort_type=/areas/school/3001/direction:desc?sort_type%3D%252Fareas%252Fschool%252F3001%252Fdirection%253Adesc%253Fsort_type%253D%25252Fareas%25252Fschool%25252F3001%25252Fdirection%25253Adesc%25253Fsort_type%25253D%2525252Fareas%2525252Fschool%2525252F3001%2525252Fsort%2525253Alowest_fee_per_month%2525252Fdirection%2525253Aasc%2525253Fsort_type%2525253D%252525252Fareas%252525252Fschool%252525252F3001%252525252Fdirection%252525253Adesc,2023-10-20
https://schoolwith.me/areas/school/3001/page:2?sort_type=/areas/school/3001/sort:lowest_fee_per_month/direction:asc?sort_type%3D%252Fareas%252Fschool%252F3001%252Fsort%253Alowest_fee_per_month%252Fdirection%253Aasc%253Fsort_type%253D%25252Fareas%25252Fschool%25252F3001%25252Fdirection%25253Adesc,2023-10-20
https://schoolwith.me/areas/school/3001/page:2?sort_type=/areas/school/3001/direction:desc?sort_type%3D%252Fareas%252Fschool%252F3001%252Fdirection%253Adesc%253Fsort_type%253D%25252Fareas%25252Fschool%25252F3001%25252Fsort%25253Alowest_fee_per_month%25252Fdirection%25253Aasc%25253Fsort_type%25253D%2525252Fareas%2525252Fschool%2525252F3001%2525252Fdirection%2525253Adesc,2023-10-20
https://schoolwith.me/countries/school/SG/page:4?sort_type=/countries/school/SG/sort:lowest_fee_per_month/direction:asc?sort_type%3D%252Fcountries%252Fschool%252FSG%252Fsort%253Alowest_fee_per_month%252Fdirection%253Aasc,2023-10-19
https://schoolwith.me/areas/school/3001/page:2?sort_type=/areas/school/3001/direction:desc?sort_type%3D%252Fareas%252Fschool%252F3001%252Fsort%253Alowest_fee_per_month%252Fdirection%253Aasc%253Fsort_type%253D%25252Fareas%25252Fschool%25252F3001%25252Fdirection%25253Adesc,2023-10-19
https://schoolwith.me/countries/school/SG/page:4?sort_type=/countries/school/SG/sort:lowest_fee_per_month/direction:asc?sort_type%3D%252Fcountries%252Fschool%252FSG%252Fsort%253Alowest_fee_per_month%252Fdirection%253Aasc%253Fsort_type%253D%25252Fcountries%25252Fschool%25252FSG%25252Fdirection%25253Adesc,2023-10-19
https://schoolwith.me/countries/school/SG/page:4?sort_type=/countries/school/SG/sort:lowest_fee_per_month/direction:asc?sort_type%3D%252Fcountries%252Fschool%252FSG%252Fsort%253Alowest_fee_per_month%252Fdirection%253Aasc,2023-10-19
https://schoolwith.me/countries/school/IE/page:2?sort_type=/countries/school/IE/direction:desc?sort_type%3D%252Fcountries%252Fschool%252FIE%252Fsort%253Alowest_fee_per_month%252Fdirection%253Aasc,2023-10-19
https://schoolwith.me/schools/curriculum/40009?fragment_identifier=Curriculum1735,2023-10-19
https://schoolwith.me/schools/curriculum/50361?fragment_identifier=Curriculum2742,2023-10-19
https://schoolwith.me/countries/school/PH/page:3?sort_type=/countries/school/PH/direction:desc?sort_type%3D%252Fcountries%252Fschool%252FPH,2023-10-19
https://schoolwith.me/countries/school/PH/page:3?sort_type=/countries/school/PH/sort:lowest_fee_per_month/direction:asc?sort_type%3D%252Fcountries%252Fschool%252FPH,2023-10-19
https://schoolwith.me/countries/school/US/page:17?sort_type=/countries/school/US/direction:desc?src_user%3Dtop_main_cntry_pc,2023-10-18
https://schoolwith.me/countries/school/PH/page:3?sort_type=/countries/school/PH/sort:lowest_fee_per_month/direction:ASC?sort_type%3D%252Fcountries%252Fschool%252FPH,2023-10-13
https://schoolwith.me/schools/curriculum/99?fragment_identifier=Curriculum463,2023-09-25
https://schoolwith.me/schools/curriculum/40263?fragment_identifier=Curriculum1631,2023-09-25
https://schoolwith.me/schools/curriculum/40263?fragment_identifier=Curriculum1633,2023-09-25
https://schoolwith.me/schools/curriculum/40263?fragment_identifier=Curriculum1632,2023-09-25
https://schoolwith.me/schools/curriculum/99?fragment_identifier=Curriculum790,2023-09-23
https://schoolwith.me/seminars/register?schedule=886,2023-09-17
https://schoolwith.me/schools/curriculum/50361?fragment_identifier=Curriculum2746,2023-09-08
https://schoolwith.me/schools/curriculum/137?fragment_identifier=Curriculum834,2023-09-04
https://schoolwith.me/schools/curriculum/137?fragment_identifier=Curriculum827,2023-09-03
https://schoolwith.me/schools/curriculum/137?fragment_identifier=Curriculum824,2023-09-03
https://schoolwith.me/schools/curriculum/99?fragment_identifier=Curriculum480,2023-09-01
https://schoolwith.me/category/schools/gmat/sort:lowest_fee_per_month/direction:asc?sort_type=/category/schools/gmat/sort:lowest_fee_per_month/direction:asc,2023-08-07
https://schoolwith.me/category/schools/non_japanese/direction:desc?sort_type=/category/schools/non_japanese/sort:lowest_fee_per_month/direction:asc?sort_type%3D%252Fcategory%252Fschools%252Fnon_japanese%252Fdirection%253Adesc%253Futm_content%253Dbuffer5a412%2526amp%253Bamp%25253Bamp%25253Butm_medium%253Dsocial%2526amp%253Bamp%25253Bamp%25253Butm_source%253Dtwitter.com%2526amp%253Bamp%25253Bamp%25253Butm_campaign%253Dbuffer,2023-07-31
https://schoolwith.me/category/schools/toeic/sort:lowest_fee_per_month/direction:asc/country_id:1/area_id:1?sort_type=/category/schools/toeic/country_id:1/area_id:1,2023-07-30
https://schoolwith.me/category/schools/cambridge/sort:lowest_fee_per_month/direction:asc/country_id:4?sort_type=/category/schools/cambridge/direction:desc/country_id:4?sort_type%3D%252Fcategory%252Fschools%252Fcambridge%252Fdirection%253Adesc%252Fcountry_id%253A4,2023-07-28
https://schoolwith.me/category/schools/barista/country_id:4/sort:lowest_fee_per_month/direction:asc?sort_type=/category/schools/barista/country_id:4/direction:desc?sort_type%3D%252Fcategory%252Fschools%252Fbarista%252Fcountry_id%253A4%252Fsort%253Alowest_fee_per_month%252Fdirection%253Aasc%253Fsort_type%253D%25252Fcategory%25252Fschools%25252Fbarista%25252Fcountry_id%25253A4%25252Fsort%25253Alowest_fee_per_month%25252Fdirection%25253Aasc%25253Fsort_type%25253D%2525252Fcategory%2525252Fschools%2525252Fbarista%2525252Fcountry_id%2525253A4%2525252Fsort%2525253Alowest_fee_per_month%2525252Fdirection%2525253Aasc%2525253Fsort_type%2525253D%252525252Fcategory%252525252Fschools%252525252Fbarista%252525252Fcountry_id%252525253A4%252525252Fdirection%252525253Adesc%252525253Fsort_type%252525253D%25252525252Fcategory%25252525252Fschools%25252525252Fbarista%25252525252Fcountry_id%25252525253A4%25252525252Fsort%25252525253Alowest_fee_per_month%25252525252Fdirection%25252525253Aasc%25252525253Fsort_type%25252525253D%2525252525252Fcategory%2525252525252Fschools%2525252525252Fbarista%2525252525252Fcountry_id%2525252525253A4%2525252525252Fsort%2525252525253Alowest_fee_per_month%2525252525252Fdirection%2525252525253Aasc,2023-07-28
https://schoolwith.me/category/schools/abroad_life/sort:lowest_fee_per_month/direction:asc/country_id:7/page:2?sort_type=/category/schools/abroad_life/sort:lowest_fee_per_month/direction:asc/country_id:7?sort_type%3D%252Fcategory%252Fschools%252Fabroad_life%252Fcountry_id%253A7%252Fsort%253Alowest_fee_per_month%252Fdirection%253Aasc%253Fsort_type%253D%25252Fcategory%25252Fschools%25252Fabroad_life%25252Fcountry_id%25253A7%25252Fdirection%25253Adesc%25253Fsort_type%25253D%2525252Fcategory%2525252Fschools%2525252Fabroad_life%2525252Fcountry_id%2525253A7%2525252Fdirection%2525253Adesc%2525253Fsort_type%2525253D%252525252Fcategory%252525252Fschools%252525252Fabroad_life%252525252Fcountry_id%252525253A7%252525252Fsort%252525253Alowest_fee_per_month%252525252Fdirection%252525253Aasc%252525253Fsort_type%252525253D%25252525252Fcategory%25252525252Fschools%25252525252Fabroad_life%25252525252Fcountry_id%25252525253A7%25252525252Fdirection%25252525253Adesc%25252525253Fsort_type%25252525253D%2525252525252Fcategory%2525252525252Fschools%2525252525252Fabroad_life%2525252525252Fcountry_id%2525252525253A7%2525252525252Fdirection%2525252525253Adesc,2023-07-28
https://schoolwith.me/category/schools/barista/country_id:4/sort:lowest_fee_per_month/direction:asc?sort_type=/category/schools/barista/country_id:4/sort:lowest_fee_per_month/direction:asc?sort_type%3D%252Fcategory%252Fschools%252Fbarista%252Fcountry_id%253A4%252Fsort%253Alowest_fee_per_month%252Fdirection%253Aasc%253Fsort_type%253D%25252Fcategory%25252Fschools%25252Fbarista%25252Fcountry_id%25253A4%25252Fdirection%25253Adesc%25253Fsort_type%25253D%2525252Fcategory%2525252Fschools%2525252Fbarista%2525252Fcountry_id%2525253A4%2525252Fdirection%2525253Adesc%2525253Fsort_type%2525253D%252525252Fcategory%252525252Fschools%252525252Fbarista%252525252Fcountry_id%252525253A4%252525252Fdirection%252525253Adesc%252525253Fsort_type%252525253D%25252525252Fcategory%25252525252Fschools%25252525252Fbarista%25252525252Fcountry_id%25252525253A4%25252525252Fdirection%25252525253Adesc,2023-07-28
https://schoolwith.me/category/schools/gmat/sort:lowest_fee_per_month/direction:asc?sort_type=/category/schools/gmat/direction:desc,2023-07-28
https://schoolwith.me/category/schools/gmat/sort:lowest_fee_per_month/direction:ASC,2023-07-28
https://schoolwith.me/category/schools/non_japanese/sort:School.application_cnt/direction:desc?sort_type=/category/schools/non_japanese/sort:lowest_fee_per_month/direction:asc?sort_type%3D%252Fcategory%252Fschools%252Fnon_japanese%252Fsort%253Alowest_fee_per_month%252Fdirection%253Aasc%253Fsort_type%253D%25252Fcategory%25252Fschools%25252Fnon_japanese%25252Fdirection%25253Adesc%25253Fsort_type%25253D%2525252Fcategory%2525252Fschools%2525252Fnon_japanese%2525252Fdirection%2525253Adesc%2525253Fsort_type%2525253D%252525252Fcategory%252525252Fschools%252525252Fnon_japanese%252525252Fsort%252525253Alowest_fee_per_month%252525252Fdirection%252525253Aasc%252525253Fsort_type%252525253D%25252525252Fcategory%25252525252Fschools%25252525252Fnon_japanese%25252525252Fdirection%25252525253Adesc%25252525253Fsort_type%25252525253D%2525252525252Fcategory%2525252525252Fschools%2525252525252Fnon_japanese%2525252525252Fdirection%2525252525253Adesc%2525252525253Fsort_type%2525252525253D%252525252525252Fcategory%252525252525252Fschools%252525252525252Fnon_japanese%252525252525252Fsort%252525252525253Alowest_fee_per_month%252525252525252Fdirection%252525252525253Aasc%252525252525253Fsort_type%252525252525253D%25252525252525252Fcategory%25252525252525252Fschools%25252525252525252Fnon_japanese%25252525252525252Fdirection%25252525252525253Adesc%25252525252525253Fsort_type%25252525252525253D%2525252525252525252Fcategory%2525252525252525252Fschools%2525252525252525252Fnon_japanese%2525252525252525252Fdirection%2525252525252525253Adesc,2023-07-28
https://schoolwith.me/category/schools/ielts/direction:asc/country_id:5/area_id:5052/sort:lowest_fee_per_month?sort_type=/category/schools/ielts/direction:desc/country_id:5/area_id:5052?sort_type%3D%252Fcategory%252Fschools%252Fielts%252Fdirection%253Aasc%252Fcountry_id%253A5%252Farea_id%253A5052%252Fsort%253Alowest_fee_per_month%253Fsort_type%253D%25252Fcategory%25252Fschools%25252Fielts%25252Fdirection%25253Aasc%25252Fcountry_id%25253A5%25252Farea_id%25253A5052%25252Fsort%25253Alowest_fee_per_month%25253Fsort_type%25253D%2525252Fcategory%2525252Fschools%2525252Fielts%2525252Fdirection%2525253Adesc%2525252Fcountry_id%2525253A5%2525252Farea_id%2525253A5052%2525253Fsort_type%2525253D%252525252Fcategory%252525252Fschools%252525252Fielts%252525252Fdirection%252525253Aasc%252525252Fcountry_id%252525253A5%252525252Farea_id%252525253A5052%252525252Fsort%252525253Alowest_fee_per_month%252525253Fsort_type%252525253D%25252525252Fcategory%25252525252Fschools%25252525252Fielts%25252525252Fdirection%25252525253Adesc%25252525252Fcountry_id%25252525253A5%25252525252Farea_id%25252525253A5052,2023-07-13
https://schoolwith.me/category/schools/working_holiday/sort:School.application_cnt/direction:desc?sort_type=/category/schools/working_holiday/sort:lowest_fee_per_month/direction:asc?sort_type%3D%252Fcategory%252Fschools%252Fworking_holiday%252Fdirection%253Adesc%253Fsort_type%253D%25252Fcategory%25252Fschools%25252Fworking_holiday%25252Fsort%25253Alowest_fee_per_month%25252Fdirection%25253Aasc%25253Fsort_type%25253D%2525252Fcategory%2525252Fschools%2525252Fworking_holiday%2525252Fsort%2525253Alowest_fee_per_month%2525252Fdirection%2525253Aasc%2525253Fsort_type%2525253D%252525252Fcategory%252525252Fschools%252525252Fworking_holiday%252525252Fdirection%252525253Adesc%252525253Fsort_type%252525253D%25252525252Fcategory%25252525252Fschools%25252525252Fworking_holiday%25252525252Fsort%25252525253Alowest_fee_per_month%25252525252Fdirection%25252525253Aasc,2023-07-09
https://schoolwith.me/category/schools/univ_going/direction:asc/sort:lowest_fee_per_month?sort_type=/category/schools/univ_going/sort:lowest_fee_per_month/direction:asc?sort_type%3D%252Fcategory%252Fschools%252Funiv_going%252Fdirection%253Adesc%253Fsort_type%253D%25252Fcategory%25252Fschools%25252Funiv_going%25252Fdirection%25253Adesc%25253Fsort_type%25253D%2525252Fcategory%2525252Fschools%2525252Funiv_going%2525252Fdirection%2525253Adesc%2525253Fsort_type%2525253D%252525252Fcategory%252525252Fschools%252525252Funiv_going%252525252Fsort%252525253Alowest_fee_per_month%252525252Fdirection%252525253Aasc,2023-07-09
https://schoolwith.me/category/schools/barista/direction:asc/sort:lowest_fee_per_month?sort_type=/category/schools/barista/direction:desc?sort_type%3D%252Fcategory%252Fschools%252Fbarista%252Fdirection%253Adesc%253Fsort_type%253D%25252Fcategory%25252Fschools%25252Fbarista%25252Fdirection%25253Adesc%25253Fsort_type%25253D%2525252Fcategory%2525252Fschools%2525252Fbarista%2525252Fdirection%2525253Adesc%2525253Fsort_type%2525253D%252525252Fcategory%252525252Fschools%252525252Fbarista%252525252Fdirection%252525253Aasc%252525252Fsort%252525253Alowest_fee_per_month%252525253Fsort_type%252525253D%25252525252Fcategory%25252525252Fschools%25252525252Fbarista%25252525252Fdirection%25252525253Aasc%25252525252Fsort%25252525253Alowest_fee_per_month%25252525253Fsort_type%25252525253D%2525252525252Fcategory%2525252525252Fschools%2525252525252Fbarista%2525252525252Fdirection%2525252525253Aasc%2525252525252Fsort%2525252525253Alowest_fee_per_month%2525252525253Fsort_type%2525252525253D%252525252525252Fcategory%252525252525252Fschools%252525252525252Fbarista%252525252525252Fdirection%252525252525253Adesc%252525252525253Fsort_type%252525252525253D%25252525252525252Fcategory%25252525252525252Fschools%25252525252525252Fbarista%25252525252525252Fdirection%25252525252525253Adesc%25252525252525253Fsort_type%25252525252525253D%2525252525252525252Fcategory%2525252525252525252Fschools%2525252525252525252Fbarista%2525252525252525252Fdirection%2525252525252525253Aasc%2525252525252525252Fsort%2525252525252525253Alowest_fee_per_month,2023-07-09
https://schoolwith.me/category/schools/ielts/direction:asc/sort:lowest_fee_per_month/country_id:1/page:2?sort_type=/category/schools/ielts/direction:asc/country_id:1/sort:lowest_fee_per_month?sort_type%3D%252Fcategory%252Fschools%252Fielts%252Fdirection%253Adesc%252Fcountry_id%253A1%253Fsort_type%253D%25252Fcategory%25252Fschools%25252Fielts%25252Fdirection%25253Aasc%25252Fcountry_id%25253A1%25252Fsort%25253Alowest_fee_per_month%25253Fsort_type%25253D%2525252Fcategory%2525252Fschools%2525252Fielts%2525252Fdirection%2525253Aasc%2525252Fcountry_id%2525253A1%2525252Fsort%2525253Alowest_fee_per_month%2525253Fsort_type%2525253D%252525252Fcategory%252525252Fschools%252525252Fielts%252525252Fdirection%252525253Aasc%252525252Fcountry_id%252525253A1%252525252Fsort%252525253Alowest_fee_per_month%252525253Fsort_type%252525253D%25252525252Fcategory%25252525252Fschools%25252525252Fielts%25252525252Fdirection%25252525253Adesc%25252525252Fcountry_id%25252525253A1%25252525253Fsort_type%25252525253D%2525252525252Fcategory%2525252525252Fschools%2525252525252Fielts%2525252525252Fdirection%2525252525253Aasc%2525252525252Fcountry_id%2525252525253A1%2525252525252Fsort%2525252525253Alowest_fee_per_month%2525252525253Fsort_type%2525252525253D%252525252525252Fcategory%252525252525252Fschools%252525252525252Fielts%252525252525252Fsort%252525252525253Alowest_fee_per_month%252525252525252Fdirection%252525252525253Aasc%252525252525252Fcountry_id%252525252525253A1,2023-07-08
https://schoolwith.me/category/schools/ielts/direction:asc/sort:lowest_fee_per_month/country_id:1/page:2?sort_type=/category/schools/ielts/direction:asc/country_id:1/sort:lowest_fee_per_month?sort_type%3D%252Fcategory%252Fschools%252Fielts%252Fdirection%253Aasc%252Fsort%253Alowest_fee_per_month%252Fcountry_id%253A1%253Fsort_type%253D%25252Fcategory%25252Fschools%25252Fielts%25252Fdirection%25253Adesc%25252Fcountry_id%25253A1%25253Fsort_type%25253D%2525252Fcategory%2525252Fschools%2525252Fielts%2525252Fdirection%2525253Aasc%2525252Fcountry_id%2525253A1%2525252Fsort%2525253Alowest_fee_per_month%2525253Fsort_type%2525253D%252525252Fcategory%252525252Fschools%252525252Fielts%252525252Fdirection%252525253Aasc%252525252Fcountry_id%252525253A1%252525252Fsort%252525253Alowest_fee_per_month%252525253Fsort_type%252525253D%25252525252Fcategory%25252525252Fschools%25252525252Fielts%25252525252Fdirection%25252525253Adesc%25252525252Fcountry_id%25252525253A1%25252525253Fsort_type%25252525253D%2525252525252Fcategory%2525252525252Fschools%2525252525252Fielts%2525252525252Fdirection%2525252525253Aasc%2525252525252Fcountry_id%2525252525253A1%2525252525252Fsort%2525252525253Alowest_fee_per_month%2525252525253Fsort_type%2525252525253D%252525252525252Fcategory%252525252525252Fschools%252525252525252Fielts%252525252525252Fsort%252525252525253Alowest_fee_per_month%252525252525252Fdirection%252525252525253Aasc%252525252525252Fcountry_id%252525252525253A1,2023-07-08
https://schoolwith.me/category/schools/ielts/country_id:4/area_id:4004/sort:lowest_fee_per_month/direction:asc?sort_type=/category/schools/ielts/sort:lowest_fee_per_month/direction:asc/country_id:4/area_id:4004?sort_type%3D%252Fcategory%252Fschools%252Fielts%252Fcountry_id%253A4%252Farea_id%253A4004%252Fsort%253Alowest_fee_per_month%252Fdirection%253Aasc,2023-07-08
https://schoolwith.me/category/schools/business/direction:DESC/country_id:2/page:2/sort:School.application_cnt?sort_type=/category/schools/business/direction:asc/country_id:2/sort:lowest_fee_per_month?sort_type%3D%252Fcategory%252Fschools%252Fbusiness%252Fdirection%253Adesc%252Fcountry_id%253A2%253Fsort_type%253D%25252Fcategory%25252Fschools%25252Fbusiness%25252Fcountry_id%25253A2%25252Fsort%25253Alowest_fee_per_month%25252Fdirection%25253Aasc,2023-07-08
https://schoolwith.me/category/schools/ielts/country_id:4/area_id:4004/sort:lowest_fee_per_month/direction:asc?sort_type=/category/schools/ielts/country_id:4/area_id:4004/sort:lowest_fee_per_month/direction:asc?sort_type%3D%252Fcategory%252Fschools%252Fielts%252Fcountry_id%253A4%252Farea_id%253A4004%252Fdirection%253Adesc%253Fsort_type%253D%25252Fcategory%25252Fschools%25252Fielts%25252Fcountry_id%25253A4%25252Farea_id%25253A4004%25252Fdirection%25253Adesc%25253Fsort_type%25253D%2525252Fcategory%2525252Fschools%2525252Fielts%2525252Fcountry_id%2525253A4%2525252Farea_id%2525253A4004%2525252Fdirection%2525253Adesc,2023-07-08
https://schoolwith.me/category/schools/ielts/direction:asc/sort:lowest_fee_per_month/country_id:1/page:2?sort_type=/category/schools/ielts/direction:asc/country_id:1/sort:lowest_fee_per_month?sort_type%3D%252Fcategory%252Fschools%252Fielts%252Fdirection%253Adesc%252Fcountry_id%253A1%253Fsort_type%253D%25252Fcategory%25252Fschools%25252Fielts%25252Fdirection%25253Adesc%25252Fcountry_id%25253A1%25253Fsort_type%25253D%2525252Fcategory%2525252Fschools%2525252Fielts%2525252Fdirection%2525253Aasc%2525252Fsort%2525253Alowest_fee_per_month%2525252Fcountry_id%2525253A1%2525253Fsort_type%2525253D%252525252Fcategory%252525252Fschools%252525252Fielts%252525252Fdirection%252525253Adesc%252525252Fcountry_id%252525253A1%252525253Fsort_type%252525253D%25252525252Fcategory%25252525252Fschools%25252525252Fielts%25252525252Fdirection%25252525253Aasc%25252525252Fcountry_id%25252525253A1%25252525252Fsort%25252525253Alowest_fee_per_month%25252525253Fsort_type%25252525253D%2525252525252Fcategory%2525252525252Fschools%2525252525252Fielts%2525252525252Fdirection%2525252525253Adesc%2525252525252Fcountry_id%2525252525253A1%2525252525253Fsort_type%2525252525253D%252525252525252Fcategory%252525252525252Fschools%252525252525252Fielts%252525252525252Fdirection%252525252525253Aasc%252525252525252Fcountry_id%252525252525253A1%252525252525252Fsort%252525252525253Alowest_fee_per_month%252525252525253Fsort_type%252525252525253D%25252525252525252Fcategory%25252525252525252Fschools%25252525252525252Fielts%25252525252525252Fdirection%25252525252525253Aasc%25252525252525252Fcountry_id%25252525252525253A1%25252525252525252Fsort%25252525252525253Alowest_fee_per_month%25252525252525253Fsort_type%25252525252525253D%2525252525252525252Fcategory%2525252525252525252Fschools%2525252525252525252Fielts%2525252525252525252Fsort%2525252525252525253Alowest_fee_per_month%2525252525252525252Fdirection%2525252525252525253Aasc%2525252525252525252Fcountry_id%2525252525252525253A1,2023-07-08
https://schoolwith.me/category/schools/ielts/direction:asc/sort:lowest_fee_per_month/country_id:1/page:2?sort_type=/category/schools/ielts/direction:asc/country_id:1/sort:lowest_fee_per_month?sort_type%3D%252Fcategory%252Fschools%252Fielts%252Fdirection%253Aasc%252Fcountry_id%253A1%252Fsort%253Alowest_fee_per_month%253Fsort_type%253D%25252Fcategory%25252Fschools%25252Fielts%25252Fdirection%25253Adesc%25252Fcountry_id%25253A1%25253Fsort_type%25253D%2525252Fcategory%2525252Fschools%2525252Fielts%2525252Fdirection%2525253Aasc%2525252Fcountry_id%2525253A1%2525252Fsort%2525253Alowest_fee_per_month%2525253Fsort_type%2525253D%252525252Fcategory%252525252Fschools%252525252Fielts%252525252Fdirection%252525253Aasc%252525252Fcountry_id%252525253A1%252525252Fsort%252525253Alowest_fee_per_month%252525253Fsort_type%252525253D%25252525252Fcategory%25252525252Fschools%25252525252Fielts%25252525252Fdirection%25252525253Aasc%25252525252Fcountry_id%25252525253A1%25252525252Fsort%25252525253Alowest_fee_per_month%25252525253Fsort_type%25252525253D%2525252525252Fcategory%2525252525252Fschools%2525252525252Fielts%2525252525252Fdirection%2525252525253Adesc%2525252525252Fcountry_id%2525252525253A1%2525252525253Fsort_type%2525252525253D%252525252525252Fcategory%252525252525252Fschools%252525252525252Fielts%252525252525252Fdirection%252525252525253Aasc%252525252525252Fcountry_id%252525252525253A1%252525252525252Fsort%252525252525253Alowest_fee_per_month%252525252525253Fsort_type%252525252525253D%25252525252525252Fcategory%25252525252525252Fschools%25252525252525252Fielts%25252525252525252Fsort%25252525252525253Alowest_fee_per_month%25252525252525252Fdirection%25252525252525253Aasc%25252525252525252Fcountry_id%25252525252525253A1,2023-07-08
https://schoolwith.me/category/schools/ielts/direction:asc/sort:lowest_fee_per_month/country_id:1/page:2?sort_type=/category/schools/ielts/direction:desc/country_id:1?sort_type%3D%252Fcategory%252Fschools%252Fielts%252Fdirection%253Adesc%252Fcountry_id%253A1%253Fsort_type%253D%25252Fcategory%25252Fschools%25252Fielts%25252Fdirection%25253Aasc%25252Fsort%25253Alowest_fee_per_month%25252Fcountry_id%25253A1%25253Fsort_type%25253D%2525252Fcategory%2525252Fschools%2525252Fielts%2525252Fdirection%2525253Adesc%2525252Fcountry_id%2525253A1%2525253Fsort_type%2525253D%252525252Fcategory%252525252Fschools%252525252Fielts%252525252Fdirection%252525253Aasc%252525252Fcountry_id%252525253A1%252525252Fsort%252525253Alowest_fee_per_month%252525253Fsort_type%252525253D%25252525252Fcategory%25252525252Fschools%25252525252Fielts%25252525252Fdirection%25252525253Aasc%25252525252Fcountry_id%25252525253A1%25252525252Fsort%25252525253Alowest_fee_per_month%25252525253Fsort_type%25252525253D%2525252525252Fcategory%2525252525252Fschools%2525252525252Fielts%2525252525252Fdirection%2525252525253Adesc%2525252525252Fcountry_id%2525252525253A1%2525252525253Fsort_type%2525252525253D%252525252525252Fcategory%252525252525252Fschools%252525252525252Fielts%252525252525252Fdirection%252525252525253Aasc%252525252525252Fcountry_id%252525252525253A1%252525252525252Fsort%252525252525253Alowest_fee_per_month%252525252525253Fsort_type%252525252525253D%25252525252525252Fcategory%25252525252525252Fschools%25252525252525252Fielts%25252525252525252Fsort%25252525252525253Alowest_fee_per_month%25252525252525252Fdirection%25252525252525253Aasc%25252525252525252Fcountry_id%25252525252525253A1,2023-07-08
https://schoolwith.me/category/schools/ielts/direction:desc/country_id:3/area_id:3001?sort_type=/category/schools/ielts/direction:desc/country_id:3/area_id:3001?sort_type%3D%252Fcategory%252Fschools%252Fielts%252Fdirection%253Aasc%252Fcountry_id%253A3%252Farea_id%253A3001%252Fsort%253Alowest_fee_per_month%253Fsort_type%253D%25252Fcategory%25252Fschools%25252Fielts%25252Fdirection%25253Aasc%25252Fcountry_id%25253A3%25252Farea_id%25253A3001%25252Fsort%25253Alowest_fee_per_month%25253Fsort_type%25253D%2525252Fcategory%2525252Fschools%2525252Fielts%2525252Fdirection%2525253Adesc%2525252Fcountry_id%2525253A3%2525252Farea_id%2525253A3001%2525253Fsort_type%2525253D%252525252Fcategory%252525252Fschools%252525252Fielts%252525252Fdirection%252525253Aasc%252525252Fcountry_id%252525253A3%252525252Farea_id%252525253A3001%252525252Fsort%252525253Alowest_fee_per_month%252525253Fsort_type%252525253D%25252525252Fcategory%25252525252Fschools%25252525252Fielts%25252525252Fdirection%25252525253Aasc%25252525252Fsort%25252525253Alowest_fee_per_month%25252525252Fcountry_id%25252525253A3%25252525252Farea_id%25252525253A3001,2023-07-08
https://schoolwith.me/category/schools/ielts/direction:asc/sort:lowest_fee_per_month/country_id:1/page:2?sort_type=/category/schools/ielts/direction:desc/country_id:1?sort_type%3D%252Fcategory%252Fschools%252Fielts%252Fdirection%253Aasc%252Fcountry_id%253A1%252Fsort%253Alowest_fee_per_month%253Fsort_type%253D%25252Fcategory%25252Fschools%25252Fielts%25252Fdirection%25253Aasc%25252Fsort%25253Alowest_fee_per_month%25252Fcountry_id%25253A1%25253Fsort_type%25253D%2525252Fcategory%2525252Fschools%2525252Fielts%2525252Fdirection%2525253Adesc%2525252Fcountry_id%2525253A1%2525253Fsort_type%2525253D%252525252Fcategory%252525252Fschools%252525252Fielts%252525252Fdirection%252525253Aasc%252525252Fcountry_id%252525253A1%252525252Fsort%252525253Alowest_fee_per_month%252525253Fsort_type%252525253D%25252525252Fcategory%25252525252Fschools%25252525252Fielts%25252525252Fdirection%25252525253Adesc%25252525252Fcountry_id%25252525253A1%25252525253Fsort_type%25252525253D%2525252525252Fcategory%2525252525252Fschools%2525252525252Fielts%2525252525252Fdirection%2525252525253Aasc%2525252525252Fcountry_id%2525252525253A1%2525252525252Fsort%2525252525253Alowest_fee_per_month%2525252525253Fsort_type%2525252525253D%252525252525252Fcategory%252525252525252Fschools%252525252525252Fielts%252525252525252Fdirection%252525252525253Aasc%252525252525252Fcountry_id%252525252525253A1%252525252525252Fsort%252525252525253Alowest_fee_per_month%252525252525253Fsort_type%252525252525253D%25252525252525252Fcategory%25252525252525252Fschools%25252525252525252Fielts%25252525252525252Fsort%25252525252525253Alowest_fee_per_month%25252525252525252Fdirection%25252525252525253Aasc%25252525252525252Fcountry_id%25252525252525253A1,2023-07-08
https://schoolwith.me/category/schools/ielts/direction:asc/sort:lowest_fee_per_month/country_id:1/page:2?sort_type=/category/schools/ielts/direction:desc/country_id:1?sort_type%3D%252Fcategory%252Fschools%252Fielts%252Fdirection%253Aasc%252Fcountry_id%253A1%252Fsort%253Alowest_fee_per_month%253Fsort_type%253D%25252Fcategory%25252Fschools%25252Fielts%25252Fdirection%25253Aasc%25252Fcountry_id%25253A1%25252Fsort%25253Alowest_fee_per_month%25253Fsort_type%25253D%2525252Fcategory%2525252Fschools%2525252Fielts%2525252Fdirection%2525253Adesc%2525252Fcountry_id%2525253A1%2525253Fsort_type%2525253D%252525252Fcategory%252525252Fschools%252525252Fielts%252525252Fdirection%252525253Aasc%252525252Fcountry_id%252525253A1%252525252Fsort%252525253Alowest_fee_per_month%252525253Fsort_type%252525253D%25252525252Fcategory%25252525252Fschools%25252525252Fielts%25252525252Fdirection%25252525253Adesc%25252525252Fcountry_id%25252525253A1%25252525253Fsort_type%25252525253D%2525252525252Fcategory%2525252525252Fschools%2525252525252Fielts%2525252525252Fdirection%2525252525253Aasc%2525252525252Fcountry_id%2525252525253A1%2525252525252Fsort%2525252525253Alowest_fee_per_month%2525252525253Fsort_type%2525252525253D%252525252525252Fcategory%252525252525252Fschools%252525252525252Fielts%252525252525252Fdirection%252525252525253Aasc%252525252525252Fcountry_id%252525252525253A1%252525252525252Fsort%252525252525253Alowest_fee_per_month%252525252525253Fsort_type%252525252525253D%25252525252525252Fcategory%25252525252525252Fschools%25252525252525252Fielts%25252525252525252Fsort%25252525252525253Alowest_fee_per_month%25252525252525252Fdirection%25252525252525253Aasc%25252525252525252Fcountry_id%25252525252525253A1,2023-07-08
https://schoolwith.me/category/schools/cambridge/direction:asc/sort:lowest_fee_per_month/country_id:4?sort_type=/category/schools/cambridge/direction:asc/sort:lowest_fee_per_month/country_id:4?sort_type%3D%252Fcategory%252Fschools%252Fcambridge%252Fdirection%253Aasc%252Fcountry_id%253A4%252Fsort%253Alowest_fee_per_month%253Fsort_type%253D%25252Fcategory%25252Fschools%25252Fcambridge%25252Fdirection%25253Aasc%25252Fcountry_id%25253A4%25252Fsort%25253Alowest_fee_per_month%25253Fsort_type%25253D%2525252Fcategory%2525252Fschools%2525252Fcambridge%2525252Fdirection%2525253Adesc%2525252Fcountry_id%2525253A4%2525253Fsort_type%2525253D%252525252Fcategory%252525252Fschools%252525252Fcambridge%252525252Fdirection%252525253Adesc%252525252Fcountry_id%252525253A4%252525253Fsort_type%252525253D%25252525252Fcategory%25252525252Fschools%25252525252Fcambridge%25252525252Fdirection%25252525253Aasc%25252525252Fcountry_id%25252525253A4%25252525252Fsort%25252525253Alowest_fee_per_month%25252525253Fsort_type%25252525253D%2525252525252Fcategory%2525252525252Fschools%2525252525252Fcambridge%2525252525252Fdirection%2525252525253Adesc%2525252525252Fcountry_id%2525252525253A4%2525252525253Fsort_type%2525252525253D%252525252525252Fcategory%252525252525252Fschools%252525252525252Fcambridge%252525252525252Fdirection%252525252525253Adesc%252525252525252Fcountry_id%252525252525253A4%252525252525253Fsort_type%252525252525253D%25252525252525252Fcategory%25252525252525252Fschools%25252525252525252Fcambridge%25252525252525252Fdirection%25252525252525253Adesc%25252525252525252Fcountry_id%25252525252525253A4%25252525252525253Fsort_type%25252525252525253D%2525252525252525252Fcategory%2525252525252525252Fschools%2525252525252525252Fcambridge%2525252525252525252Fdirection%2525252525252525253Adesc%2525252525252525252Fcountry_id%2525252525252525253A4,2023-07-08
https://schoolwith.me/category/schools/business/direction:desc/country_id:5/area_id:5014?sort_type=/category/schools/business/sort:lowest_fee_per_month/direction:asc/country_id:5/area_id:5014?sort_type%3D%252Fcategory%252Fschools%252Fbusiness%252Fcountry_id%253A5%252Farea_id%253A5014%252Fdirection%253Adesc%253Fsort_type%253D%25252Fcategory%25252Fschools%25252Fbusiness%25252Fcountry_id%25253A5%25252Farea_id%25253A5014%25252Fdirection%25253Adesc%25253Fsort_type%25253D%2525252Fcategory%2525252Fschools%2525252Fbusiness%2525252Fcountry_id%2525253A5%2525252Farea_id%2525253A5014%2525252Fsort%2525253Alowest_fee_per_month%2525252Fdirection%2525253Aasc%2525253Fsort_type%2525253D%252525252Fcategory%252525252Fschools%252525252Fbusiness%252525252Fcountry_id%252525253A5%252525252Farea_id%252525253A5014%252525252Fsort%252525253Alowest_fee_per_month%252525252Fdirection%252525253Aasc,2023-07-08
https://schoolwith.me/category/schools/on_campus/direction:desc/country_id:2?sort_type=/category/schools/on_campus/direction:desc/country_id:2?sort_type%3D%252Fcategory%252Fschools%252Fon_campus%252Fdirection%253Adesc%252Fcountry_id%253A2%253Fsort_type%253D%25252Fcategory%25252Fschools%25252Fon_campus%25252Fdirection%25253Adesc%25252Fcountry_id%25253A2%25253Fsort_type%25253D%2525252Fcategory%2525252Fschools%2525252Fon_campus%2525252Fdirection%2525253Adesc%2525252Fcountry_id%2525253A2,2023-07-08
https://schoolwith.me/category/schools/on_campus/direction:desc/country_id:2?sort_type=/category/schools/on_campus/direction:asc/country_id:2/sort:lowest_fee_per_month?sort_type%3D%252Fcategory%252Fschools%252Fon_campus%252Fdirection%253Aasc%252Fsort%253Alowest_fee_per_month%252Fcountry_id%253A2,2023-07-08
https://schoolwith.me/category/schools/on_campus/direction:desc/country_id:2?sort_type=/category/schools/on_campus/direction:asc/country_id:2/sort:lowest_fee_per_month?sort_type%3D%252Fcategory%252Fschools%252Fon_campus%252Fdirection%253Adesc%252Fcountry_id%253A2,2023-07-08
https://schoolwith.me/category/schools/business/direction:desc/country_id:6?sort_type=/category/schools/business/direction:desc/country_id:6?sort_type%3D%252Fcategory%252Fschools%252Fbusiness%252Fdirection%253Aasc%252Fcountry_id%253A6%252Fsort%253Alowest_fee_per_month%253Fsort_type%253D%25252Fcategory%25252Fschools%25252Fbusiness%25252Fdirection%25253Aasc%25252Fcountry_id%25253A6%25252Fsort%25253Alowest_fee_per_month%25253Fsort_type%25253D%2525252Fcategory%2525252Fschools%2525252Fbusiness%2525252Fdirection%2525253Adesc%2525252Fcountry_id%2525253A6,2023-07-08
https://schoolwith.me/category/schools/ielts/direction:desc/country_id:3/area_id:3001?sort_type=/category/schools/ielts/direction:asc/country_id:3/area_id:3001/sort:lowest_fee_per_month?sort_type%3D%252Fcategory%252Fschools%252Fielts%252Fdirection%253Adesc%252Fcountry_id%253A3%252Farea_id%253A3001%253Fsort_type%253D%25252Fcategory%25252Fschools%25252Fielts%25252Fdirection%25253Aasc%25252Fcountry_id%25253A3%25252Farea_id%25253A3001%25252Fsort%25253Alowest_fee_per_month%25253Fsort_type%25253D%2525252Fcategory%2525252Fschools%2525252Fielts%2525252Fdirection%2525253Adesc%2525252Fcountry_id%2525253A3%2525252Farea_id%2525253A3001%2525253Fsort_type%2525253D%252525252Fcategory%252525252Fschools%252525252Fielts%252525252Fdirection%252525253Aasc%252525252Fcountry_id%252525253A3%252525252Farea_id%252525253A3001%252525252Fsort%252525253Alowest_fee_per_month%252525253Fsort_type%252525253D%25252525252Fcategory%25252525252Fschools%25252525252Fielts%25252525252Fdirection%25252525253Aasc%25252525252Fsort%25252525253Alowest_fee_per_month%25252525252Fcountry_id%25252525253A3%25252525252Farea_id%25252525253A3001,2023-07-08
https://schoolwith.me/category/schools/ielts/direction:asc/sort:lowest_fee_per_month/country_id:1/page:2?sort_type=/category/schools/ielts/direction:desc/country_id:1?sort_type%3D%252Fcategory%252Fschools%252Fielts%252Fdirection%253Aasc%252Fsort%253Alowest_fee_per_month%252Fcountry_id%253A1%253Fsort_type%253D%25252Fcategory%25252Fschools%25252Fielts%25252Fdirection%25253Adesc%25252Fcountry_id%25253A1%25253Fsort_type%25253D%2525252Fcategory%2525252Fschools%2525252Fielts%2525252Fdirection%2525253Aasc%2525252Fcountry_id%2525253A1%2525252Fsort%2525253Alowest_fee_per_month%2525253Fsort_type%2525253D%252525252Fcategory%252525252Fschools%252525252Fielts%252525252Fdirection%252525253Aasc%252525252Fcountry_id%252525253A1%252525252Fsort%252525253Alowest_fee_per_month%252525253Fsort_type%252525253D%25252525252Fcategory%25252525252Fschools%25252525252Fielts%25252525252Fdirection%25252525253Adesc%25252525252Fcountry_id%25252525253A1%25252525253Fsort_type%25252525253D%2525252525252Fcategory%2525252525252Fschools%2525252525252Fielts%2525252525252Fdirection%2525252525253Aasc%2525252525252Fcountry_id%2525252525253A1%2525252525252Fsort%2525252525253Alowest_fee_per_month%2525252525253Fsort_type%2525252525253D%252525252525252Fcategory%252525252525252Fschools%252525252525252Fielts%252525252525252Fsort%252525252525253Alowest_fee_per_month%252525252525252Fdirection%252525252525253Aasc%252525252525252Fcountry_id%252525252525253A1,2023-07-08
https://schoolwith.me/category/schools/ielts/direction:desc/country_id:3/area_id:3001?sort_type=/category/schools/ielts/direction:asc/country_id:3/area_id:3001/sort:lowest_fee_per_month?sort_type%3D%252Fcategory%252Fschools%252Fielts%252Fdirection%253Aasc%252Fcountry_id%253A3%252Farea_id%253A3001%252Fsort%253Alowest_fee_per_month%253Fsort_type%253D%25252Fcategory%25252Fschools%25252Fielts%25252Fdirection%25253Adesc%25252Fcountry_id%25253A3%25252Farea_id%25253A3001%25253Fsort_type%25253D%2525252Fcategory%2525252Fschools%2525252Fielts%2525252Fdirection%2525253Aasc%2525252Fcountry_id%2525253A3%2525252Farea_id%2525253A3001%2525252Fsort%2525253Alowest_fee_per_month%2525253Fsort_type%2525253D%252525252Fcategory%252525252Fschools%252525252Fielts%252525252Fdirection%252525253Aasc%252525252Fsort%252525253Alowest_fee_per_month%252525252Fcountry_id%252525253A3%252525252Farea_id%252525253A3001,2023-07-08
https://schoolwith.me/category/schools/ielts/direction:desc/country_id:3/area_id:3001?sort_type=/category/schools/ielts/direction:desc/country_id:3/area_id:3001?sort_type%3D%252Fcategory%252Fschools%252Fielts%252Fdirection%253Aasc%252Fcountry_id%253A3%252Farea_id%253A3001%252Fsort%253Alowest_fee_per_month%253Fsort_type%253D%25252Fcategory%25252Fschools%25252Fielts%25252Fdirection%25253Adesc%25252Fcountry_id%25253A3%25252Farea_id%25253A3001%25253Fsort_type%25253D%2525252Fcategory%2525252Fschools%2525252Fielts%2525252Fdirection%2525253Aasc%2525252Fcountry_id%2525253A3%2525252Farea_id%2525253A3001%2525252Fsort%2525253Alowest_fee_per_month%2525253Fsort_type%2525253D%252525252Fcategory%252525252Fschools%252525252Fielts%252525252Fdirection%252525253Aasc%252525252Fsort%252525253Alowest_fee_per_month%252525252Fcountry_id%252525253A3%252525252Farea_id%252525253A3001,2023-07-08
https://schoolwith.me/category/schools/non_japanese/direction:asc/country_id:1/sort:lowest_fee_per_month?sort_type=/category/schools/non_japanese/direction:desc/country_id:1?sort_type%3D%252Fcategory%252Fschools%252Fnon_japanese%252Fdirection%253Adesc%252Fcountry_id%253A1%253Fsort_type%253D%25252Fcategory%25252Fschools%25252Fnon_japanese%25252Fdirection%25253Aasc%25252Fcountry_id%25253A1%25252Fsort%25253Alowest_fee_per_month%25253Fsort_type%25253D%2525252Fcategory%2525252Fschools%2525252Fnon_japanese%2525252Fdirection%2525253Adesc%2525252Fcountry_id%2525253A1%2525253Fsort_type%2525253D%252525252Fcategory%252525252Fschools%252525252Fnon_japanese%252525252Fcountry_id%252525253A1%252525252Fsort%252525253Alowest_fee_per_month%252525252Fdirection%252525253Aasc%252525253Fsort_type%252525253D%25252525252Fcategory%25252525252Fschools%25252525252Fnon_japanese%25252525252Fcountry_id%25252525253A1%25252525252Fdirection%25252525253Adesc%25252525253Fsort_type%25252525253D%2525252525252Fcategory%2525252525252Fschools%2525252525252Fnon_japanese%2525252525252Fcountry_id%2525252525253A1%2525252525252Fdirection%2525252525253Adesc%2525252525253Fsort_type%2525252525253D%252525252525252Fcategory%252525252525252Fschools%252525252525252Fnon_japanese%252525252525252Fcountry_id%252525252525253A1%252525252525252Fdirection%252525252525253Adesc,2023-07-08
https://schoolwith.me/category/schools/gmat/direction:asc/sort:lowest_fee_per_month?sort_type=/category/schools/gmat/direction:desc?sort_type%3D%252Fcategory%252Fschools%252Fgmat%252Fdirection%253Adesc,2023-07-08
https://schoolwith.me/category/schools/toefl/direction:desc/country_id:6?sort_type=/category/schools/toefl/direction:desc/country_id:6?sort_type%3D%252Fcategory%252Fschools%252Ftoefl%252Fdirection%253Aasc%252Fcountry_id%253A6%252Fsort%253Alowest_fee_per_month%253Fsort_type%253D%25252Fcategory%25252Fschools%25252Ftoefl%25252Fdirection%25253Adesc%25252Fcountry_id%25253A6%25253Fsort_type%25253D%2525252Fcategory%2525252Fschools%2525252Ftoefl%2525252Fdirection%2525253Adesc%2525252Fcountry_id%2525253A6%2525253Fsort_type%2525253D%252525252Fcategory%252525252Fschools%252525252Ftoefl%252525252Fcountry_id%252525253A6%252525252Fsort%252525253Alowest_fee_per_month%252525252Fdirection%252525253Aasc,2023-07-08
https://schoolwith.me/category/schools/japanese_management/direction:asc/sort:lowest_fee_per_month?sort_type=/category/schools/japanese_management/direction:asc/sort:lowest_fee_per_month?sort_type%3D%252Fcategory%252Fschools%252Fjapanese_management%252Fdirection%253Adesc%253Fsort_type%253D%25252Fcategory%25252Fschools%25252Fjapanese_management%25252Fdirection%25253Aasc%25252Fsort%25253Alowest_fee_per_month%25253Fsort_type%25253D%2525252Fcategory%2525252Fschools%2525252Fjapanese_management%2525252Fdirection%2525253Aasc%2525252Fsort%2525253Alowest_fee_per_month%2525253Fsort_type%2525253D%252525252Fcategory%252525252Fschools%252525252Fjapanese_management%252525252Fsort%252525253Alowest_fee_per_month%252525252Fdirection%252525253Aasc%252525253Fsort_type%252525253D%25252525252Fcategory%25252525252Fschools%25252525252Fjapanese_management%25252525252Fdirection%25252525253Adesc,2023-07-08
https://schoolwith.me/category/schools/on_campus/direction:desc/country_id:2?sort_type=/category/schools/on_campus/direction:desc/country_id:2?sort_type%3D%252Fcategory%252Fschools%252Fon_campus%252Fdirection%253Adesc%252Fcountry_id%253A2%253Fsort_type%253D%25252Fcategory%25252Fschools%25252Fon_campus%25252Fdirection%25253Aasc%25252Fcountry_id%25253A2%25252Fsort%25253Alowest_fee_per_month%25253Fsort_type%25253D%2525252Fcategory%2525252Fschools%2525252Fon_campus%2525252Fdirection%2525253Adesc%2525252Fcountry_id%2525253A2,2023-07-08
https://schoolwith.me/category/schools/on_campus/direction:desc/country_id:2?sort_type=/category/schools/on_campus/direction:asc/country_id:2/sort:lowest_fee_per_month?sort_type%3D%252Fcategory%252Fschools%252Fon_campus%252Fdirection%253Adesc%252Fcountry_id%253A2%253Fsort_type%253D%25252Fcategory%25252Fschools%25252Fon_campus%25252Fdirection%25253Aasc%25252Fcountry_id%25253A2%25252Fsort%25253Alowest_fee_per_month%25253Fsort_type%25253D%2525252Fcategory%2525252Fschools%2525252Fon_campus%2525252Fdirection%2525253Adesc%2525252Fcountry_id%2525253A2,2023-07-08
https://schoolwith.me/category/schools/toefl/direction:desc/country_id:6?sort_type=/category/schools/toefl/direction:asc/country_id:6/sort:lowest_fee_per_month?sort_type%3D%252Fcategory%252Fschools%252Ftoefl%252Fdirection%253Aasc%252Fcountry_id%253A6%252Fsort%253Alowest_fee_per_month%253Fsort_type%253D%25252Fcategory%25252Fschools%25252Ftoefl%25252Fdirection%25253Aasc%25252Fcountry_id%25253A6%25252Fsort%25253Alowest_fee_per_month%25253Fsort_type%25253D%2525252Fcategory%2525252Fschools%2525252Ftoefl%2525252Fdirection%2525253Adesc%2525252Fcountry_id%2525253A6%2525253Fsort_type%2525253D%252525252Fcategory%252525252Fschools%252525252Ftoefl%252525252Fcountry_id%252525253A6%252525252Fsort%252525253Alowest_fee_per_month%252525252Fdirection%252525253Aasc,2023-07-08
https://schoolwith.me/category/schools/toefl/direction:desc/country_id:6?sort_type=/category/schools/toefl/direction:asc/country_id:6/sort:lowest_fee_per_month?sort_type%3D%252Fcategory%252Fschools%252Ftoefl%252Fdirection%253Aasc%252Fcountry_id%253A6%252Fsort%253Alowest_fee_per_month%253Fsort_type%253D%25252Fcategory%25252Fschools%25252Ftoefl%25252Fdirection%25253Adesc%25252Fcountry_id%25253A6%25253Fsort_type%25253D%2525252Fcategory%2525252Fschools%2525252Ftoefl%2525252Fdirection%2525253Adesc%2525252Fcountry_id%2525253A6%2525253Fsort_type%2525253D%252525252Fcategory%252525252Fschools%252525252Ftoefl%252525252Fcountry_id%252525253A6%252525252Fsort%252525253Alowest_fee_per_month%252525252Fdirection%252525253Aasc,2023-07-08
https://schoolwith.me/category/schools/gmat/sort:lowest_fee_per_month/direction:asc?sort_type=/category/schools/gmat/direction:desc?sort_type%3D%252Fcategory%252Fschools%252Fgmat%252Fsort%253Alowest_fee_per_month%252Fdirection%253Aasc,2023-07-08
https://schoolwith.me/category/schools/ielts/direction:desc/country_id:6?sort_type=/category/schools/ielts/direction:desc/country_id:6?sort_type%3D%252Fcategory%252Fschools%252Fielts%252Fsort%253Alowest_fee_per_month%252Fdirection%253Aasc%252Fcountry_id%253A6%253Fsort_type%253D%25252Fcategory%25252Fschools%25252Fielts%25252Fcountry_id%25253A6%25252Fdirection%25253Adesc%25253Fsort_type%25253D%2525252Fcategory%2525252Fschools%2525252Fielts%2525252Fcountry_id%2525253A6%2525252Fdirection%2525253Adesc%2525253Fsort_type%2525253D%252525252Fcategory%252525252Fschools%252525252Fielts%252525252Fcountry_id%252525253A6%252525252Fdirection%252525253Adesc%252525253Fsort_type%252525253D%25252525252Fcategory%25252525252Fschools%25252525252Fielts%25252525252Fcountry_id%25252525253A6%25252525252Fsort%25252525253Alowest_fee_per_month%25252525252Fdirection%25252525253Aasc%25252525253Fsort_type%25252525253D%2525252525252Fcategory%2525252525252Fschools%2525252525252Fielts%2525252525252Fcountry_id%2525252525253A6%2525252525252Fsort%2525252525253Alowest_fee_per_month%2525252525252Fdirection%2525252525253Aasc%2525252525253Fsort_type%2525252525253D%252525252525252Fcategory%252525252525252Fschools%252525252525252Fielts%252525252525252Fcountry_id%252525252525253A6%252525252525252Fsort%252525252525253Alowest_fee_per_month%252525252525252Fdirection%252525252525253Aasc,2023-07-08
https://schoolwith.me/category/schools/univ_going/direction:desc?sort_type=/category/schools/univ_going/direction:desc?sort_type%3D%252Fcategory%252Fschools%252Funiv_going%252Fdirection%253Adesc%253Fsort_type%253D%25252Fcategory%25252Fschools%25252Funiv_going%25252Fdirection%25253Adesc%25253Fsort_type%25253D%2525252Fcategory%2525252Fschools%2525252Funiv_going%2525252Fdirection%2525253Aasc%2525252Fsort%2525253Alowest_fee_per_month%2525253Fsort_type%2525253D%252525252Fcategory%252525252Fschools%252525252Funiv_going%252525252Fdirection%252525253Adesc,2023-07-08
https://schoolwith.me/category/schools/toefl/direction:desc/country_id:6?sort_type=/category/schools/toefl/direction:asc/country_id:6/sort:lowest_fee_per_month?sort_type%3D%252Fcategory%252Fschools%252Ftoefl%252Fdirection%253Adesc%252Fcountry_id%253A6%253Fsort_type%253D%25252Fcategory%25252Fschools%25252Ftoefl%25252Fdirection%25253Adesc%25252Fcountry_id%25253A6%25253Fsort_type%25253D%2525252Fcategory%2525252Fschools%2525252Ftoefl%2525252Fdirection%2525253Aasc%2525252Fcountry_id%2525253A6%2525252Fsort%2525253Alowest_fee_per_month%2525253Fsort_type%2525253D%252525252Fcategory%252525252Fschools%252525252Ftoefl%252525252Fcountry_id%252525253A6%252525252Fsort%252525253Alowest_fee_per_month%252525252Fdirection%252525253Aasc,2023-07-08
https://schoolwith.me/category/schools/short_term/direction:desc/country_id:5/area_id:5004?sort_type=/category/schools/short_term/direction:desc/country_id:5/area_id:5004?sort_type%3D%252Fcategory%252Fschools%252Fshort_term%252Fdirection%253Aasc%252Fcountry_id%253A5%252Farea_id%253A5004%252Fsort%253Alowest_fee_per_month%253Fsort_type%253D%25252Fcategory%25252Fschools%25252Fshort_term%25252Fsort%25253Alowest_fee_per_month%25252Fdirection%25253Aasc%25252Fcountry_id%25253A5%25252Farea_id%25253A5004%25253Fsort_type%25253D%2525252Fcategory%2525252Fschools%2525252Fshort_term%2525252Fdirection%2525253Adesc%2525252Fcountry_id%2525253A5%2525252Farea_id%2525253A5004,2023-07-08
https://schoolwith.me/category/schools/gre/sort:lowest_fee_per_month/direction:asc?sort_type=/category/schools/gre/direction:desc?sort_type%3D%252Fcategory%252Fschools%252Fgre%252Fsort%253Alowest_fee_per_month%252Fdirection%253Aasc%253Fsort_type%253D%25252Fcategory%25252Fschools%25252Fgre%25252Fsort%25253Alowest_fee_per_month%25252Fdirection%25253Aasc%25253Fsort_type%25253D%2525252Fcategory%2525252Fschools%2525252Fgre%2525252Fdirection%2525253Adesc%2525253Fsort_type%2525253D%252525252Fcategory%252525252Fschools%252525252Fgre%252525252Fsort%252525253Alowest_fee_per_month%252525252Fdirection%252525253Aasc%252525253Fsort_type%252525253D%25252525252Fcategory%25252525252Fschools%25252525252Fgre%25252525252Fsort%25252525253Alowest_fee_per_month%25252525252Fdirection%25252525253Aasc,2023-07-08
https://schoolwith.me/category/schools/non_japanese/direction:asc/country_id:1/sort:lowest_fee_per_month?sort_type=/category/schools/non_japanese/direction:desc/country_id:1?sort_type%3D%252Fcategory%252Fschools%252Fnon_japanese%252Fdirection%253Adesc%252Fcountry_id%253A1%253Fsort_type%253D%25252Fcategory%25252Fschools%25252Fnon_japanese%25252Fdirection%25253Adesc%25252Fcountry_id%25253A1%25253Fsort_type%25253D%2525252Fcategory%2525252Fschools%2525252Fnon_japanese%2525252Fdirection%2525253Adesc%2525252Fcountry_id%2525253A1%2525253Fsort_type%2525253D%252525252Fcategory%252525252Fschools%252525252Fnon_japanese%252525252Fdirection%252525253Aasc%252525252Fcountry_id%252525253A1%252525252Fsort%252525253Alowest_fee_per_month%252525253Fsort_type%252525253D%25252525252Fcategory%25252525252Fschools%25252525252Fnon_japanese%25252525252Fdirection%25252525253Adesc%25252525252Fcountry_id%25252525253A1%25252525253Fsort_type%25252525253D%2525252525252Fcategory%2525252525252Fschools%2525252525252Fnon_japanese%2525252525252Fcountry_id%2525252525253A1%2525252525252Fsort%2525252525253Alowest_fee_per_month%2525252525252Fdirection%2525252525253Aasc%2525252525253Fsort_type%2525252525253D%252525252525252Fcategory%252525252525252Fschools%252525252525252Fnon_japanese%252525252525252Fcountry_id%252525252525253A1%252525252525252Fdirection%252525252525253Adesc%252525252525253Fsort_type%252525252525253D%25252525252525252Fcategory%25252525252525252Fschools%25252525252525252Fnon_japanese%25252525252525252Fcountry_id%25252525252525253A1%25252525252525252Fdirection%25252525252525253Adesc%25252525252525253Fsort_type%25252525252525253D%2525252525252525252Fcategory%2525252525252525252Fschools%2525252525252525252Fnon_japanese%2525252525252525252Fcountry_id%2525252525252525253A1%2525252525252525252Fdirection%2525252525252525253Adesc,2023-07-08
https://schoolwith.me/category/schools/business/direction:desc/country_id:5?sort_type=/category/schools/business/direction:desc/country_id:5?sort_type%3D%252Fcategory%252Fschools%252Fbusiness%252Fdirection%253Adesc%252Fcountry_id%253A5%253Fsort_type%253D%25252Fcategory%25252Fschools%25252Fbusiness%25252Fdirection%25253Adesc%25252Fcountry_id%25253A5%25253Fsort_type%25253D%2525252Fcategory%2525252Fschools%2525252Fbusiness%2525252Fdirection%2525253Aasc%2525252Fcountry_id%2525253A5%2525252Fsort%2525253Alowest_fee_per_month%2525253Fsort_type%2525253D%252525252Fcategory%252525252Fschools%252525252Fbusiness%252525252Fdirection%252525253Aasc%252525252Fcountry_id%252525253A5%252525252Fsort%252525253Alowest_fee_per_month%252525253Fsort_type%252525253D%25252525252Fcategory%25252525252Fschools%25252525252Fbusiness%25252525252Fdirection%25252525253Adesc%25252525252Fcountry_id%25252525253A5,2023-07-08
https://schoolwith.me/category/schools/univ_going/direction:desc/country_id:2?sort_type=/category/schools/univ_going/direction:asc/country_id:2/sort:lowest_fee_per_month?sort_type%3D%252Fcategory%252Fschools%252Funiv_going%252Fdirection%253Adesc%252Fcountry_id%253A2%253Fsort_type%253D%25252Fcategory%25252Fschools%25252Funiv_going%25252Fdirection%25253Aasc%25252Fcountry_id%25253A2%25252Fsort%25253Alowest_fee_per_month%25253Fsort_type%25253D%2525252Fcategory%2525252Fschools%2525252Funiv_going%2525252Fdirection%2525253Aasc%2525252Fcountry_id%2525253A2%2525252Fsort%2525253Alowest_fee_per_month%2525253Fsort_type%2525253D%252525252Fcategory%252525252Fschools%252525252Funiv_going%252525252Fdirection%252525253Aasc%252525252Fcountry_id%252525253A2%252525252Fsort%252525253Alowest_fee_per_month%252525253Fsort_type%252525253D%25252525252Fcategory%25252525252Fschools%25252525252Funiv_going%25252525252Fdirection%25252525253Adesc%25252525252Fcountry_id%25252525253A2%25252525253Fsort_type%25252525253D%2525252525252Fcategory%2525252525252Fschools%2525252525252Funiv_going%2525252525252Fdirection%2525252525253Aasc%2525252525252Fsort%2525252525253Alowest_fee_per_month%2525252525252Fcountry_id%2525252525253A2,2023-07-08
https://schoolwith.me/category/schools/univ_going/direction:desc?sort_type=/category/schools/univ_going/direction:desc?sort_type%3D%252Fcategory%252Fschools%252Funiv_going%252Fdirection%253Adesc%253Fsort_type%253D%25252Fcategory%25252Fschools%25252Funiv_going%25252Fdirection%25253Aasc%25252Fsort%25253Alowest_fee_per_month%25253Fsort_type%25253D%2525252Fcategory%2525252Fschools%2525252Funiv_going%2525252Fdirection%2525253Adesc,2023-07-08
https://schoolwith.me/category/schools/short_term/country_id:1/area_id:4/sort:lowest_fee_per_month/direction:asc?sort_type=/category/schools/short_term/direction:desc/country_id:1/area_id:4?sort_type%3D%252Fcategory%252Fschools%252Fshort_term%252Fcountry_id%253A1%252Farea_id%253A4%252Fsort%253Alowest_fee_per_month%252Fdirection%253Aasc%253Fsort_type%253D%25252Fcategory%25252Fschools%25252Fshort_term%25252Fcountry_id%25253A1%25252Farea_id%25253A4%25252Fdirection%25253Adesc%25253Fsort_type%25253D%2525252Fcategory%2525252Fschools%2525252Fshort_term%2525252Fcountry_id%2525253A1%2525252Farea_id%2525253A4%2525252Fdirection%2525253Adesc%2525253Fsort_type%2525253D%252525252Fcategory%252525252Fschools%252525252Fshort_term%252525252Fcountry_id%252525253A1%252525252Farea_id%252525253A4%252525252Fsort%252525253Alowest_fee_per_month%252525252Fdirection%252525253Aasc%252525253Fsort_type%252525253D%25252525252Fcategory%25252525252Fschools%25252525252Fshort_term%25252525252Fcountry_id%25252525253A1%25252525252Farea_id%25252525253A4%25252525252Fdirection%25252525253Adesc%25252525253Fsort_type%25252525253D%2525252525252Fcategory%2525252525252Fschools%2525252525252Fshort_term%2525252525252Fcountry_id%2525252525253A1%2525252525252Farea_id%2525252525253A4%2525252525252Fsort%2525252525253Alowest_fee_per_month%2525252525252Fdirection%2525252525253Aasc,2023-07-08
https://schoolwith.me/category/schools/toefl/direction:desc/country_id:6?sort_type=/category/schools/toefl/direction:asc/country_id:6/sort:lowest_fee_per_month?sort_type%3D%252Fcategory%252Fschools%252Ftoefl%252Fdirection%253Adesc%252Fcountry_id%253A6%253Fsort_type%253D%25252Fcategory%25252Fschools%25252Ftoefl%25252Fdirection%25253Aasc%25252Fcountry_id%25253A6%25252Fsort%25253Alowest_fee_per_month%25253Fsort_type%25253D%2525252Fcategory%2525252Fschools%2525252Ftoefl%2525252Fdirection%2525253Adesc%2525252Fcountry_id%2525253A6%2525253Fsort_type%2525253D%252525252Fcategory%252525252Fschools%252525252Ftoefl%252525252Fcountry_id%252525253A6%252525252Fsort%252525253Alowest_fee_per_month%252525252Fdirection%252525253Aasc,2023-07-08
https://schoolwith.me/category/schools/short_term/country_id:1/area_id:4/sort:lowest_fee_per_month/direction:asc?sort_type=/category/schools/short_term/country_id:1/area_id:4/sort:lowest_fee_per_month/direction:asc?sort_type%3D%252Fcategory%252Fschools%252Fshort_term%252Fcountry_id%253A1%252Farea_id%253A4%252Fsort%253Alowest_fee_per_month%252Fdirection%253Aasc%253Fsort_type%253D%25252Fcategory%25252Fschools%25252Fshort_term%25252Fcountry_id%25253A1%25252Farea_id%25253A4%25252Fsort%25253Alowest_fee_per_month%25252Fdirection%25253Aasc%25253Fsort_type%25253D%2525252Fcategory%2525252Fschools%2525252Fshort_term%2525252Fcountry_id%2525253A1%2525252Farea_id%2525253A4%2525252Fsort%2525253Alowest_fee_per_month%2525252Fdirection%2525253Aasc%2525253Fsort_type%2525253D%252525252Fcategory%252525252Fschools%252525252Fshort_term%252525252Fcountry_id%252525253A1%252525252Farea_id%252525253A4%252525252Fdirection%252525253Adesc%252525253Fsort_type%252525253D%25252525252Fcategory%25252525252Fschools%25252525252Fshort_term%25252525252Fcountry_id%25252525253A1%25252525252Farea_id%25252525253A4%25252525252Fdirection%25252525253Adesc,2023-07-08
https://schoolwith.me/category/schools/univ_going/direction:desc?sort_type=/category/schools/univ_going/direction:desc?sort_type%3D%252Fcategory%252Fschools%252Funiv_going%252Fdirection%253Adesc%253Fsort_type%253D%25252Fcategory%25252Fschools%25252Funiv_going%25252Fdirection%25253Adesc%25253Fsort_type%25253D%2525252Fcategory%2525252Fschools%2525252Funiv_going%2525252Fdirection%2525253Aasc%2525252Fsort%2525253Alowest_fee_per_month%2525253Fsort_type%2525253D%252525252Fcategory%252525252Fschools%252525252Funiv_going%252525252Fsort%252525253Alowest_fee_per_month%252525252Fdirection%252525253AASC,2023-07-08
https://schoolwith.me/category/schools/ielts/direction:desc/country_id:3/area_id:3001?sort_type=/category/schools/ielts/direction:asc/country_id:3/area_id:3001/sort:lowest_fee_per_month?sort_type%3D%252Fcategory%252Fschools%252Fielts%252Fdirection%253Adesc%252Fcountry_id%253A3%252Farea_id%253A3001%253Fsort_type%253D%25252Fcategory%25252Fschools%25252Fielts%25252Fdirection%25253Aasc%25252Fsort%25253Alowest_fee_per_month%25252Fcountry_id%25253A3%25252Farea_id%25253A3001,2023-07-08
https://schoolwith.me/category/schools/ielts/country_id:4/area_id:4004/sort:lowest_fee_per_month/direction:asc?sort_type=/category/schools/ielts/country_id:4/area_id:4004/direction:desc?sort_type%3D%252Fcategory%252Fschools%252Fielts%252Fcountry_id%253A4%252Farea_id%253A4004%252Fsort%253Alowest_fee_per_month%252Fdirection%253Aasc%253Fsort_type%253D%25252Fcategory%25252Fschools%25252Fielts%25252Fcountry_id%25253A4%25252Farea_id%25253A4004%25252Fsort%25253Alowest_fee_per_month%25252Fdirection%25253Aasc%25253Fsort_type%25253D%2525252Fcategory%2525252Fschools%2525252Fielts%2525252Fcountry_id%2525253A4%2525252Farea_id%2525253A4004%2525252Fdirection%2525253Adesc,2023-07-08
https://schoolwith.me/category/schools/ielts/direction:asc/sort:lowest_fee_per_month/country_id:1/page:2?sort_type=/category/schools/ielts/direction:asc/sort:lowest_fee_per_month/country_id:1?sort_type%3D%252Fcategory%252Fschools%252Fielts%252Fdirection%253Aasc%252Fcountry_id%253A1%252Fsort%253Alowest_fee_per_month%253Fsort_type%253D%25252Fcategory%25252Fschools%25252Fielts%25252Fdirection%25253Adesc%25252Fcountry_id%25253A1%25253Fsort_type%25253D%2525252Fcategory%2525252Fschools%2525252Fielts%2525252Fdirection%2525253Aasc%2525252Fcountry_id%2525253A1%2525252Fsort%2525253Alowest_fee_per_month%2525253Fsort_type%2525253D%252525252Fcategory%252525252Fschools%252525252Fielts%252525252Fsort%252525253Alowest_fee_per_month%252525252Fdirection%252525253Aasc%252525252Fcountry_id%252525253A1,2023-07-08
https://schoolwith.me/category/schools/business/country_id:5/area_id:5007/sort:lowest_fee_per_month/direction:asc?sort_type=/category/schools/business/country_id:5/area_id:5007/sort:lowest_fee_per_month/direction:asc?sort_type%3D%252Fcategory%252Fschools%252Fbusiness%252Fcountry_id%253A5%252Farea_id%253A5007%252Fdirection%253Adesc%253Fsort_type%253D%25252Fcategory%25252Fschools%25252Fbusiness%25252Fcountry_id%25253A5%25252Farea_id%25253A5007%25252Fdirection%25253Adesc%25253Fsort_type%25253D%2525252Fcategory%2525252Fschools%2525252Fbusiness%2525252Fcountry_id%2525253A5%2525252Farea_id%2525253A5007%2525252Fsort%2525253Alowest_fee_per_month%2525252Fdirection%2525253Aasc%2525253Fsort_type%2525253D%252525252Fcategory%252525252Fschools%252525252Fbusiness%252525252Fcountry_id%252525253A5%252525252Farea_id%252525253A5007%252525252Fsort%252525253Alowest_fee_per_month%252525252Fdirection%252525253Aasc%252525253Fsort_type%252525253D%25252525252Fcategory%25252525252Fschools%25252525252Fbusiness%25252525252Fcountry_id%25252525253A5%25252525252Farea_id%25252525253A5007%25252525252Fsort%25252525253Alowest_fee_per_month%25252525252Fdirection%25252525253Aasc,2023-07-08
https://schoolwith.me/category/schools/vacation/direction:desc?sort_type=/category/schools/vacation/direction:asc/sort:lowest_fee_per_month?sort_type%3D%252Fcategory%252Fschools%252Fvacation%252Fsort%253Alowest_fee_per_month%252Fdirection%253Aasc%253Fsort_type%253D%25252Fcategory%25252Fschools%25252Fvacation%25252Fsort%25253Alowest_fee_per_month%25252Fdirection%25253Aasc,2023-07-08
https://schoolwith.me/category/schools/parent_child/direction:desc?sort_type=/category/schools/parent_child/direction:desc?sort_type%3D%252Fcategory%252Fschools%252Fparent_child%252Fsort%253Alowest_fee_per_month%252Fdirection%253AASC%253Futm_source%253Dmedia%2526amp%253Bamp%25253Butm_medium%253Dwebsite%2526amp%253Bamp%25253Butm_campaign%253Dlifehacker,2023-07-08
https://schoolwith.me/category/schools/parent_child/direction:desc?sort_type=/category/schools/parent_child/direction:desc?sort_type%3D%252Fcategory%252Fschools%252Fparent_child%252Fdirection%253Adesc%253Fsort_type%253D%25252Fcategory%25252Fschools%25252Fparent_child%25252Fdirection%25253Adesc%25253Fsort_type%25253D%2525252Fcategory%2525252Fschools%2525252Fparent_child%2525252Fsort%2525253Alowest_fee_per_month%2525252Fdirection%2525253AASC%2525253Futm_source%2525253Dmedia%25252526amp%2525253Bamp%252525253Butm_medium%2525253Dwebsite%25252526amp%2525253Bamp%252525253Butm_campaign%2525253Dlifehacker,2023-07-08
https://schoolwith.me/category/schools/parent_child/direction:desc?sort_type=/category/schools/parent_child/direction:asc/sort:lowest_fee_per_month?sort_type%3D%252Fcategory%252Fschools%252Fparent_child%252Fdirection%253Adesc%253Fsort_type%253D%25252Fcategory%25252Fschools%25252Fparent_child%25252Fdirection%25253Adesc%25253Fsort_type%25253D%2525252Fcategory%2525252Fschools%2525252Fparent_child%2525252Fsort%2525253Alowest_fee_per_month%2525252Fdirection%2525253AASC%2525253Futm_source%2525253Dmedia%25252526amp%2525253Bamp%252525253Butm_medium%2525253Dwebsite%25252526amp%2525253Bamp%252525253Butm_campaign%2525253Dlifehacker,2023-07-08
https://schoolwith.me/category/schools/univ_going/direction:desc?sort_type=/category/schools/univ_going/direction:desc?sort_type%3D%252Fcategory%252Fschools%252Funiv_going%252Fdirection%253Aasc%252Fsort%253Alowest_fee_per_month%253Fsort_type%253D%25252Fcategory%25252Fschools%25252Funiv_going%25252Fdirection%25253Adesc%25253Fsort_type%25253D%2525252Fcategory%2525252Fschools%2525252Funiv_going%2525253Fsort_type%2525253D%252525252Fcategory%252525252Fschools%252525252Funiv_going%252525252Fsort%252525253Alowest_fee_per_month%252525252Fdirection%252525253AASC,2023-07-08
https://schoolwith.me/category/schools/univ_going/direction:desc?sort_type=/category/schools/univ_going/direction:asc/sort:lowest_fee_per_month?sort_type%3D%252Fcategory%252Fschools%252Funiv_going%252Fdirection%253Adesc%253Fsort_type%253D%25252Fcategory%25252Fschools%25252Funiv_going%25252Fdirection%25253Aasc%25252Fsort%25253Alowest_fee_per_month%25253Fsort_type%25253D%2525252Fcategory%2525252Fschools%2525252Funiv_going%2525252Fsort%2525253Alowest_fee_per_month%2525252Fdirection%2525253AASC,2023-07-08
https://schoolwith.me/category/schools/ielts/country_id:4/area_id:4004/sort:lowest_fee_per_month/direction:asc?sort_type=/category/schools/ielts/country_id:4/area_id:4004/sort:lowest_fee_per_month/direction:asc?sort_type%3D%252Fcategory%252Fschools%252Fielts%252Fcountry_id%253A4%252Farea_id%253A4004%252Fdirection%253Adesc%253Fsort_type%253D%25252Fcategory%25252Fschools%25252Fielts%25252Fcountry_id%25253A4%25252Farea_id%25253A4004%25252Fsort%25253Alowest_fee_per_month%25252Fdirection%25253Aasc%25253Fsort_type%25253D%2525252Fcategory%2525252Fschools%2525252Fielts%2525252Fcountry_id%2525253A4%2525252Farea_id%2525253A4004%2525252Fdirection%2525253Adesc,2023-07-08
https://schoolwith.me/category/schools/ielts/direction:asc/sort:lowest_fee_per_month/country_id:1/page:2?sort_type=/category/schools/ielts/direction:desc/country_id:1?sort_type%3D%252Fcategory%252Fschools%252Fielts%252Fdirection%253Aasc%252Fcountry_id%253A1%252Fsort%253Alowest_fee_per_month%253Fsort_type%253D%25252Fcategory%25252Fschools%25252Fielts%25252Fdirection%25253Aasc%25252Fcountry_id%25253A1%25252Fsort%25253Alowest_fee_per_month%25253Fsort_type%25253D%2525252Fcategory%2525252Fschools%2525252Fielts%2525252Fdirection%2525253Adesc%2525252Fcountry_id%2525253A1%2525253Fsort_type%2525253D%252525252Fcategory%252525252Fschools%252525252Fielts%252525252Fdirection%252525253Aasc%252525252Fcountry_id%252525253A1%252525252Fsort%252525253Alowest_fee_per_month%252525253Fsort_type%252525253D%25252525252Fcategory%25252525252Fschools%25252525252Fielts%25252525252Fsort%25252525253Alowest_fee_per_month%25252525252Fdirection%25252525253Aasc%25252525252Fcountry_id%25252525253A1,2023-07-08
https://schoolwith.me/category/schools/ielts/direction:asc/sort:lowest_fee_per_month/country_id:1/page:2?sort_type=/category/schools/ielts/direction:desc/country_id:1?sort_type%3D%252Fcategory%252Fschools%252Fielts%252Fdirection%253Aasc%252Fcountry_id%253A1%252Fsort%253Alowest_fee_per_month%253Fsort_type%253D%25252Fcategory%25252Fschools%25252Fielts%25252Fdirection%25253Adesc%25252Fcountry_id%25253A1%25253Fsort_type%25253D%2525252Fcategory%2525252Fschools%2525252Fielts%2525252Fdirection%2525253Aasc%2525252Fcountry_id%2525253A1%2525252Fsort%2525253Alowest_fee_per_month%2525253Fsort_type%2525253D%252525252Fcategory%252525252Fschools%252525252Fielts%252525252Fdirection%252525253Aasc%252525252Fcountry_id%252525253A1%252525252Fsort%252525253Alowest_fee_per_month%252525253Fsort_type%252525253D%25252525252Fcategory%25252525252Fschools%25252525252Fielts%25252525252Fsort%25252525253Alowest_fee_per_month%25252525252Fdirection%25252525253Aasc%25252525252Fcountry_id%25252525253A1,2023-07-08
https://schoolwith.me/category/schools/univ_going/direction:desc?sort_type=/category/schools/univ_going/direction:desc?sort_type%3D%252Fcategory%252Fschools%252Funiv_going%252Fdirection%253Aasc%252Fsort%253Alowest_fee_per_month%253Fsort_type%253D%25252Fcategory%25252Fschools%25252Funiv_going%25252Fdirection%25253Aasc%25252Fsort%25253Alowest_fee_per_month%25253Fsort_type%25253D%2525252Fcategory%2525252Fschools%2525252Funiv_going%2525252Fdirection%2525253Aasc%2525252Fsort%2525253Alowest_fee_per_month%2525253Fsort_type%2525253D%252525252Fcategory%252525252Fschools%252525252Funiv_going%252525252Fdirection%252525253Adesc,2023-07-08
https://schoolwith.me/category/schools/univ_going/direction:desc/country_id:2?sort_type=/category/schools/univ_going/direction:desc/country_id:2?sort_type%3D%252Fcategory%252Fschools%252Funiv_going%252Fdirection%253Aasc%252Fcountry_id%253A2%252Fsort%253Alowest_fee_per_month%253Fsort_type%253D%25252Fcategory%25252Fschools%25252Funiv_going%25252Fdirection%25253Aasc%25252Fcountry_id%25253A2%25252Fsort%25253Alowest_fee_per_month%25253Fsort_type%25253D%2525252Fcategory%2525252Fschools%2525252Funiv_going%2525252Fdirection%2525253Aasc%2525252Fcountry_id%2525253A2%2525252Fsort%2525253Alowest_fee_per_month%2525253Fsort_type%2525253D%252525252Fcategory%252525252Fschools%252525252Funiv_going%252525252Fdirection%252525253Adesc%252525252Fcountry_id%252525253A2%252525253Fsort_type%252525253D%25252525252Fcategory%25252525252Fschools%25252525252Funiv_going%25252525252Fdirection%25252525253Aasc%25252525252Fsort%25252525253Alowest_fee_per_month%25252525252Fcountry_id%25252525253A2,2023-07-08
https://schoolwith.me/category/schools/univ_going/direction:desc?sort_type=/category/schools/univ_going/direction:desc?sort_type%3D%252Fcategory%252Fschools%252Funiv_going%252Fdirection%253Aasc%252Fsort%253Alowest_fee_per_month%253Fsort_type%253D%25252Fcategory%25252Fschools%25252Funiv_going%25252Fdirection%25253Aasc%25252Fsort%25253Alowest_fee_per_month%25253Fsort_type%25253D%2525252Fcategory%2525252Fschools%2525252Funiv_going%2525252Fdirection%2525253Adesc%2525253Fsort_type%2525253D%252525252Fcategory%252525252Fschools%252525252Funiv_going%252525252Fsort%252525253Alowest_fee_per_month%252525252Fdirection%252525253AASC,2023-07-08
https://schoolwith.me/category/schools/short_term/direction:desc/country_id:5/area_id:5004?sort_type=/category/schools/short_term/direction:asc/country_id:5/area_id:5004/sort:lowest_fee_per_month?sort_type%3D%252Fcategory%252Fschools%252Fshort_term%252Fcountry_id%253A5%252Farea_id%253A5004%252Fsort%253Alowest_fee_per_month%252Fdirection%253Aasc%253Fsort_type%253D%25252Fcategory%25252Fschools%25252Fshort_term%25252Fcountry_id%25253A5%25252Farea_id%25253A5004%25252Fsort%25253Alowest_fee_per_month%25252Fdirection%25253Aasc%25253Fsort_type%25253D%2525252Fcategory%2525252Fschools%2525252Fshort_term%2525252Fcountry_id%2525253A5%2525252Farea_id%2525253A5004%2525252Fsort%2525253Alowest_fee_per_month%2525252Fdirection%2525253Aasc,2023-07-08
https://schoolwith.me/category/schools/short_term/direction:desc/country_id:5/area_id:5004?sort_type=/category/schools/short_term/direction:asc/country_id:5/area_id:5004/sort:lowest_fee_per_month?sort_type%3D%252Fcategory%252Fschools%252Fshort_term%252Fdirection%253Adesc%252Fcountry_id%253A5%252Farea_id%253A5004%253Fsort_type%253D%25252Fcategory%25252Fschools%25252Fshort_term%25252Fdirection%25253Adesc%25252Fcountry_id%25253A5%25252Farea_id%25253A5004%25253Fsort_type%25253D%2525252Fcategory%2525252Fschools%2525252Fshort_term%2525252Fdirection%2525253Adesc%2525252Fcountry_id%2525253A5%2525252Farea_id%2525253A5004,2023-07-08
https://schoolwith.me/category/schools/short_term/direction:desc/country_id:5/area_id:5004?sort_type=/category/schools/short_term/direction:desc/country_id:5/area_id:5004?sort_type%3D%252Fcategory%252Fschools%252Fshort_term%252Fdirection%253Aasc%252Fcountry_id%253A5%252Farea_id%253A5004%252Fsort%253Alowest_fee_per_month%253Fsort_type%253D%25252Fcategory%25252Fschools%25252Fshort_term%25252Fdirection%25253Aasc%25252Fcountry_id%25253A5%25252Farea_id%25253A5004%25252Fsort%25253Alowest_fee_per_month%25253Fsort_type%25253D%2525252Fcategory%2525252Fschools%2525252Fshort_term%2525252Fsort%2525253Alowest_fee_per_month%2525252Fdirection%2525253Aasc%2525252Fcountry_id%2525253A5%2525252Farea_id%2525253A5004%2525253Fsort_type%2525253D%252525252Fcategory%252525252Fschools%252525252Fshort_term%252525252Fdirection%252525253Adesc%252525252Fcountry_id%252525253A5%252525252Farea_id%252525253A5004,2023-07-08
https://schoolwith.me/category/schools/gmat/direction:desc/country_id:2?sort_type=/category/schools/gmat/direction:asc/country_id:2/sort:lowest_fee_per_month?sort_type%3D%252Fcategory%252Fschools%252Fgmat%252Fdirection%253Adesc%252Fcountry_id%253A2%253Fsort_type%253D%25252Fcategory%25252Fschools%25252Fgmat%25252Fdirection%25253Aasc%25252Fcountry_id%25253A2%25252Fsort%25253Alowest_fee_per_month%25253Fsort_type%25253D%2525252Fcategory%2525252Fschools%2525252Fgmat%2525252Fdirection%2525253Adesc%2525252Fcountry_id%2525253A2%2525253Fsort_type%2525253D%252525252Fcategory%252525252Fschools%252525252Fgmat%252525252Fdirection%252525253Adesc%252525252Fcountry_id%252525253A2%252525253Fsort_type%252525253D%25252525252Fcategory%25252525252Fschools%25252525252Fgmat%25252525252Fdirection%25252525253Adesc%25252525252Fcountry_id%25252525253A2%25252525253Fsort_type%25252525253D%2525252525252Fcategory%2525252525252Fschools%2525252525252Fgmat%2525252525252Fcountry_id%2525252525253A2%2525252525252Fdirection%2525252525253Adesc,2023-07-08
https://schoolwith.me/category/schools/online_english/direction:asc/sort:lowest_fee_per_month?sort_type=/category/schools/online_english/direction:desc?sort_type%3D%252Fcategory%252Fschools%252Fonline_english%252Fdirection%253Adesc%253Fsort_type%253D%25252Fcategory%25252Fschools%25252Fonline_english%25252Fsort%25253Alowest_fee_per_month%25252Fdirection%25253AASC,2023-07-08
https://schoolwith.me/category/schools/on_campus/direction:desc/country_id:2?sort_type=/category/schools/on_campus/direction:desc/country_id:2?sort_type%3D%252Fcategory%252Fschools%252Fon_campus%252Fdirection%253Aasc%252Fcountry_id%253A2%252Fsort%253Alowest_fee_per_month%253Fsort_type%253D%25252Fcategory%25252Fschools%25252Fon_campus%25252Fdirection%25253Adesc%25252Fcountry_id%25253A2,2023-07-08
https://schoolwith.me/category/schools/business/page:4/direction:asc/sort:lowest_fee_per_month?sort_type=/category/schools/business/direction:desc?sort_type%3D%252Fcategory%252Fschools%252Fbusiness%252Fdirection%253Aasc%252Fsort%253Alowest_fee_per_month%253Fsort_type%253D%25252Fcategory%25252Fschools%25252Fbusiness%25252Fsort%25253Alowest_fee_per_month%25252Fdirection%25253Aasc%25253Fsort_type%25253D%2525252Fcategory%2525252Fschools%2525252Fbusiness%2525252Fdirection%2525253Adesc%2525253Fsort_type%2525253D%252525252Fcategory%252525252Fschools%252525252Fbusiness%252525252Fdirection%252525253Adesc%252525253Fsort_type%252525253D%25252525252Fcategory%25252525252Fschools%25252525252Fbusiness%25252525252Fsort%25252525253Alowest_fee_per_month%25252525252Fdirection%25252525253Aasc%25252525253Fsort_type%25252525253D%2525252525252Fcategory%2525252525252Fschools%2525252525252Fbusiness%2525252525252Fsort%2525252525253Alowest_fee_per_month%2525252525252Fdirection%2525252525253Aasc,2023-07-08
https://schoolwith.me/category/schools/on_campus/direction:desc/country_id:2?sort_type=/category/schools/on_campus/direction:asc/country_id:2/sort:lowest_fee_per_month?sort_type%3D%252Fcategory%252Fschools%252Fon_campus%252Fdirection%253Adesc%252Fcountry_id%253A2%253Fsort_type%253D%25252Fcategory%25252Fschools%25252Fon_campus%25252Fdirection%25253Adesc%25252Fcountry_id%25253A2,2023-07-08
https://schoolwith.me/category/schools/on_campus/direction:desc/country_id:2?sort_type=/category/schools/on_campus/direction:desc/country_id:2?sort_type%3D%252Fcategory%252Fschools%252Fon_campus%252Fdirection%253Aasc%252Fcountry_id%253A2%252Fsort%253Alowest_fee_per_month%253Fsort_type%253D%25252Fcategory%25252Fschools%25252Fon_campus%25252Fdirection%25253Aasc%25252Fsort%25253Alowest_fee_per_month%25252Fcountry_id%25253A2,2023-07-08
https://schoolwith.me/category/schools/toefl/direction:desc/country_id:6?sort_type=/category/schools/toefl/direction:asc/country_id:6/sort:lowest_fee_per_month?sort_type%3D%252Fcategory%252Fschools%252Ftoefl%252Fcountry_id%253A6%252Fsort%253Alowest_fee_per_month%252Fdirection%253Aasc,2023-07-08
https://schoolwith.me/category/schools/business/direction:desc/country_id:2?sort_type=/category/schools/business/direction:asc/sort:lowest_fee_per_month/country_id:2?sort_type%3D%252Fcategory%252Fschools%252Fbusiness%252Fdirection%253Adesc%252Fcountry_id%253A2%253Fsort_type%253D%25252Fcategory%25252Fschools%25252Fbusiness%25252Fdirection%25253Aasc%25252Fsort%25253Alowest_fee_per_month%25252Fcountry_id%25253A2%25253Fsort_type%25253D%2525252Fcategory%2525252Fschools%2525252Fbusiness%2525252Fdirection%2525253Aasc%2525252Fcountry_id%2525253A2%2525252Fsort%2525253Alowest_fee_per_month%2525253Fsort_type%2525253D%252525252Fcategory%252525252Fschools%252525252Fbusiness%252525252Fcountry_id%252525253A2%252525252Fsort%252525253Alowest_fee_per_month%252525252Fdirection%252525253Aasc,2023-07-08
https://schoolwith.me/category/schools/gmat/direction:desc/country_id:2?sort_type=/category/schools/gmat/direction:desc/country_id:2?sort_type%3D%252Fcategory%252Fschools%252Fgmat%252Fdirection%253Adesc%252Fcountry_id%253A2%253Fsort_type%253D%25252Fcategory%25252Fschools%25252Fgmat%25252Fdirection%25253Aasc%25252Fcountry_id%25253A2%25252Fsort%25253Alowest_fee_per_month%25253Fsort_type%25253D%2525252Fcategory%2525252Fschools%2525252Fgmat%2525252Fdirection%2525253Adesc%2525252Fcountry_id%2525253A2%2525253Fsort_type%2525253D%252525252Fcategory%252525252Fschools%252525252Fgmat%252525252Fdirection%252525253Adesc%252525252Fcountry_id%252525253A2%252525253Fsort_type%252525253D%25252525252Fcategory%25252525252Fschools%25252525252Fgmat%25252525252Fdirection%25252525253Adesc%25252525252Fcountry_id%25252525253A2%25252525253Fsort_type%25252525253D%2525252525252Fcategory%2525252525252Fschools%2525252525252Fgmat%2525252525252Fcountry_id%2525252525253A2%2525252525252Fdirection%2525252525253Adesc,2023-07-08
https://schoolwith.me/category/schools/parent_child/direction:asc/sort:lowest_fee_per_month?sort_type=/category/schools/parent_child/direction:desc?sort_type%3D%252Fcategory%252Fschools%252Fparent_child%252Fdirection%253Aasc%252Fsort%253Alowest_fee_per_month%253Fsort_type%253D%25252Fcategory%25252Fschools%25252Fparent_child%25252Fsort%25253Alowest_fee_per_month%25252Fdirection%25253Aasc%25253Fsort_type%25253D%2525252Fcategory%2525252Fschools%2525252Fparent_child%2525252Fsort%2525253Alowest_fee_per_month%2525252Fdirection%2525253AASC,2023-07-08
https://schoolwith.me/category/schools/short_term/direction:desc/country_id:4?sort_type=/category/schools/short_term/direction:desc/country_id:4?sort_type%3D%252Fcategory%252Fschools%252Fshort_term%252Fdirection%253Aasc%252Fsort%253Alowest_fee_per_month%252Fcountry_id%253A4%253Fsort_type%253D%25252Fcategory%25252Fschools%25252Fshort_term%25252Fsort%25253Alowest_fee_per_month%25252Fdirection%25253Aasc%25252Fcountry_id%25253A4,2023-07-08
https://schoolwith.me/category/schools/toefl/direction:desc/country_id:6?sort_type=/category/schools/toefl/direction:asc/country_id:6/sort:lowest_fee_per_month?sort_type%3D%252Fcategory%252Fschools%252Ftoefl%252Fdirection%253Aasc%252Fcountry_id%253A6%252Fsort%253Alowest_fee_per_month%253Fsort_type%253D%25252Fcategory%25252Fschools%25252Ftoefl%25252Fdirection%25253Adesc%25252Fcountry_id%25253A6%25253Fsort_type%25253D%2525252Fcategory%2525252Fschools%2525252Ftoefl%2525252Fcountry_id%2525253A6%2525252Fsort%2525253Alowest_fee_per_month%2525252Fdirection%2525253Aasc,2023-07-08
https://schoolwith.me/category/schools/univ_going/direction:desc/country_id:2?sort_type=/category/schools/univ_going/direction:desc/country_id:2?sort_type%3D%252Fcategory%252Fschools%252Funiv_going%252Fdirection%253Aasc%252Fcountry_id%253A2%252Fsort%253Alowest_fee_per_month%253Fsort_type%253D%25252Fcategory%25252Fschools%25252Funiv_going%25252Fdirection%25253Adesc%25252Fcountry_id%25253A2%25253Fsort_type%25253D%2525252Fcategory%2525252Fschools%2525252Funiv_going%2525252Fdirection%2525253Aasc%2525252Fcountry_id%2525253A2%2525252Fsort%2525253Alowest_fee_per_month%2525253Fsort_type%2525253D%252525252Fcategory%252525252Fschools%252525252Funiv_going%252525252Fdirection%252525253Aasc%252525252Fcountry_id%252525253A2%252525252Fsort%252525253Alowest_fee_per_month%252525253Fsort_type%252525253D%25252525252Fcategory%25252525252Fschools%25252525252Funiv_going%25252525252Fdirection%25252525253Adesc%25252525252Fcountry_id%25252525253A2%25252525253Fsort_type%25252525253D%2525252525252Fcategory%2525252525252Fschools%2525252525252Funiv_going%2525252525252Fdirection%2525252525253Aasc%2525252525252Fsort%2525252525253Alowest_fee_per_month%2525252525252Fcountry_id%2525252525253A2,2023-07-08
https://schoolwith.me/category/schools/on_campus/direction:desc/country_id:2?sort_type=/category/schools/on_campus/direction:desc/country_id:2?sort_type%3D%252Fcategory%252Fschools%252Fon_campus%252Fdirection%253Adesc%252Fcountry_id%253A2%253Fsort_type%253D%25252Fcategory%25252Fschools%25252Fon_campus%25252Fdirection%25253Aasc%25252Fsort%25253Alowest_fee_per_month%25252Fcountry_id%25253A2,2023-07-08
https://schoolwith.me/category/schools/toefl/direction:desc/country_id:6?sort_type=/category/schools/toefl/direction:desc/country_id:6?sort_type%3D%252Fcategory%252Fschools%252Ftoefl%252Fdirection%253Adesc%252Fcountry_id%253A6%253Fsort_type%253D%25252Fcategory%25252Fschools%25252Ftoefl%25252Fdirection%25253Aasc%25252Fcountry_id%25253A6%25252Fsort%25253Alowest_fee_per_month%25253Fsort_type%25253D%2525252Fcategory%2525252Fschools%2525252Ftoefl%2525252Fcountry_id%2525253A6%2525252Fsort%2525253Alowest_fee_per_month%2525252Fdirection%2525253Aasc,2023-07-08
https://schoolwith.me/category/schools/parent_child/direction:desc?sort_type=/category/schools/parent_child/direction:asc/sort:lowest_fee_per_month?sort_type%3D%252Fcategory%252Fschools%252Fparent_child%252Fdirection%253Aasc%252Fsort%253Alowest_fee_per_month%253Fsort_type%253D%25252Fcategory%25252Fschools%25252Fparent_child%25252Fsort%25253Alowest_fee_per_month%25252Fdirection%25253AASC%25253Futm_source%25253Dmedia%252526amp%25253Bamp%2525253Butm_medium%25253Dwebsite%252526amp%25253Bamp%2525253Butm_campaign%25253Dlifehacker,2023-07-08
https://schoolwith.me/category/schools/parent_child/direction:desc?sort_type=/category/schools/parent_child/direction:asc/sort:lowest_fee_per_month?sort_type%3D%252Fcategory%252Fschools%252Fparent_child%252Fdirection%253Adesc%253Fsort_type%253D%25252Fcategory%25252Fschools%25252Fparent_child%25252Fsort%25253Alowest_fee_per_month%25252Fdirection%25253AASC%25253Futm_source%25253Dmedia%252526amp%25253Bamp%2525253Butm_medium%25253Dwebsite%252526amp%25253Bamp%2525253Butm_campaign%25253Dlifehacker,2023-07-07
https://schoolwith.me/category/schools/vacation/direction:desc?sort_type=/category/schools/vacation/direction:asc/sort:lowest_fee_per_month?sort_type%3D%252Fcategory%252Fschools%252Fvacation%252Fsort%253Alowest_fee_per_month%252Fdirection%253Aasc%253Fsort_type%253D%25252Fcategory%25252Fschools%25252Fvacation%25252Fdirection%25253Adesc%25253Fsort_type%25253D%2525252Fcategory%2525252Fschools%2525252Fvacation%2525252Fsort%2525253Alowest_fee_per_month%2525252Fdirection%2525253Aasc,2023-07-07
https://schoolwith.me/category/schools/parent_child/direction:desc?sort_type=/category/schools/parent_child/direction:asc/sort:lowest_fee_per_month?sort_type%3D%252Fcategory%252Fschools%252Fparent_child%252Fsort%253Alowest_fee_per_month%252Fdirection%253Aasc%253Fsort_type%253D%25252Fcategory%25252Fschools%25252Fparent_child%25252Fsort%25253Alowest_fee_per_month%25252Fdirection%25253AASC,2023-07-07
https://schoolwith.me/category/schools/business/direction:desc/country_id:2?sort_type=/category/schools/business/direction:desc/country_id:2?sort_type%3D%252Fcategory%252Fschools%252Fbusiness%252Fdirection%253Aasc%252Fsort%253Alowest_fee_per_month%252Fcountry_id%253A2%253Fsort_type%253D%25252Fcategory%25252Fschools%25252Fbusiness%25252Fdirection%25253Aasc%25252Fsort%25253Alowest_fee_per_month%25252Fcountry_id%25253A2%25253Fsort_type%25253D%2525252Fcategory%2525252Fschools%2525252Fbusiness%2525252Fdirection%2525253Aasc%2525252Fcountry_id%2525253A2%2525252Fsort%2525253Alowest_fee_per_month%2525253Fsort_type%2525253D%252525252Fcategory%252525252Fschools%252525252Fbusiness%252525252Fcountry_id%252525253A2%252525252Fsort%252525253Alowest_fee_per_month%252525252Fdirection%252525253Aasc,2023-07-07
https://schoolwith.me/category/schools/ielts/direction:desc/country_id:3/area_id:3001?sort_type=/category/schools/ielts/direction:asc/country_id:3/area_id:3001/sort:lowest_fee_per_month?sort_type%3D%252Fcategory%252Fschools%252Fielts%252Fdirection%253Adesc%252Fcountry_id%253A3%252Farea_id%253A3001%253Fsort_type%253D%25252Fcategory%25252Fschools%25252Fielts%25252Fdirection%25253Adesc%25252Fcountry_id%25253A3%25252Farea_id%25253A3001%25253Fsort_type%25253D%2525252Fcategory%2525252Fschools%2525252Fielts%2525252Fdirection%2525253Aasc%2525252Fcountry_id%2525253A3%2525252Farea_id%2525253A3001%2525252Fsort%2525253Alowest_fee_per_month%2525253Fsort_type%2525253D%252525252Fcategory%252525252Fschools%252525252Fielts%252525252Fdirection%252525253Aasc%252525252Fcountry_id%252525253A3%252525252Farea_id%252525253A3001%252525252Fsort%252525253Alowest_fee_per_month%252525253Fsort_type%252525253D%25252525252Fcategory%25252525252Fschools%25252525252Fielts%25252525252Fdirection%25252525253Aasc%25252525252Fsort%25252525253Alowest_fee_per_month%25252525252Fcountry_id%25252525253A3%25252525252Farea_id%25252525253A3001,2023-07-07
https://schoolwith.me/category/schools/toeic/direction:desc/country_id:8?sort_type=/category/schools/toeic/country_id:8/direction:desc?sort_type%3D%252Fcategory%252Fschools%252Ftoeic%252Fcountry_id%253A8%252Fdirection%253Adesc%253Fsort_type%253D%25252Fcategory%25252Fschools%25252Ftoeic%25252Fcountry_id%25253A8%25252Fsort%25253Alowest_fee_per_month%25252Fdirection%25253Aasc%25253Fsort_type%25253D%2525252Fcategory%2525252Fschools%2525252Ftoeic%2525252Fcountry_id%2525253A8%2525252Fdirection%2525253Adesc%2525253Fsort_type%2525253D%252525252Fcategory%252525252Fschools%252525252Ftoeic%252525252Fcountry_id%252525253A8%252525252Fsort%252525253Alowest_fee_per_month%252525252Fdirection%252525253Aasc%252525253Fsort_type%252525253D%25252525252Fcategory%25252525252Fschools%25252525252Ftoeic%25252525252Fcountry_id%25252525253A8%25252525252Fsort%25252525253Alowest_fee_per_month%25252525252Fdirection%25252525253Aasc%25252525253Fsort_type%25252525253D%2525252525252Fcategory%2525252525252Fschools%2525252525252Ftoeic%2525252525252Fcountry_id%2525252525253A8%2525252525252Fsort%2525252525253Alowest_fee_per_month%2525252525252Fdirection%2525252525253Aasc,2023-07-07
https://schoolwith.me/category/schools/univ_going/direction:desc/country_id:2?sort_type=/category/schools/univ_going/direction:asc/country_id:2/sort:lowest_fee_per_month?sort_type%3D%252Fcategory%252Fschools%252Funiv_going%252Fdirection%253Aasc%252Fcountry_id%253A2%252Fsort%253Alowest_fee_per_month%253Fsort_type%253D%25252Fcategory%25252Fschools%25252Funiv_going%25252Fdirection%25253Aasc%25252Fcountry_id%25253A2%25252Fsort%25253Alowest_fee_per_month%25253Fsort_type%25253D%2525252Fcategory%2525252Fschools%2525252Funiv_going%2525252Fdirection%2525253Aasc%2525252Fcountry_id%2525253A2%2525252Fsort%2525253Alowest_fee_per_month%2525253Fsort_type%2525253D%252525252Fcategory%252525252Fschools%252525252Funiv_going%252525252Fdirection%252525253Adesc%252525252Fcountry_id%252525253A2%252525253Fsort_type%252525253D%25252525252Fcategory%25252525252Fschools%25252525252Funiv_going%25252525252Fdirection%25252525253Aasc%25252525252Fsort%25252525253Alowest_fee_per_month%25252525252Fcountry_id%25252525253A2,2023-07-07
https://schoolwith.me/category/schools/business/direction:desc/country_id:2?sort_type=/category/schools/business/direction:desc/country_id:2?sort_type%3D%252Fcategory%252Fschools%252Fbusiness%252Fsort%253Alowest_fee_per_month%252Fdirection%253Aasc%252Fcountry_id%253A2%253Fsort_type%253D%25252Fcategory%25252Fschools%25252Fbusiness%25252Fdirection%25253Adesc%25252Fcountry_id%25253A2%25253Fsort_type%25253D%2525252Fcategory%2525252Fschools%2525252Fbusiness%2525252Fcountry_id%2525253A2%2525252Fsort%2525253Alowest_fee_per_month%2525252Fdirection%2525253Aasc%2525253Fsort_type%2525253D%252525252Fcategory%252525252Fschools%252525252Fbusiness%252525252Fcountry_id%252525253A2%252525252Fsort%252525253Alowest_fee_per_month%252525252Fdirection%252525253Aasc,2023-07-07
https://schoolwith.me/category/schools/toefl/direction:desc/country_id:6?sort_type=/category/schools/toefl/direction:asc/country_id:6/sort:lowest_fee_per_month?sort_type%3D%252Fcategory%252Fschools%252Ftoefl%252Fdirection%253Adesc%252Fcountry_id%253A6%253Fsort_type%253D%25252Fcategory%25252Fschools%25252Ftoefl%25252Fcountry_id%25253A6%25252Fsort%25253Alowest_fee_per_month%25252Fdirection%25253Aasc,2023-07-07
https://schoolwith.me/category/schools/toefl/direction:desc/country_id:6?sort_type=/category/schools/toefl/direction:desc/country_id:6?sort_type%3D%252Fcategory%252Fschools%252Ftoefl%252Fdirection%253Adesc%252Fcountry_id%253A6%253Fsort_type%253D%25252Fcategory%25252Fschools%25252Ftoefl%25252Fcountry_id%25253A6%25252Fsort%25253Alowest_fee_per_month%25252Fdirection%25253Aasc,2023-07-07
https://schoolwith.me/category/schools/gmat/direction:desc/country_id:2?sort_type=/category/schools/gmat/direction:asc/sort:lowest_fee_per_month/country_id:2?sort_type%3D%252Fcategory%252Fschools%252Fgmat%252Fdirection%253Aasc%252Fsort%253Alowest_fee_per_month%252Fcountry_id%253A2%253Fsort_type%253D%25252Fcategory%25252Fschools%25252Fgmat%25252Fdirection%25253Aasc%25252Fcountry_id%25253A2%25252Fsort%25253Alowest_fee_per_month%25253Fsort_type%25253D%2525252Fcategory%2525252Fschools%2525252Fgmat%2525252Fdirection%2525253Aasc%2525252Fsort%2525253Alowest_fee_per_month%2525252Fcountry_id%2525253A2%2525253Fsort_type%2525253D%252525252Fcategory%252525252Fschools%252525252Fgmat%252525252Fdirection%252525253Adesc%252525252Fcountry_id%252525253A2%252525253Fsort_type%252525253D%25252525252Fcategory%25252525252Fschools%25252525252Fgmat%25252525252Fcountry_id%25252525253A2%25252525252Fdirection%25252525253Adesc,2023-07-07
https://schoolwith.me/category/schools/business/direction:desc/country_id:2?sort_type=/category/schools/business/direction:asc/country_id:2/sort:lowest_fee_per_month?sort_type%3D%252Fcategory%252Fschools%252Fbusiness%252Fdirection%253Adesc%252Fcountry_id%253A2%253Fsort_type%253D%25252Fcategory%25252Fschools%25252Fbusiness%25252Fdirection%25253Aasc%25252Fsort%25253Alowest_fee_per_month%25252Fcountry_id%25253A2%25253Fsort_type%25253D%2525252Fcategory%2525252Fschools%2525252Fbusiness%2525252Fdirection%2525253Aasc%2525252Fcountry_id%2525253A2%2525252Fsort%2525253Alowest_fee_per_month%2525253Fsort_type%2525253D%252525252Fcategory%252525252Fschools%252525252Fbusiness%252525252Fcountry_id%252525253A2%252525252Fsort%252525253Alowest_fee_per_month%252525252Fdirection%252525253Aasc,2023-07-07
https://schoolwith.me/category/schools/on_campus/direction:desc/country_id:2?sort_type=/category/schools/on_campus/direction:asc/country_id:2/sort:lowest_fee_per_month?sort_type%3D%252Fcategory%252Fschools%252Fon_campus%252Fdirection%253Adesc%252Fcountry_id%253A2,2023-07-07
https://schoolwith.me/category/schools/vacation/direction:desc?sort_type=/category/schools/vacation/sort:lowest_fee_per_month/direction:asc?sort_type%3D%252Fcategory%252Fschools%252Fvacation%252Fdirection%253Adesc%253Fsort_type%253D%25252Fcategory%25252Fschools%25252Fvacation%25252Fdirection%25253Adesc%25253Fsort_type%25253D%2525252Fcategory%2525252Fschools%2525252Fvacation%2525252Fsort%2525253Alowest_fee_per_month%2525252Fdirection%2525253Aasc,2023-07-07
https://schoolwith.me/category/schools/gmat/direction:desc/country_id:2?sort_type=/category/schools/gmat/direction:asc/country_id:2/sort:lowest_fee_per_month?sort_type%3D%252Fcategory%252Fschools%252Fgmat%252Fdirection%253Adesc%252Fcountry_id%253A2%253Fsort_type%253D%25252Fcategory%25252Fschools%25252Fgmat%25252Fdirection%25253Aasc%25252Fcountry_id%25253A2%25252Fsort%25253Alowest_fee_per_month%25253Fsort_type%25253D%2525252Fcategory%2525252Fschools%2525252Fgmat%2525252Fdirection%2525253Aasc%2525252Fsort%2525253Alowest_fee_per_month%2525252Fcountry_id%2525253A2%2525253Fsort_type%2525253D%252525252Fcategory%252525252Fschools%252525252Fgmat%252525252Fdirection%252525253Adesc%252525252Fcountry_id%252525253A2%252525253Fsort_type%252525253D%25252525252Fcategory%25252525252Fschools%25252525252Fgmat%25252525252Fcountry_id%25252525253A2%25252525252Fdirection%25252525253Adesc,2023-07-07
https://schoolwith.me/category/schools/ielts/direction:desc/country_id:2?sort_type=/category/schools/ielts/direction:asc/country_id:2/sort:lowest_fee_per_month?sort_type%3D%252Fcategory%252Fschools%252Fielts%252Fdirection%253Aasc%252Fcountry_id%253A2%252Fsort%253Alowest_fee_per_month%253Fsort_type%253D%25252Fcategory%25252Fschools%25252Fielts%25252Fdirection%25253Aasc%25252Fcountry_id%25253A2%25252Fsort%25253Alowest_fee_per_month%25253Fsort_type%25253D%2525252Fcategory%2525252Fschools%2525252Fielts%2525252Fsort%2525253Alowest_fee_per_month%2525252Fdirection%2525253Aasc%2525252Fcountry_id%2525253A2,2023-07-07
https://schoolwith.me/category/schools/on_campus/direction:desc/country_id:2?sort_type=/category/schools/on_campus/direction:desc/country_id:2?sort_type%3D%252Fcategory%252Fschools%252Fon_campus%252Fdirection%253Aasc%252Fsort%253Alowest_fee_per_month%252Fcountry_id%253A2,2023-07-07
https://schoolwith.me/category/schools/univ_going/direction:desc/country_id:2?sort_type=/category/schools/univ_going/direction:asc/country_id:2/sort:lowest_fee_per_month?sort_type%3D%252Fcategory%252Fschools%252Funiv_going%252Fdirection%253Adesc%252Fcountry_id%253A2%253Fsort_type%253D%25252Fcategory%25252Fschools%25252Funiv_going%25252Fdirection%25253Aasc%25252Fcountry_id%25253A2%25252Fsort%25253Alowest_fee_per_month%25253Fsort_type%25253D%2525252Fcategory%2525252Fschools%2525252Funiv_going%2525252Fdirection%2525253Aasc%2525252Fcountry_id%2525253A2%2525252Fsort%2525253Alowest_fee_per_month%2525253Fsort_type%2525253D%252525252Fcategory%252525252Fschools%252525252Funiv_going%252525252Fdirection%252525253Adesc%252525252Fcountry_id%252525253A2%252525253Fsort_type%252525253D%25252525252Fcategory%25252525252Fschools%25252525252Funiv_going%25252525252Fdirection%25252525253Aasc%25252525252Fsort%25252525253Alowest_fee_per_month%25252525252Fcountry_id%25252525253A2,2023-07-07
https://schoolwith.me/category/schools/toefl/direction:desc/country_id:6?sort_type=/category/schools/toefl/direction:desc/country_id:6?sort_type%3D%252Fcategory%252Fschools%252Ftoefl%252Fdirection%253Aasc%252Fcountry_id%253A6%252Fsort%253Alowest_fee_per_month%253Fsort_type%253D%25252Fcategory%25252Fschools%25252Ftoefl%25252Fcountry_id%25253A6%25252Fsort%25253Alowest_fee_per_month%25252Fdirection%25253Aasc,2023-07-07
https://schoolwith.me/category/schools/online_english/direction:asc/sort:lowest_fee_per_month?sort_type=/category/schools/online_english/direction:desc?sort_type%3D%252Fcategory%252Fschools%252Fonline_english%252Fsort%253Alowest_fee_per_month%252Fdirection%253Aasc%253Fsort_type%253D%25252Fcategory%25252Fschools%25252Fonline_english%25252Fsort%25253Alowest_fee_per_month%25252Fdirection%25253AASC,2023-07-07
https://schoolwith.me/category/schools/gmat/direction:desc/country_id:2?sort_type=/category/schools/gmat/direction:desc/country_id:2?sort_type%3D%252Fcategory%252Fschools%252Fgmat%252Fdirection%253Aasc%252Fcountry_id%253A2%252Fsort%253Alowest_fee_per_month%253Fsort_type%253D%25252Fcategory%25252Fschools%25252Fgmat%25252Fdirection%25253Adesc%25252Fcountry_id%25253A2%25253Fsort_type%25253D%2525252Fcategory%2525252Fschools%2525252Fgmat%2525252Fdirection%2525253Adesc%2525252Fcountry_id%2525253A2%2525253Fsort_type%2525253D%252525252Fcategory%252525252Fschools%252525252Fgmat%252525252Fdirection%252525253Adesc%252525252Fcountry_id%252525253A2%252525253Fsort_type%252525253D%25252525252Fcategory%25252525252Fschools%25252525252Fgmat%25252525252Fcountry_id%25252525253A2%25252525252Fdirection%25252525253Adesc,2023-07-07
https://schoolwith.me/category/schools/univ_going/direction:desc/country_id:2?sort_type=/category/schools/univ_going/direction:asc/country_id:2/sort:lowest_fee_per_month?sort_type%3D%252Fcategory%252Fschools%252Funiv_going%252Fcountry_id%253A2%252Fsort%253Alowest_fee_per_month%252Fdirection%253Aasc%253Fsort_type%253D%25252Fcategory%25252Fschools%25252Funiv_going%25252Fcountry_id%25253A2%25252Fsort%25253Alowest_fee_per_month%25252Fdirection%25253Aasc%25253Fsort_type%25253D%2525252Fcategory%2525252Fschools%2525252Funiv_going%2525252Fcountry_id%2525253A2%2525252Fsort%2525253Alowest_fee_per_month%2525252Fdirection%2525253Aasc%2525253Fsort_type%2525253D%252525252Fcategory%252525252Fschools%252525252Funiv_going%252525252Fcountry_id%252525253A2%252525252Fsort%252525253Alowest_fee_per_month%252525252Fdirection%252525253Aasc%252525253Fsort_type%252525253D%25252525252Fcategory%25252525252Fschools%25252525252Funiv_going%25252525252Fcountry_id%25252525253A2%25252525252Fsort%25252525253Alowest_fee_per_month%25252525252Fdirection%25252525253Aasc,2023-07-07
https://schoolwith.me/category/schools/non_japanese/direction:asc/country_id:1/sort:lowest_fee_per_month?sort_type=/category/schools/non_japanese/direction:asc/sort:lowest_fee_per_month/country_id:1?sort_type%3D%252Fcategory%252Fschools%252Fnon_japanese%252Fdirection%253Adesc%252Fcountry_id%253A1%253Fsort_type%253D%25252Fcategory%25252Fschools%25252Fnon_japanese%25252Fdirection%25253Adesc%25252Fcountry_id%25253A1%25253Fsort_type%25253D%2525252Fcategory%2525252Fschools%2525252Fnon_japanese%2525252Fdirection%2525253Aasc%2525252Fcountry_id%2525253A1%2525252Fsort%2525253Alowest_fee_per_month%2525253Fsort_type%2525253D%252525252Fcategory%252525252Fschools%252525252Fnon_japanese%252525252Fdirection%252525253Adesc%252525252Fcountry_id%252525253A1%252525253Fsort_type%252525253D%25252525252Fcategory%25252525252Fschools%25252525252Fnon_japanese%25252525252Fcountry_id%25252525253A1%25252525252Fsort%25252525253Alowest_fee_per_month%25252525252Fdirection%25252525253Aasc%25252525253Fsort_type%25252525253D%2525252525252Fcategory%2525252525252Fschools%2525252525252Fnon_japanese%2525252525252Fcountry_id%2525252525253A1%2525252525252Fdirection%2525252525253Adesc%2525252525253Fsort_type%2525252525253D%252525252525252Fcategory%252525252525252Fschools%252525252525252Fnon_japanese%252525252525252Fcountry_id%252525252525253A1%252525252525252Fdirection%252525252525253Adesc%252525252525253Fsort_type%252525252525253D%25252525252525252Fcategory%25252525252525252Fschools%25252525252525252Fnon_japanese%25252525252525252Fcountry_id%25252525252525253A1%25252525252525252Fdirection%25252525252525253Adesc,2023-07-07
https://schoolwith.me/category/schools/parent_child/direction:desc?sort_type=/category/schools/parent_child/sort:lowest_fee_per_month/direction:ASC?utm_source%3Dmedia%26amp;amp%253Butm_medium%3Dwebsite%26amp;amp%253Butm_campaign%3Dlifehacker,2023-07-07
https://schoolwith.me/category/schools/gmat/direction:desc/country_id:2?sort_type=/category/schools/gmat/direction:asc/country_id:2/sort:lowest_fee_per_month?sort_type%3D%252Fcategory%252Fschools%252Fgmat%252Fdirection%253Aasc%252Fsort%253Alowest_fee_per_month%252Fcountry_id%253A2%253Fsort_type%253D%25252Fcategory%25252Fschools%25252Fgmat%25252Fdirection%25253Aasc%25252Fcountry_id%25253A2%25252Fsort%25253Alowest_fee_per_month%25253Fsort_type%25253D%2525252Fcategory%2525252Fschools%2525252Fgmat%2525252Fdirection%2525253Aasc%2525252Fsort%2525253Alowest_fee_per_month%2525252Fcountry_id%2525253A2%2525253Fsort_type%2525253D%252525252Fcategory%252525252Fschools%252525252Fgmat%252525252Fdirection%252525253Adesc%252525252Fcountry_id%252525253A2%252525253Fsort_type%252525253D%25252525252Fcategory%25252525252Fschools%25252525252Fgmat%25252525252Fcountry_id%25252525253A2%25252525252Fdirection%25252525253Adesc,2023-07-07
https://schoolwith.me/category/schools/short_term/direction:desc/country_id:5/area_id:5004?sort_type=/category/schools/short_term/direction:asc/country_id:5/area_id:5004/sort:lowest_fee_per_month?sort_type%3D%252Fcategory%252Fschools%252Fshort_term%252Fdirection%253Aasc%252Fcountry_id%253A5%252Farea_id%253A5004%252Fsort%253Alowest_fee_per_month%253Fsort_type%253D%25252Fcategory%25252Fschools%25252Fshort_term%25252Fdirection%25253Aasc%25252Fcountry_id%25253A5%25252Farea_id%25253A5004%25252Fsort%25253Alowest_fee_per_month%25253Fsort_type%25253D%2525252Fcategory%2525252Fschools%2525252Fshort_term%2525252Fsort%2525253Alowest_fee_per_month%2525252Fdirection%2525253Aasc%2525252Fcountry_id%2525253A5%2525252Farea_id%2525253A5004%2525253Fsort_type%2525253D%252525252Fcategory%252525252Fschools%252525252Fshort_term%252525252Fdirection%252525253Adesc%252525252Fcountry_id%252525253A5%252525252Farea_id%252525253A5004,2023-07-07
https://schoolwith.me/category/schools/univ_going/direction:desc/country_id:2?sort_type=/category/schools/univ_going/direction:desc/country_id:2?sort_type%3D%252Fcategory%252Fschools%252Funiv_going%252Fdirection%253Aasc%252Fcountry_id%253A2%252Fsort%253Alowest_fee_per_month%253Fsort_type%253D%25252Fcategory%25252Fschools%25252Funiv_going%25252Fdirection%25253Aasc%25252Fcountry_id%25253A2%25252Fsort%25253Alowest_fee_per_month%25253Fsort_type%25253D%2525252Fcategory%2525252Fschools%2525252Funiv_going%2525252Fdirection%2525253Adesc%2525252Fcountry_id%2525253A2%2525253Fsort_type%2525253D%252525252Fcategory%252525252Fschools%252525252Funiv_going%252525252Fdirection%252525253Aasc%252525252Fsort%252525253Alowest_fee_per_month%252525252Fcountry_id%252525253A2,2023-07-07
https://schoolwith.me/category/schools/abroad_life/direction:asc/sort:lowest_fee_per_month/country_id:7/page:2?sort_type=/category/schools/abroad_life/direction:desc/country_id:7?sort_type%3D%252Fcategory%252Fschools%252Fabroad_life%252Fdirection%253Aasc%252Fcountry_id%253A7%252Fsort%253Alowest_fee_per_month%253Fsort_type%253D%25252Fcategory%25252Fschools%25252Fabroad_life%25252Fdirection%25253Aasc%25252Fcountry_id%25253A7%25252Fsort%25253Alowest_fee_per_month%25253Fsort_type%25253D%2525252Fcategory%2525252Fschools%2525252Fabroad_life%2525252Fdirection%2525253Adesc%2525252Fcountry_id%2525253A7%2525253Fsort_type%2525253D%252525252Fcategory%252525252Fschools%252525252Fabroad_life%252525252Fcountry_id%252525253A7%252525252Fdirection%252525253Adesc%252525253Fsort_type%252525253D%25252525252Fcategory%25252525252Fschools%25252525252Fabroad_life%25252525252Fcountry_id%25252525253A7%25252525252Fsort%25252525253Alowest_fee_per_month%25252525252Fdirection%25252525253Aasc%25252525253Fsort_type%25252525253D%2525252525252Fcategory%2525252525252Fschools%2525252525252Fabroad_life%2525252525252Fcountry_id%2525252525253A7%2525252525252Fdirection%2525252525253Adesc%2525252525253Fsort_type%2525252525253D%252525252525252Fcategory%252525252525252Fschools%252525252525252Fabroad_life%252525252525252Fcountry_id%252525252525253A7%252525252525252Fdirection%252525252525253Adesc%252525252525253Fsort_type%252525252525253D%25252525252525252Fcategory%25252525252525252Fschools%25252525252525252Fabroad_life%25252525252525252Fcountry_id%25252525252525253A7%25252525252525252Fdirection%25252525252525253Adesc%25252525252525253Fsort_type%25252525252525253D%2525252525252525252Fcategory%2525252525252525252Fschools%2525252525252525252Fabroad_life%2525252525252525252Fcountry_id%2525252525252525253A7%2525252525252525252Fdirection%2525252525252525253Adesc,2023-07-07
https://schoolwith.me/category/schools/gmat/direction:desc/country_id:2?sort_type=/category/schools/gmat/direction:desc/country_id:2?sort_type%3D%252Fcategory%252Fschools%252Fgmat%252Fdirection%253Aasc%252Fsort%253Alowest_fee_per_month%252Fcountry_id%253A2%253Fsort_type%253D%25252Fcategory%25252Fschools%25252Fgmat%25252Fdirection%25253Aasc%25252Fcountry_id%25253A2%25252Fsort%25253Alowest_fee_per_month%25253Fsort_type%25253D%2525252Fcategory%2525252Fschools%2525252Fgmat%2525252Fdirection%2525253Aasc%2525252Fsort%2525253Alowest_fee_per_month%2525252Fcountry_id%2525253A2%2525253Fsort_type%2525253D%252525252Fcategory%252525252Fschools%252525252Fgmat%252525252Fdirection%252525253Adesc%252525252Fcountry_id%252525253A2%252525253Fsort_type%252525253D%25252525252Fcategory%25252525252Fschools%25252525252Fgmat%25252525252Fcountry_id%25252525253A2%25252525252Fdirection%25252525253Adesc,2023-07-07
https://schoolwith.me/category/schools/univ_going/direction:desc/country_id:2?sort_type=/category/schools/univ_going/direction:asc/country_id:2/sort:lowest_fee_per_month?sort_type%3D%252Fcategory%252Fschools%252Funiv_going%252Fdirection%253Aasc%252Fcountry_id%253A2%252Fsort%253Alowest_fee_per_month%253Fsort_type%253D%25252Fcategory%25252Fschools%25252Funiv_going%25252Fdirection%25253Aasc%25252Fcountry_id%25253A2%25252Fsort%25253Alowest_fee_per_month%25253Fsort_type%25253D%2525252Fcategory%2525252Fschools%2525252Funiv_going%2525252Fdirection%2525253Adesc%2525252Fcountry_id%2525253A2%2525253Fsort_type%2525253D%252525252Fcategory%252525252Fschools%252525252Funiv_going%252525252Fdirection%252525253Aasc%252525252Fsort%252525253Alowest_fee_per_month%252525252Fcountry_id%252525253A2,2023-07-07
https://schoolwith.me/category/schools/non_japanese/direction:desc/country_id:6?sort_type=/category/schools/non_japanese/direction:asc/sort:lowest_fee_per_month/country_id:6?sort_type%3D%252Fcategory%252Fschools%252Fnon_japanese%252Fdirection%253Adesc%252Fcountry_id%253A6%253Fsort_type%253D%25252Fcategory%25252Fschools%25252Fnon_japanese%25252Fdirection%25253Adesc%25252Fcountry_id%25253A6%25253Fsort_type%25253D%2525252Fcategory%2525252Fschools%2525252Fnon_japanese%2525252Fdirection%2525253Adesc%2525252Fcountry_id%2525253A6%2525253Fsort_type%2525253D%252525252Fcategory%252525252Fschools%252525252Fnon_japanese%252525252Fsort%252525253Alowest_fee_per_month%252525252Fdirection%252525253Aasc%252525252Fcountry_id%252525253A6,2023-07-07
https://schoolwith.me/category/schools/on_campus/direction:desc/country_id:2?sort_type=/category/schools/on_campus/direction:desc/country_id:2,2023-07-07
https://schoolwith.me/category/schools/cambridge/direction:desc/country_id:2?sort_type=/category/schools/cambridge/direction:desc/country_id:2?sort_type%3D%252Fcategory%252Fschools%252Fcambridge%252Fdirection%253Aasc%252Fcountry_id%253A2%252Fsort%253Alowest_fee_per_month%253Fsort_type%253D%25252Fcategory%25252Fschools%25252Fcambridge%25252Fdirection%25253Adesc%25252Fcountry_id%25253A2,2023-07-07
https://schoolwith.me/category/schools/barista/direction:asc/sort:lowest_fee_per_month?sort_type=/category/schools/barista/direction:asc/sort:lowest_fee_per_month?sort_type%3D%252Fcategory%252Fschools%252Fbarista%252Fdirection%253Adesc%253Fsort_type%253D%25252Fcategory%25252Fschools%25252Fbarista%25252Fdirection%25253Adesc%25253Fsort_type%25253D%2525252Fcategory%2525252Fschools%2525252Fbarista%2525252Fsort%2525253Alowest_fee_per_month%2525252Fdirection%2525253Aasc%2525253Fsort_type%2525253D%252525252Fcategory%252525252Fschools%252525252Fbarista%252525252Fdirection%252525253Adesc%252525253Fsort_type%252525253D%25252525252Fcategory%25252525252Fschools%25252525252Fbarista,2023-07-07
https://schoolwith.me/category/schools/vacation/direction:desc?sort_type=/category/schools/vacation/direction:asc/sort:lowest_fee_per_month?sort_type%3D%252Fcategory%252Fschools%252Fvacation%252Fsort%253Alowest_fee_per_month%252Fdirection%253Aasc%253Fsort_type%253D%25252Fcategory%25252Fschools%25252Fvacation%25252Fdirection%25253Adesc%25253Fsort_type%25253D%2525252Fcategory%2525252Fschools%2525252Fvacation%2525252Fsort%2525253Alowest_fee_per_month%2525252Fdirection%2525253Aasc,2023-07-07
https://schoolwith.me/category/schools/vacation/direction:desc?sort_type=/category/schools/vacation/direction:desc?sort_type%3D%252Fcategory%252Fschools%252Fvacation%252Fdirection%253Adesc%253Fsort_type%253D%25252Fcategory%25252Fschools%25252Fvacation%25252Fsort%25253Alowest_fee_per_month%25252Fdirection%25253Aasc%25253Fsort_type%25253D%2525252Fcategory%2525252Fschools%2525252Fvacation%2525252Fsort%2525253Alowest_fee_per_month%2525252Fdirection%2525253Aasc,2023-07-07
https://schoolwith.me/category/schools/vacation/direction:desc?sort_type=/category/schools/vacation/sort:lowest_fee_per_month/direction:asc?sort_type%3D%252Fcategory%252Fschools%252Fvacation%252Fsort%253Alowest_fee_per_month%252Fdirection%253Aasc%253Fsort_type%253D%25252Fcategory%25252Fschools%25252Fvacation%25252Fdirection%25253Adesc%25253Fsort_type%25253D%2525252Fcategory%2525252Fschools%2525252Fvacation%2525252Fsort%2525253Alowest_fee_per_month%2525252Fdirection%2525253Aasc,2023-07-07
https://schoolwith.me/category/schools/vacation/direction:desc?sort_type=/category/schools/vacation/direction:desc?sort_type%3D%252Fcategory%252Fschools%252Fvacation%252Fsort%253Alowest_fee_per_month%252Fdirection%253Aasc%253Fsort_type%253D%25252Fcategory%25252Fschools%25252Fvacation%25252Fdirection%25253Adesc%25253Fsort_type%25253D%2525252Fcategory%2525252Fschools%2525252Fvacation%2525252Fsort%2525253Alowest_fee_per_month%2525252Fdirection%2525253Aasc,2023-07-07
https://schoolwith.me/category/schools/univ_going/direction:desc/country_id:2?sort_type=/category/schools/univ_going/country_id:2/direction:desc?sort_type%3D%252Fcategory%252Fschools%252Funiv_going%252Fcountry_id%253A2%252Fdirection%253Adesc%253Fsort_type%253D%25252Fcategory%25252Fschools%25252Funiv_going%25252Fcountry_id%25253A2%25252Fsort%25253Alowest_fee_per_month%25252Fdirection%25253Aasc%25253Fsort_type%25253D%2525252Fcategory%2525252Fschools%2525252Funiv_going%2525252Fcountry_id%2525253A2%2525252Fdirection%2525253Adesc%2525253Fsort_type%2525253D%252525252Fcategory%252525252Fschools%252525252Funiv_going%252525252Fcountry_id%252525253A2%252525252Fdirection%252525253Adesc%252525253Fsort_type%252525253D%25252525252Fcategory%25252525252Fschools%25252525252Funiv_going%25252525252Fcountry_id%25252525253A2%25252525252Fsort%25252525253Alowest_fee_per_month%25252525252Fdirection%25252525253Aasc%25252525253Fsort_type%25252525253D%2525252525252Fcategory%2525252525252Fschools%2525252525252Funiv_going%2525252525252Fcountry_id%2525252525253A2%2525252525252Fsort%2525252525253Alowest_fee_per_month%2525252525252Fdirection%2525252525253Aasc,2023-07-07
https://schoolwith.me/category/schools/short_term/direction:asc/country_id:4/area_id:4004/sort:lowest_fee_per_month?sort_type=/category/schools/short_term/direction:desc/country_id:4/area_id:4004?sort_type%3D%252Fcategory%252Fschools%252Fshort_term%252Fcountry_id%253A4%252Farea_id%253A4004%252Fsort%253Alowest_fee_per_month%252Fdirection%253Aasc%253Fsort_type%253D%25252Fcategory%25252Fschools%25252Fshort_term%25252Fcountry_id%25253A4%25252Farea_id%25253A4004%25252Fsort%25253Alowest_fee_per_month%25252Fdirection%25253Aasc%25253Fsort_type%25253D%2525252Fcategory%2525252Fschools%2525252Fshort_term%2525252Fcountry_id%2525253A4%2525252Farea_id%2525253A4004%2525252Fsort%2525253Alowest_fee_per_month%2525252Fdirection%2525253Aasc,2023-07-07
https://schoolwith.me/category/schools/non_japanese/direction:desc/country_id:6?sort_type=/category/schools/non_japanese/direction:asc/country_id:6/sort:lowest_fee_per_month?sort_type%3D%252Fcategory%252Fschools%252Fnon_japanese%252Fdirection%253Adesc%252Fcountry_id%253A6%253Fsort_type%253D%25252Fcategory%25252Fschools%25252Fnon_japanese%25252Fcountry_id%25253A6%25252Fsort%25253Alowest_fee_per_month%25252Fdirection%25253Aasc%25253Fsort_type%25253D%2525252Fcategory%2525252Fschools%2525252Fnon_japanese%2525252Fcountry_id%2525253A6%2525252Fdirection%2525253Adesc%2525253Fsort_type%2525253D%252525252Fcategory%252525252Fschools%252525252Fnon_japanese%252525252Fcountry_id%252525253A6%252525252Fdirection%252525253Adesc,2023-07-07
https://schoolwith.me/category/schools/short_term/direction:desc/country_id:5/area_id:5004?sort_type=/category/schools/short_term/direction:desc/country_id:5/area_id:5004?sort_type%3D%252Fcategory%252Fschools%252Fshort_term%252Fdirection%253Adesc%252Fcountry_id%253A5%252Farea_id%253A5004%253Fsort_type%253D%25252Fcategory%25252Fschools%25252Fshort_term%25252Fdirection%25253Adesc%25252Fcountry_id%25253A5%25252Farea_id%25253A5004%25253Fsort_type%25253D%2525252Fcategory%2525252Fschools%2525252Fshort_term%2525252Fdirection%2525253Adesc%2525252Fcountry_id%2525253A5%2525252Farea_id%2525253A5004,2023-07-07
https://schoolwith.me/category/schools/short_term/direction:desc/country_id:5/area_id:5004?sort_type=/category/schools/short_term/direction:desc/country_id:5/area_id:5004?sort_type%3D%252Fcategory%252Fschools%252Fshort_term%252Fcountry_id%253A5%252Farea_id%253A5004%252Fsort%253Alowest_fee_per_month%252Fdirection%253Aasc%253Fsort_type%253D%25252Fcategory%25252Fschools%25252Fshort_term%25252Fcountry_id%25253A5%25252Farea_id%25253A5004%25252Fsort%25253Alowest_fee_per_month%25252Fdirection%25253Aasc%25253Fsort_type%25253D%2525252Fcategory%2525252Fschools%2525252Fshort_term%2525252Fcountry_id%2525253A5%2525252Farea_id%2525253A5004%2525252Fsort%2525253Alowest_fee_per_month%2525252Fdirection%2525253Aasc,2023-07-07
https://schoolwith.me/category/schools/ielts/direction:desc/country_id:3/area_id:3001?sort_type=/category/schools/ielts/direction:asc/country_id:3/area_id:3001/sort:lowest_fee_per_month?sort_type%3D%252Fcategory%252Fschools%252Fielts%252Fdirection%253Aasc%252Fcountry_id%253A3%252Farea_id%253A3001%252Fsort%253Alowest_fee_per_month%253Fsort_type%253D%25252Fcategory%25252Fschools%25252Fielts%25252Fdirection%25253Aasc%25252Fcountry_id%25253A3%25252Farea_id%25253A3001%25252Fsort%25253Alowest_fee_per_month%25253Fsort_type%25253D%2525252Fcategory%2525252Fschools%2525252Fielts%2525252Fdirection%2525253Aasc%2525252Fsort%2525253Alowest_fee_per_month%2525252Fcountry_id%2525253A3%2525252Farea_id%2525253A3001,2023-07-07
https://schoolwith.me/category/schools/ielts/direction:desc/country_id:3/area_id:3001?sort_type=/category/schools/ielts/direction:desc/country_id:3/area_id:3001?sort_type%3D%252Fcategory%252Fschools%252Fielts%252Fdirection%253Adesc%252Fcountry_id%253A3%252Farea_id%253A3001%253Fsort_type%253D%25252Fcategory%25252Fschools%25252Fielts%25252Fdirection%25253Adesc%25252Fcountry_id%25253A3%25252Farea_id%25253A3001%25253Fsort_type%25253D%2525252Fcategory%2525252Fschools%2525252Fielts%2525252Fdirection%2525253Aasc%2525252Fcountry_id%2525253A3%2525252Farea_id%2525253A3001%2525252Fsort%2525253Alowest_fee_per_month%2525253Fsort_type%2525253D%252525252Fcategory%252525252Fschools%252525252Fielts%252525252Fdirection%252525253Aasc%252525252Fcountry_id%252525253A3%252525252Farea_id%252525253A3001%252525252Fsort%252525253Alowest_fee_per_month%252525253Fsort_type%252525253D%25252525252Fcategory%25252525252Fschools%25252525252Fielts%25252525252Fdirection%25252525253Aasc%25252525252Fsort%25252525253Alowest_fee_per_month%25252525252Fcountry_id%25252525253A3%25252525252Farea_id%25252525253A3001,2023-07-07
https://schoolwith.me/category/schools/cambridge/direction:asc/country_id:4/sort:lowest_fee_per_month?sort_type=/category/schools/cambridge/direction:desc/country_id:4?sort_type%3D%252Fcategory%252Fschools%252Fcambridge%252Fdirection%253Adesc%252Fcountry_id%253A4%253Fsort_type%253D%25252Fcategory%25252Fschools%25252Fcambridge%25252Fdirection%25253Adesc%25252Fcountry_id%25253A4%25253Fsort_type%25253D%2525252Fcategory%2525252Fschools%2525252Fcambridge%2525252Fdirection%2525253Aasc%2525252Fcountry_id%2525253A4%2525252Fsort%2525253Alowest_fee_per_month%2525253Fsort_type%2525253D%252525252Fcategory%252525252Fschools%252525252Fcambridge%252525252Fdirection%252525253Adesc%252525252Fcountry_id%252525253A4%252525253Fsort_type%252525253D%25252525252Fcategory%25252525252Fschools%25252525252Fcambridge%25252525252Fdirection%25252525253Adesc%25252525252Fcountry_id%25252525253A4%25252525253Fsort_type%25252525253D%2525252525252Fcategory%2525252525252Fschools%2525252525252Fcambridge%2525252525252Fdirection%2525252525253Adesc%2525252525252Fcountry_id%2525252525253A4%2525252525253Fsort_type%2525252525253D%252525252525252Fcategory%252525252525252Fschools%252525252525252Fcambridge%252525252525252Fdirection%252525252525253Adesc%252525252525252Fcountry_id%252525252525253A4,2023-07-07
https://schoolwith.me/category/schools/gmat/direction:desc/country_id:2?sort_type=/category/schools/gmat/direction:asc/sort:lowest_fee_per_month/country_id:2?sort_type%3D%252Fcategory%252Fschools%252Fgmat%252Fdirection%253Aasc%252Fcountry_id%253A2%252Fsort%253Alowest_fee_per_month%253Fsort_type%253D%25252Fcategory%25252Fschools%25252Fgmat%25252Fdirection%25253Aasc%25252Fsort%25253Alowest_fee_per_month%25252Fcountry_id%25253A2%25253Fsort_type%25253D%2525252Fcategory%2525252Fschools%2525252Fgmat%2525252Fdirection%2525253Adesc%2525252Fcountry_id%2525253A2%2525253Fsort_type%2525253D%252525252Fcategory%252525252Fschools%252525252Fgmat%252525252Fcountry_id%252525253A2%252525252Fdirection%252525253Adesc,2023-07-07
https://schoolwith.me/category/schools/ielts/direction:desc/country_id:2?sort_type=/category/schools/ielts/direction:desc/country_id:2?sort_type%3D%252Fcategory%252Fschools%252Fielts%252Fsort%253Alowest_fee_per_month%252Fdirection%253Aasc%252Fcountry_id%253A2,2023-07-07
https://schoolwith.me/category/schools/cambridge/direction:desc/country_id:2?sort_type=/category/schools/cambridge/direction:desc/country_id:2?sort_type%3D%252Fcategory%252Fschools%252Fcambridge%252Fdirection%253Aasc%252Fcountry_id%253A2%252Fsort%253Alowest_fee_per_month%253Fsort_type%253D%25252Fcategory%25252Fschools%25252Fcambridge%25252Fdirection%25253Adesc%25252Fcountry_id%25253A2,2023-07-07
https://schoolwith.me/category/schools/cambridge/direction:desc/country_id:2?sort_type=/category/schools/cambridge/direction:asc/country_id:2/sort:lowest_fee_per_month?sort_type%3D%252Fcategory%252Fschools%252Fcambridge%252Fdirection%253Adesc%252Fcountry_id%253A2%253Fsort_type%253D%25252Fcategory%25252Fschools%25252Fcambridge%25252Fdirection%25253Adesc%25252Fcountry_id%25253A2,2023-07-07
https://schoolwith.me/category/schools/barista/direction:asc/sort:lowest_fee_per_month?sort_type=/category/schools/barista/direction:desc?sort_type%3D%252Fcategory%252Fschools%252Fbarista%252Fdirection%253Aasc%252Fsort%253Alowest_fee_per_month%253Fsort_type%253D%25252Fcategory%25252Fschools%25252Fbarista%25252Fdirection%25253Adesc%25253Fsort_type%25253D%2525252Fcategory%2525252Fschools%2525252Fbarista,2023-07-07
https://schoolwith.me/category/schools/gmat/direction:desc/country_id:2?sort_type=/category/schools/gmat/direction:desc/country_id:2?sort_type%3D%252Fcategory%252Fschools%252Fgmat%252Fdirection%253Adesc%252Fcountry_id%253A2%253Fsort_type%253D%25252Fcategory%25252Fschools%25252Fgmat%25252Fdirection%25253Aasc%25252Fcountry_id%25253A2%25252Fsort%25253Alowest_fee_per_month%25253Fsort_type%25253D%2525252Fcategory%2525252Fschools%2525252Fgmat%2525252Fdirection%2525253Aasc%2525252Fsort%2525253Alowest_fee_per_month%2525252Fcountry_id%2525253A2%2525253Fsort_type%2525253D%252525252Fcategory%252525252Fschools%252525252Fgmat%252525252Fdirection%252525253Adesc%252525252Fcountry_id%252525253A2%252525253Fsort_type%252525253D%25252525252Fcategory%25252525252Fschools%25252525252Fgmat%25252525252Fcountry_id%25252525253A2%25252525252Fdirection%25252525253Adesc,2023-07-07
https://schoolwith.me/category/schools/cambridge/direction:desc/country_id:2?sort_type=/category/schools/cambridge/direction:desc/country_id:2?sort_type%3D%252Fcategory%252Fschools%252Fcambridge%252Fdirection%253Adesc%252Fcountry_id%253A2%253Fsort_type%253D%25252Fcategory%25252Fschools%25252Fcambridge%25252Fdirection%25253Adesc%25252Fcountry_id%25253A2,2023-07-07
https://schoolwith.me/category/schools/it/direction:desc/country_id:1?sort_type=/category/schools/it/direction:asc/country_id:1/sort:lowest_fee_per_month?sort_type%3D%252Fcategory%252Fschools%252Fit%252Fdirection%253Adesc%252Fcountry_id%253A1%253Fsort_type%253D%25252Fcategory%25252Fschools%25252Fit%25252Fsort%25253Alowest_fee_per_month%25252Fdirection%25253Aasc%25252Fcountry_id%25253A1,2023-07-07
https://schoolwith.me/category/schools/vacation/direction:desc?sort_type=/category/schools/vacation/sort:lowest_fee_per_month/direction:asc?sort_type%3D%252Fcategory%252Fschools%252Fvacation%252Fdirection%253Adesc%253Fsort_type%253D%25252Fcategory%25252Fschools%25252Fvacation%25252Fsort%25253Alowest_fee_per_month%25252Fdirection%25253Aasc,2023-07-07
https://schoolwith.me/category/schools/abroad_life/direction:asc/sort:lowest_fee_per_month/country_id:7/page:2?sort_type=/category/schools/abroad_life/direction:desc/country_id:7?sort_type%3D%252Fcategory%252Fschools%252Fabroad_life%252Fdirection%253Adesc%252Fcountry_id%253A7%253Fsort_type%253D%25252Fcategory%25252Fschools%25252Fabroad_life%25252Fdirection%25253Aasc%25252Fcountry_id%25253A7%25252Fsort%25253Alowest_fee_per_month%25253Fsort_type%25253D%2525252Fcategory%2525252Fschools%2525252Fabroad_life%2525252Fdirection%2525253Aasc%2525252Fcountry_id%2525253A7%2525252Fsort%2525253Alowest_fee_per_month%2525253Fsort_type%2525253D%252525252Fcategory%252525252Fschools%252525252Fabroad_life%252525252Fcountry_id%252525253A7%252525252Fdirection%252525253Adesc%252525253Fsort_type%252525253D%25252525252Fcategory%25252525252Fschools%25252525252Fabroad_life%25252525252Fcountry_id%25252525253A7%25252525252Fsort%25252525253Alowest_fee_per_month%25252525252Fdirection%25252525253Aasc%25252525253Fsort_type%25252525253D%2525252525252Fcategory%2525252525252Fschools%2525252525252Fabroad_life%2525252525252Fcountry_id%2525252525253A7%2525252525252Fsort%2525252525253Alowest_fee_per_month%2525252525252Fdirection%2525252525253Aasc%2525252525253Fsort_type%2525252525253D%252525252525252Fcategory%252525252525252Fschools%252525252525252Fabroad_life%252525252525252Fcountry_id%252525252525253A7%252525252525252Fdirection%252525252525253Adesc%252525252525253Fsort_type%252525252525253D%25252525252525252Fcategory%25252525252525252Fschools%25252525252525252Fabroad_life%25252525252525252Fcountry_id%25252525252525253A7%25252525252525252Fdirection%25252525252525253Adesc,2023-07-07
https://schoolwith.me/category/schools/ielts/direction:desc/country_id:3/area_id:3001?sort_type=/category/schools/ielts/direction:desc/country_id:3/area_id:3001?sort_type%3D%252Fcategory%252Fschools%252Fielts%252Fdirection%253Adesc%252Fcountry_id%253A3%252Farea_id%253A3001%253Fsort_type%253D%25252Fcategory%25252Fschools%25252Fielts%25252Fdirection%25253Aasc%25252Fcountry_id%25253A3%25252Farea_id%25253A3001%25252Fsort%25253Alowest_fee_per_month%25253Fsort_type%25253D%2525252Fcategory%2525252Fschools%2525252Fielts%2525252Fdirection%2525253Aasc%2525252Fcountry_id%2525253A3%2525252Farea_id%2525253A3001%2525252Fsort%2525253Alowest_fee_per_month%2525253Fsort_type%2525253D%252525252Fcategory%252525252Fschools%252525252Fielts%252525252Fdirection%252525253Aasc%252525252Fsort%252525253Alowest_fee_per_month%252525252Fcountry_id%252525253A3%252525252Farea_id%252525253A3001,2023-07-07
https://schoolwith.me/category/schools/working_holiday/direction:desc?sort_type=/category/schools/working_holiday/direction:desc?sort_type%3D%252Fcategory%252Fschools%252Fworking_holiday%252Fsort%253Alowest_fee_per_month%252Fdirection%253Aasc%253Fsort_type%253D%25252Fcategory%25252Fschools%25252Fworking_holiday%25252Fdirection%25253Adesc%25253Fsort_type%25253D%2525252Fcategory%2525252Fschools%2525252Fworking_holiday%2525252Fsort%2525253Alowest_fee_per_month%2525252Fdirection%2525253AASC,2023-07-07
https://schoolwith.me/category/schools/vacation/direction:desc?sort_type=/category/schools/vacation/direction:desc?sort_type%3D%252Fcategory%252Fschools%252Fvacation%252Fsort%253Alowest_fee_per_month%252Fdirection%253Aasc%253Fsort_type%253D%25252Fcategory%25252Fschools%25252Fvacation%25252Fsort%25253Alowest_fee_per_month%25252Fdirection%25253Aasc,2023-07-07
https://schoolwith.me/category/schools/ielts/direction:desc/country_id:3/area_id:3001?sort_type=/category/schools/ielts/direction:desc/country_id:3/area_id:3001?sort_type%3D%252Fcategory%252Fschools%252Fielts%252Fdirection%253Aasc%252Fcountry_id%253A3%252Farea_id%253A3001%252Fsort%253Alowest_fee_per_month%253Fsort_type%253D%25252Fcategory%25252Fschools%25252Fielts%25252Fdirection%25253Aasc%25252Fcountry_id%25253A3%25252Farea_id%25253A3001%25252Fsort%25253Alowest_fee_per_month%25253Fsort_type%25253D%2525252Fcategory%2525252Fschools%2525252Fielts%2525252Fdirection%2525253Aasc%2525252Fsort%2525253Alowest_fee_per_month%2525252Fcountry_id%2525253A3%2525252Farea_id%2525253A3001,2023-07-07
https://schoolwith.me/category/schools/short_term/direction:desc/country_id:5/area_id:5004?sort_type=/category/schools/short_term/country_id:5/area_id:5004/sort:lowest_fee_per_month/direction:asc?sort_type%3D%252Fcategory%252Fschools%252Fshort_term%252Fcountry_id%253A5%252Farea_id%253A5004%252Fsort%253Alowest_fee_per_month%252Fdirection%253Aasc%253Fsort_type%253D%25252Fcategory%25252Fschools%25252Fshort_term%25252Fcountry_id%25253A5%25252Farea_id%25253A5004%25252Fsort%25253Alowest_fee_per_month%25252Fdirection%25253Aasc,2023-07-07
https://schoolwith.me/category/schools/it/direction:desc/country_id:1?sort_type=/category/schools/it/direction:desc/country_id:1?sort_type%3D%252Fcategory%252Fschools%252Fit%252Fdirection%253Aasc%252Fcountry_id%253A1%252Fsort%253Alowest_fee_per_month%253Fsort_type%253D%25252Fcategory%25252Fschools%25252Fit%25252Fsort%25253Alowest_fee_per_month%25252Fdirection%25253Aasc%25252Fcountry_id%25253A1%25253Fsort_type%25253D%2525252Fcategory%2525252Fschools%2525252Fit%2525252Fsort%2525253Alowest_fee_per_month%2525252Fdirection%2525253Aasc%2525252Fcountry_id%2525253A1,2023-07-07
https://schoolwith.me/category/schools/gmat/direction:desc/country_id:2?sort_type=/category/schools/gmat/direction:asc/country_id:2/sort:lowest_fee_per_month?sort_type%3D%252Fcategory%252Fschools%252Fgmat%252Fdirection%253Adesc%252Fcountry_id%253A2%253Fsort_type%253D%25252Fcategory%25252Fschools%25252Fgmat%25252Fdirection%25253Aasc%25252Fcountry_id%25253A2%25252Fsort%25253Alowest_fee_per_month%25253Fsort_type%25253D%2525252Fcategory%2525252Fschools%2525252Fgmat%2525252Fdirection%2525253Aasc%2525252Fsort%2525253Alowest_fee_per_month%2525252Fcountry_id%2525253A2%2525253Fsort_type%2525253D%252525252Fcategory%252525252Fschools%252525252Fgmat%252525252Fdirection%252525253Adesc%252525252Fcountry_id%252525253A2%252525253Fsort_type%252525253D%25252525252Fcategory%25252525252Fschools%25252525252Fgmat%25252525252Fcountry_id%25252525253A2%25252525252Fdirection%25252525253Adesc,2023-07-07
https://schoolwith.me/category/schools/gmat/direction:desc/country_id:2?sort_type=/category/schools/gmat/direction:desc/country_id:2?sort_type%3D%252Fcategory%252Fschools%252Fgmat%252Fdirection%253Adesc%252Fcountry_id%253A2%253Fsort_type%253D%25252Fcategory%25252Fschools%25252Fgmat%25252Fdirection%25253Aasc%25252Fcountry_id%25253A2%25252Fsort%25253Alowest_fee_per_month%25253Fsort_type%25253D%2525252Fcategory%2525252Fschools%2525252Fgmat%2525252Fdirection%2525253Aasc%2525252Fsort%2525253Alowest_fee_per_month%2525252Fcountry_id%2525253A2%2525253Fsort_type%2525253D%252525252Fcategory%252525252Fschools%252525252Fgmat%252525252Fdirection%252525253Adesc%252525252Fcountry_id%252525253A2%252525253Fsort_type%252525253D%25252525252Fcategory%25252525252Fschools%25252525252Fgmat%25252525252Fcountry_id%25252525253A2%25252525252Fdirection%25252525253Adesc,2023-07-07
https://schoolwith.me/category/schools/univ_going/direction:asc/sort:lowest_fee_per_month?sort_type=/category/schools/univ_going/direction:desc?sort_type%3D%252Fcategory%252Fschools%252Funiv_going%252Fsort%253Alowest_fee_per_month%252Fdirection%253Aasc%253Fsort_type%253D%25252Fcategory%25252Fschools%25252Funiv_going%25252Fdirection%25253Adesc%25253Fsort_type%25253D%2525252Fcategory%2525252Fschools%2525252Funiv_going%2525252Fsort%2525253Atmp_overall_score%2525252Fdirection%2525253ADESC,2023-07-07
https://schoolwith.me/category/schools/toeic/direction:desc/country_id:8?sort_type=/category/schools/toeic/direction:desc/country_id:8?sort_type%3D%252Fcategory%252Fschools%252Ftoeic%252Fcountry_id%253A8%252Fdirection%253Adesc%253Fsort_type%253D%25252Fcategory%25252Fschools%25252Ftoeic%25252Fcountry_id%25253A8%25252Fdirection%25253Adesc%25253Fsort_type%25253D%2525252Fcategory%2525252Fschools%2525252Ftoeic%2525252Fcountry_id%2525253A8%2525252Fsort%2525253Alowest_fee_per_month%2525252Fdirection%2525253Aasc%2525253Fsort_type%2525253D%252525252Fcategory%252525252Fschools%252525252Ftoeic%252525252Fcountry_id%252525253A8%252525252Fdirection%252525253Adesc%252525253Fsort_type%252525253D%25252525252Fcategory%25252525252Fschools%25252525252Ftoeic%25252525252Fcountry_id%25252525253A8%25252525252Fsort%25252525253Alowest_fee_per_month%25252525252Fdirection%25252525253Aasc%25252525253Fsort_type%25252525253D%2525252525252Fcategory%2525252525252Fschools%2525252525252Ftoeic%2525252525252Fcountry_id%2525252525253A8%2525252525252Fsort%2525252525253Alowest_fee_per_month%2525252525252Fdirection%2525252525253Aasc%2525252525253Fsort_type%2525252525253D%252525252525252Fcategory%252525252525252Fschools%252525252525252Ftoeic%252525252525252Fcountry_id%252525252525253A8%252525252525252Fsort%252525252525253Alowest_fee_per_month%252525252525252Fdirection%252525252525253Aasc,2023-07-07
https://schoolwith.me/category/schools/toeic/direction:desc/country_id:1?sort_type=/category/schools/toeic/sort:lowest_fee_per_month/direction:asc/country_id:1?sort_type%3D%252Fcategory%252Fschools%252Ftoeic%252Fsort%253Alowest_fee_per_month%252Fdirection%253Aasc%252Fcountry_id%253A1%253Fsort_type%253D%25252Fcategory%25252Fschools%25252Ftoeic%25252Fcountry_id%25253A1%25252Fsort%25253Alowest_fee_per_month%25252Fdirection%25253Aasc%25253Fsort_type%25253D%2525252Fcategory%2525252Fschools%2525252Ftoeic%2525252Fcountry_id%2525253A1%2525252Fsort%2525253Alowest_fee_per_month%2525252Fdirection%2525253Aasc%2525253Fsort_type%2525253D%252525252Fcategory%252525252Fschools%252525252Ftoeic%252525252Fcountry_id%252525253A1%252525252Fsort%252525253Alowest_fee_per_month%252525252Fdirection%252525253Aasc%252525253Fsort_type%252525253D%25252525252Fcategory%25252525252Fschools%25252525252Ftoeic%25252525252Fcountry_id%25252525253A1%25252525252Fsort%25252525253Alowest_fee_per_month%25252525252Fdirection%25252525253Aasc%25252525253Fsort_type%25252525253D%2525252525252Fcategory%2525252525252Fschools%2525252525252Ftoeic%2525252525252Fcountry_id%2525252525253A1%2525252525252Fdirection%2525252525253Adesc%2525252525253Fsort_type%2525252525253D%252525252525252Fcategory%252525252525252Fschools%252525252525252Ftoeic%252525252525252Fcountry_id%252525252525253A1%252525252525252Fsort%252525252525253Alowest_fee_per_month%252525252525252Fdirection%252525252525253Aasc%252525252525253Fsort_type%252525252525253D%25252525252525252Fcategory%25252525252525252Fschools%25252525252525252Ftoeic%25252525252525252Fcountry_id%25252525252525253A1%25252525252525252Fdirection%25252525252525253Adesc,2023-07-07
https://schoolwith.me/category/schools/gmat/direction:asc/sort:lowest_fee_per_month?sort_type=/category/schools/gmat/direction:desc?sort_type%3D%252Fcategory%252Fschools%252Fgmat%252Fsort%253Alowest_fee_per_month%252Fdirection%253Aasc%253Fsort_type%253D%25252Fcategory%25252Fschools%25252Fgmat%25252Fsort%25253Alowest_fee_per_month%25252Fdirection%25253Aasc%25253Fsort_type%25253D%2525252Fcategory%2525252Fschools%2525252Fgmat%2525252Fdirection%2525253Adesc%2525253Fsort_type%2525253D%252525252Fcategory%252525252Fschools%252525252Fgmat%252525252Fsort%252525253Alowest_fee_per_month%252525252Fdirection%252525253Aasc%252525253Fsort_type%252525253D%25252525252Fcategory%25252525252Fschools%25252525252Fgmat%25252525252Fdirection%25252525253Adesc%25252525253Fsort_type%25252525253D%2525252525252Fcategory%2525252525252Fschools%2525252525252Fgmat%2525252525252Fsort%2525252525253Alowest_fee_per_month%2525252525252Fdirection%2525252525253Aasc%2525252525253Fsort_type%2525252525253D%252525252525252Fcategory%252525252525252Fschools%252525252525252Fgmat%252525252525252Fdirection%252525252525253Adesc,2023-07-07
https://schoolwith.me/category/schools/vacation/direction:desc?sort_type=/category/schools/vacation/direction:desc?sort_type%3D%252Fcategory%252Fschools%252Fvacation%252Fdirection%253Aasc%252Fsort%253Alowest_fee_per_month%253Fsort_type%253D%25252Fcategory%25252Fschools%25252Fvacation%25252Fsort%25253Alowest_fee_per_month%25252Fdirection%25253Aasc%25253Fsort_type%25253D%2525252Fcategory%2525252Fschools%2525252Fvacation%2525252Fsort%2525253Alowest_fee_per_month%2525252Fdirection%2525253Aasc,2023-07-07
https://schoolwith.me/category/schools/business/direction:desc/country_id:5/area_id:5014?sort_type=/category/schools/business/direction:desc/country_id:5/area_id:5014?sort_type%3D%252Fcategory%252Fschools%252Fbusiness%252Fdirection%253Adesc%252Fcountry_id%253A5%252Farea_id%253A5014%253Fsort_type%253D%25252Fcategory%25252Fschools%25252Fbusiness%25252Fcountry_id%25253A5%25252Farea_id%25253A5014%25252Fsort%25253Alowest_fee_per_month%25252Fdirection%25253Aasc,2023-07-07
https://schoolwith.me/category/schools/non_japanese/direction:desc/country_id:6?sort_type=/category/schools/non_japanese/direction:asc/country_id:6/sort:lowest_fee_per_month?sort_type%3D%252Fcategory%252Fschools%252Fnon_japanese%252Fdirection%253Adesc%252Fcountry_id%253A6%253Fsort_type%253D%25252Fcategory%25252Fschools%25252Fnon_japanese%25252Fsort%25253Alowest_fee_per_month%25252Fdirection%25253Aasc%25252Fcountry_id%25253A6%25253Fsort_type%25253D%2525252Fcategory%2525252Fschools%2525252Fnon_japanese%2525252Fdirection%2525253Adesc%2525252Fcountry_id%2525253A6%2525253Fsort_type%2525253D%252525252Fcategory%252525252Fschools%252525252Fnon_japanese%252525252Fsort%252525253Alowest_fee_per_month%252525252Fdirection%252525253Aasc%252525252Fcountry_id%252525253A6,2023-07-07
https://schoolwith.me/category/schools/ielts/country_id:4/area_id:4004/sort:lowest_fee_per_month/direction:asc?sort_type=/category/schools/ielts/country_id:4/area_id:4004/direction:desc?sort_type%3D%252Fcategory%252Fschools%252Fielts%252Fcountry_id%253A4%252Farea_id%253A4004%252Fsort%253Alowest_fee_per_month%252Fdirection%253Aasc%253Fsort_type%253D%25252Fcategory%25252Fschools%25252Fielts%25252Fcountry_id%25253A4%25252Farea_id%25253A4004%25252Fdirection%25253Adesc%25253Fsort_type%25253D%2525252Fcategory%2525252Fschools%2525252Fielts%2525252Fcountry_id%2525253A4%2525252Farea_id%2525253A4004%2525252Fsort%2525253Alowest_fee_per_month%2525252Fdirection%2525253Aasc,2023-07-07
https://schoolwith.me/category/schools/toefl/direction:desc/country_id:4?sort_type=/category/schools/toefl/direction:desc/country_id:4?sort_type%3D%252Fcategory%252Fschools%252Ftoefl%252Fsort%253Alowest_fee_per_month%252Fdirection%253Aasc%252Fcountry_id%253A4%253Fsort_type%253D%25252Fcategory%25252Fschools%25252Ftoefl%25252Fdirection%25253Adesc%25252Fcountry_id%25253A4%25253Fsort_type%25253D%2525252Fcategory%2525252Fschools%2525252Ftoefl%2525252Fsort%2525253Alowest_fee_per_month%2525252Fdirection%2525253Aasc%2525252Fcountry_id%2525253A4%2525253Fsort_type%2525253D%252525252Fcategory%252525252Fschools%252525252Ftoefl%252525252Fdirection%252525253Adesc%252525252Fcountry_id%252525253A4,2023-07-07
https://schoolwith.me/category/schools/ielts/direction:desc/country_id:2?sort_type=/category/schools/ielts/direction:desc/country_id:2?sort_type%3D%252Fcategory%252Fschools%252Fielts%252Fdirection%253Adesc%252Fcountry_id%253A2%253Fsort_type%253D%25252Fcategory%25252Fschools%25252Fielts%25252Fdirection%25253Aasc%25252Fcountry_id%25253A2%25252Fsort%25253Alowest_fee_per_month%25253Fsort_type%25253D%2525252Fcategory%2525252Fschools%2525252Fielts%2525252Fsort%2525253Alowest_fee_per_month%2525252Fdirection%2525253Aasc%2525252Fcountry_id%2525253A2,2023-07-07
https://schoolwith.me/category/schools/it/direction:desc/country_id:1?sort_type=/category/schools/it/direction:desc/country_id:1?sort_type%3D%252Fcategory%252Fschools%252Fit%252Fsort%253Alowest_fee_per_month%252Fdirection%253Aasc%252Fcountry_id%253A1%253Fsort_type%253D%25252Fcategory%25252Fschools%25252Fit%25252Fsort%25253Alowest_fee_per_month%25252Fdirection%25253Aasc%25252Fcountry_id%25253A1,2023-07-07
https://schoolwith.me/category/schools/business/direction:desc/country_id:2?sort_type=/category/schools/business/direction:asc/sort:lowest_fee_per_month/country_id:2?sort_type%3D%252Fcategory%252Fschools%252Fbusiness%252Fdirection%253Aasc%252Fcountry_id%253A2%252Fsort%253Alowest_fee_per_month%253Fsort_type%253D%25252Fcategory%25252Fschools%25252Fbusiness%25252Fdirection%25253Adesc%25252Fcountry_id%25253A2%25253Fsort_type%25253D%2525252Fcategory%2525252Fschools%2525252Fbusiness%2525252Fdirection%2525253Aasc%2525252Fcountry_id%2525253A2%2525252Fsort%2525253Alowest_fee_per_month%2525253Fsort_type%2525253D%252525252Fcategory%252525252Fschools%252525252Fbusiness%252525252Fcountry_id%252525253A2%252525252Fsort%252525253Alowest_fee_per_month%252525252Fdirection%252525253Aasc,2023-07-07
https://schoolwith.me/category/schools/univ_going/direction:asc/sort:lowest_fee_per_month?sort_type=/category/schools/univ_going/direction:desc?sort_type%3D%252Fcategory%252Fschools%252Funiv_going%252Fsort%253Alowest_fee_per_month%252Fdirection%253Aasc%253Fsort_type%253D%25252Fcategory%25252Fschools%25252Funiv_going%25252Fdirection%25253Adesc%25253Fsort_type%25253D%2525252Fcategory%2525252Fschools%2525252Funiv_going%2525252Fsort%2525253Atmp_overall_score%2525252Fdirection%2525253ADESC,2023-07-07
https://schoolwith.me/category/schools/it/direction:desc/country_id:1?sort_type=/category/schools/it/direction:desc/country_id:1?sort_type%3D%252Fcategory%252Fschools%252Fit%252Fdirection%253Adesc%252Fcountry_id%253A1%253Fsort_type%253D%25252Fcategory%25252Fschools%25252Fit%25252Fdirection%25253Adesc%25252Fcountry_id%25253A1%25253Fsort_type%25253D%2525252Fcategory%2525252Fschools%2525252Fit%2525252Fsort%2525253Alowest_fee_per_month%2525252Fdirection%2525253Aasc%2525252Fcountry_id%2525253A1,2023-07-07
https://schoolwith.me/category/schools/it/direction:desc/country_id:1?sort_type=/category/schools/it/direction:asc/country_id:1/sort:lowest_fee_per_month?sort_type%3D%252Fcategory%252Fschools%252Fit%252Fdirection%253Adesc%252Fcountry_id%253A1%253Fsort_type%253D%25252Fcategory%25252Fschools%25252Fit%25252Fdirection%25253Adesc%25252Fcountry_id%25253A1%25253Fsort_type%25253D%2525252Fcategory%2525252Fschools%2525252Fit%2525252Fsort%2525253Alowest_fee_per_month%2525252Fdirection%2525253Aasc%2525252Fcountry_id%2525253A1,2023-07-07
https://schoolwith.me/category/schools/cambridge/direction:asc/country_id:4/sort:lowest_fee_per_month?sort_type=/category/schools/cambridge/direction:desc/country_id:4?sort_type%3D%252Fcategory%252Fschools%252Fcambridge%252Fdirection%253Adesc%252Fcountry_id%253A4%253Fsort_type%253D%25252Fcategory%25252Fschools%25252Fcambridge%25252Fdirection%25253Adesc%25252Fcountry_id%25253A4%25253Fsort_type%25253D%2525252Fcategory%2525252Fschools%2525252Fcambridge%2525252Fdirection%2525253Adesc%2525252Fcountry_id%2525253A4%2525253Fsort_type%2525253D%252525252Fcategory%252525252Fschools%252525252Fcambridge%252525252Fdirection%252525253Adesc%252525252Fcountry_id%252525253A4%252525253Fsort_type%252525253D%25252525252Fcategory%25252525252Fschools%25252525252Fcambridge%25252525252Fdirection%25252525253Aasc%25252525252Fcountry_id%25252525253A4%25252525252Fsort%25252525253Alowest_fee_per_month%25252525253Fsort_type%25252525253D%2525252525252Fcategory%2525252525252Fschools%2525252525252Fcambridge%2525252525252Fdirection%2525252525253Aasc%2525252525252Fcountry_id%2525252525253A4%2525252525252Fsort%2525252525253Alowest_fee_per_month%2525252525253Fsort_type%2525252525253D%252525252525252Fcategory%252525252525252Fschools%252525252525252Fcambridge%252525252525252Fdirection%252525252525253Adesc%252525252525252Fcountry_id%252525252525253A4%252525252525253Fsort_type%252525252525253D%25252525252525252Fcategory%25252525252525252Fschools%25252525252525252Fcambridge%25252525252525252Fdirection%25252525252525253Aasc%25252525252525252Fcountry_id%25252525252525253A4%25252525252525252Fsort%25252525252525253Alowest_fee_per_month,2023-07-07
https://schoolwith.me/category/schools/ielts/direction:desc?sort_type=/category/schools/ielts/direction:desc?utm_content%3Dbufferb2bf9%26amp;amp%253Bamp%253Bamp%253Bamp%253Butm_medium%3Dsocial%26amp;amp%253Bamp%253Bamp%253Bamp%253Butm_source%3Dtwitter.com%26amp;amp%253Bamp%253Bamp%253Bamp%253Butm_campaign%3Dbuffer,2023-07-07
https://schoolwith.me/category/schools/barista/direction:asc/sort:lowest_fee_per_month?sort_type=/category/schools/barista/direction:asc/sort:lowest_fee_per_month?sort_type%3D%252Fcategory%252Fschools%252Fbarista%252Fdirection%253Aasc%252Fsort%253Alowest_fee_per_month%253Fsort_type%253D%25252Fcategory%25252Fschools%25252Fbarista,2023-07-07
https://schoolwith.me/category/schools/barista/direction:asc/sort:lowest_fee_per_month?sort_type=/category/schools/barista/direction:desc?sort_type%3D%252Fcategory%252Fschools%252Fbarista%252Fdirection%253Aasc%252Fsort%253Alowest_fee_per_month%253Fsort_type%253D%25252Fcategory%25252Fschools%25252Fbarista,2023-07-07
https://schoolwith.me/category/schools/business/direction:desc/country_id:2?sort_type=/category/schools/business/direction:desc/country_id:2?sort_type%3D%252Fcategory%252Fschools%252Fbusiness%252Fdirection%253Adesc%252Fcountry_id%253A2%253Fsort_type%253D%25252Fcategory%25252Fschools%25252Fbusiness%25252Fcountry_id%25253A2%25252Fdirection%25253Adesc%25253Fsort_type%25253D%2525252Fcategory%2525252Fschools%2525252Fbusiness%2525252Fcountry_id%2525253A2%2525252Fsort%2525253Alowest_fee_per_month%2525252Fdirection%2525253Aasc%2525253Fsort_type%2525253D%252525252Fcategory%252525252Fschools%252525252Fbusiness%252525252Fcountry_id%252525253A2%252525252Fdirection%252525253Adesc%252525253Fsort_type%252525253D%25252525252Fcategory%25252525252Fschools%25252525252Fbusiness%25252525252Fcountry_id%25252525253A2%25252525252Fsort%25252525253Alowest_fee_per_month%25252525252Fdirection%25252525253Aasc,2023-07-07
https://schoolwith.me/category/schools/it/direction:desc/country_id:1?sort_type=/category/schools/it/direction:asc/country_id:1/sort:lowest_fee_per_month?sort_type%3D%252Fcategory%252Fschools%252Fit%252Fdirection%253Aasc%252Fcountry_id%253A1%252Fsort%253Alowest_fee_per_month%253Fsort_type%253D%25252Fcategory%25252Fschools%25252Fit%25252Fdirection%25253Adesc%25252Fcountry_id%25253A1%25253Fsort_type%25253D%2525252Fcategory%2525252Fschools%2525252Fit%2525252Fsort%2525253Alowest_fee_per_month%2525252Fdirection%2525253Aasc%2525252Fcountry_id%2525253A1,2023-07-07
https://schoolwith.me/category/schools/ielts/direction:desc/country_id:2?sort_type=/category/schools/ielts/direction:asc/country_id:2/sort:lowest_fee_per_month?sort_type%3D%252Fcategory%252Fschools%252Fielts%252Fsort%253Alowest_fee_per_month%252Fdirection%253Aasc%252Fcountry_id%253A2,2023-07-07
https://schoolwith.me/category/schools/abroad_life/direction:desc?sort_type=/category/schools/abroad_life/direction:asc/sort:lowest_fee_per_month?sort_type%3D%252Fcategory%252Fschools%252Fabroad_life%252Fdirection%253Adesc%253Fsort_type%253D%25252Fcategory%25252Fschools%25252Fabroad_life%25252Fdirection%25253Adesc%25253Fsort_type%25253D%2525252Fcategory%2525252Fschools%2525252Fabroad_life%2525252Fsort%2525253Alowest_fee_per_month%2525252Fdirection%2525253Aasc%2525253Fsort_type%2525253D%252525252Fcategory%252525252Fschools%252525252Fabroad_life%252525252Fdirection%252525253Adesc%252525253Fsort_type%252525253D%25252525252Fcategory%25252525252Fschools%25252525252Fabroad_life%25252525252Fdirection%25252525253Adesc%25252525253Fsort_type%25252525253D%2525252525252Fcategory%2525252525252Fschools%2525252525252Fabroad_life%2525252525252Fsort%2525252525253Alowest_fee_per_month%2525252525252Fdirection%2525252525253Aasc%2525252525253Fsort_type%2525252525253D%252525252525252Fcategory%252525252525252Fschools%252525252525252Fabroad_life%252525252525253Fsort_type%252525252525253D%25252525252525252Fcategory%25252525252525252Fschools%25252525252525252Fabroad_life,2023-07-07
https://schoolwith.me/category/schools/cambridge/direction:desc/country_id:2?sort_type=/category/schools/cambridge/direction:asc/country_id:2/sort:lowest_fee_per_month?sort_type%3D%252Fcategory%252Fschools%252Fcambridge%252Fcountry_id%253A2%252Fsort%253Alowest_fee_per_month%252Fdirection%253Aasc%253Fsort_type%253D%25252Fcategory%25252Fschools%25252Fcambridge%25252Fcountry_id%25253A2%25252Fdirection%25253Adesc,2023-07-07
https://schoolwith.me/category/schools/business/direction:desc/country_id:5?sort_type=/category/schools/business/direction:asc/country_id:5/sort:lowest_fee_per_month?sort_type%3D%252Fcategory%252Fschools%252Fbusiness%252Fdirection%253Aasc%252Fcountry_id%253A5%252Fsort%253Alowest_fee_per_month%253Fsort_type%253D%25252Fcategory%25252Fschools%25252Fbusiness%25252Fdirection%25253Aasc%25252Fcountry_id%25253A5%25252Fsort%25253Alowest_fee_per_month%25253Fsort_type%25253D%2525252Fcategory%2525252Fschools%2525252Fbusiness%2525252Fdirection%2525253Aasc%2525252Fcountry_id%2525253A5%2525252Fsort%2525253Alowest_fee_per_month%2525253Fsort_type%2525253D%252525252Fcategory%252525252Fschools%252525252Fbusiness%252525252Fdirection%252525253Adesc%252525252Fcountry_id%252525253A5,2023-07-07
https://schoolwith.me/category/schools/gmat/direction:desc/country_id:2?sort_type=/category/schools/gmat/direction:desc/country_id:2?sort_type%3D%252Fcategory%252Fschools%252Fgmat%252Fdirection%253Aasc%252Fcountry_id%253A2%252Fsort%253Alowest_fee_per_month%253Fsort_type%253D%25252Fcategory%25252Fschools%25252Fgmat%25252Fdirection%25253Aasc%25252Fsort%25253Alowest_fee_per_month%25252Fcountry_id%25253A2%25253Fsort_type%25253D%2525252Fcategory%2525252Fschools%2525252Fgmat%2525252Fdirection%2525253Adesc%2525252Fcountry_id%2525253A2%2525253Fsort_type%2525253D%252525252Fcategory%252525252Fschools%252525252Fgmat%252525252Fcountry_id%252525253A2%252525252Fdirection%252525253Adesc,2023-07-07
https://schoolwith.me/category/schools/ielts/direction:desc/country_id:6?sort_type=/category/schools/ielts/direction:desc/country_id:6?sort_type%3D%252Fcategory%252Fschools%252Fielts%252Fdirection%253Aasc%252Fcountry_id%253A6%252Fsort%253Alowest_fee_per_month%253Fsort_type%253D%25252Fcategory%25252Fschools%25252Fielts%25252Fdirection%25253Aasc%25252Fcountry_id%25253A6%25252Fsort%25253Alowest_fee_per_month%25253Fsort_type%25253D%2525252Fcategory%2525252Fschools%2525252Fielts%2525252Fdirection%2525253Adesc%2525252Fcountry_id%2525253A6%2525253Fsort_type%2525253D%252525252Fcategory%252525252Fschools%252525252Fielts%252525252Fdirection%252525253Adesc%252525252Fcountry_id%252525253A6%252525253Fsort_type%252525253D%25252525252Fcategory%25252525252Fschools%25252525252Fielts%25252525252Fdirection%25252525253Adesc%25252525252Fcountry_id%25252525253A6%25252525253Fsort_type%25252525253D%2525252525252Fcategory%2525252525252Fschools%2525252525252Fielts%2525252525252Fdirection%2525252525253Adesc%2525252525252Fcountry_id%2525252525253A6%2525252525253Fsort_type%2525252525253D%252525252525252Fcategory%252525252525252Fschools%252525252525252Fielts%252525252525252Fcountry_id%252525252525253A6%252525252525253Fsort_type%252525252525253D%25252525252525252Fcategory%25252525252525252Fschools%25252525252525252Fielts%25252525252525252Fsort%25252525252525253Alowest_fee_per_month%25252525252525252Fdirection%25252525252525253AASC%25252525252525252Fcountry_id%25252525252525253A6,2023-07-07
https://schoolwith.me/category/schools/business/direction:desc/country_id:5?sort_type=/category/schools/business/direction:desc/country_id:5?sort_type%3D%252Fcategory%252Fschools%252Fbusiness%252Fdirection%253Adesc%252Fcountry_id%253A5%253Fsort_type%253D%25252Fcategory%25252Fschools%25252Fbusiness%25252Fdirection%25253Adesc%25252Fcountry_id%25253A5%25253Fsort_type%25253D%2525252Fcategory%2525252Fschools%2525252Fbusiness%2525252Fdirection%2525253Aasc%2525252Fcountry_id%2525253A5%2525252Fsort%2525253Alowest_fee_per_month%2525253Fsort_type%2525253D%252525252Fcategory%252525252Fschools%252525252Fbusiness%252525252Fdirection%252525253Aasc%252525252Fcountry_id%252525253A5%252525252Fsort%252525253Alowest_fee_per_month%252525253Fsort_type%252525253D%25252525252Fcategory%25252525252Fschools%25252525252Fbusiness%25252525252Fdirection%25252525253Adesc%25252525252Fcountry_id%25252525253A5,2023-07-07
https://schoolwith.me/category/schools/short_term/direction:desc/country_id:4?sort_type=/category/schools/short_term/direction:asc/country_id:4/sort:lowest_fee_per_month?sort_type%3D%252Fcategory%252Fschools%252Fshort_term%252Fdirection%253Adesc%252Fcountry_id%253A4%253Fsort_type%253D%25252Fcategory%25252Fschools%25252Fshort_term%25252Fdirection%25253Adesc%25252Fcountry_id%25253A4%25253Fsort_type%25253D%2525252Fcategory%2525252Fschools%2525252Fshort_term%2525252Fsort%2525253Alowest_fee_per_month%2525252Fdirection%2525253Aasc%2525252Fcountry_id%2525253A4,2023-07-07
https://schoolwith.me/category/schools/short_term/direction:desc/country_id:4?sort_type=/category/schools/short_term/direction:desc/country_id:4?sort_type%3D%252Fcategory%252Fschools%252Fshort_term%252Fdirection%253Adesc%252Fcountry_id%253A4%253Fsort_type%253D%25252Fcategory%25252Fschools%25252Fshort_term%25252Fdirection%25253Adesc%25252Fcountry_id%25253A4%25253Fsort_type%25253D%2525252Fcategory%2525252Fschools%2525252Fshort_term%2525252Fsort%2525253Alowest_fee_per_month%2525252Fdirection%2525253Aasc%2525252Fcountry_id%2525253A4,2023-07-07
https://schoolwith.me/category/schools/barista/direction:asc/sort:lowest_fee_per_month?sort_type=/category/schools/barista/sort:lowest_fee_per_month/direction:asc?sort_type%3D%252Fcategory%252Fschools%252Fbarista%252Fdirection%253Adesc%253Fsort_type%253D%25252Fcategory%25252Fschools%25252Fbarista,2023-07-07
https://schoolwith.me/category/schools/vacation/sort:lowest_fee_per_month/direction:asc?sort_type=/category/schools/vacation/direction:desc?sort_type%3D%252Fcategory%252Fschools%252Fvacation%252Fsort%253Alowest_fee_per_month%252Fdirection%253Aasc,2023-07-07
https://schoolwith.me/category/schools/business/direction:desc/country_id:5?sort_type=/category/schools/business/direction:asc/country_id:5/sort:lowest_fee_per_month?sort_type%3D%252Fcategory%252Fschools%252Fbusiness%252Fdirection%253Adesc%252Fcountry_id%253A5,2023-07-07
https://schoolwith.me/category/schools/ielts/direction:desc/country_id:2?sort_type=/category/schools/ielts/direction:desc/country_id:2?sort_type%3D%252Fcategory%252Fschools%252Fielts%252Fdirection%253Aasc%252Fcountry_id%253A2%252Fsort%253Alowest_fee_per_month%253Fsort_type%253D%25252Fcategory%25252Fschools%25252Fielts%25252Fdirection%25253Adesc%25252Fcountry_id%25253A2%25253Fsort_type%25253D%2525252Fcategory%2525252Fschools%2525252Fielts%2525252Fdirection%2525253Aasc%2525252Fcountry_id%2525253A2%2525252Fsort%2525253Alowest_fee_per_month%2525253Fsort_type%2525253D%252525252Fcategory%252525252Fschools%252525252Fielts%252525252Fsort%252525253Alowest_fee_per_month%252525252Fdirection%252525253Aasc%252525252Fcountry_id%252525253A2,2023-07-06
https://schoolwith.me/category/schools/toeic/direction:desc/country_id:8?sort_type=/category/schools/toeic/direction:desc/country_id:8?sort_type%3D%252Fcategory%252Fschools%252Ftoeic%252Fdirection%253Adesc%252Fcountry_id%253A8%253Fsort_type%253D%25252Fcategory%25252Fschools%25252Ftoeic%25252Fdirection%25253Adesc%25252Fcountry_id%25253A8%25253Fsort_type%25253D%2525252Fcategory%2525252Fschools%2525252Ftoeic%2525252Fcountry_id%2525253A8%2525252Fsort%2525253Alowest_fee_per_month%2525252Fdirection%2525253Aasc%2525253Fsort_type%2525253D%252525252Fcategory%252525252Fschools%252525252Ftoeic%252525252Fcountry_id%252525253A8%252525252Fsort%252525253Alowest_fee_per_month%252525252Fdirection%252525253Aasc%252525253Fsort_type%252525253D%25252525252Fcategory%25252525252Fschools%25252525252Ftoeic%25252525252Fcountry_id%25252525253A8%25252525252Fsort%25252525253Alowest_fee_per_month%25252525252Fdirection%25252525253Aasc%25252525253Fsort_type%25252525253D%2525252525252Fcategory%2525252525252Fschools%2525252525252Ftoeic%2525252525252Fcountry_id%2525252525253A8%2525252525252Fsort%2525252525253Alowest_fee_per_month%2525252525252Fdirection%2525252525253Aasc,2023-07-06
https://schoolwith.me/category/schools/ielts/direction:desc/country_id:2?sort_type=/category/schools/ielts/direction:desc/country_id:2?sort_type%3D%252Fcategory%252Fschools%252Fielts%252Fdirection%253Aasc%252Fcountry_id%253A2%252Fsort%253Alowest_fee_per_month%253Fsort_type%253D%25252Fcategory%25252Fschools%25252Fielts%25252Fsort%25253Alowest_fee_per_month%25252Fdirection%25253Aasc%25252Fcountry_id%25253A2,2023-07-06
https://schoolwith.me/category/schools/working_holiday/sort:lowest_fee_per_month/direction:asc?sort_type=/category/schools/working_holiday/direction:desc?sort_type%3D%252Fcategory%252Fschools%252Fworking_holiday%252Fsort%253Alowest_fee_per_month%252Fdirection%253AASC,2023-07-06
https://schoolwith.me/category/schools/business/direction:DESC/country_id:2/page:2/sort:School.application_cnt?sort_type=/category/schools/business/direction:asc/sort:lowest_fee_per_month/country_id:2?sort_type%3D%252Fcategory%252Fschools%252Fbusiness%252Fdirection%253Aasc%252Fcountry_id%253A2%252Fsort%253Alowest_fee_per_month%253Fsort_type%253D%25252Fcategory%25252Fschools%25252Fbusiness%25252Fcountry_id%25253A2%25252Fsort%25253Alowest_fee_per_month%25252Fdirection%25253Aasc,2023-07-06
https://schoolwith.me/category/schools/business/direction:desc/country_id:5?sort_type=/category/schools/business/direction:asc/country_id:5/sort:lowest_fee_per_month?sort_type%3D%252Fcategory%252Fschools%252Fbusiness%252Fdirection%253Adesc%252Fcountry_id%253A5%253Fsort_type%253D%25252Fcategory%25252Fschools%25252Fbusiness%25252Fdirection%25253Aasc%25252Fcountry_id%25253A5%25252Fsort%25253Alowest_fee_per_month%25253Fsort_type%25253D%2525252Fcategory%2525252Fschools%2525252Fbusiness%2525252Fdirection%2525253Aasc%2525252Fcountry_id%2525253A5%2525252Fsort%2525253Alowest_fee_per_month%2525253Fsort_type%2525253D%252525252Fcategory%252525252Fschools%252525252Fbusiness%252525252Fdirection%252525253Adesc%252525252Fcountry_id%252525253A5,2023-07-06
https://schoolwith.me/category/schools/business/direction:DESC/country_id:2/page:2/sort:School.application_cnt?sort_type=/category/schools/business/direction:asc/sort:lowest_fee_per_month/country_id:2?sort_type%3D%252Fcategory%252Fschools%252Fbusiness%252Fdirection%253Adesc%252Fcountry_id%253A2%253Fsort_type%253D%25252Fcategory%25252Fschools%25252Fbusiness%25252Fdirection%25253Adesc%25252Fcountry_id%25253A2%25253Fsort_type%25253D%2525252Fcategory%2525252Fschools%2525252Fbusiness%2525252Fsort%2525253Alowest_fee_per_month%2525252Fdirection%2525253Aasc%2525252Fcountry_id%2525253A2%2525253Fsort_type%2525253D%252525252Fcategory%252525252Fschools%252525252Fbusiness%252525252Fcountry_id%252525253A2%252525252Fsort%252525253Alowest_fee_per_month%252525252Fdirection%252525253Aasc,2023-07-06
https://schoolwith.me/category/schools/short_term/country_id:2/area_id:2004/sort:lowest_fee_per_month/direction:asc?sort_type=/category/schools/short_term/sort:lowest_fee_per_month/direction:asc/country_id:2/area_id:2004?sort_type%3D%252Fcategory%252Fschools%252Fshort_term%252Fcountry_id%253A2%252Farea_id%253A2004%252Fdirection%253Adesc%253Fsort_type%253D%25252Fcategory%25252Fschools%25252Fshort_term%25252Fcountry_id%25253A2%25252Farea_id%25253A2004%25252Fdirection%25253Adesc%25253Fsort_type%25253D%2525252Fcategory%2525252Fschools%2525252Fshort_term%2525252Fcountry_id%2525253A2%2525252Farea_id%2525253A2004%2525252Fdirection%2525253Adesc%2525253Fsort_type%2525253D%252525252Fcategory%252525252Fschools%252525252Fshort_term%252525252Fcountry_id%252525253A2%252525252Farea_id%252525253A2004%252525252Fsort%252525253Alowest_fee_per_month%252525252Fdirection%252525253Aasc%252525253Fsort_type%252525253D%25252525252Fcategory%25252525252Fschools%25252525252Fshort_term%25252525252Fcountry_id%25252525253A2%25252525252Farea_id%25252525253A2004%25252525252Fdirection%25252525253Adesc%25252525253Fsort_type%25252525253D%2525252525252Fcategory%2525252525252Fschools%2525252525252Fshort_term%2525252525252Fcountry_id%2525252525253A2%2525252525252Farea_id%2525252525253A2004%2525252525252Fsort%2525252525253Alowest_fee_per_month%2525252525252Fdirection%2525252525253Aasc%2525252525253Fsort_type%2525252525253D%252525252525252Fcategory%252525252525252Fschools%252525252525252Fshort_term%252525252525252Fcountry_id%252525252525253A2%252525252525252Farea_id%252525252525253A2004%252525252525252Fsort%252525252525253Alowest_fee_per_month%252525252525252Fdirection%252525252525253Aasc,2023-07-06
https://schoolwith.me/category/schools/business/direction:desc/sort:School.application_cnt/country_id:2/page:2?sort_type=/category/schools/business/direction:asc/country_id:2/sort:lowest_fee_per_month?sort_type%3D%252Fcategory%252Fschools%252Fbusiness%252Fsort%253Alowest_fee_per_month%252Fdirection%253Aasc%252Fcountry_id%253A2%253Fsort_type%253D%25252Fcategory%25252Fschools%25252Fbusiness%25252Fcountry_id%25253A2%25252Fsort%25253Alowest_fee_per_month%25252Fdirection%25253Aasc,2023-07-06
https://schoolwith.me/category/schools/business/country_id:4/area_id:4004/sort:lowest_fee_per_month/direction:asc?sort_type=/category/schools/business/sort:lowest_fee_per_month/direction:asc/country_id:4/area_id:4004,2023-07-06
https://schoolwith.me/category/schools/non_japanese/direction:asc/country_id:1/sort:lowest_fee_per_month?sort_type=/category/schools/non_japanese/direction:asc/country_id:1/sort:lowest_fee_per_month?sort_type%3D%252Fcategory%252Fschools%252Fnon_japanese%252Fdirection%253Aasc%252Fcountry_id%253A1%252Fsort%253Alowest_fee_per_month%253Fsort_type%253D%25252Fcategory%25252Fschools%25252Fnon_japanese%25252Fdirection%25253Adesc%25252Fcountry_id%25253A1%25253Fsort_type%25253D%2525252Fcategory%2525252Fschools%2525252Fnon_japanese%2525252Fdirection%2525253Aasc%2525252Fcountry_id%2525253A1%2525252Fsort%2525253Alowest_fee_per_month%2525253Fsort_type%2525253D%252525252Fcategory%252525252Fschools%252525252Fnon_japanese%252525252Fdirection%252525253Adesc%252525252Fcountry_id%252525253A1%252525253Fsort_type%252525253D%25252525252Fcategory%25252525252Fschools%25252525252Fnon_japanese%25252525252Fcountry_id%25252525253A1%25252525252Fsort%25252525253Alowest_fee_per_month%25252525252Fdirection%25252525253Aasc%25252525253Fsort_type%25252525253D%2525252525252Fcategory%2525252525252Fschools%2525252525252Fnon_japanese%2525252525252Fcountry_id%2525252525253A1%2525252525252Fdirection%2525252525253Adesc%2525252525253Fsort_type%2525252525253D%252525252525252Fcategory%252525252525252Fschools%252525252525252Fnon_japanese%252525252525252Fcountry_id%252525252525253A1%252525252525252Fdirection%252525252525253Adesc%252525252525253Fsort_type%252525252525253D%25252525252525252Fcategory%25252525252525252Fschools%25252525252525252Fnon_japanese%25252525252525252Fcountry_id%25252525252525253A1%25252525252525252Fdirection%25252525252525253Adesc,2023-07-06
https://schoolwith.me/category/schools/short_term/direction:desc/sort:School.application_cnt/country_id:4?sort_type=/category/schools/short_term/direction:asc/country_id:4/sort:lowest_fee_per_month?sort_type%3D%252Fcategory%252Fschools%252Fshort_term%252Fdirection%253Adesc%252Fcountry_id%253A4%253Fsort_type%253D%25252Fcategory%25252Fschools%25252Fshort_term%25252Fsort%25253Alowest_fee_per_month%25252Fdirection%25253Aasc%25252Fcountry_id%25253A4,2023-07-06
https://schoolwith.me/category/schools/toeic/direction:desc/country_id:6/area_id:6001?sort_type=/category/schools/toeic/direction:asc/sort:lowest_fee_per_month/country_id:6/area_id:6001?sort_type%3D%252Fcategory%252Fschools%252Ftoeic%252Fdirection%253Adesc%252Fcountry_id%253A6%252Farea_id%253A6001%253Fsort_type%253D%25252Fcategory%25252Fschools%25252Ftoeic%25252Fdirection%25253Aasc%25252Fcountry_id%25253A6%25252Farea_id%25253A6001%25252Fsort%25253Alowest_fee_per_month%25253Fsort_type%25253D%2525252Fcategory%2525252Fschools%2525252Ftoeic%2525252Fcountry_id%2525253A6%2525252Farea_id%2525253A6001%2525252Fdirection%2525253Adesc,2023-07-06
https://schoolwith.me/category/schools/toefl/direction:desc/country_id:4?sort_type=/category/schools/toefl/direction:asc/country_id:4/sort:lowest_fee_per_month?sort_type%3D%252Fcategory%252Fschools%252Ftoefl%252Fsort%253Alowest_fee_per_month%252Fdirection%253Aasc%252Fcountry_id%253A4%253Fsort_type%253D%25252Fcategory%25252Fschools%25252Ftoefl%25252Fdirection%25253Adesc%25252Fcountry_id%25253A4%25253Fsort_type%25253D%2525252Fcategory%2525252Fschools%2525252Ftoefl%2525252Fsort%2525253Alowest_fee_per_month%2525252Fdirection%2525253Aasc%2525252Fcountry_id%2525253A4%2525253Fsort_type%2525253D%252525252Fcategory%252525252Fschools%252525252Ftoefl%252525252Fdirection%252525253Adesc%252525252Fcountry_id%252525253A4,2023-07-06
https://schoolwith.me/category/schools/cambridge/direction:desc/country_id:2?sort_type=/category/schools/cambridge/direction:desc/country_id:2?sort_type%3D%252Fcategory%252Fschools%252Fcambridge%252Fcountry_id%253A2%252Fsort%253Alowest_fee_per_month%252Fdirection%253Aasc%253Fsort_type%253D%25252Fcategory%25252Fschools%25252Fcambridge%25252Fcountry_id%25253A2%25252Fdirection%25253Adesc,2023-07-06
https://schoolwith.me/category/schools/short_term/direction:desc/country_id:4?sort_type=/category/schools/short_term/direction:desc/country_id:4?sort_type%3D%252Fcategory%252Fschools%252Fshort_term%252Fdirection%253Aasc%252Fcountry_id%253A4%252Fsort%253Alowest_fee_per_month%253Fsort_type%253D%25252Fcategory%25252Fschools%25252Fshort_term%25252Fdirection%25253Adesc%25252Fcountry_id%25253A4%25253Fsort_type%25253D%2525252Fcategory%2525252Fschools%2525252Fshort_term%2525252Fsort%2525253Alowest_fee_per_month%2525252Fdirection%2525253Aasc%2525252Fcountry_id%2525253A4,2023-07-06
https://schoolwith.me/category/schools/ielts/direction:desc/country_id:2?sort_type=/category/schools/ielts/direction:desc/country_id:2?sort_type%3D%252Fcategory%252Fschools%252Fielts%252Fdirection%253Aasc%252Fcountry_id%253A2%252Fsort%253Alowest_fee_per_month%253Fsort_type%253D%25252Fcategory%25252Fschools%25252Fielts%25252Fdirection%25253Aasc%25252Fcountry_id%25253A2%25252Fsort%25253Alowest_fee_per_month%25253Fsort_type%25253D%2525252Fcategory%2525252Fschools%2525252Fielts%2525252Fsort%2525253Alowest_fee_per_month%2525252Fdirection%2525253Aasc%2525252Fcountry_id%2525253A2,2023-07-06
https://schoolwith.me/category/schools/ielts/direction:desc/country_id:6?sort_type=/category/schools/ielts/direction:desc/country_id:6?sort_type%3D%252Fcategory%252Fschools%252Fielts%252Fdirection%253Adesc%252Fcountry_id%253A6%253Fsort_type%253D%25252Fcategory%25252Fschools%25252Fielts%25252Fdirection%25253Aasc%25252Fcountry_id%25253A6%25252Fsort%25253Alowest_fee_per_month%25253Fsort_type%25253D%2525252Fcategory%2525252Fschools%2525252Fielts%2525252Fdirection%2525253Adesc%2525252Fcountry_id%2525253A6%2525253Fsort_type%2525253D%252525252Fcategory%252525252Fschools%252525252Fielts%252525252Fdirection%252525253Adesc%252525252Fcountry_id%252525253A6%252525253Fsort_type%252525253D%25252525252Fcategory%25252525252Fschools%25252525252Fielts%25252525252Fdirection%25252525253Adesc%25252525252Fcountry_id%25252525253A6%25252525253Fsort_type%25252525253D%2525252525252Fcategory%2525252525252Fschools%2525252525252Fielts%2525252525252Fdirection%2525252525253Adesc%2525252525252Fcountry_id%2525252525253A6%2525252525253Fsort_type%2525252525253D%252525252525252Fcategory%252525252525252Fschools%252525252525252Fielts%252525252525252Fcountry_id%252525252525253A6%252525252525253Fsort_type%252525252525253D%25252525252525252Fcategory%25252525252525252Fschools%25252525252525252Fielts%25252525252525252Fsort%25252525252525253Alowest_fee_per_month%25252525252525252Fdirection%25252525252525253AASC%25252525252525252Fcountry_id%25252525252525253A6,2023-07-06
https://schoolwith.me/category/schools/ielts/direction:desc/country_id:5?sort_type=/category/schools/ielts/direction:asc/country_id:5/sort:lowest_fee_per_month?sort_type%3D%252Fcategory%252Fschools%252Fielts%252Fdirection%253Adesc%252Fcountry_id%253A5%253Fsort_type%253D%25252Fcategory%25252Fschools%25252Fielts%25252Fdirection%25253Aasc%25252Fcountry_id%25253A5%25252Fsort%25253Alowest_fee_per_month,2023-07-06
https://schoolwith.me/category/schools/gmat/direction:desc/country_id:2?sort_type=/category/schools/gmat/direction:asc/country_id:2/sort:lowest_fee_per_month?sort_type%3D%252Fcategory%252Fschools%252Fgmat%252Fdirection%253Aasc%252Fcountry_id%253A2%252Fsort%253Alowest_fee_per_month%253Fsort_type%253D%25252Fcategory%25252Fschools%25252Fgmat%25252Fdirection%25253Aasc%25252Fcountry_id%25253A2%25252Fsort%25253Alowest_fee_per_month%25253Fsort_type%25253D%2525252Fcategory%2525252Fschools%2525252Fgmat%2525252Fdirection%2525253Aasc%2525252Fsort%2525253Alowest_fee_per_month%2525252Fcountry_id%2525253A2%2525253Fsort_type%2525253D%252525252Fcategory%252525252Fschools%252525252Fgmat%252525252Fdirection%252525253Adesc%252525252Fcountry_id%252525253A2%252525253Fsort_type%252525253D%25252525252Fcategory%25252525252Fschools%25252525252Fgmat%25252525252Fcountry_id%25252525253A2%25252525252Fdirection%25252525253Adesc,2023-07-06
https://schoolwith.me/category/schools/ielts/direction:desc/country_id:2?sort_type=/category/schools/ielts/direction:asc/country_id:2/sort:lowest_fee_per_month?sort_type%3D%252Fcategory%252Fschools%252Fielts%252Fdirection%253Adesc%252Fcountry_id%253A2%253Fsort_type%253D%25252Fcategory%25252Fschools%25252Fielts%25252Fdirection%25253Aasc%25252Fcountry_id%25253A2%25252Fsort%25253Alowest_fee_per_month%25253Fsort_type%25253D%2525252Fcategory%2525252Fschools%2525252Fielts%2525252Fsort%2525253Alowest_fee_per_month%2525252Fdirection%2525253Aasc%2525252Fcountry_id%2525253A2,2023-07-06
https://schoolwith.me/category/schools/toeic/country_id:6/area_id:6001/sort:lowest_fee_per_month/direction:asc?sort_type=/category/schools/toeic/country_id:6/area_id:6001/direction:desc?sort_type%3D%252Fcategory%252Fschools%252Ftoeic%252Fcountry_id%253A6%252Farea_id%253A6001%252Fdirection%253Adesc%253Fsort_type%253D%25252Fcategory%25252Fschools%25252Ftoeic%25252Fcountry_id%25253A6%25252Farea_id%25253A6001%25252Fsort%25253Alowest_fee_per_month%25252Fdirection%25253Aasc%25253Fsort_type%25253D%2525252Fcategory%2525252Fschools%2525252Ftoeic%2525252Fcountry_id%2525253A6%2525252Farea_id%2525253A6001%2525252Fdirection%2525253Adesc%2525253Fsort_type%2525253D%252525252Fcategory%252525252Fschools%252525252Ftoeic%252525252Fcountry_id%252525253A6%252525252Farea_id%252525253A6001%252525252Fsort%252525253Alowest_fee_per_month%252525252Fdirection%252525253Aasc%252525253Fsort_type%252525253D%25252525252Fcategory%25252525252Fschools%25252525252Ftoeic%25252525252Fcountry_id%25252525253A6%25252525252Farea_id%25252525253A6001%25252525252Fdirection%25252525253Adesc,2023-07-06
https://schoolwith.me/category/schools/toeic/country_id:6/area_id:6001/sort:lowest_fee_per_month/direction:asc?sort_type=/category/schools/toeic/country_id:6/area_id:6001/sort:lowest_fee_per_month/direction:asc?sort_type%3D%252Fcategory%252Fschools%252Ftoeic%252Fcountry_id%253A6%252Farea_id%253A6001%252Fdirection%253Adesc%253Fsort_type%253D%25252Fcategory%25252Fschools%25252Ftoeic%25252Fcountry_id%25253A6%25252Farea_id%25253A6001%25252Fsort%25253Alowest_fee_per_month%25252Fdirection%25253Aasc%25253Fsort_type%25253D%2525252Fcategory%2525252Fschools%2525252Ftoeic%2525252Fcountry_id%2525253A6%2525252Farea_id%2525253A6001%2525252Fdirection%2525253Adesc,2023-07-06
https://schoolwith.me/category/schools/cambridge/direction:desc/country_id:2?sort_type=/category/schools/cambridge/sort:lowest_fee_per_month/direction:asc/country_id:2?sort_type%3D%252Fcategory%252Fschools%252Fcambridge%252Fcountry_id%253A2%252Fsort%253Alowest_fee_per_month%252Fdirection%253Aasc%253Fsort_type%253D%25252Fcategory%25252Fschools%25252Fcambridge%25252Fcountry_id%25253A2%25252Fdirection%25253Adesc,2023-07-06
https://schoolwith.me/category/schools/business/direction:desc/country_id:5/area_id:5014?sort_type=/category/schools/business/direction:desc/country_id:5/area_id:5014?sort_type%3D%252Fcategory%252Fschools%252Fbusiness%252Fcountry_id%253A5%252Farea_id%253A5014%252Fdirection%253Adesc%253Fsort_type%253D%25252Fcategory%25252Fschools%25252Fbusiness%25252Fcountry_id%25253A5%25252Farea_id%25253A5014%25252Fsort%25253Alowest_fee_per_month%25252Fdirection%25253Aasc,2023-07-06
https://schoolwith.me/category/schools/toeic/direction:desc/country_id:8?sort_type=/category/schools/toeic/direction:desc/country_id:8?sort_type%3D%252Fcategory%252Fschools%252Ftoeic%252Fdirection%253Aasc%252Fcountry_id%253A8%252Fsort%253Alowest_fee_per_month%253Fsort_type%253D%25252Fcategory%25252Fschools%25252Ftoeic%25252Fdirection%25253Adesc%25252Fcountry_id%25253A8%25253Fsort_type%25253D%2525252Fcategory%2525252Fschools%2525252Ftoeic%2525252Fdirection%2525253Adesc%2525252Fcountry_id%2525253A8%2525253Fsort_type%2525253D%252525252Fcategory%252525252Fschools%252525252Ftoeic%252525252Fcountry_id%252525253A8%252525252Fsort%252525253Alowest_fee_per_month%252525252Fdirection%252525253Aasc%252525253Fsort_type%252525253D%25252525252Fcategory%25252525252Fschools%25252525252Ftoeic%25252525252Fcountry_id%25252525253A8%25252525252Fsort%25252525253Alowest_fee_per_month%25252525252Fdirection%25252525253Aasc%25252525253Fsort_type%25252525253D%2525252525252Fcategory%2525252525252Fschools%2525252525252Ftoeic%2525252525252Fcountry_id%2525252525253A8%2525252525252Fsort%2525252525253Alowest_fee_per_month%2525252525252Fdirection%2525252525253Aasc%2525252525253Fsort_type%2525252525253D%252525252525252Fcategory%252525252525252Fschools%252525252525252Ftoeic%252525252525252Fcountry_id%252525252525253A8%252525252525252Fsort%252525252525253Alowest_fee_per_month%252525252525252Fdirection%252525252525253Aasc,2023-07-06
https://schoolwith.me/category/schools/toeic/direction:desc/country_id:6/area_id:6001?sort_type=/category/schools/toeic/direction:desc/country_id:6/area_id:6001?sort_type%3D%252Fcategory%252Fschools%252Ftoeic%252Fcountry_id%253A6%252Farea_id%253A6001%252Fsort%253Alowest_fee_per_month%252Fdirection%253Aasc%253Fsort_type%253D%25252Fcategory%25252Fschools%25252Ftoeic%25252Fcountry_id%25253A6%25252Farea_id%25253A6001%25252Fdirection%25253Adesc%25253Fsort_type%25253D%2525252Fcategory%2525252Fschools%2525252Ftoeic%2525252Fcountry_id%2525253A6%2525252Farea_id%2525253A6001%2525252Fsort%2525253Alowest_fee_per_month%2525252Fdirection%2525253Aasc%2525253Fsort_type%2525253D%252525252Fcategory%252525252Fschools%252525252Ftoeic%252525252Fcountry_id%252525253A6%252525252Farea_id%252525253A6001%252525252Fdirection%252525253Adesc,2023-07-06
https://schoolwith.me/category/schools/business/direction:desc/country_id:5/area_id:5014?sort_type=/category/schools/business/direction:desc/country_id:5/area_id:5014?sort_type%3D%252Fcategory%252Fschools%252Fbusiness%252Fcountry_id%253A5%252Farea_id%253A5014%252Fsort%253Alowest_fee_per_month%252Fdirection%253Aasc,2023-07-06
https://schoolwith.me/category/schools/short_term/direction:desc/country_id:2/area_id:2057?sort_type=/category/schools/short_term/direction:desc/country_id:2/area_id:2057?sort_type%3D%252Fcategory%252Fschools%252Fshort_term%252Fcountry_id%253A2%252Farea_id%253A2057%252Fdirection%253Adesc%253Fsort_type%253D%25252Fcategory%25252Fschools%25252Fshort_term%25252Fcountry_id%25253A2%25252Farea_id%25253A2057%25252Fsort%25253Alowest_fee_per_month%25252Fdirection%25253Aasc%25253Fsort_type%25253D%2525252Fcategory%2525252Fschools%2525252Fshort_term%2525252Fcountry_id%2525253A2%2525252Farea_id%2525253A2057%2525252Fdirection%2525253Adesc%2525253Fsort_type%2525253D%252525252Fcategory%252525252Fschools%252525252Fshort_term%252525252Fcountry_id%252525253A2%252525252Farea_id%252525253A2057%252525252Fsort%252525253Alowest_fee_per_month%252525252Fdirection%252525253Aasc,2023-07-06
https://schoolwith.me/category/schools/business/direction:desc/country_id:5/area_id:5014?sort_type=/category/schools/business/direction:asc/country_id:5/area_id:5014/sort:lowest_fee_per_month?sort_type%3D%252Fcategory%252Fschools%252Fbusiness%252Fcountry_id%253A5%252Farea_id%253A5014%252Fsort%253Alowest_fee_per_month%252Fdirection%253Aasc,2023-07-06
https://schoolwith.me/category/schools/short_term/direction:desc/country_id:2/area_id:2057?sort_type=/category/schools/short_term/direction:asc/country_id:2/area_id:2057/sort:lowest_fee_per_month?sort_type%3D%252Fcategory%252Fschools%252Fshort_term%252Fcountry_id%253A2%252Farea_id%253A2057%252Fdirection%253Adesc%253Fsort_type%253D%25252Fcategory%25252Fschools%25252Fshort_term%25252Fcountry_id%25253A2%25252Farea_id%25253A2057%25252Fdirection%25253Adesc%25253Fsort_type%25253D%2525252Fcategory%2525252Fschools%2525252Fshort_term%2525252Fcountry_id%2525253A2%2525252Farea_id%2525253A2057%2525252Fsort%2525253Alowest_fee_per_month%2525252Fdirection%2525253Aasc%2525253Fsort_type%2525253D%252525252Fcategory%252525252Fschools%252525252Fshort_term%252525252Fcountry_id%252525253A2%252525252Farea_id%252525253A2057%252525252Fsort%252525253Alowest_fee_per_month%252525252Fdirection%252525253Aasc,2023-07-06
https://schoolwith.me/category/schools/barista/sort:lowest_fee_per_month/direction:asc?sort_type=/category/schools/barista/direction:desc?sort_type%3D%252Fcategory%252Fschools%252Fbarista%252Fdirection%253Adesc%253Fsort_type%253D%25252Fcategory%25252Fschools%25252Fbarista,2023-07-06
https://schoolwith.me/category/schools/ielts/direction:desc/country_id:5?sort_type=/category/schools/ielts/direction:desc/country_id:5?sort_type%3D%252Fcategory%252Fschools%252Fielts%252Fsort%253Alowest_fee_per_month%252Fdirection%253Aasc%252Fcountry_id%253A5%253Fsort_type%253D%25252Fcategory%25252Fschools%25252Fielts%25252Fcountry_id%25253A5%25252Fsort%25253Alowest_fee_per_month%25252Fdirection%25253Aasc,2023-07-06
https://schoolwith.me/category/schools/ielts/direction:desc/country_id:6?sort_type=/category/schools/ielts/direction:asc/country_id:6/sort:lowest_fee_per_month?sort_type%3D%252Fcategory%252Fschools%252Fielts%252Fdirection%253Aasc%252Fcountry_id%253A6%252Fsort%253Alowest_fee_per_month%253Fsort_type%253D%25252Fcategory%25252Fschools%25252Fielts%25252Fdirection%25253Adesc%25252Fcountry_id%25253A6%25253Fsort_type%25253D%2525252Fcategory%2525252Fschools%2525252Fielts%2525252Fdirection%2525253Adesc%2525252Fcountry_id%2525253A6%2525253Fsort_type%2525253D%252525252Fcategory%252525252Fschools%252525252Fielts%252525252Fdirection%252525253Adesc%252525252Fcountry_id%252525253A6%252525253Fsort_type%252525253D%25252525252Fcategory%25252525252Fschools%25252525252Fielts%25252525252Fdirection%25252525253Adesc%25252525252Fcountry_id%25252525253A6%25252525253Fsort_type%25252525253D%2525252525252Fcategory%2525252525252Fschools%2525252525252Fielts%2525252525252Fcountry_id%2525252525253A6%2525252525253Fsort_type%2525252525253D%252525252525252Fcategory%252525252525252Fschools%252525252525252Fielts%252525252525252Fsort%252525252525253Alowest_fee_per_month%252525252525252Fdirection%252525252525253AASC%252525252525252Fcountry_id%252525252525253A6,2023-07-06
https://schoolwith.me/category/schools/business/direction:desc/country_id:5?sort_type=/category/schools/business/direction:desc/country_id:5?sort_type%3D%252Fcategory%252Fschools%252Fbusiness%252Fdirection%253Aasc%252Fcountry_id%253A5%252Fsort%253Alowest_fee_per_month%253Fsort_type%253D%25252Fcategory%25252Fschools%25252Fbusiness%25252Fdirection%25253Aasc%25252Fcountry_id%25253A5%25252Fsort%25253Alowest_fee_per_month%25253Fsort_type%25253D%2525252Fcategory%2525252Fschools%2525252Fbusiness%2525252Fdirection%2525253Adesc%2525252Fcountry_id%2525253A5,2023-07-06
https://schoolwith.me/category/schools/business/direction:desc/country_id:1?sort_type=/category/schools/business/direction:desc/country_id:1?sort_type%3D%252Fcategory%252Fschools%252Fbusiness%252Fdirection%253Adesc%252Fcountry_id%253A1%253Fsort_type%253D%25252Fcategory%25252Fschools%25252Fbusiness%25252Fdirection%25253Aasc%25252Fcountry_id%25253A1%25252Fsort%25253Alowest_fee_per_month%25253Fsort_type%25253D%2525252Fcategory%2525252Fschools%2525252Fbusiness%2525252Fdirection%2525253Adesc%2525252Fcountry_id%2525253A1%2525253Fsort_type%2525253D%252525252Fcategory%252525252Fschools%252525252Fbusiness%252525252Fdirection%252525253Adesc%252525252Fcountry_id%252525253A1,2023-07-06
https://schoolwith.me/category/schools/cambridge/direction:desc/country_id:2?sort_type=/category/schools/cambridge/country_id:2/sort:lowest_fee_per_month/direction:asc?sort_type%3D%252Fcategory%252Fschools%252Fcambridge%252Fcountry_id%253A2%252Fdirection%253Adesc%253Fsort_type%253D%25252Fcategory%25252Fschools%25252Fcambridge%25252Fcountry_id%25253A2%25252Fsort%25253Alowest_fee_per_month%25252Fdirection%25253Aasc,2023-07-06
https://schoolwith.me/category/schools/ielts/direction:desc/country_id:5?sort_type=/category/schools/ielts/direction:asc/country_id:5/sort:lowest_fee_per_month?sort_type%3D%252Fcategory%252Fschools%252Fielts%252Fcountry_id%253A5%252Fsort%253Alowest_fee_per_month%252Fdirection%253Aasc%253Fsort_type%253D%25252Fcategory%25252Fschools%25252Fielts%25252Fcountry_id%25253A5%25252Fsort%25253Alowest_fee_per_month%25252Fdirection%25253Aasc,2023-07-06
https://schoolwith.me/category/schools/gre/direction:desc?sort_type=/category/schools/gre/direction:desc?sort_type%3D%252Fcategory%252Fschools%252Fgre%252Fdirection%253Aasc%252Fsort%253Alowest_fee_per_month%253Fsort_type%253D%25252Fcategory%25252Fschools%25252Fgre%25252Fdirection%25253Aasc%25252Fsort%25253Alowest_fee_per_month%25253Fsort_type%25253D%2525252Fcategory%2525252Fschools%2525252Fgre%2525252Fdirection%2525253Aasc%2525252Fsort%2525253Alowest_fee_per_month%2525253Fsort_type%2525253D%252525252Fcategory%252525252Fschools%252525252Fgre%252525252Fdirection%252525253Aasc%252525252Fsort%252525253Alowest_fee_per_month%252525253Fsort_type%252525253D%25252525252Fcategory%25252525252Fschools%25252525252Fgre%25252525252Fdirection%25252525253Adesc%25252525253Fsort_type%25252525253D%2525252525252Fcategory%2525252525252Fschools%2525252525252Fgre%2525252525252Fdirection%2525252525253Adesc%2525252525253Fsort_type%2525252525253D%252525252525252Fcategory%252525252525252Fschools%252525252525252Fgre%252525252525252Fdirection%252525252525253Adesc%252525252525253Fsort_type%252525252525253D%25252525252525252Fcategory%25252525252525252Fschools%25252525252525252Fgre%25252525252525252Fsort%25252525252525253Alowest_fee_per_month%25252525252525252Fdirection%25252525252525253Aasc,2023-07-06
https://schoolwith.me/category/schools/toeic/direction:desc/country_id:8?sort_type=/category/schools/toeic/direction:desc/country_id:8?sort_type%3D%252Fcategory%252Fschools%252Ftoeic%252Fdirection%253Adesc%252Fcountry_id%253A8%253Fsort_type%253D%25252Fcategory%25252Fschools%25252Ftoeic%25252Fdirection%25253Adesc%25252Fcountry_id%25253A8%25253Fsort_type%25253D%2525252Fcategory%2525252Fschools%2525252Ftoeic%2525252Fdirection%2525253Adesc%2525252Fcountry_id%2525253A8%2525253Fsort_type%2525253D%252525252Fcategory%252525252Fschools%252525252Ftoeic%252525252Fcountry_id%252525253A8%252525252Fsort%252525253Alowest_fee_per_month%252525252Fdirection%252525253Aasc%252525253Fsort_type%252525253D%25252525252Fcategory%25252525252Fschools%25252525252Ftoeic%25252525252Fcountry_id%25252525253A8%25252525252Fsort%25252525253Alowest_fee_per_month%25252525252Fdirection%25252525253Aasc%25252525253Fsort_type%25252525253D%2525252525252Fcategory%2525252525252Fschools%2525252525252Ftoeic%2525252525252Fcountry_id%2525252525253A8%2525252525252Fsort%2525252525253Alowest_fee_per_month%2525252525252Fdirection%2525252525253Aasc%2525252525253Fsort_type%2525252525253D%252525252525252Fcategory%252525252525252Fschools%252525252525252Ftoeic%252525252525252Fcountry_id%252525252525253A8%252525252525252Fsort%252525252525253Alowest_fee_per_month%252525252525252Fdirection%252525252525253Aasc,2023-07-06
https://schoolwith.me/category/schools/short_term/direction:asc/country_id:4/area_id:4004/sort:lowest_fee_per_month?sort_type=/category/schools/short_term/country_id:4/area_id:4004/direction:desc?sort_type%3D%252Fcategory%252Fschools%252Fshort_term%252Fcountry_id%253A4%252Farea_id%253A4004%252Fsort%253Alowest_fee_per_month%252Fdirection%253Aasc%253Fsort_type%253D%25252Fcategory%25252Fschools%25252Fshort_term%25252Fcountry_id%25253A4%25252Farea_id%25253A4004%25252Fdirection%25253Adesc%25253Fsort_type%25253D%2525252Fcategory%2525252Fschools%2525252Fshort_term%2525252Fcountry_id%2525253A4%2525252Farea_id%2525253A4004%2525252Fsort%2525253Alowest_fee_per_month%2525252Fdirection%2525253Aasc%2525253Fsort_type%2525253D%252525252Fcategory%252525252Fschools%252525252Fshort_term%252525252Fcountry_id%252525253A4%252525252Farea_id%252525253A4004%252525252Fsort%252525253Alowest_fee_per_month%252525252Fdirection%252525253Aasc,2023-07-06
https://schoolwith.me/category/schools/cambridge/direction:desc/country_id:2?sort_type=/category/schools/cambridge/direction:desc/country_id:2?sort_type%3D%252Fcategory%252Fschools%252Fcambridge%252Fcountry_id%253A2%252Fsort%253Alowest_fee_per_month%252Fdirection%253Aasc%253Fsort_type%253D%25252Fcategory%25252Fschools%25252Fcambridge%25252Fcountry_id%25253A2%25252Fdirection%25253Adesc,2023-07-06
https://schoolwith.me/category/schools/business/direction:desc/country_id:5/area_id:5014?sort_type=/category/schools/business/direction:asc/country_id:5/area_id:5014/sort:lowest_fee_per_month?sort_type%3D%252Fcategory%252Fschools%252Fbusiness%252Fcountry_id%253A5%252Farea_id%253A5014%252Fdirection%253Adesc%253Fsort_type%253D%25252Fcategory%25252Fschools%25252Fbusiness%25252Fcountry_id%25253A5%25252Farea_id%25253A5014%25252Fdirection%25253Adesc%25253Fsort_type%25253D%2525252Fcategory%2525252Fschools%2525252Fbusiness%2525252Fcountry_id%2525253A5%2525252Farea_id%2525253A5014%2525252Fdirection%2525253Adesc%2525253Fsort_type%2525253D%252525252Fcategory%252525252Fschools%252525252Fbusiness%252525252Fcountry_id%252525253A5%252525252Farea_id%252525253A5014%252525252Fdirection%252525253Adesc%252525253Fsort_type%252525253D%25252525252Fcategory%25252525252Fschools%25252525252Fbusiness%25252525252Fcountry_id%25252525253A5%25252525252Farea_id%25252525253A5014%25252525252Fsort%25252525253Alowest_fee_per_month%25252525252Fdirection%25252525253Aasc%25252525253Fsort_type%25252525253D%2525252525252Fcategory%2525252525252Fschools%2525252525252Fbusiness%2525252525252Fcountry_id%2525252525253A5%2525252525252Farea_id%2525252525253A5014%2525252525252Fsort%2525252525253Alowest_fee_per_month%2525252525252Fdirection%2525252525253Aasc,2023-07-06
https://schoolwith.me/category/schools/short_term/direction:desc/sort:School.application_cnt/country_id:4?sort_type=/category/schools/short_term/direction:asc/sort:lowest_fee_per_month/country_id:4?sort_type%3D%252Fcategory%252Fschools%252Fshort_term%252Fdirection%253Adesc%252Fcountry_id%253A4%253Fsort_type%253D%25252Fcategory%25252Fschools%25252Fshort_term%25252Fdirection%25253Adesc%25252Fcountry_id%25253A4%25253Fsort_type%25253D%2525252Fcategory%2525252Fschools%2525252Fshort_term%2525252Fcountry_id%2525253A4%2525252Fsort%2525253Alowest_fee_per_month%2525252Fdirection%2525253AASC,2023-07-06
https://schoolwith.me/category/schools/toeic/direction:desc/country_id:8?sort_type=/category/schools/toeic/direction:desc/country_id:8?sort_type%3D%252Fcategory%252Fschools%252Ftoeic%252Fdirection%253Aasc%252Fcountry_id%253A8%252Fsort%253Alowest_fee_per_month%253Fsort_type%253D%25252Fcategory%25252Fschools%25252Ftoeic%25252Fdirection%25253Adesc%25252Fcountry_id%25253A8%25253Fsort_type%25253D%2525252Fcategory%2525252Fschools%2525252Ftoeic%2525252Fdirection%2525253Adesc%2525252Fcountry_id%2525253A8%2525253Fsort_type%2525253D%252525252Fcategory%252525252Fschools%252525252Ftoeic%252525252Fcountry_id%252525253A8%252525252Fsort%252525253Alowest_fee_per_month%252525252Fdirection%252525253Aasc%252525253Fsort_type%252525253D%25252525252Fcategory%25252525252Fschools%25252525252Ftoeic%25252525252Fcountry_id%25252525253A8%25252525252Fsort%25252525253Alowest_fee_per_month%25252525252Fdirection%25252525253Aasc%25252525253Fsort_type%25252525253D%2525252525252Fcategory%2525252525252Fschools%2525252525252Ftoeic%2525252525252Fcountry_id%2525252525253A8%2525252525252Fsort%2525252525253Alowest_fee_per_month%2525252525252Fdirection%2525252525253Aasc%2525252525253Fsort_type%2525252525253D%252525252525252Fcategory%252525252525252Fschools%252525252525252Ftoeic%252525252525252Fcountry_id%252525252525253A8%252525252525252Fsort%252525252525253Alowest_fee_per_month%252525252525252Fdirection%252525252525253Aasc,2023-07-06
https://schoolwith.me/category/schools/business/direction:desc/country_id:5/area_id:5014?sort_type=/category/schools/business/country_id:5/area_id:5014/direction:desc?sort_type%3D%252Fcategory%252Fschools%252Fbusiness%252Fcountry_id%253A5%252Farea_id%253A5014%252Fsort%253Alowest_fee_per_month%252Fdirection%253Aasc%253Fsort_type%253D%25252Fcategory%25252Fschools%25252Fbusiness%25252Fcountry_id%25253A5%25252Farea_id%25253A5014%25252Fdirection%25253Adesc%25253Fsort_type%25253D%2525252Fcategory%2525252Fschools%2525252Fbusiness%2525252Fcountry_id%2525253A5%2525252Farea_id%2525253A5014%2525252Fdirection%2525253Adesc%2525253Fsort_type%2525253D%252525252Fcategory%252525252Fschools%252525252Fbusiness%252525252Fcountry_id%252525253A5%252525252Farea_id%252525253A5014%252525252Fdirection%252525253Adesc%252525253Fsort_type%252525253D%25252525252Fcategory%25252525252Fschools%25252525252Fbusiness%25252525252Fcountry_id%25252525253A5%25252525252Farea_id%25252525253A5014%25252525252Fsort%25252525253Alowest_fee_per_month%25252525252Fdirection%25252525253Aasc%25252525253Fsort_type%25252525253D%2525252525252Fcategory%2525252525252Fschools%2525252525252Fbusiness%2525252525252Fcountry_id%2525252525253A5%2525252525252Farea_id%2525252525253A5014%2525252525252Fsort%2525252525253Alowest_fee_per_month%2525252525252Fdirection%2525252525253Aasc,2023-07-06
https://schoolwith.me/category/schools/business/direction:DESC/country_id:2/page:2/sort:School.application_cnt?sort_type=/category/schools/business/direction:asc/country_id:2/sort:lowest_fee_per_month?sort_type%3D%252Fcategory%252Fschools%252Fbusiness%252Fcountry_id%253A2%252Fdirection%253Adesc%253Fsort_type%253D%25252Fcategory%25252Fschools%25252Fbusiness%25252Fcountry_id%25253A2%25252Fdirection%25253Adesc%25253Fsort_type%25253D%2525252Fcategory%2525252Fschools%2525252Fbusiness%2525252Fcountry_id%2525253A2%2525252Fsort%2525253Alowest_fee_per_month%2525252Fdirection%2525253Aasc%2525253Fsort_type%2525253D%252525252Fcategory%252525252Fschools%252525252Fbusiness%252525252Fcountry_id%252525253A2%252525252Fsort%252525253Atmp_overall_score%252525252Fdirection%252525253ADESC,2023-07-06
https://schoolwith.me/category/schools/short_term/direction:desc/country_id:2/area_id:2057?sort_type=/category/schools/short_term/country_id:2/area_id:2057/direction:desc?sort_type%3D%252Fcategory%252Fschools%252Fshort_term%252Fcountry_id%253A2%252Farea_id%253A2057%252Fsort%253Alowest_fee_per_month%252Fdirection%253Aasc%253Fsort_type%253D%25252Fcategory%25252Fschools%25252Fshort_term%25252Fcountry_id%25253A2%25252Farea_id%25253A2057%25252Fsort%25253Alowest_fee_per_month%25252Fdirection%25253Aasc%25253Fsort_type%25253D%2525252Fcategory%2525252Fschools%2525252Fshort_term%2525252Fcountry_id%2525253A2%2525252Farea_id%2525253A2057%2525252Fsort%2525253Alowest_fee_per_month%2525252Fdirection%2525253Aasc%2525253Fsort_type%2525253D%252525252Fcategory%252525252Fschools%252525252Fshort_term%252525252Fcountry_id%252525253A2%252525252Farea_id%252525253A2057%252525252Fdirection%252525253Adesc%252525253Fsort_type%252525253D%25252525252Fcategory%25252525252Fschools%25252525252Fshort_term%25252525252Fcountry_id%25252525253A2%25252525252Farea_id%25252525253A2057%25252525252Fsort%25252525253Alowest_fee_per_month%25252525252Fdirection%25252525253Aasc%25252525253Fsort_type%25252525253D%2525252525252Fcategory%2525252525252Fschools%2525252525252Fshort_term%2525252525252Fcountry_id%2525252525253A2%2525252525252Farea_id%2525252525253A2057%2525252525252Fdirection%2525252525253Adesc%2525252525253Fsort_type%2525252525253D%252525252525252Fcategory%252525252525252Fschools%252525252525252Fshort_term%252525252525252Fcountry_id%252525252525253A2%252525252525252Farea_id%252525252525253A2057%252525252525252Fsort%252525252525253Alowest_fee_per_month%252525252525252Fdirection%252525252525253Aasc,2023-07-06
https://schoolwith.me/category/schools/business/direction:desc/country_id:5/area_id:5014?sort_type=/category/schools/business/country_id:5/area_id:5014/sort:lowest_fee_per_month/direction:asc?sort_type%3D%252Fcategory%252Fschools%252Fbusiness%252Fcountry_id%253A5%252Farea_id%253A5014%252Fdirection%253Adesc%253Fsort_type%253D%25252Fcategory%25252Fschools%25252Fbusiness%25252Fcountry_id%25253A5%25252Farea_id%25253A5014%25252Fdirection%25253Adesc%25253Fsort_type%25253D%2525252Fcategory%2525252Fschools%2525252Fbusiness%2525252Fcountry_id%2525253A5%2525252Farea_id%2525253A5014%2525252Fsort%2525253Alowest_fee_per_month%2525252Fdirection%2525253Aasc%2525253Fsort_type%2525253D%252525252Fcategory%252525252Fschools%252525252Fbusiness%252525252Fcountry_id%252525253A5%252525252Farea_id%252525253A5014%252525252Fsort%252525253Alowest_fee_per_month%252525252Fdirection%252525253Aasc,2023-07-06
https://schoolwith.me/category/schools/business/direction:desc/country_id:5/area_id:5014?sort_type=/category/schools/business/country_id:5/area_id:5014/direction:desc?sort_type%3D%252Fcategory%252Fschools%252Fbusiness%252Fcountry_id%253A5%252Farea_id%253A5014%252Fdirection%253Adesc%253Fsort_type%253D%25252Fcategory%25252Fschools%25252Fbusiness%25252Fcountry_id%25253A5%25252Farea_id%25253A5014%25252Fdirection%25253Adesc%25253Fsort_type%25253D%2525252Fcategory%2525252Fschools%2525252Fbusiness%2525252Fcountry_id%2525253A5%2525252Farea_id%2525253A5014%2525252Fdirection%2525253Adesc%2525253Fsort_type%2525253D%252525252Fcategory%252525252Fschools%252525252Fbusiness%252525252Fcountry_id%252525253A5%252525252Farea_id%252525253A5014%252525252Fsort%252525253Alowest_fee_per_month%252525252Fdirection%252525253Aasc%252525253Fsort_type%252525253D%25252525252Fcategory%25252525252Fschools%25252525252Fbusiness%25252525252Fcountry_id%25252525253A5%25252525252Farea_id%25252525253A5014%25252525252Fsort%25252525253Alowest_fee_per_month%25252525252Fdirection%25252525253Aasc,2023-07-06
https://schoolwith.me/category/schools/business/direction:asc/country_id:2/sort:lowest_fee_per_month?sort_type=/category/schools/business/direction:desc/country_id:2?sort_type%3D%252Fcategory%252Fschools%252Fbusiness%252Fdirection%253Adesc%252Fcountry_id%253A2%253Fsort_type%253D%25252Fcategory%25252Fschools%25252Fbusiness%25252Fdirection%25253Aasc%25252Fcountry_id%25253A2%25252Fsort%25253Alowest_fee_per_month%25253Fsort_type%25253D%2525252Fcategory%2525252Fschools%2525252Fbusiness%2525252Fdirection%2525253Aasc%2525252Fcountry_id%2525253A2%2525252Fsort%2525253Alowest_fee_per_month%2525253Fsort_type%2525253D%252525252Fcategory%252525252Fschools%252525252Fbusiness%252525252Fsort%252525253Alowest_fee_per_month%252525252Fdirection%252525253Aasc%252525252Fcountry_id%252525253A2%252525253Fsort_type%252525253D%25252525252Fcategory%25252525252Fschools%25252525252Fbusiness%25252525252Fcountry_id%25252525253A2%25252525252Fsort%25252525253Alowest_fee_per_month%25252525252Fdirection%25252525253Aasc,2023-07-06
https://schoolwith.me/category/schools/traveller/sort:lowest_fee_per_month/direction:asc?sort_type=/category/schools/traveller/direction:desc?sort_type%3D%252Fcategory%252Fschools%252Ftraveller%252Fdirection%253Adesc%253Fsort_type%253D%25252Fcategory%25252Fschools%25252Ftraveller%25252Fdirection%25253Adesc,2023-07-06
https://schoolwith.me/category/schools/cambridge/direction:desc/country_id:5?sort_type=/category/schools/cambridge/direction:desc/country_id:5?sort_type%3D%252Fcategory%252Fschools%252Fcambridge%252Fdirection%253Adesc%252Fcountry_id%253A5%253Fsort_type%253D%25252Fcategory%25252Fschools%25252Fcambridge%25252Fdirection%25253Adesc%25252Fcountry_id%25253A5%25253Fsort_type%25253D%2525252Fcategory%2525252Fschools%2525252Fcambridge%2525252Fcountry_id%2525253A5%2525252Fdirection%2525253Adesc%2525253Fsort_type%2525253D%252525252Fcategory%252525252Fschools%252525252Fcambridge%252525252Fcountry_id%252525253A5%252525252Fsort%252525253Alowest_fee_per_month%252525252Fdirection%252525253Aasc%252525253Fsort_type%252525253D%25252525252Fcategory%25252525252Fschools%25252525252Fcambridge%25252525252Fcountry_id%25252525253A5%25252525252Fdirection%25252525253Adesc%25252525253Fsort_type%25252525253D%2525252525252Fcategory%2525252525252Fschools%2525252525252Fcambridge%2525252525252Fcountry_id%2525252525253A5%2525252525252Fsort%2525252525253Alowest_fee_per_month%2525252525252Fdirection%2525252525253Aasc,2023-07-06
https://schoolwith.me/category/schools/ielts/direction:desc/country_id:5?sort_type=/category/schools/ielts/direction:desc/country_id:5?sort_type%3D%252Fcategory%252Fschools%252Fielts%252Fdirection%253Adesc%252Fcountry_id%253A5%253Fsort_type%253D%25252Fcategory%25252Fschools%25252Fielts%25252Fdirection%25253Adesc%25252Fcountry_id%25253A5%25253Fsort_type%25253D%2525252Fcategory%2525252Fschools%2525252Fielts%2525252Fsort%2525253Alowest_fee_per_month%2525252Fdirection%2525253Aasc%2525252Fcountry_id%2525253A5,2023-07-06
https://schoolwith.me/category/schools/business/direction:desc/country_id:5?sort_type=/category/schools/business/direction:asc/country_id:5/sort:lowest_fee_per_month?sort_type%3D%252Fcategory%252Fschools%252Fbusiness%252Fdirection%253Aasc%252Fcountry_id%253A5%252Fsort%253Alowest_fee_per_month%253Fsort_type%253D%25252Fcategory%25252Fschools%25252Fbusiness%25252Fdirection%25253Adesc%25252Fcountry_id%25253A5,2023-07-06
https://schoolwith.me/category/schools/parent_child/direction:desc/country_id:1?sort_type=/category/schools/parent_child/direction:asc/country_id:1/sort:lowest_fee_per_month?sort_type%3D%252Fcategory%252Fschools%252Fparent_child%252Fdirection%253Aasc%252Fcountry_id%253A1%252Fsort%253Alowest_fee_per_month%253Fsort_type%253D%25252Fcategory%25252Fschools%25252Fparent_child%25252Fcountry_id%25253A1%25252Fdirection%25253Adesc%25253Fsort_type%25253D%2525252Fcategory%2525252Fschools%2525252Fparent_child%2525252Fcountry_id%2525253A1%2525252Fsort%2525253Alowest_fee_per_month%2525252Fdirection%2525253Aasc%2525253Fsort_type%2525253D%252525252Fcategory%252525252Fschools%252525252Fparent_child%252525252Fcountry_id%252525253A1%252525252Fdirection%252525253Adesc%252525253Fsort_type%252525253D%25252525252Fcategory%25252525252Fschools%25252525252Fparent_child%25252525252Fcountry_id%25252525253A1%25252525252Fsort%25252525253Alowest_fee_per_month%25252525252Fdirection%25252525253Aasc%25252525253Fsort_type%25252525253D%2525252525252Fcategory%2525252525252Fschools%2525252525252Fparent_child%2525252525252Fcountry_id%2525252525253A1%2525252525252Fdirection%2525252525253Adesc%2525252525253Fsort_type%2525252525253D%252525252525252Fcategory%252525252525252Fschools%252525252525252Fparent_child%252525252525252Fcountry_id%252525252525253A1%252525252525252Fsort%252525252525253Alowest_fee_per_month%252525252525252Fdirection%252525252525253Aasc,2023-07-06
https://schoolwith.me/category/schools/toeic/direction:desc/country_id:8?sort_type=/category/schools/toeic/direction:desc/country_id:8?sort_type%3D%252Fcategory%252Fschools%252Ftoeic%252Fdirection%253Adesc%252Fcountry_id%253A8%253Fsort_type%253D%25252Fcategory%25252Fschools%25252Ftoeic%25252Fdirection%25253Adesc%25252Fcountry_id%25253A8%25253Fsort_type%25253D%2525252Fcategory%2525252Fschools%2525252Ftoeic%2525252Fcountry_id%2525253A8%2525252Fsort%2525253Alowest_fee_per_month%2525252Fdirection%2525253Aasc%2525253Fsort_type%2525253D%252525252Fcategory%252525252Fschools%252525252Ftoeic%252525252Fcountry_id%252525253A8%252525252Fsort%252525253Alowest_fee_per_month%252525252Fdirection%252525253Aasc%252525253Fsort_type%252525253D%25252525252Fcategory%25252525252Fschools%25252525252Ftoeic%25252525252Fcountry_id%25252525253A8%25252525252Fsort%25252525253Alowest_fee_per_month%25252525252Fdirection%25252525253Aasc%25252525253Fsort_type%25252525253D%2525252525252Fcategory%2525252525252Fschools%2525252525252Ftoeic%2525252525252Fcountry_id%2525252525253A8%2525252525252Fsort%2525252525253Alowest_fee_per_month%2525252525252Fdirection%2525252525253Aasc,2023-07-06
https://schoolwith.me/category/schools/toeic/direction:desc/country_id:8?sort_type=/category/schools/toeic/direction:asc/country_id:8/sort:lowest_fee_per_month?sort_type%3D%252Fcategory%252Fschools%252Ftoeic%252Fdirection%253Adesc%252Fcountry_id%253A8%253Fsort_type%253D%25252Fcategory%25252Fschools%25252Ftoeic%25252Fdirection%25253Adesc%25252Fcountry_id%25253A8%25253Fsort_type%25253D%2525252Fcategory%2525252Fschools%2525252Ftoeic%2525252Fcountry_id%2525253A8%2525252Fsort%2525253Alowest_fee_per_month%2525252Fdirection%2525253Aasc%2525253Fsort_type%2525253D%252525252Fcategory%252525252Fschools%252525252Ftoeic%252525252Fcountry_id%252525253A8%252525252Fsort%252525253Alowest_fee_per_month%252525252Fdirection%252525253Aasc%252525253Fsort_type%252525253D%25252525252Fcategory%25252525252Fschools%25252525252Ftoeic%25252525252Fcountry_id%25252525253A8%25252525252Fsort%25252525253Alowest_fee_per_month%25252525252Fdirection%25252525253Aasc%25252525253Fsort_type%25252525253D%2525252525252Fcategory%2525252525252Fschools%2525252525252Ftoeic%2525252525252Fcountry_id%2525252525253A8%2525252525252Fsort%2525252525253Alowest_fee_per_month%2525252525252Fdirection%2525252525253Aasc,2023-07-06
https://schoolwith.me/category/schools/ielts/direction:desc/country_id:2?sort_type=/category/schools/ielts/direction:asc/country_id:2/sort:lowest_fee_per_month?sort_type%3D%252Fcategory%252Fschools%252Fielts%252Fsort%253Alowest_fee_per_month%252Fdirection%253Aasc%252Fcountry_id%253A2,2023-07-06
https://schoolwith.me/category/schools/ielts/direction:desc/country_id:5?sort_type=/category/schools/ielts/sort:lowest_fee_per_month/direction:asc/country_id:5?sort_type%3D%252Fcategory%252Fschools%252Fielts%252Fcountry_id%253A5%252Fsort%253Alowest_fee_per_month%252Fdirection%253Aasc%253Fsort_type%253D%25252Fcategory%25252Fschools%25252Fielts%25252Fcountry_id%25253A5%25252Fsort%25253Alowest_fee_per_month%25252Fdirection%25253Aasc,2023-07-06
https://schoolwith.me/category/schools/cambridge/direction:desc/country_id:2?sort_type=/category/schools/cambridge/direction:asc/country_id:2/sort:lowest_fee_per_month?sort_type%3D%252Fcategory%252Fschools%252Fcambridge%252Fdirection%253Adesc%252Fcountry_id%253A2%253Fsort_type%253D%25252Fcategory%25252Fschools%25252Fcambridge%25252Fsort%25253Alowest_fee_per_month%25252Fdirection%25253Aasc%25252Fcountry_id%25253A2,2023-07-06
https://schoolwith.me/category/schools/traveller/sort:lowest_fee_per_month/direction:asc?sort_type=/category/schools/traveller/direction:desc?sort_type%3D%252Fcategory%252Fschools%252Ftraveller%252Fdirection%253Adesc%253Fsort_type%253D%25252Fcategory%25252Fschools%25252Ftraveller%25252Fdirection%25253Adesc,2023-07-06
https://schoolwith.me/category/schools/gre/direction:desc?sort_type=/category/schools/gre/direction:asc/sort:lowest_fee_per_month?sort_type%3D%252Fcategory%252Fschools%252Fgre%252Fdirection%253Adesc%253Fsort_type%253D%25252Fcategory%25252Fschools%25252Fgre%25252Fdirection%25253Aasc%25252Fsort%25253Alowest_fee_per_month%25253Fsort_type%25253D%2525252Fcategory%2525252Fschools%2525252Fgre%2525252Fdirection%2525253Adesc%2525253Fsort_type%2525253D%252525252Fcategory%252525252Fschools%252525252Fgre%252525252Fdirection%252525253Adesc%252525253Fsort_type%252525253D%25252525252Fcategory%25252525252Fschools%25252525252Fgre%25252525252Fdirection%25252525253Adesc%25252525253Fsort_type%25252525253D%2525252525252Fcategory%2525252525252Fschools%2525252525252Fgre%2525252525252Fsort%2525252525253Alowest_fee_per_month%2525252525252Fdirection%2525252525253Aasc%2525252525253Fsort_type%2525252525253D%252525252525252Fcategory%252525252525252Fschools%252525252525252Fgre%252525252525252Fsort%252525252525253Alowest_fee_per_month%252525252525252Fdirection%252525252525253Aasc%252525252525253Fsort_type%252525252525253D%25252525252525252Fcategory%25252525252525252Fschools%25252525252525252Fgre%25252525252525252Fsort%25252525252525253Alowest_fee_per_month%25252525252525252Fdirection%25252525252525253Aasc,2023-07-06
https://schoolwith.me/category/schools/gre/direction:desc?sort_type=/category/schools/gre/direction:desc?sort_type%3D%252Fcategory%252Fschools%252Fgre%252Fdirection%253Adesc%253Fsort_type%253D%25252Fcategory%25252Fschools%25252Fgre%25252Fdirection%25253Adesc%25253Fsort_type%25253D%2525252Fcategory%2525252Fschools%2525252Fgre%2525252Fdirection%2525253Adesc%2525253Fsort_type%2525253D%252525252Fcategory%252525252Fschools%252525252Fgre%252525252Fdirection%252525253Adesc%252525253Fsort_type%252525253D%25252525252Fcategory%25252525252Fschools%25252525252Fgre%25252525252Fdirection%25252525253Aasc%25252525252Fsort%25252525253Alowest_fee_per_month%25252525253Fsort_type%25252525253D%2525252525252Fcategory%2525252525252Fschools%2525252525252Fgre%2525252525252Fsort%2525252525253Alowest_fee_per_month%2525252525252Fdirection%2525252525253Aasc%2525252525253Fsort_type%2525252525253D%252525252525252Fcategory%252525252525252Fschools%252525252525252Fgre%252525252525252Fdirection%252525252525253Adesc%252525252525253Fsort_type%252525252525253D%25252525252525252Fcategory%25252525252525252Fschools%25252525252525252Fgre%25252525252525252Fdirection%25252525252525253Adesc%25252525252525253Fsort_type%25252525252525253D%2525252525252525252Fcategory%2525252525252525252Fschools%2525252525252525252Fgre%2525252525252525252Fdirection%2525252525252525253Adesc,2023-07-06
https://schoolwith.me/category/schools/gre/direction:desc?sort_type=/category/schools/gre/direction:desc?sort_type%3D%252Fcategory%252Fschools%252Fgre%252Fdirection%253Adesc%253Fsort_type%253D%25252Fcategory%25252Fschools%25252Fgre%25252Fdirection%25253Aasc%25252Fsort%25253Alowest_fee_per_month%25253Fsort_type%25253D%2525252Fcategory%2525252Fschools%2525252Fgre%2525252Fdirection%2525253Aasc%2525252Fsort%2525253Alowest_fee_per_month%2525253Fsort_type%2525253D%252525252Fcategory%252525252Fschools%252525252Fgre%252525252Fdirection%252525253Aasc%252525252Fsort%252525253Alowest_fee_per_month%252525253Fsort_type%252525253D%25252525252Fcategory%25252525252Fschools%25252525252Fgre%25252525252Fdirection%25252525253Adesc%25252525253Fsort_type%25252525253D%2525252525252Fcategory%2525252525252Fschools%2525252525252Fgre%2525252525252Fsort%2525252525253Alowest_fee_per_month%2525252525252Fdirection%2525252525253Aasc%2525252525253Fsort_type%2525252525253D%252525252525252Fcategory%252525252525252Fschools%252525252525252Fgre%252525252525252Fdirection%252525252525253Adesc%252525252525253Fsort_type%252525252525253D%25252525252525252Fcategory%25252525252525252Fschools%25252525252525252Fgre%25252525252525252Fsort%25252525252525253Alowest_fee_per_month%25252525252525252Fdirection%25252525252525253Aasc,2023-07-06
https://schoolwith.me/category/schools/ielts/direction:desc/country_id:5?sort_type=/category/schools/ielts/direction:desc/country_id:5?sort_type%3D%252Fcategory%252Fschools%252Fielts%252Fdirection%253Aasc%252Fsort%253Alowest_fee_per_month%252Fcountry_id%253A5%253Fsort_type%253D%25252Fcategory%25252Fschools%25252Fielts%25252Fdirection%25253Adesc%25252Fcountry_id%25253A5%25253Fsort_type%25253D%2525252Fcategory%2525252Fschools%2525252Fielts%2525252Fsort%2525253Alowest_fee_per_month%2525252Fdirection%2525253Aasc%2525252Fcountry_id%2525253A5,2023-07-06
https://schoolwith.me/category/schools/cambridge/direction:desc/country_id:8?sort_type=/category/schools/cambridge/direction:desc/country_id:8?sort_type%3D%252Fcategory%252Fschools%252Fcambridge%252Fcountry_id%253A8%252Fsort%253Alowest_fee_per_month%252Fdirection%253Aasc%253Fsort_type%253D%25252Fcategory%25252Fschools%25252Fcambridge%25252Fcountry_id%25253A8%25252Fdirection%25253Adesc%25253Fsort_type%25253D%2525252Fcategory%2525252Fschools%2525252Fcambridge%2525252Fcountry_id%2525253A8%2525252Fdirection%2525253Adesc%2525253Fsort_type%2525253D%252525252Fcategory%252525252Fschools%252525252Fcambridge%252525252Fcountry_id%252525253A8%252525252Fdirection%252525253Adesc%252525253Fsort_type%252525253D%25252525252Fcategory%25252525252Fschools%25252525252Fcambridge%25252525252Fcountry_id%25252525253A8%25252525252Fsort%25252525253Alowest_fee_per_month%25252525252Fdirection%25252525253Aasc%25252525253Fsort_type%25252525253D%2525252525252Fcategory%2525252525252Fschools%2525252525252Fcambridge%2525252525252Fcountry_id%2525252525253A8%2525252525252Fdirection%2525252525253Adesc%2525252525253Fsort_type%2525252525253D%252525252525252Fcategory%252525252525252Fschools%252525252525252Fcambridge%252525252525252Fcountry_id%252525252525253A8%252525252525252Fdirection%252525252525253Adesc,2023-07-06
https://schoolwith.me/category/schools/cambridge/direction:desc/country_id:8?sort_type=/category/schools/cambridge/direction:desc/country_id:8?sort_type%3D%252Fcategory%252Fschools%252Fcambridge%252Fdirection%253Aasc%252Fcountry_id%253A8%252Fsort%253Alowest_fee_per_month%253Fsort_type%253D%25252Fcategory%25252Fschools%25252Fcambridge%25252Fcountry_id%25253A8%25252Fsort%25253Alowest_fee_per_month%25252Fdirection%25253Aasc%25253Fsort_type%25253D%2525252Fcategory%2525252Fschools%2525252Fcambridge%2525252Fcountry_id%2525253A8%2525252Fsort%2525253Alowest_fee_per_month%2525252Fdirection%2525253Aasc%2525253Fsort_type%2525253D%252525252Fcategory%252525252Fschools%252525252Fcambridge%252525252Fcountry_id%252525253A8%252525252Fsort%252525253Alowest_fee_per_month%252525252Fdirection%252525253Aasc%252525253Fsort_type%252525253D%25252525252Fcategory%25252525252Fschools%25252525252Fcambridge%25252525252Fcountry_id%25252525253A8%25252525252Fsort%25252525253Alowest_fee_per_month%25252525252Fdirection%25252525253Aasc%25252525253Fsort_type%25252525253D%2525252525252Fcategory%2525252525252Fschools%2525252525252Fcambridge%2525252525252Fcountry_id%2525252525253A8%2525252525252Fsort%2525252525253Alowest_fee_per_month%2525252525252Fdirection%2525252525253Aasc%2525252525253Fsort_type%2525252525253D%252525252525252Fcategory%252525252525252Fschools%252525252525252Fcambridge%252525252525252Fcountry_id%252525252525253A8%252525252525252Fdirection%252525252525253Adesc,2023-07-06
https://schoolwith.me/category/schools/toeic/direction:desc/country_id:8?sort_type=/category/schools/toeic/direction:asc/country_id:8/sort:lowest_fee_per_month?sort_type%3D%252Fcategory%252Fschools%252Ftoeic%252Fdirection%253Aasc%252Fcountry_id%253A8%252Fsort%253Alowest_fee_per_month%253Fsort_type%253D%25252Fcategory%25252Fschools%25252Ftoeic%25252Fcountry_id%25253A8%25252Fsort%25253Alowest_fee_per_month%25252Fdirection%25253Aasc%25253Fsort_type%25253D%2525252Fcategory%2525252Fschools%2525252Ftoeic%2525252Fcountry_id%2525253A8%2525252Fdirection%2525253Adesc%2525253Fsort_type%2525253D%252525252Fcategory%252525252Fschools%252525252Ftoeic%252525252Fcountry_id%252525253A8%252525252Fdirection%252525253Adesc%252525253Fsort_type%252525253D%25252525252Fcategory%25252525252Fschools%25252525252Ftoeic%25252525252Fcountry_id%25252525253A8%25252525252Fsort%25252525253Alowest_fee_per_month%25252525252Fdirection%25252525253Aasc%25252525253Fsort_type%25252525253D%2525252525252Fcategory%2525252525252Fschools%2525252525252Ftoeic%2525252525252Fcountry_id%2525252525253A8%2525252525252Fsort%2525252525253Alowest_fee_per_month%2525252525252Fdirection%2525252525253Aasc%2525252525253Fsort_type%2525252525253D%252525252525252Fcategory%252525252525252Fschools%252525252525252Ftoeic%252525252525252Fcountry_id%252525252525253A8%252525252525252Fsort%252525252525253Alowest_fee_per_month%252525252525252Fdirection%252525252525253Aasc,2023-07-06
https://schoolwith.me/category/schools/univ_going/direction:desc/country_id:2?sort_type=/category/schools/univ_going/country_id:2/sort:lowest_fee_per_month/direction:asc?sort_type%3D%252Fcategory%252Fschools%252Funiv_going%252Fcountry_id%253A2%252Fdirection%253Adesc%253Fsort_type%253D%25252Fcategory%25252Fschools%25252Funiv_going%25252Fcountry_id%25253A2%25252Fdirection%25253Adesc%25253Fsort_type%25253D%2525252Fcategory%2525252Fschools%2525252Funiv_going%2525252Fcountry_id%2525253A2%2525252Fsort%2525253Alowest_fee_per_month%2525252Fdirection%2525253Aasc%2525253Fsort_type%2525253D%252525252Fcategory%252525252Fschools%252525252Funiv_going%252525252Fcountry_id%252525253A2%252525252Fdirection%252525253Adesc%252525253Fsort_type%252525253D%25252525252Fcategory%25252525252Fschools%25252525252Funiv_going%25252525252Fcountry_id%25252525253A2%25252525252Fsort%25252525253Alowest_fee_per_month%25252525252Fdirection%25252525253Aasc%25252525253Fsort_type%25252525253D%2525252525252Fcategory%2525252525252Fschools%2525252525252Funiv_going%2525252525252Fcountry_id%2525252525253A2%2525252525252Fsort%2525252525253Alowest_fee_per_month%2525252525252Fdirection%2525252525253Aasc,2023-07-06
https://schoolwith.me/category/schools/ielts/direction:desc/country_id:4?sort_type=/category/schools/ielts/direction:asc/country_id:4/sort:lowest_fee_per_month?sort_type%3D%252Fcategory%252Fschools%252Fielts%252Fdirection%253Adesc%252Fcountry_id%253A4%253Fsort_type%253D%25252Fcategory%25252Fschools%25252Fielts%25252Fdirection%25253Aasc%25252Fsort%25253Alowest_fee_per_month%25252Fcountry_id%25253A4%25253Fsort_type%25253D%2525252Fcategory%2525252Fschools%2525252Fielts%2525252Fcountry_id%2525253A4%2525252Fdirection%2525253Adesc%2525253Fsort_type%2525253D%252525252Fcategory%252525252Fschools%252525252Fielts%252525252Fcountry_id%252525253A4%252525252Fdirection%252525253Adesc%252525253Fsort_type%252525253D%25252525252Fcategory%25252525252Fschools%25252525252Fielts%25252525252Fcountry_id%25252525253A4%25252525252Fsort%25252525253Alowest_fee_per_month%25252525252Fdirection%25252525253Aasc,2023-07-06
https://schoolwith.me/category/schools/short_term/direction:desc/country_id:4?sort_type=/category/schools/short_term/direction:desc/country_id:4?sort_type%3D%252Fcategory%252Fschools%252Fshort_term%252Fdirection%253Aasc%252Fcountry_id%253A4%252Fsort%253Alowest_fee_per_month%253Fsort_type%253D%25252Fcategory%25252Fschools%25252Fshort_term%25252Fdirection%25253Adesc%25252Fcountry_id%25253A4%25253Fsort_type%25253D%2525252Fcategory%2525252Fschools%2525252Fshort_term%2525252Fcountry_id%2525253A4%2525252Fsort%2525253Alowest_fee_per_month%2525252Fdirection%2525253AASC,2023-07-06
https://schoolwith.me/category/schools/business/direction:DESC/country_id:2/page:2/sort:School.application_cnt?sort_type=/category/schools/business/sort:lowest_fee_per_month/direction:asc/country_id:2?sort_type%3D%252Fcategory%252Fschools%252Fbusiness%252Fcountry_id%253A2%252Fdirection%253Adesc%253Fsort_type%253D%25252Fcategory%25252Fschools%25252Fbusiness%25252Fcountry_id%25253A2%25252Fsort%25253Alowest_fee_per_month%25252Fdirection%25253Aasc%25253Fsort_type%25253D%2525252Fcategory%2525252Fschools%2525252Fbusiness%2525252Fcountry_id%2525253A2%2525252Fdirection%2525253Adesc%2525253Fsort_type%2525253D%252525252Fcategory%252525252Fschools%252525252Fbusiness%252525252Fcountry_id%252525253A2%252525252Fsort%252525253Alowest_fee_per_month%252525252Fdirection%252525253Aasc,2023-07-06
https://schoolwith.me/category/schools/business/direction:DESC/country_id:2/page:2/sort:School.application_cnt?sort_type=/category/schools/business/direction:desc/country_id:2?sort_type%3D%252Fcategory%252Fschools%252Fbusiness%252Fdirection%253Aasc%252Fcountry_id%253A2%252Fsort%253Alowest_fee_per_month%253Fsort_type%253D%25252Fcategory%25252Fschools%25252Fbusiness%25252Fcountry_id%25253A2%25252Fdirection%25253Adesc%25253Fsort_type%25253D%2525252Fcategory%2525252Fschools%2525252Fbusiness%2525252Fcountry_id%2525253A2%2525252Fsort%2525253Alowest_fee_per_month%2525252Fdirection%2525253Aasc%2525253Fsort_type%2525253D%252525252Fcategory%252525252Fschools%252525252Fbusiness%252525252Fcountry_id%252525253A2%252525252Fdirection%252525253Adesc%252525253Fsort_type%252525253D%25252525252Fcategory%25252525252Fschools%25252525252Fbusiness%25252525252Fcountry_id%25252525253A2%25252525252Fsort%25252525253Alowest_fee_per_month%25252525252Fdirection%25252525253Aasc,2023-07-06
https://schoolwith.me/category/schools/business/direction:DESC/country_id:2/page:2/sort:School.application_cnt?sort_type=/category/schools/business/direction:desc/country_id:2?sort_type%3D%252Fcategory%252Fschools%252Fbusiness%252Fdirection%253Adesc%252Fcountry_id%253A2%253Fsort_type%253D%25252Fcategory%25252Fschools%25252Fbusiness%25252Fdirection%25253Adesc%25252Fcountry_id%25253A2%25253Fsort_type%25253D%2525252Fcategory%2525252Fschools%2525252Fbusiness%2525252Fcountry_id%2525253A2%2525252Fsort%2525253Alowest_fee_per_month%2525252Fdirection%2525253Aasc%2525253Fsort_type%2525253D%252525252Fcategory%252525252Fschools%252525252Fbusiness%252525252Fcountry_id%252525253A2%252525252Fsort%252525253Alowest_fee_per_month%252525252Fdirection%252525253Aasc%252525253Fsort_type%252525253D%25252525252Fcategory%25252525252Fschools%25252525252Fbusiness%25252525252Fcountry_id%25252525253A2%25252525252Fsort%25252525253Alowest_fee_per_month%25252525252Fdirection%25252525253Aasc,2023-07-06
https://schoolwith.me/category/schools/toeic/direction:desc/country_id:8?sort_type=/category/schools/toeic/country_id:8/direction:desc?sort_type%3D%252Fcategory%252Fschools%252Ftoeic%252Fcountry_id%253A8%252Fsort%253Alowest_fee_per_month%252Fdirection%253Aasc%253Fsort_type%253D%25252Fcategory%25252Fschools%25252Ftoeic%25252Fcountry_id%25253A8%25252Fsort%25253Alowest_fee_per_month%25252Fdirection%25253Aasc%25253Fsort_type%25253D%2525252Fcategory%2525252Fschools%2525252Ftoeic%2525252Fcountry_id%2525253A8%2525252Fsort%2525253Alowest_fee_per_month%2525252Fdirection%2525253Aasc%2525253Fsort_type%2525253D%252525252Fcategory%252525252Fschools%252525252Ftoeic%252525252Fcountry_id%252525253A8%252525252Fsort%252525253Alowest_fee_per_month%252525252Fdirection%252525253Aasc%252525253Fsort_type%252525253D%25252525252Fcategory%25252525252Fschools%25252525252Ftoeic%25252525252Fcountry_id%25252525253A8%25252525252Fdirection%25252525253Adesc%25252525253Fsort_type%25252525253D%2525252525252Fcategory%2525252525252Fschools%2525252525252Ftoeic%2525252525252Fcountry_id%2525252525253A8%2525252525252Fsort%2525252525253Alowest_fee_per_month%2525252525252Fdirection%2525252525253Aasc%2525252525253Fsort_type%2525252525253D%252525252525252Fcategory%252525252525252Fschools%252525252525252Ftoeic%252525252525252Fcountry_id%252525252525253A8%252525252525252Fsort%252525252525253Alowest_fee_per_month%252525252525252Fdirection%252525252525253Aasc,2023-07-06
https://schoolwith.me/category/schools/cambridge/direction:desc/country_id:8?sort_type=/category/schools/cambridge/direction:asc/country_id:8/sort:lowest_fee_per_month?sort_type%3D%252Fcategory%252Fschools%252Fcambridge%252Fcountry_id%253A8%252Fsort%253Alowest_fee_per_month%252Fdirection%253Aasc%253Fsort_type%253D%25252Fcategory%25252Fschools%25252Fcambridge%25252Fcountry_id%25253A8%25252Fsort%25253Alowest_fee_per_month%25252Fdirection%25253Aasc%25253Fsort_type%25253D%2525252Fcategory%2525252Fschools%2525252Fcambridge%2525252Fcountry_id%2525253A8%2525252Fsort%2525253Alowest_fee_per_month%2525252Fdirection%2525253Aasc%2525253Fsort_type%2525253D%252525252Fcategory%252525252Fschools%252525252Fcambridge%252525252Fcountry_id%252525253A8%252525252Fsort%252525253Alowest_fee_per_month%252525252Fdirection%252525253Aasc%252525253Fsort_type%252525253D%25252525252Fcategory%25252525252Fschools%25252525252Fcambridge%25252525252Fcountry_id%25252525253A8%25252525252Fsort%25252525253Alowest_fee_per_month%25252525252Fdirection%25252525253Aasc%25252525253Fsort_type%25252525253D%2525252525252Fcategory%2525252525252Fschools%2525252525252Fcambridge%2525252525252Fcountry_id%2525252525253A8%2525252525252Fdirection%2525252525253Adesc,2023-07-06
https://schoolwith.me/category/schools/ielts/direction:desc/country_id:6?sort_type=/category/schools/ielts/sort:lowest_fee_per_month/direction:asc/country_id:6?sort_type%3D%252Fcategory%252Fschools%252Fielts%252Fcountry_id%253A6%252Fdirection%253Adesc%253Fsort_type%253D%25252Fcategory%25252Fschools%25252Fielts%25252Fcountry_id%25253A6%25252Fdirection%25253Adesc%25253Fsort_type%25253D%2525252Fcategory%2525252Fschools%2525252Fielts%2525252Fcountry_id%2525253A6%2525252Fsort%2525253Alowest_fee_per_month%2525252Fdirection%2525253Aasc%2525253Fsort_type%2525253D%252525252Fcategory%252525252Fschools%252525252Fielts%252525252Fcountry_id%252525253A6%252525252Fsort%252525253Alowest_fee_per_month%252525252Fdirection%252525253Aasc%252525253Fsort_type%252525253D%25252525252Fcategory%25252525252Fschools%25252525252Fielts%25252525252Fcountry_id%25252525253A6%25252525252Fdirection%25252525253Adesc%25252525253Fsort_type%25252525253D%2525252525252Fcategory%2525252525252Fschools%2525252525252Fielts%2525252525252Fcountry_id%2525252525253A6%2525252525252Fdirection%2525252525253Adesc%2525252525253Fsort_type%2525252525253D%252525252525252Fcategory%252525252525252Fschools%252525252525252Fielts%252525252525252Fcountry_id%252525252525253A6%252525252525252Fsort%252525252525253Alowest_fee_per_month%252525252525252Fdirection%252525252525253Aasc,2023-07-06
https://schoolwith.me/category/schools/cambridge/direction:desc/country_id:8?sort_type=/category/schools/cambridge/direction:desc/country_id:8?sort_type%3D%252Fcategory%252Fschools%252Fcambridge%252Fdirection%253Adesc%252Fcountry_id%253A8%253Fsort_type%253D%25252Fcategory%25252Fschools%25252Fcambridge%25252Fdirection%25253Adesc%25252Fcountry_id%25253A8%25253Fsort_type%25253D%2525252Fcategory%2525252Fschools%2525252Fcambridge%2525252Fdirection%2525253Aasc%2525252Fcountry_id%2525253A8%2525252Fsort%2525253Alowest_fee_per_month%2525253Fsort_type%2525253D%252525252Fcategory%252525252Fschools%252525252Fcambridge%252525252Fcountry_id%252525253A8%252525252Fsort%252525253Alowest_fee_per_month%252525252Fdirection%252525253Aasc%252525253Fsort_type%252525253D%25252525252Fcategory%25252525252Fschools%25252525252Fcambridge%25252525252Fcountry_id%25252525253A8%25252525252Fsort%25252525253Alowest_fee_per_month%25252525252Fdirection%25252525253Aasc%25252525253Fsort_type%25252525253D%2525252525252Fcategory%2525252525252Fschools%2525252525252Fcambridge%2525252525252Fcountry_id%2525252525253A8%2525252525252Fsort%2525252525253Alowest_fee_per_month%2525252525252Fdirection%2525252525253Aasc%2525252525253Fsort_type%2525252525253D%252525252525252Fcategory%252525252525252Fschools%252525252525252Fcambridge%252525252525252Fcountry_id%252525252525253A8%252525252525252Fdirection%252525252525253Adesc%252525252525253Fsort_type%252525252525253D%25252525252525252Fcategory%25252525252525252Fschools%25252525252525252Fcambridge%25252525252525252Fcountry_id%25252525252525253A8%25252525252525252Fdirection%25252525252525253Adesc,2023-07-06
https://schoolwith.me/category/schools/business/direction:desc/country_id:5?sort_type=/category/schools/business/country_id:5/direction:desc?sort_type%3D%252Fcategory%252Fschools%252Fbusiness%252Fcountry_id%253A5%252Fdirection%253Adesc%253Fsort_type%253D%25252Fcategory%25252Fschools%25252Fbusiness%25252Fcountry_id%25253A5%25252Fdirection%25253Adesc%25253Fsort_type%25253D%2525252Fcategory%2525252Fschools%2525252Fbusiness%2525252Fcountry_id%2525253A5%2525252Fdirection%2525253Adesc%2525253Fsort_type%2525253D%252525252Fcategory%252525252Fschools%252525252Fbusiness%252525252Fcountry_id%252525253A5%252525252Fsort%252525253Alowest_fee_per_month%252525252Fdirection%252525253Aasc%252525253Fsort_type%252525253D%25252525252Fcategory%25252525252Fschools%25252525252Fbusiness%25252525252Fcountry_id%25252525253A5%25252525252Fdirection%25252525253Adesc,2023-07-06
https://schoolwith.me/category/schools/ielts/direction:desc/country_id:2?sort_type=/category/schools/ielts/direction:asc/country_id:2/sort:lowest_fee_per_month?sort_type%3D%252Fcategory%252Fschools%252Fielts%252Fdirection%253Adesc%252Fcountry_id%253A2%253Fsort_type%253D%25252Fcategory%25252Fschools%25252Fielts%25252Fcountry_id%25253A2%25252Fdirection%25253Adesc%25253Fsort_type%25253D%2525252Fcategory%2525252Fschools%2525252Fielts%2525252Fcountry_id%2525253A2%2525252Fdirection%2525253Adesc,2023-07-06
https://schoolwith.me/category/schools/cambridge/direction:desc/country_id:8?sort_type=/category/schools/cambridge/direction:asc/country_id:8/sort:lowest_fee_per_month?sort_type%3D%252Fcategory%252Fschools%252Fcambridge%252Fdirection%253Adesc%252Fcountry_id%253A8%253Fsort_type%253D%25252Fcategory%25252Fschools%25252Fcambridge%25252Fdirection%25253Adesc%25252Fcountry_id%25253A8%25253Fsort_type%25253D%2525252Fcategory%2525252Fschools%2525252Fcambridge%2525252Fcountry_id%2525253A8%2525252Fdirection%2525253Adesc%2525253Fsort_type%2525253D%252525252Fcategory%252525252Fschools%252525252Fcambridge%252525252Fcountry_id%252525253A8%252525252Fsort%252525253Alowest_fee_per_month%252525252Fdirection%252525253Aasc%252525253Fsort_type%252525253D%25252525252Fcategory%25252525252Fschools%25252525252Fcambridge%25252525252Fcountry_id%25252525253A8%25252525252Fsort%25252525253Alowest_fee_per_month%25252525252Fdirection%25252525253Aasc%25252525253Fsort_type%25252525253D%2525252525252Fcategory%2525252525252Fschools%2525252525252Fcambridge%2525252525252Fcountry_id%2525252525253A8%2525252525252Fsort%2525252525253Alowest_fee_per_month%2525252525252Fdirection%2525252525253Aasc%2525252525253Fsort_type%2525252525253D%252525252525252Fcategory%252525252525252Fschools%252525252525252Fcambridge%252525252525252Fcountry_id%252525252525253A8%252525252525252Fdirection%252525252525253Adesc%252525252525253Fsort_type%252525252525253D%25252525252525252Fcategory%25252525252525252Fschools%25252525252525252Fcambridge%25252525252525252Fcountry_id%25252525252525253A8%25252525252525252Fdirection%25252525252525253Adesc%25252525252525253Fsort_type%25252525252525253D%2525252525252525252Fcategory%2525252525252525252Fschools%2525252525252525252Fcambridge%2525252525252525252Fcountry_id%2525252525252525253A8%2525252525252525252Fdirection%2525252525252525253Adesc,2023-07-06
https://schoolwith.me/category/schools/cambridge/direction:desc/country_id:8?sort_type=/category/schools/cambridge/direction:desc/country_id:8?sort_type%3D%252Fcategory%252Fschools%252Fcambridge%252Fdirection%253Adesc%252Fcountry_id%253A8%253Fsort_type%253D%25252Fcategory%25252Fschools%25252Fcambridge%25252Fcountry_id%25253A8%25252Fdirection%25253Adesc%25253Fsort_type%25253D%2525252Fcategory%2525252Fschools%2525252Fcambridge%2525252Fcountry_id%2525253A8%2525252Fdirection%2525253Adesc%2525253Fsort_type%2525253D%252525252Fcategory%252525252Fschools%252525252Fcambridge%252525252Fcountry_id%252525253A8%252525252Fdirection%252525253Adesc%252525253Fsort_type%252525253D%25252525252Fcategory%25252525252Fschools%25252525252Fcambridge%25252525252Fcountry_id%25252525253A8%25252525252Fsort%25252525253Alowest_fee_per_month%25252525252Fdirection%25252525253Aasc%25252525253Fsort_type%25252525253D%2525252525252Fcategory%2525252525252Fschools%2525252525252Fcambridge%2525252525252Fcountry_id%2525252525253A8%2525252525252Fdirection%2525252525253Adesc%2525252525253Fsort_type%2525252525253D%252525252525252Fcategory%252525252525252Fschools%252525252525252Fcambridge%252525252525252Fcountry_id%252525252525253A8%252525252525252Fdirection%252525252525253Adesc%252525252525253Fsort_type%252525252525253D%25252525252525252Fcategory%25252525252525252Fschools%25252525252525252Fcambridge%25252525252525252Fcountry_id%25252525252525253A8%25252525252525252Fsort%25252525252525253Alowest_fee_per_month%25252525252525252Fdirection%25252525252525253Aasc%25252525252525253Fsort_type%25252525252525253D%2525252525252525252Fcategory%2525252525252525252Fschools%2525252525252525252Fcambridge%2525252525252525252Fcountry_id%2525252525252525253A8%2525252525252525252Fdirection%2525252525252525253Adesc,2023-07-06
https://schoolwith.me/category/schools/cambridge/direction:desc/country_id:8?sort_type=/category/schools/cambridge/direction:desc/country_id:8?sort_type%3D%252Fcategory%252Fschools%252Fcambridge%252Fdirection%253Adesc%252Fcountry_id%253A8%253Fsort_type%253D%25252Fcategory%25252Fschools%25252Fcambridge%25252Fcountry_id%25253A8%25252Fsort%25253Alowest_fee_per_month%25252Fdirection%25253Aasc%25253Fsort_type%25253D%2525252Fcategory%2525252Fschools%2525252Fcambridge%2525252Fcountry_id%2525253A8%2525252Fsort%2525253Alowest_fee_per_month%2525252Fdirection%2525253Aasc%2525253Fsort_type%2525253D%252525252Fcategory%252525252Fschools%252525252Fcambridge%252525252Fcountry_id%252525253A8%252525252Fsort%252525253Alowest_fee_per_month%252525252Fdirection%252525253Aasc%252525253Fsort_type%252525253D%25252525252Fcategory%25252525252Fschools%25252525252Fcambridge%25252525252Fcountry_id%25252525253A8%25252525252Fdirection%25252525253Adesc%25252525253Fsort_type%25252525253D%2525252525252Fcategory%2525252525252Fschools%2525252525252Fcambridge%2525252525252Fcountry_id%2525252525253A8%2525252525252Fsort%2525252525253Alowest_fee_per_month%2525252525252Fdirection%2525252525253Aasc%2525252525253Fsort_type%2525252525253D%252525252525252Fcategory%252525252525252Fschools%252525252525252Fcambridge%252525252525252Fcountry_id%252525252525253A8%252525252525252Fsort%252525252525253Alowest_fee_per_month%252525252525252Fdirection%252525252525253Aasc%252525252525253Fsort_type%252525252525253D%25252525252525252Fcategory%25252525252525252Fschools%25252525252525252Fcambridge%25252525252525252Fcountry_id%25252525252525253A8%25252525252525252Fsort%25252525252525253Alowest_fee_per_month%25252525252525252Fdirection%25252525252525253Aasc%25252525252525253Fsort_type%25252525252525253D%2525252525252525252Fcategory%2525252525252525252Fschools%2525252525252525252Fcambridge%2525252525252525252Fcountry_id%2525252525252525253A8%2525252525252525252Fdirection%2525252525252525253Adesc,2023-07-06
https://schoolwith.me/category/schools/cambridge/direction:desc/country_id:8?sort_type=/category/schools/cambridge/direction:desc/country_id:8?sort_type%3D%252Fcategory%252Fschools%252Fcambridge%252Fdirection%253Adesc%252Fcountry_id%253A8%253Fsort_type%253D%25252Fcategory%25252Fschools%25252Fcambridge%25252Fdirection%25253Aasc%25252Fcountry_id%25253A8%25252Fsort%25253Alowest_fee_per_month%25253Fsort_type%25253D%2525252Fcategory%2525252Fschools%2525252Fcambridge%2525252Fdirection%2525253Aasc%2525252Fcountry_id%2525253A8%2525252Fsort%2525253Alowest_fee_per_month%2525253Fsort_type%2525253D%252525252Fcategory%252525252Fschools%252525252Fcambridge%252525252Fcountry_id%252525253A8%252525252Fsort%252525253Alowest_fee_per_month%252525252Fdirection%252525253Aasc%252525253Fsort_type%252525253D%25252525252Fcategory%25252525252Fschools%25252525252Fcambridge%25252525252Fcountry_id%25252525253A8%25252525252Fdirection%25252525253Adesc%25252525253Fsort_type%25252525253D%2525252525252Fcategory%2525252525252Fschools%2525252525252Fcambridge%2525252525252Fcountry_id%2525252525253A8%2525252525252Fdirection%2525252525253Adesc%2525252525253Fsort_type%2525252525253D%252525252525252Fcategory%252525252525252Fschools%252525252525252Fcambridge%252525252525252Fcountry_id%252525252525253A8%252525252525252Fsort%252525252525253Alowest_fee_per_month%252525252525252Fdirection%252525252525253Aasc%252525252525253Fsort_type%252525252525253D%25252525252525252Fcategory%25252525252525252Fschools%25252525252525252Fcambridge%25252525252525252Fcountry_id%25252525252525253A8%25252525252525252Fdirection%25252525252525253Adesc,2023-07-06
https://schoolwith.me/category/schools/ielts/direction:desc/country_id:4?sort_type=/category/schools/ielts/direction:asc/country_id:4/sort:lowest_fee_per_month?sort_type%3D%252Fcategory%252Fschools%252Fielts%252Fdirection%253Adesc%252Fcountry_id%253A4%253Fsort_type%253D%25252Fcategory%25252Fschools%25252Fielts%25252Fdirection%25253Aasc%25252Fcountry_id%25253A4%25252Fsort%25253Alowest_fee_per_month%25253Fsort_type%25253D%2525252Fcategory%2525252Fschools%2525252Fielts%2525252Fdirection%2525253Aasc%2525252Fsort%2525253Alowest_fee_per_month%2525252Fcountry_id%2525253A4%2525253Fsort_type%2525253D%252525252Fcategory%252525252Fschools%252525252Fielts%252525252Fdirection%252525253Aasc%252525252Fcountry_id%252525253A4%252525252Fsort%252525253Alowest_fee_per_month%252525253Fsort_type%252525253D%25252525252Fcategory%25252525252Fschools%25252525252Fielts%25252525252Fdirection%25252525253Aasc%25252525252Fcountry_id%25252525253A4%25252525252Fsort%25252525253Alowest_fee_per_month,2023-07-06
https://schoolwith.me/category/schools/japanese_management/direction:asc/sort:lowest_fee_per_month?sort_type=/category/schools/japanese_management/direction:desc?sort_type%3D%252Fcategory%252Fschools%252Fjapanese_management%252Fdirection%253Aasc%252Fsort%253Alowest_fee_per_month%253Fsort_type%253D%25252Fcategory%25252Fschools%25252Fjapanese_management%25252Fdirection%25253Adesc%25253Fsort_type%25253D%2525252Fcategory%2525252Fschools%2525252Fjapanese_management%2525252Fdirection%2525253Adesc%2525253Fsort_type%2525253D%252525252Fcategory%252525252Fschools%252525252Fjapanese_management%252525252Fsort%252525253Alowest_fee_per_month%252525252Fdirection%252525253Aasc%252525253Fsort_type%252525253D%25252525252Fcategory%25252525252Fschools%25252525252Fjapanese_management%25252525252Fsort%25252525253Alowest_fee_per_month%25252525252Fdirection%25252525253Aasc%25252525253Fsort_type%25252525253D%2525252525252Fcategory%2525252525252Fschools%2525252525252Fjapanese_management%2525252525252Fdirection%2525252525253Adesc,2023-07-06
https://schoolwith.me/category/schools/cambridge/direction:desc/country_id:8?sort_type=/category/schools/cambridge/country_id:8/sort:lowest_fee_per_month/direction:asc?sort_type%3D%252Fcategory%252Fschools%252Fcambridge%252Fcountry_id%253A8%252Fsort%253Alowest_fee_per_month%252Fdirection%253Aasc%253Fsort_type%253D%25252Fcategory%25252Fschools%25252Fcambridge%25252Fcountry_id%25253A8%25252Fdirection%25253Adesc%25253Fsort_type%25253D%2525252Fcategory%2525252Fschools%2525252Fcambridge%2525252Fcountry_id%2525253A8%2525252Fsort%2525253Alowest_fee_per_month%2525252Fdirection%2525253Aasc%2525253Fsort_type%2525253D%252525252Fcategory%252525252Fschools%252525252Fcambridge%252525252Fcountry_id%252525253A8%252525252Fsort%252525253Alowest_fee_per_month%252525252Fdirection%252525253Aasc%252525253Fsort_type%252525253D%25252525252Fcategory%25252525252Fschools%25252525252Fcambridge%25252525252Fcountry_id%25252525253A8%25252525252Fsort%25252525253Alowest_fee_per_month%25252525252Fdirection%25252525253Aasc%25252525253Fsort_type%25252525253D%2525252525252Fcategory%2525252525252Fschools%2525252525252Fcambridge%2525252525252Fcountry_id%2525252525253A8%2525252525252Fsort%2525252525253Alowest_fee_per_month%2525252525252Fdirection%2525252525253Aasc%2525252525253Fsort_type%2525252525253D%252525252525252Fcategory%252525252525252Fschools%252525252525252Fcambridge%252525252525252Fcountry_id%252525252525253A8%252525252525252Fdirection%252525252525253Adesc%252525252525253Fsort_type%252525252525253D%25252525252525252Fcategory%25252525252525252Fschools%25252525252525252Fcambridge%25252525252525252Fcountry_id%25252525252525253A8%25252525252525252Fdirection%25252525252525253Adesc%25252525252525253Fsort_type%25252525252525253D%2525252525252525252Fcategory%2525252525252525252Fschools%2525252525252525252Fcambridge%2525252525252525252Fcountry_id%2525252525252525253A8%2525252525252525252Fdirection%2525252525252525253Adesc,2023-07-06
https://schoolwith.me/category/schools/gmat/direction:desc/country_id:2?sort_type=/category/schools/gmat/direction:desc/country_id:2?sort_type%3D%252Fcategory%252Fschools%252Fgmat%252Fdirection%253Adesc%252Fcountry_id%253A2%253Fsort_type%253D%25252Fcategory%25252Fschools%25252Fgmat%25252Fdirection%25253Adesc%25252Fcountry_id%25253A2%25253Fsort_type%25253D%2525252Fcategory%2525252Fschools%2525252Fgmat%2525252Fdirection%2525253Adesc%2525252Fcountry_id%2525253A2%2525253Fsort_type%2525253D%252525252Fcategory%252525252Fschools%252525252Fgmat%252525252Fdirection%252525253Adesc%252525252Fcountry_id%252525253A2%252525253Fsort_type%252525253D%25252525252Fcategory%25252525252Fschools%25252525252Fgmat%25252525252Fdirection%25252525253Adesc%25252525252Fcountry_id%25252525253A2%25252525253Fsort_type%25252525253D%2525252525252Fcategory%2525252525252Fschools%2525252525252Fgmat%2525252525252Fdirection%2525252525253Aasc%2525252525252Fcountry_id%2525252525253A2%2525252525252Fsort%2525252525253Alowest_fee_per_month%2525252525253Fsort_type%2525252525253D%252525252525252Fcategory%252525252525252Fschools%252525252525252Fgmat%252525252525252Fdirection%252525252525253Adesc%252525252525252Fcountry_id%252525252525253A2%252525252525253Fsort_type%252525252525253D%25252525252525252Fcategory%25252525252525252Fschools%25252525252525252Fgmat%25252525252525252Fdirection%25252525252525253Adesc%25252525252525252Fcountry_id%25252525252525253A2%25252525252525253Fsort_type%25252525252525253D%2525252525252525252Fcategory%2525252525252525252Fschools%2525252525252525252Fgmat%2525252525252525252Fcountry_id%2525252525252525253A2%2525252525252525252Fdirection%2525252525252525253Adesc,2023-07-06
https://schoolwith.me/category/schools/toefl/direction:desc/country_id:5?sort_type=/category/schools/toefl/direction:desc/country_id:5?sort_type%3D%252Fcategory%252Fschools%252Ftoefl%252Fdirection%253Adesc%252Fcountry_id%253A5%253Fsort_type%253D%25252Fcategory%25252Fschools%25252Ftoefl%25252Fdirection%25253Aasc%25252Fcountry_id%25253A5%25252Fsort%25253Alowest_fee_per_month%25253Fsort_type%25253D%2525252Fcategory%2525252Fschools%2525252Ftoefl%2525252Fdirection%2525253Aasc%2525252Fsort%2525253Alowest_fee_per_month%2525252Fcountry_id%2525253A5%2525253Fsort_type%2525253D%252525252Fcategory%252525252Fschools%252525252Ftoefl%252525252Fdirection%252525253Adesc%252525252Fcountry_id%252525253A5%252525253Fsort_type%252525253D%25252525252Fcategory%25252525252Fschools%25252525252Ftoefl%25252525252Fdirection%25252525253Adesc%25252525252Fcountry_id%25252525253A5,2023-07-06
https://schoolwith.me/category/schools/ielts/direction:desc/country_id:5?sort_type=/category/schools/ielts/direction:desc/country_id:5?sort_type%3D%252Fcategory%252Fschools%252Fielts%252Fdirection%253Adesc%252Fcountry_id%253A5%253Fsort_type%253D%25252Fcategory%25252Fschools%25252Fielts%25252Fsort%25253Alowest_fee_per_month%25252Fdirection%25253Aasc%25252Fcountry_id%25253A5,2023-07-06
https://schoolwith.me/category/schools/toefl/direction:desc/country_id:5?sort_type=/category/schools/toefl/direction:asc/country_id:5/sort:lowest_fee_per_month?sort_type%3D%252Fcategory%252Fschools%252Ftoefl%252Fdirection%253Adesc%252Fcountry_id%253A5%253Fsort_type%253D%25252Fcategory%25252Fschools%25252Ftoefl%25252Fdirection%25253Adesc%25252Fcountry_id%25253A5%25253Fsort_type%25253D%2525252Fcategory%2525252Fschools%2525252Ftoefl%2525252Fdirection%2525253Aasc%2525252Fcountry_id%2525253A5%2525252Fsort%2525253Alowest_fee_per_month%2525253Fsort_type%2525253D%252525252Fcategory%252525252Fschools%252525252Ftoefl%252525252Fdirection%252525253Adesc%252525252Fcountry_id%252525253A5,2023-07-06
https://schoolwith.me/category/schools/ielts/page:7/direction:asc/sort:lowest_fee_per_month?sort_type=/category/schools/ielts/direction:asc/sort:lowest_fee_per_month?sort_type%3D%252Fcategory%252Fschools%252Fielts%252Fdirection%253Adesc%253Fsort_type%253D%25252Fcategory%25252Fschools%25252Fielts%25252Fdirection%25253Adesc,2023-07-06
https://schoolwith.me/category/schools/business/country_id:5/area_id:5014?sort_type=/category/schools/business/country_id:5/area_id:5014/sort:lowest_fee_per_month/direction:asc,2023-07-05
https://schoolwith.me/category/schools/business/direction:desc/country_id:1?sort_type=/category/schools/business/direction:desc/country_id:1?sort_type%3D%252Fcategory%252Fschools%252Fbusiness%252Fcountry_id%253A1%252Fdirection%253Adesc%253Fsort_type%253D%25252Fcategory%25252Fschools%25252Fbusiness%25252Fcountry_id%25253A1%25252Fdirection%25253Adesc%25253Fsort_type%25253D%2525252Fcategory%2525252Fschools%2525252Fbusiness%2525252Fcountry_id%2525253A1%2525252Fdirection%2525253Adesc%2525253Fsort_type%2525253D%252525252Fcategory%252525252Fschools%252525252Fbusiness%252525252Fcountry_id%252525253A1%252525252Fsort%252525253Alowest_fee_per_month%252525252Fdirection%252525253AASC,2023-07-05
https://schoolwith.me/category/schools/business/direction:desc/country_id:1?sort_type=/category/schools/business/country_id:1/direction:desc?sort_type%3D%252Fcategory%252Fschools%252Fbusiness%252Fcountry_id%253A1%252Fdirection%253Adesc%253Fsort_type%253D%25252Fcategory%25252Fschools%25252Fbusiness%25252Fcountry_id%25253A1%25252Fdirection%25253Adesc%25253Fsort_type%25253D%2525252Fcategory%2525252Fschools%2525252Fbusiness%2525252Fcountry_id%2525253A1%2525252Fsort%2525253Alowest_fee_per_month%2525252Fdirection%2525253AASC,2023-07-05
https://schoolwith.me/category/schools/ielts/direction:desc?sort_type=/category/schools/ielts/direction:asc/sort:lowest_fee_per_month?utm_content%3Dbufferb2bf9%26amp;amp%253Bamp%253Bamp%253Bamp%253Butm_medium%3Dsocial%26amp;amp%253Bamp%253Bamp%253Bamp%253Butm_source%3Dtwitter.com%26amp;amp%253Bamp%253Bamp%253Bamp%253Butm_campaign%3Dbuffer,2023-07-05
https://schoolwith.me/category/schools/toeic/direction:desc/country_id:6/area_id:6001?sort_type=/category/schools/toeic/direction:desc/country_id:6/area_id:6001?sort_type%3D%252Fcategory%252Fschools%252Ftoeic%252Fcountry_id%253A6%252Farea_id%253A6001%252Fdirection%253Adesc,2023-07-05
https://schoolwith.me/category/schools/toeic/direction:desc/country_id:6/area_id:6001?sort_type=/category/schools/toeic/direction:asc/country_id:6/area_id:6001/sort:lowest_fee_per_month?sort_type%3D%252Fcategory%252Fschools%252Ftoeic%252Fcountry_id%253A6%252Farea_id%253A6001%252Fdirection%253Adesc,2023-07-05
https://schoolwith.me/schools/curriculum/50361?fragment_identifier=Curriculum2756,2023-07-05
https://schoolwith.me/schools/curriculum/50361?fragment_identifier=Curriculum2754,2023-07-05
https://schoolwith.me/category/schools/toeic/direction:desc?sort_type=/category/schools/toeic/direction:desc?sort_type%3D%252Fcategory%252Fschools%252Ftoeic%252Fdirection%253Adesc%253Fsort_type%253D%25252Fcategory%25252Fschools%25252Ftoeic%25252Fdirection%25253Aasc%25252Fsort%25253Alowest_fee_per_month%25253Fsort_type%25253D%2525252Fcategory%2525252Fschools%2525252Ftoeic%2525252Fdirection%2525253Adesc%2525253Fsort_type%2525253D%252525252Fcategory%252525252Fschools%252525252Ftoeic%252525252Fdirection%252525253Adesc%252525253Fsort_type%252525253D%25252525252Fcategory%25252525252Fschools%25252525252Ftoeic%25252525252Fdirection%25252525253Adesc%25252525253Fsort_type%25252525253D%2525252525252Fcategory%2525252525252Fschools%2525252525252Ftoeic%2525252525252Fsort%2525252525253Alowest_fee_per_month%2525252525252Fdirection%2525252525253Aasc%2525252525253Fsrc_user%2525252525253Dtop_main_ctgry_pc,2023-07-04
https://schoolwith.me/category/schools/toeic/direction:desc?sort_type=/category/schools/toeic/direction:desc?sort_type%3D%252Fcategory%252Fschools%252Ftoeic%252Fdirection%253Adesc%253Fsort_type%253D%25252Fcategory%25252Fschools%25252Ftoeic%25252Fdirection%25253Adesc%25253Fsort_type%25253D%2525252Fcategory%2525252Fschools%2525252Ftoeic%2525252Fsort%2525253Alowest_fee_per_month%2525252Fdirection%2525253Aasc%2525253Fsort_type%2525253D%252525252Fcategory%252525252Fschools%252525252Ftoeic%252525252Fdirection%252525253Adesc%252525253Fsort_type%252525253D%25252525252Fcategory%25252525252Fschools%25252525252Ftoeic%25252525252Fdirection%25252525253Adesc%25252525253Fsort_type%25252525253D%2525252525252Fcategory%2525252525252Fschools%2525252525252Ftoeic%2525252525252Fsort%2525252525253Alowest_fee_per_month%2525252525252Fdirection%2525252525253Aasc%2525252525253Fsrc_user%2525252525253Dtop_main_ctgry_pc,2023-07-03
https://schoolwith.me/category/schools/univ_going/direction:desc/country_id:2,2023-07-03
https://schoolwith.me/category/schools/toeic/country_id:5/area_id:5002?sort_type=/category/schools/toeic/country_id:5/area_id:5002/sort:lowest_fee_per_month/direction:asc?sort_type%3D%252Fcategory%252Fschools%252Ftoeic%252Fcountry_id%253A5%252Farea_id%253A5002%252Fdirection%253Adesc%253Fsort_type%253D%25252Fcategory%25252Fschools%25252Ftoeic%25252Fcountry_id%25253A5%25252Farea_id%25253A5002%25252Fdirection%25253Adesc%25253Fsort_type%25253D%2525252Fcategory%2525252Fschools%2525252Ftoeic%2525252Fcountry_id%2525253A5%2525252Farea_id%2525253A5002%2525252Fsort%2525253Alowest_fee_per_month%2525252Fdirection%2525253Aasc%2525253Fsort_type%2525253D%252525252Fcategory%252525252Fschools%252525252Ftoeic%252525252Fcountry_id%252525253A5%252525252Farea_id%252525253A5002%252525252Fsort%252525253Alowest_fee_per_month%252525252Fdirection%252525253Aasc%252525253Fsort_type%252525253D%25252525252Fcategory%25252525252Fschools%25252525252Ftoeic%25252525252Fcountry_id%25252525253A5%25252525252Farea_id%25252525253A5002%25252525252Fsort%25252525253Alowest_fee_per_month%25252525252Fdirection%25252525253Aasc,2023-07-02
https://schoolwith.me/category/schools/ielts/country_id:3/area_id:3002/sort:lowest_fee_per_month/direction:asc?sort_type=/category/schools/ielts/direction:desc/country_id:3/area_id:3002?sort_type%3D%252Fcategory%252Fschools%252Fielts%252Fcountry_id%253A3%252Farea_id%253A3002%252Fsort%253Alowest_fee_per_month%252Fdirection%253Aasc%253Fsort_type%253D%25252Fcategory%25252Fschools%25252Fielts%25252Fcountry_id%25253A3%25252Farea_id%25253A3002%25252Fsort%25253Alowest_fee_per_month%25252Fdirection%25253Aasc%25253Fsort_type%25253D%2525252Fcategory%2525252Fschools%2525252Fielts%2525252Fcountry_id%2525253A3%2525252Farea_id%2525253A3002%2525252Fsort%2525253Alowest_fee_per_month%2525252Fdirection%2525253AASC,2023-07-02
https://schoolwith.me/category/schools/abroad_life/sort:lowest_fee_per_month/direction:asc/country_id:7/page:2?sort_type=/category/schools/abroad_life/country_id:7/direction:desc?sort_type%3D%252Fcategory%252Fschools%252Fabroad_life%252Fcountry_id%253A7%252Fsort%253Alowest_fee_per_month%252Fdirection%253Aasc%253Fsort_type%253D%25252Fcategory%25252Fschools%25252Fabroad_life%25252Fcountry_id%25253A7%25252Fdirection%25253Adesc%25253Fsort_type%25253D%2525252Fcategory%2525252Fschools%2525252Fabroad_life%2525252Fcountry_id%2525253A7%2525252Fdirection%2525253Adesc%2525253Fsort_type%2525253D%252525252Fcategory%252525252Fschools%252525252Fabroad_life%252525252Fcountry_id%252525253A7%252525252Fdirection%252525253Adesc,2023-07-02
https://schoolwith.me/category/schools/barista/country_id:4/sort:lowest_fee_per_month/direction:asc?sort_type=/category/schools/barista/sort:lowest_fee_per_month/direction:asc/country_id:4?sort_type%3D%252Fcategory%252Fschools%252Fbarista%252Fsort%253Alowest_fee_per_month%252Fdirection%253Aasc%252Fcountry_id%253A4,2023-07-01
https://schoolwith.me/category/schools/cambridge/direction:asc/country_id:4/sort:lowest_fee_per_month?sort_type=/category/schools/cambridge/direction:asc/sort:lowest_fee_per_month/country_id:4?sort_type%3D%252Fcategory%252Fschools%252Fcambridge%252Fdirection%253Aasc%252Fcountry_id%253A4%252Fsort%253Alowest_fee_per_month,2023-07-01
https://schoolwith.me/category/schools/non_japanese/direction:asc/country_id:1/sort:lowest_fee_per_month?sort_type=/category/schools/non_japanese/direction:desc/country_id:1?sort_type%3D%252Fcategory%252Fschools%252Fnon_japanese%252Fdirection%253Aasc%252Fsort%253Alowest_fee_per_month%252Fcountry_id%253A1,2023-07-01
https://schoolwith.me/category/schools/toeic/direction:desc/country_id:6/area_id:6001?sort_type=/category/schools/toeic/sort:lowest_fee_per_month/direction:asc/country_id:6/area_id:6001?sort_type%3D%252Fcategory%252Fschools%252Ftoeic%252Fsort%253Alowest_fee_per_month%252Fdirection%253Aasc%252Fcountry_id%253A6%252Farea_id%253A6001,2023-07-01
https://schoolwith.me/category/schools/toeic/country_id:2/area_id:2006/sort:lowest_fee_per_month/direction:asc?sort_type=/category/schools/toeic/direction:desc/country_id:2/area_id:2006?sort_type%3D%252Fcategory%252Fschools%252Ftoeic%252Fcountry_id%253A2%252Farea_id%253A2006%252Fsort%253Alowest_fee_per_month%252Fdirection%253Aasc,2023-07-01
https://schoolwith.me/category/schools/toeic/direction:desc/country_id:6/area_id:6001?sort_type=/category/schools/toeic/direction:desc/country_id:6/area_id:6001?sort_type%3D%252Fcategory%252Fschools%252Ftoeic%252Fsort%253Alowest_fee_per_month%252Fdirection%253Aasc%252Fcountry_id%253A6%252Farea_id%253A6001,2023-07-01
https://schoolwith.me/category/schools/toeic/country_id:5/area_id:5002?sort_type=/category/schools/toeic/country_id:5/area_id:5002/direction:desc?sort_type%3D%252Fcategory%252Fschools%252Ftoeic%252Fcountry_id%253A5%252Farea_id%253A5002%252Fdirection%253Adesc%253Fsort_type%253D%25252Fcategory%25252Fschools%25252Ftoeic%25252Fcountry_id%25253A5%25252Farea_id%25253A5002%25252Fsort%25253Alowest_fee_per_month%25252Fdirection%25253Aasc%25253Fsort_type%25253D%2525252Fcategory%2525252Fschools%2525252Ftoeic%2525252Fcountry_id%2525253A5%2525252Farea_id%2525253A5002%2525252Fsort%2525253Alowest_fee_per_month%2525252Fdirection%2525253Aasc%2525253Fsort_type%2525253D%252525252Fcategory%252525252Fschools%252525252Ftoeic%252525252Fcountry_id%252525253A5%252525252Farea_id%252525253A5002%252525252Fsort%252525253Alowest_fee_per_month%252525252Fdirection%252525253Aasc,2023-07-01
https://schoolwith.me/category/schools/toeic/country_id:5/area_id:5002?sort_type=/category/schools/toeic/country_id:5/area_id:5002/direction:desc?sort_type%3D%252Fcategory%252Fschools%252Ftoeic%252Fcountry_id%253A5%252Farea_id%253A5002%252Fdirection%253Adesc%253Fsort_type%253D%25252Fcategory%25252Fschools%25252Ftoeic%25252Fcountry_id%25253A5%25252Farea_id%25253A5002%25252Fsort%25253Alowest_fee_per_month%25252Fdirection%25253Aasc%25253Fsort_type%25253D%2525252Fcategory%2525252Fschools%2525252Ftoeic%2525252Fcountry_id%2525253A5%2525252Farea_id%2525253A5002%2525252Fsort%2525253Alowest_fee_per_month%2525252Fdirection%2525253Aasc,2023-07-01
https://schoolwith.me/category/schools/toeic/country_id:5/area_id:5002?sort_type=/category/schools/toeic/country_id:5/area_id:5002/direction:desc?sort_type%3D%252Fcategory%252Fschools%252Ftoeic%252Fcountry_id%253A5%252Farea_id%253A5002%252Fsort%253Alowest_fee_per_month%252Fdirection%253Aasc%253Fsort_type%253D%25252Fcategory%25252Fschools%25252Ftoeic%25252Fcountry_id%25253A5%25252Farea_id%25253A5002%25252Fsort%25253Alowest_fee_per_month%25252Fdirection%25253Aasc%25253Fsort_type%25253D%2525252Fcategory%2525252Fschools%2525252Ftoeic%2525252Fcountry_id%2525253A5%2525252Farea_id%2525253A5002%2525252Fsort%2525253Alowest_fee_per_month%2525252Fdirection%2525253Aasc,2023-07-01
https://schoolwith.me/category/schools/toeic/country_id:5/area_id:5002?sort_type=/category/schools/toeic/country_id:5/area_id:5002/sort:lowest_fee_per_month/direction:asc?sort_type%3D%252Fcategory%252Fschools%252Ftoeic%252Fcountry_id%253A5%252Farea_id%253A5002%252Fsort%253Alowest_fee_per_month%252Fdirection%253Aasc%253Fsort_type%253D%25252Fcategory%25252Fschools%25252Ftoeic%25252Fcountry_id%25253A5%25252Farea_id%25253A5002%25252Fsort%25253Alowest_fee_per_month%25252Fdirection%25253Aasc%25253Fsort_type%25253D%2525252Fcategory%2525252Fschools%2525252Ftoeic%2525252Fcountry_id%2525253A5%2525252Farea_id%2525253A5002%2525252Fsort%2525253Alowest_fee_per_month%2525252Fdirection%2525253Aasc%2525253Fsort_type%2525253D%252525252Fcategory%252525252Fschools%252525252Ftoeic%252525252Fcountry_id%252525253A5%252525252Farea_id%252525253A5002%252525252Fsort%252525253Alowest_fee_per_month%252525252Fdirection%252525253Aasc,2023-07-01
https://schoolwith.me/category/schools/toeic/country_id:5/area_id:5002?sort_type=/category/schools/toeic/country_id:5/area_id:5002/sort:lowest_fee_per_month/direction:asc?sort_type%3D%252Fcategory%252Fschools%252Ftoeic%252Fcountry_id%253A5%252Farea_id%253A5002%252Fsort%253Alowest_fee_per_month%252Fdirection%253Aasc%253Fsort_type%253D%25252Fcategory%25252Fschools%25252Ftoeic%25252Fcountry_id%25253A5%25252Farea_id%25253A5002%25252Fsort%25253Alowest_fee_per_month%25252Fdirection%25253Aasc%25253Fsort_type%25253D%2525252Fcategory%2525252Fschools%2525252Ftoeic%2525252Fcountry_id%2525253A5%2525252Farea_id%2525253A5002%2525252Fsort%2525253Alowest_fee_per_month%2525252Fdirection%2525253Aasc,2023-07-01
https://schoolwith.me/category/schools/univ_going/direction:desc/country_id:2?sort_type=/category/schools/univ_going/direction:asc/country_id:2/sort:lowest_fee_per_month?sort_type%3D%252Fcategory%252Fschools%252Funiv_going%252Fdirection%253Adesc%252Fcountry_id%253A2,2023-07-01
https://schoolwith.me/category/schools/univ_going/direction:desc/country_id:2?sort_type=/category/schools/univ_going/direction:desc/country_id:2?sort_type%3D%252Fcategory%252Fschools%252Funiv_going%252Fdirection%253Adesc%252Fcountry_id%253A2,2023-07-01
https://schoolwith.me/category/schools/toeic/country_id:5/area_id:5002?sort_type=/category/schools/toeic/country_id:5/area_id:5002/sort:lowest_fee_per_month/direction:asc?sort_type%3D%252Fcategory%252Fschools%252Ftoeic%252Fcountry_id%253A5%252Farea_id%253A5002%252Fsort%253Alowest_fee_per_month%252Fdirection%253Aasc%253Fsort_type%253D%25252Fcategory%25252Fschools%25252Ftoeic%25252Fcountry_id%25253A5%25252Farea_id%25253A5002%25252Fsort%25253Alowest_fee_per_month%25252Fdirection%25253Aasc,2023-07-01
https://schoolwith.me/category/schools/cambridge/direction:asc/country_id:4/sort:lowest_fee_per_month?sort_type=/category/schools/cambridge/direction:asc/country_id:4/sort:lowest_fee_per_month,2023-07-01
https://schoolwith.me/category/schools/ielts/sort:lowest_fee_per_month/direction:asc/country_id:1/page:2?sort_type=/category/schools/ielts/sort:lowest_fee_per_month/direction:asc/country_id:1,2023-06-30
https://schoolwith.me/category/schools/toeic/country_id:2/area_id:2006/sort:lowest_fee_per_month/direction:asc?sort_type=/category/schools/toeic/direction:desc/country_id:2/area_id:2006,2023-06-30
https://schoolwith.me/category/schools/toeic/country_id:2/area_id:2006/sort:lowest_fee_per_month/direction:asc?sort_type=/category/schools/toeic/country_id:2/area_id:2006/sort:lowest_fee_per_month/direction:asc,2023-06-30
https://schoolwith.me/category/schools/barista/country_id:4/sort:lowest_fee_per_month/direction:asc?sort_type=/category/schools/barista/direction:desc/country_id:4?sort_type%3D%252Fcategory%252Fschools%252Fbarista%252Fcountry_id%253A4%252Fsort%253Alowest_fee_per_month%252Fdirection%253Aasc,2023-06-30
https://schoolwith.me/category/schools/barista/country_id:4/sort:lowest_fee_per_month/direction:asc?sort_type=/category/schools/barista/sort:lowest_fee_per_month/direction:asc/country_id:4?sort_type%3D%252Fcategory%252Fschools%252Fbarista%252Fcountry_id%253A4%252Fsort%253Alowest_fee_per_month%252Fdirection%253Aasc,2023-06-30
https://schoolwith.me/category/schools/gre/sort:lowest_fee_per_month/direction:asc?sort_type=/category/schools/gre/sort:lowest_fee_per_month/direction:asc?sort_type%3D%252Fcategory%252Fschools%252Fgre%252Fdirection%253Adesc,2023-06-29
https://schoolwith.me/category/schools/barista/country_id:4/sort:lowest_fee_per_month/direction:asc?sort_type=/category/schools/barista/country_id:4/sort:lowest_fee_per_month/direction:asc,2023-06-28
https://schoolwith.me/category/schools/barista/country_id:4/sort:lowest_fee_per_month/direction:asc?sort_type=/category/schools/barista/country_id:4/sort:lowest_fee_per_month/direction:asc?sort_type%3D%252Fcategory%252Fschools%252Fbarista%252Fcountry_id%253A4%252Fsort%253Alowest_fee_per_month%252Fdirection%253Aasc,2023-06-28
https://schoolwith.me/category/schools/barista/country_id:4/sort:lowest_fee_per_month/direction:asc?sort_type=/category/schools/barista/country_id:4/direction:desc?sort_type%3D%252Fcategory%252Fschools%252Fbarista%252Fcountry_id%253A4%252Fsort%253Alowest_fee_per_month%252Fdirection%253Aasc,2023-06-28
https://schoolwith.me/schools/curriculum/99?fragment_identifier=Curriculum543,2023-06-02
https://schoolwith.me/seminars/register?schedule=464,2023-05-21
https://schoolwith.me/seminars/register?schedule=466,2023-05-21
https://schoolwith.me/schools/photo_movie/photo/50044/授業風景,2023-04-20
https://schoolwith.me/category/schools/gmat/sort:lowest_fee_per_month/supports/line,2023-04-20
https://schoolwith.me/schools/curriculum/40263?fragment_identifier=Curriculum1702,2023-04-04
https://schoolwith.me/schools/photo_movie/photo/20245/校舎外観,2023-03-27
https://schoolwith.me/schools/curriculum/99?fragment_identifier=Curriculum501,2023-02-27
https://schoolwith.me/category/schools/business/supports/line/sort:lowest_fee_per_month/country_id:4/area_id:4004/direction:asc,2023-02-19
https://schoolwith.me/category/schools/abroad_life/sort:lowest_fee_per_month/direction:asc/country_id:2/page:4?sort_type=/category/schools/abroad_life/direction:desc/country_id:2?sort_type%3D%252Fcategory%252Fschools%252Fabroad_life%252Fdirection%253Adesc%252Fcountry_id%253A2,2023-02-19
https://schoolwith.me/countries/school/US/page:15?sort_type=/countries/school/US?sort_type%3D%252Fcountries%252Fschool%252FUS,2023-02-04
https://schoolwith.me/schools/photo_movie/photo/50044/宿泊施設,2023-01-26
https://schoolwith.me/category/schools/short_term/direction:desc/country_id:2/area_id:2010?sort_type=/category/schools/short_term/direction:desc/country_id:2/area_id:2010,2023-01-08
https://schoolwith.me/category/schools/non_japanese/sort:lowest_fee_per_month/direction:asc?sort_type=/category/schools/non_japanese/direction:desc?sort_type%3D%252Fcategory%252Fschools%252Fnon_japanese%252Fsort%253Alowest_fee_per_month%252Fdirection%253Aasc%253Fsrc_user%253Dtop_main_ctgry_pc,2022-12-13
https://schoolwith.me/category/schools/non_japanese/direction:desc/country_id:4?sort_type=/category/schools/non_japanese/direction:asc/country_id:4/sort:lowest_fee_per_month?sort_type%3D%252Fcategory%252Fschools%252Fnon_japanese%252Fdirection%253Adesc%252Fcountry_id%253A4%253Fsort_type%253D%25252Fcategory%25252Fschools%25252Fnon_japanese%25252Fdirection%25253Adesc%25252Fcountry_id%25253A4%25253Fsort_type%25253D%2525252Fcategory%2525252Fschools%2525252Fnon_japanese%2525252Fdirection%2525253Adesc%2525252Fcountry_id%2525253A4%2525253Fsort_type%2525253D%252525252Fcategory%252525252Fschools%252525252Fnon_japanese%252525252Fdirection%252525253Aasc%252525252Fcountry_id%252525253A4%252525252Fsort%252525253Alowest_fee_per_month%252525253Fsort_type%252525253D%25252525252Fcategory%25252525252Fschools%25252525252Fnon_japanese%25252525252Fdirection%25252525253Adesc%25252525252Fcountry_id%25252525253A4%25252525253Fsort_type%25252525253D%2525252525252Fcategory%2525252525252Fschools%2525252525252Fnon_japanese%2525252525252Fsort%2525252525253Alowest_fee_per_month%2525252525252Fdirection%2525252525253AASC%2525252525252Fcountry_id%2525252525253A4,2022-12-12
https://schoolwith.me/category/schools/ielts/direction:asc/country_id:2/sort:lowest_fee_per_month?sort_type=/category/schools/ielts/direction:desc/country_id:2?sort_type%3D%252Fcategory%252Fschools%252Fielts%252Fdirection%253Adesc%252Fcountry_id%253A2%253Fsort_type%253D%25252Fcategory%25252Fschools%25252Fielts%25252Fcountry_id%25253A2%25252Fsort%25253Alowest_fee_per_month%25252Fdirection%25253Aasc%25253Fsort_type%25253D%2525252Fcategory%2525252Fschools%2525252Fielts%2525252Fcountry_id%2525253A2%2525252Fdirection%2525253Adesc%2525253Fsort_type%2525253D%252525252Fcategory%252525252Fschools%252525252Fielts%252525252Fcountry_id%252525253A2%252525252Fsort%252525253Alowest_fee_per_month%252525252Fdirection%252525253Aasc%252525253Fsort_type%252525253D%25252525252Fcategory%25252525252Fschools%25252525252Fielts%25252525252Fcountry_id%25252525253A2%25252525252Fsort%25252525253Alowest_fee_per_month%25252525252Fdirection%25252525253Aasc%25252525253Fsort_type%25252525253D%2525252525252Fcategory%2525252525252Fschools%2525252525252Fielts%2525252525252Fcountry_id%2525252525253A2%2525252525252Fdirection%2525252525253Adesc,2022-12-12
https://schoolwith.me/category/schools/business/direction:desc/country_id:5?sort_type=/category/schools/business/direction:desc/country_id:5?sort_type%3D%252Fcategory%252Fschools%252Fbusiness%252Fdirection%253Adesc%252Fcountry_id%253A5%253Fsort_type%253D%25252Fcategory%25252Fschools%25252Fbusiness%25252Fsort%25253Alowest_fee_per_month%25252Fdirection%25253Aasc%25252Fcountry_id%25253A5%25253Fsort_type%25253D%2525252Fcategory%2525252Fschools%2525252Fbusiness%2525252Fsort%2525253Alowest_fee_per_month%2525252Fdirection%2525253Aasc%2525252Fcountry_id%2525253A5%2525253Fsort_type%2525253D%252525252Fcategory%252525252Fschools%252525252Fbusiness%252525252Fsort%252525253Alowest_fee_per_month%252525252Fdirection%252525253AASC%252525252Fcountry_id%252525253A5%252525253Fsort_type%252525253D%25252525252Fcategory%25252525252Fschools%25252525252Fbusiness%25252525252Fcountry_id%25252525253A5,2022-12-12
https://schoolwith.me/category/schools/non_japanese/direction:desc/country_id:4?sort_type=/category/schools/non_japanese/direction:asc/country_id:4/sort:lowest_fee_per_month?sort_type%3D%252Fcategory%252Fschools%252Fnon_japanese%252Fdirection%253Adesc%252Fcountry_id%253A4%253Fsort_type%253D%25252Fcategory%25252Fschools%25252Fnon_japanese%25252Fdirection%25253Adesc%25252Fcountry_id%25253A4%25253Fsort_type%25253D%2525252Fcategory%2525252Fschools%2525252Fnon_japanese%2525252Fdirection%2525253Aasc%2525252Fsort%2525253Alowest_fee_per_month%2525252Fcountry_id%2525253A4%2525253Fsort_type%2525253D%252525252Fcategory%252525252Fschools%252525252Fnon_japanese%252525252Fdirection%252525253Aasc%252525252Fsort%252525253Alowest_fee_per_month%252525252Fcountry_id%252525253A4%252525253Fsort_type%252525253D%25252525252Fcategory%25252525252Fschools%25252525252Fnon_japanese%25252525252Fsort%25252525253Alowest_fee_per_month%25252525252Fdirection%25252525253AASC%25252525252Fcountry_id%25252525253A4,2022-12-12
https://schoolwith.me/category/schools/business/country_id:5/area_id:5007/sort:lowest_fee_per_month/direction:asc?sort_type=/category/schools/business/sort:lowest_fee_per_month/direction:asc/country_id:5/area_id:5007?sort_type%3D%252Fcategory%252Fschools%252Fbusiness%252Fsort%253Alowest_fee_per_month%252Fdirection%253Aasc%252Fcountry_id%253A5%252Farea_id%253A5007%253Fsort_type%253D%25252Fcategory%25252Fschools%25252Fbusiness%25252Fdirection%25253Adesc%25252Fcountry_id%25253A5%25252Farea_id%25253A5007%25253Fsort_type%25253D%2525252Fcategory%2525252Fschools%2525252Fbusiness%2525252Fsort%2525253Alowest_fee_per_month%2525252Fdirection%2525253Aasc%2525252Fcountry_id%2525253A5%2525252Farea_id%2525253A5007,2022-12-12
https://schoolwith.me/category/schools/ielts/page:7/direction:asc/sort:lowest_fee_per_month?sort_type=/category/schools/ielts/direction:desc?sort_type%3D%252Fcategory%252Fschools%252Fielts%252Fdirection%253Adesc%253Fsort_type%253D%25252Fcategory%25252Fschools%25252Fielts%25252Fdirection%25253Adesc%25253Fsort_type%25253D%2525252Fcategory%2525252Fschools%2525252Fielts%2525252Fdirection%2525253Aasc%2525252Fsort%2525253Alowest_fee_per_month%2525253Fsort_type%2525253D%252525252Fcategory%252525252Fschools%252525252Fielts%252525252Fdirection%252525253Aasc%252525252Fsort%252525253Alowest_fee_per_month%252525253Fsort_type%252525253D%25252525252Fcategory%25252525252Fschools%25252525252Fielts%25252525252Fdirection%25252525253Aasc%25252525252Fsort%25252525253Alowest_fee_per_month%25252525253Fsort_type%25252525253D%2525252525252Fcategory%2525252525252Fschools%2525252525252Fielts%2525252525252Fdirection%2525252525253Adesc%2525252525253Fsort_type%2525252525253D%252525252525252Fcategory%252525252525252Fschools%252525252525252Fielts%252525252525252Fsort%252525252525253Alowest_fee_per_month%252525252525252Fdirection%252525252525253Aasc%252525252525253Fsort_type%252525252525253D%25252525252525252Fcategory%25252525252525252Fschools%25252525252525252Fielts%25252525252525252Fsort%25252525252525253Alowest_fee_per_month%25252525252525252Fdirection%25252525252525253Aasc%25252525252525253Fsort_type%25252525252525253D%2525252525252525252Fcategory%2525252525252525252Fschools%2525252525252525252Fielts%2525252525252525252Fsort%2525252525252525253Alowest_fee_per_month%2525252525252525252Fdirection%2525252525252525253Aasc,2022-12-12
https://schoolwith.me/category/schools/ielts/page:7/direction:asc/sort:lowest_fee_per_month?sort_type=/category/schools/ielts/direction:desc?sort_type%3D%252Fcategory%252Fschools%252Fielts%252Fdirection%253Adesc%253Fsort_type%253D%25252Fcategory%25252Fschools%25252Fielts%25252Fdirection%25253Adesc%25253Fsort_type%25253D%2525252Fcategory%2525252Fschools%2525252Fielts%2525252Fsort%2525253Alowest_fee_per_month%2525252Fdirection%2525253Aasc%2525253Fsort_type%2525253D%252525252Fcategory%252525252Fschools%252525252Fielts%252525252Fdirection%252525253Adesc%252525253Fsort_type%252525253D%25252525252Fcategory%25252525252Fschools%25252525252Fielts%25252525252Fsort%25252525253Alowest_fee_per_month%25252525252Fdirection%25252525253Aasc%25252525253Fsort_type%25252525253D%2525252525252Fcategory%2525252525252Fschools%2525252525252Fielts%2525252525252Fdirection%2525252525253Adesc%2525252525253Fsort_type%2525252525253D%252525252525252Fcategory%252525252525252Fschools%252525252525252Fielts%252525252525252Fdirection%252525252525253Adesc%252525252525253Fsort_type%252525252525253D%25252525252525252Fcategory%25252525252525252Fschools%25252525252525252Fielts%25252525252525252Fsort%25252525252525253Alowest_fee_per_month%25252525252525252Fdirection%25252525252525253Aasc,2022-12-11
https://schoolwith.me/category/schools/ielts/page:7/direction:asc/sort:lowest_fee_per_month?sort_type=/category/schools/ielts/direction:asc/sort:lowest_fee_per_month?sort_type%3D%252Fcategory%252Fschools%252Fielts%252Fdirection%253Aasc%252Fsort%253Alowest_fee_per_month%253Fsort_type%253D%25252Fcategory%25252Fschools%25252Fielts%25252Fdirection%25253Aasc%25252Fsort%25253Alowest_fee_per_month%25253Fsort_type%25253D%2525252Fcategory%2525252Fschools%2525252Fielts%2525252Fdirection%2525253Aasc%2525252Fsort%2525253Alowest_fee_per_month%2525253Fsort_type%2525253D%252525252Fcategory%252525252Fschools%252525252Fielts,2022-12-11
https://schoolwith.me/category/schools/non_japanese/direction:desc?sort_type=/category/schools/non_japanese/direction:desc?sort_type%3D%252Fcategory%252Fschools%252Fnon_japanese%252Fdirection%253Adesc%253Fsort_type%253D%25252Fcategory%25252Fschools%25252Fnon_japanese%25252Fdirection%25253Adesc%25253Fsort_type%25253D%2525252Fcategory%2525252Fschools%2525252Fnon_japanese%2525252Fdirection%2525253Adesc%2525253Fsort_type%2525253D%252525252Fcategory%252525252Fschools%252525252Fnon_japanese%252525252Fsort%252525253Alowest_fee_per_month%252525252Fdirection%252525253AASC,2022-12-11
https://schoolwith.me/category/schools/ielts/direction:asc/country_id:5/area_id:5052/sort:lowest_fee_per_month?sort_type=/category/schools/ielts/direction:asc/country_id:5/area_id:5052/sort:lowest_fee_per_month?sort_type%3D%252Fcategory%252Fschools%252Fielts%252Fdirection%253Aasc%252Fcountry_id%253A5%252Farea_id%253A5052%252Fsort%253Alowest_fee_per_month%253Fsort_type%253D%25252Fcategory%25252Fschools%25252Fielts%25252Fdirection%25253Adesc%25252Fcountry_id%25253A5%25252Farea_id%25253A5052%25253Fsort_type%25253D%2525252Fcategory%2525252Fschools%2525252Fielts%2525252Fdirection%2525253Aasc%2525252Fcountry_id%2525253A5%2525252Farea_id%2525253A5052%2525252Fsort%2525253Alowest_fee_per_month%2525253Fsort_type%2525253D%252525252Fcategory%252525252Fschools%252525252Fielts%252525252Fdirection%252525253Aasc%252525252Fcountry_id%252525253A5%252525252Farea_id%252525253A5052%252525252Fsort%252525253Alowest_fee_per_month%252525253Fsort_type%252525253D%25252525252Fcategory%25252525252Fschools%25252525252Fielts%25252525252Fdirection%25252525253Adesc%25252525252Fcountry_id%25252525253A5%25252525252Farea_id%25252525253A5052%25252525253Fsort_type%25252525253D%2525252525252Fcategory%2525252525252Fschools%2525252525252Fielts%2525252525252Fdirection%2525252525253Aasc%2525252525252Fcountry_id%2525252525253A5%2525252525252Farea_id%2525252525253A5052%2525252525252Fsort%2525252525253Alowest_fee_per_month%2525252525253Fsort_type%2525252525253D%252525252525252Fcategory%252525252525252Fschools%252525252525252Fielts%252525252525252Fdirection%252525252525253Adesc%252525252525252Fcountry_id%252525252525253A5%252525252525252Farea_id%252525252525253A5052,2022-12-01
https://schoolwith.me/category/schools/business/direction:desc/country_id:8/area_id:8007?sort_type=/category/schools/business/direction:desc/country_id:8/area_id:8007?sort_type%3D%252Fcategory%252Fschools%252Fbusiness%252Fcountry_id%253A8%252Farea_id%253A8007%252Fsort%253Alowest_fee_per_month%252Fdirection%253Aasc,2022-11-03
https://schoolwith.me/category/schools/cambridge/direction:asc/sort:lowest_fee_per_month?sort_type=/category/schools/cambridge/direction:asc/sort:lowest_fee_per_month?sort_type%3D%252Fcategory%252Fschools%252Fcambridge%252Fdirection%253Adesc%253Fsort_type%253D%25252Fcategory%25252Fschools%25252Fcambridge%25252Fdirection%25253Aasc%25252Fsort%25253Alowest_fee_per_month%25253Fsort_type%25253D%2525252Fcategory%2525252Fschools%2525252Fcambridge%2525252Fdirection%2525253Adesc%2525253Fsort_type%2525253D%252525252Fcategory%252525252Fschools%252525252Fcambridge%252525252Fdirection%252525253Adesc,2022-11-02
https://schoolwith.me/category/schools/cambridge/direction:asc/sort:lowest_fee_per_month?sort_type=/category/schools/cambridge/direction:desc?sort_type%3D%252Fcategory%252Fschools%252Fcambridge%252Fdirection%253Adesc%253Fsort_type%253D%25252Fcategory%25252Fschools%25252Fcambridge%25252Fdirection%25253Aasc%25252Fsort%25253Alowest_fee_per_month%25253Fsort_type%25253D%2525252Fcategory%2525252Fschools%2525252Fcambridge%2525252Fdirection%2525253Adesc%2525253Fsort_type%2525253D%252525252Fcategory%252525252Fschools%252525252Fcambridge%252525252Fdirection%252525253Aasc%252525252Fsort%252525253Alowest_fee_per_month%252525253Fsort_type%252525253D%25252525252Fcategory%25252525252Fschools%25252525252Fcambridge%25252525252Fdirection%25252525253Adesc,2022-11-02
https://schoolwith.me/category/schools/senior/direction:desc?sort_type=/category/schools/senior/direction:desc?sort_type%3D%252Fcategory%252Fschools%252Fsenior%252Fdirection%253Aasc%252Fsort%253Alowest_fee_per_month%253Fsort_type%253D%25252Fcategory%25252Fschools%25252Fsenior%25252Fdirection%25253Adesc%25253Fsort_type%25253D%2525252Fcategory%2525252Fschools%2525252Fsenior%2525252Fdirection%2525253Adesc%2525253Fsort_type%2525253D%252525252Fcategory%252525252Fschools%252525252Fsenior%252525252Fsort%252525253Alowest_fee_per_month%252525252Fdirection%252525253Aasc%252525253Fsort_type%252525253D%25252525252Fcategory%25252525252Fschools%25252525252Fsenior%25252525252Fdirection%25252525253Adesc%25252525253Fsort_type%25252525253D%2525252525252Fcategory%2525252525252Fschools%2525252525252Fsenior,2022-11-02
https://schoolwith.me/category/schools/vacation/direction:asc/sort:lowest_fee_per_month?sort_type=/category/schools/vacation/direction:asc/sort:lowest_fee_per_month?sort_type%3D%252Fcategory%252Fschools%252Fvacation%252Fdirection%253Aasc%252Fsort%253Alowest_fee_per_month%253Fsort_type%253D%25252Fcategory%25252Fschools%25252Fvacation%25252Fdirection%25253Aasc%25252Fsort%25253Alowest_fee_per_month%25253Fsort_type%25253D%2525252Fcategory%2525252Fschools%2525252Fvacation%2525252Fsort%2525253Alowest_fee_per_month%2525252Fdirection%2525253Aasc%2525253Fsort_type%2525253D%252525252Fcategory%252525252Fschools%252525252Fvacation%252525252Fsort%252525253Alowest_fee_per_month%252525252Fdirection%252525253Aasc%252525253Fsort_type%252525253D%25252525252Fcategory%25252525252Fschools%25252525252Fvacation%25252525252Fsort%25252525253Alowest_fee_per_month%25252525252Fdirection%25252525253Aasc%25252525253Fsort_type%25252525253D%2525252525252Fcategory%2525252525252Fschools%2525252525252Fvacation%2525252525252Fdirection%2525252525253Adesc,2022-11-02
https://schoolwith.me/category/schools/ielts/page:2/direction:asc/sort:lowest_fee_per_month/country_id:5/area_id:5001?sort_type=/category/schools/ielts/direction:asc/sort:lowest_fee_per_month/country_id:5/area_id:5001?sort_type%3D%252Fcategory%252Fschools%252Fielts%252Fdirection%253Aasc%252Fsort%253Alowest_fee_per_month%252Fcountry_id%253A5%252Farea_id%253A5001%253Fsort_type%253D%25252Fcategory%25252Fschools%25252Fielts%25252Fcountry_id%25253A5%25252Farea_id%25253A5001%25253Fsort_type%25253D%2525252Fcategory%2525252Fschools%2525252Fielts%2525252Fcountry_id%2525253A5%2525252Farea_id%2525253A5001,2022-11-02
https://schoolwith.me/category/schools/vacation/direction:asc/sort:lowest_fee_per_month?sort_type=/category/schools/vacation/direction:asc/sort:lowest_fee_per_month?sort_type%3D%252Fcategory%252Fschools%252Fvacation%252Fdirection%253Aasc%252Fsort%253Alowest_fee_per_month%253Fsort_type%253D%25252Fcategory%25252Fschools%25252Fvacation%25252Fdirection%25253Aasc%25252Fsort%25253Alowest_fee_per_month%25253Fsort_type%25253D%2525252Fcategory%2525252Fschools%2525252Fvacation%2525252Fdirection%2525253Adesc%2525253Fsort_type%2525253D%252525252Fcategory%252525252Fschools%252525252Fvacation%252525252Fdirection%252525253Adesc%252525253Fsort_type%252525253D%25252525252Fcategory%25252525252Fschools%25252525252Fvacation%25252525252Fsort%25252525253Alowest_fee_per_month%25252525252Fdirection%25252525253Aasc%25252525253Fsort_type%25252525253D%2525252525252Fcategory%2525252525252Fschools%2525252525252Fvacation%2525252525252Fdirection%2525252525253Adesc,2022-11-01
https://schoolwith.me/category/schools/abroad_life/direction:desc?sort_type=/category/schools/abroad_life/direction:desc?sort_type%3D%252Fcategory%252Fschools%252Fabroad_life%252Fdirection%253Adesc%253Fsort_type%253D%25252Fcategory%25252Fschools%25252Fabroad_life%25252Fdirection%25253Aasc%25252Fsort%25253Alowest_fee_per_month%25253Fsort_type%25253D%2525252Fcategory%2525252Fschools%2525252Fabroad_life%2525252Fdirection%2525253Adesc%2525253Fsort_type%2525253D%252525252Fcategory%252525252Fschools%252525252Fabroad_life%252525252Fdirection%252525253Aasc%252525252Fsort%252525253Alowest_fee_per_month,2022-11-01
https://schoolwith.me/category/schools/vacation/direction:asc/sort:lowest_fee_per_month?sort_type=/category/schools/vacation/direction:desc?sort_type%3D%252Fcategory%252Fschools%252Fvacation%252Fdirection%253Adesc%253Fsort_type%253D%25252Fcategory%25252Fschools%25252Fvacation%25252Fdirection%25253Aasc%25252Fsort%25253Alowest_fee_per_month%25253Fsort_type%25253D%2525252Fcategory%2525252Fschools%2525252Fvacation%2525252Fdirection%2525253Adesc%2525253Fsort_type%2525253D%252525252Fcategory%252525252Fschools%252525252Fvacation%252525252Fdirection%252525253Adesc%252525253Fsort_type%252525253D%25252525252Fcategory%25252525252Fschools%25252525252Fvacation%25252525252Fsort%25252525253Alowest_fee_per_month%25252525252Fdirection%25252525253Aasc%25252525253Fsort_type%25252525253D%2525252525252Fcategory%2525252525252Fschools%2525252525252Fvacation%2525252525252Fdirection%2525252525253Adesc,2022-11-01
https://schoolwith.me/category/schools/ielts/direction:asc/country_id:5/area_id:5052/sort:lowest_fee_per_month?sort_type=/category/schools/ielts/direction:asc/sort:lowest_fee_per_month/country_id:5/area_id:5052?sort_type%3D%252Fcategory%252Fschools%252Fielts%252Fdirection%253Adesc%252Fcountry_id%253A5%252Farea_id%253A5052%253Fsort_type%253D%25252Fcategory%25252Fschools%25252Fielts%25252Fdirection%25253Aasc%25252Fcountry_id%25253A5%25252Farea_id%25253A5052%25252Fsort%25253Alowest_fee_per_month%25253Fsort_type%25253D%2525252Fcategory%2525252Fschools%2525252Fielts%2525252Fdirection%2525253Aasc%2525252Fcountry_id%2525253A5%2525252Farea_id%2525253A5052%2525252Fsort%2525253Alowest_fee_per_month%2525253Fsort_type%2525253D%252525252Fcategory%252525252Fschools%252525252Fielts%252525252Fdirection%252525253Adesc%252525252Fcountry_id%252525253A5%252525252Farea_id%252525253A5052%252525253Fsort_type%252525253D%25252525252Fcategory%25252525252Fschools%25252525252Fielts%25252525252Fdirection%25252525253Aasc%25252525252Fcountry_id%25252525253A5%25252525252Farea_id%25252525253A5052%25252525252Fsort%25252525253Alowest_fee_per_month%25252525253Fsort_type%25252525253D%2525252525252Fcategory%2525252525252Fschools%2525252525252Fielts%2525252525252Fdirection%2525252525253Adesc%2525252525252Fcountry_id%2525252525253A5%2525252525252Farea_id%2525252525253A5052,2022-11-01
https://schoolwith.me/category/schools/vacation/sort:lowest_fee_per_month/direction:asc?sort_type=/category/schools/vacation/direction:desc?sort_type%3D%252Fcategory%252Fschools%252Fvacation%252Fdirection%253Adesc,2022-11-01
https://schoolwith.me/category/schools/vacation/direction:asc/sort:lowest_fee_per_month?sort_type=/category/schools/vacation/direction:asc/sort:lowest_fee_per_month?sort_type%3D%252Fcategory%252Fschools%252Fvacation%252Fdirection%253Aasc%252Fsort%253Alowest_fee_per_month%253Fsort_type%253D%25252Fcategory%25252Fschools%25252Fvacation%25252Fdirection%25253Adesc%25253Fsort_type%25253D%2525252Fcategory%2525252Fschools%2525252Fvacation%2525252Fdirection%2525253Aasc%2525252Fsort%2525253Alowest_fee_per_month%2525253Fsort_type%2525253D%252525252Fcategory%252525252Fschools%252525252Fvacation%252525252Fdirection%252525253Adesc%252525253Fsort_type%252525253D%25252525252Fcategory%25252525252Fschools%25252525252Fvacation%25252525252Fdirection%25252525253Adesc%25252525253Fsort_type%25252525253D%2525252525252Fcategory%2525252525252Fschools%2525252525252Fvacation%2525252525253Fsort_type%2525252525253D%252525252525252Fcategory%252525252525252Fschools%252525252525252Fvacation%252525252525252Fsort%252525252525253Alowest_fee_per_month%252525252525252Fdirection%252525252525253AASC,2022-11-01
https://schoolwith.me/category/schools/abroad_life/direction:desc?sort_type=/category/schools/abroad_life/direction:desc?sort_type%3D%252Fcategory%252Fschools%252Fabroad_life%252Fdirection%253Adesc%253Fsort_type%253D%25252Fcategory%25252Fschools%25252Fabroad_life%25252Fdirection%25253Adesc%25253Fsort_type%25253D%2525252Fcategory%2525252Fschools%2525252Fabroad_life%2525253Fsort_type%2525253D%252525252Fcategory%252525252Fschools%252525252Fabroad_life%252525253Fsort_type%252525253D%25252525252Fcategory%25252525252Fschools%25252525252Fabroad_life,2022-11-01
https://schoolwith.me/category/schools/parent_child/direction:desc?sort_type=/category/schools/parent_child/direction:desc?sort_type%3D%252Fcategory%252Fschools%252Fparent_child%252Fdirection%253Adesc%253Fsort_type%253D%25252Fcategory%25252Fschools%25252Fparent_child%25252Fdirection%25253Aasc%25252Fsort%25253Alowest_fee_per_month%25253Fsort_type%25253D%2525252Fcategory%2525252Fschools%2525252Fparent_child%2525252Fdirection%2525253Aasc%2525252Fsort%2525253Alowest_fee_per_month%2525253Fsort_type%2525253D%252525252Fcategory%252525252Fschools%252525252Fparent_child%252525252Fdirection%252525253Adesc,2022-11-01
https://schoolwith.me/category/schools/abroad_life/direction:desc?sort_type=/category/schools/abroad_life/direction:desc?sort_type%3D%252Fcategory%252Fschools%252Fabroad_life%252Fdirection%253Aasc%252Fsort%253Alowest_fee_per_month%253Fsort_type%253D%25252Fcategory%25252Fschools%25252Fabroad_life%25252Fsort%25253Alowest_fee_per_month%25252Fdirection%25253AASC%25253Fsort_type%25253D%2525252Fcategory%2525252Fschools%2525252Fabroad_life%2525252Fsort%2525253Alowest_fee_per_month%2525252Fdirection%2525253AASC%2525253Fsort_type%2525253D%252525252Fcategory%252525252Fschools%252525252Fabroad_life,2022-11-01
https://schoolwith.me/category/schools/cambridge/direction:asc/sort:lowest_fee_per_month?sort_type=/category/schools/cambridge/direction:desc?sort_type%3D%252Fcategory%252Fschools%252Fcambridge%252Fdirection%253Aasc%252Fsort%253Alowest_fee_per_month%253Fsort_type%253D%25252Fcategory%25252Fschools%25252Fcambridge%25252Fdirection%25253Aasc%25252Fsort%25253Alowest_fee_per_month%25253Fsort_type%25253D%2525252Fcategory%2525252Fschools%2525252Fcambridge%2525252Fdirection%2525253Aasc%2525252Fsort%2525253Alowest_fee_per_month%2525253Fsort_type%2525253D%252525252Fcategory%252525252Fschools%252525252Fcambridge%252525252Fdirection%252525253Adesc%252525253Fsort_type%252525253D%25252525252Fcategory%25252525252Fschools%25252525252Fcambridge%25252525252Fdirection%25252525253Adesc,2022-11-01
https://schoolwith.me/category/schools/abroad_life/direction:desc?sort_type=/category/schools/abroad_life/direction:desc?sort_type%3D%252Fcategory%252Fschools%252Fabroad_life%252Fdirection%253Adesc%253Fsort_type%253D%25252Fcategory%25252Fschools%25252Fabroad_life%25252Fdirection%25253Adesc%25253Fsort_type%25253D%2525252Fcategory%2525252Fschools%2525252Fabroad_life%2525252Fdirection%2525253Aasc%2525252Fsort%2525253Alowest_fee_per_month%2525253Fsort_type%2525253D%252525252Fcategory%252525252Fschools%252525252Fabroad_life%252525252Fdirection%252525253Aasc%252525252Fsort%252525253Alowest_fee_per_month,2022-10-31
https://schoolwith.me/category/schools/vacation/sort:lowest_fee_per_month/direction:ASC?sort_type=/category/schools/vacation/sort:lowest_fee_per_month/direction:asc?sort_type%3D%252Fcategory%252Fschools%252Fvacation%252Fdirection%253Adesc%253Fsort_type%253D%25252Fcategory%25252Fschools%25252Fvacation%25252Fdirection%25253Adesc%25253Fsort_type%25253D%2525252Fcategory%2525252Fschools%2525252Fvacation%2525253Fsort_type%2525253D%252525252Fcategory%252525252Fschools%252525252Fvacation%252525252Fsort%252525253Alowest_fee_per_month%252525252Fdirection%252525253AASC,2022-10-31
https://schoolwith.me/category/schools/ielts/direction:asc/country_id:5/area_id:5052/sort:lowest_fee_per_month?sort_type=/category/schools/ielts/direction:asc/country_id:5/area_id:5052/sort:lowest_fee_per_month?sort_type%3D%252Fcategory%252Fschools%252Fielts%252Fdirection%253Aasc%252Fcountry_id%253A5%252Farea_id%253A5052%252Fsort%253Alowest_fee_per_month%253Fsort_type%253D%25252Fcategory%25252Fschools%25252Fielts%25252Fdirection%25253Adesc%25252Fcountry_id%25253A5%25252Farea_id%25253A5052%25253Fsort_type%25253D%2525252Fcategory%2525252Fschools%2525252Fielts%2525252Fdirection%2525253Aasc%2525252Fcountry_id%2525253A5%2525252Farea_id%2525253A5052%2525252Fsort%2525253Alowest_fee_per_month%2525253Fsort_type%2525253D%252525252Fcategory%252525252Fschools%252525252Fielts%252525252Fdirection%252525253Adesc%252525252Fcountry_id%252525253A5%252525252Farea_id%252525253A5052,2022-10-31
https://schoolwith.me/seminars/register?schedule=844,2022-10-30
https://schoolwith.me/schools/curriculum/121?fragment_identifier=Curriculum499,2022-08-22
https://schoolwith.me/schools/curriculum/121?fragment_identifier=Curriculum501,2022-08-22
https://schoolwith.me/schools/photo_movie/photo/97/宿泊施設,2022-08-15
https://schoolwith.me/schools/curriculum/50361?fragment_identifier=Curriculum2762,2022-07-12
https://schoolwith.me/category/schools/ielts/direction:asc/sort:lowest_fee_per_month/country_id:5/area_id:5001/page:2?sort_type=/category/schools/ielts/direction:asc/sort:lowest_fee_per_month/country_id:5/area_id:5001?sort_type%3D%252Fcategory%252Fschools%252Fielts%252Fdirection%253Adesc%252Fcountry_id%253A5%252Farea_id%253A5001%253Fsort_type%253D%25252Fcategory%25252Fschools%25252Fielts%25252Fdirection%25253Aasc%25252Fcountry_id%25253A5%25252Farea_id%25253A5001%25252Fsort%25253Alowest_fee_per_month%25253Fsort_type%25253D%2525252Fcategory%2525252Fschools%2525252Fielts%2525252Fdirection%2525253Adesc%2525252Fcountry_id%2525253A5%2525252Farea_id%2525253A5001%2525253Fsort_type%2525253D%252525252Fcategory%252525252Fschools%252525252Fielts%252525252Fdirection%252525253Aasc%252525252Fsort%252525253Alowest_fee_per_month%252525252Fcountry_id%252525253A5%252525252Farea_id%252525253A5001,2022-06-04
https://schoolwith.me/category/schools/ielts/direction:asc/country_id:1/area_id:1/sort:lowest_fee_per_month?sort_type=/category/schools/ielts/direction:desc/country_id:1/area_id:1?sort_type%3D%252Fcategory%252Fschools%252Fielts%252Fdirection%253Adesc%252Fcountry_id%253A1%252Farea_id%253A1%253Fsort_type%253D%25252Fcategory%25252Fschools%25252Fielts%25252Fdirection%25253Aasc%25252Fsort%25253Alowest_fee_per_month%25252Fcountry_id%25253A1%25252Farea_id%25253A1%25253Fsort_type%25253D%2525252Fcategory%2525252Fschools%2525252Fielts%2525252Fdirection%2525253Aasc%2525252Fsort%2525253Alowest_fee_per_month%2525252Fcountry_id%2525253A1%2525252Farea_id%2525253A1%2525253Fsort_type%2525253D%252525252Fcategory%252525252Fschools%252525252Fielts%252525252Fdirection%252525253Adesc%252525252Fcountry_id%252525253A1%252525252Farea_id%252525253A1%252525253Fsort_type%252525253D%25252525252Fcategory%25252525252Fschools%25252525252Fielts%25252525252Fdirection%25252525253Adesc%25252525252Fcountry_id%25252525253A1%25252525252Farea_id%25252525253A1%25252525253Fsort_type%25252525253D%2525252525252Fcategory%2525252525252Fschools%2525252525252Fielts%2525252525252Fdirection%2525252525253Adesc%2525252525252Fcountry_id%2525252525253A1%2525252525252Farea_id%2525252525253A1%2525252525253Fsort_type%2525252525253D%252525252525252Fcategory%252525252525252Fschools%252525252525252Fielts%252525252525252Fsort%252525252525253Alowest_fee_per_month%252525252525252Fdirection%252525252525253AASC%252525252525252Fcountry_id%252525252525253A1%252525252525252Farea_id%252525252525253A1,2022-06-04
https://schoolwith.me/category/schools/ielts/direction:asc/sort:lowest_fee_per_month/country_id:5/area_id:5001/page:2?sort_type=/category/schools/ielts/direction:desc/country_id:5/area_id:5001?sort_type%3D%252Fcategory%252Fschools%252Fielts%252Fdirection%253Aasc%252Fsort%253Alowest_fee_per_month%252Fcountry_id%253A5%252Farea_id%253A5001%253Fsort_type%253D%25252Fcategory%25252Fschools%25252Fielts%25252Fdirection%25253Adesc%25252Fcountry_id%25253A5%25252Farea_id%25253A5001%25253Fsort_type%25253D%2525252Fcategory%2525252Fschools%2525252Fielts%2525252Fdirection%2525253Aasc%2525252Fsort%2525253Alowest_fee_per_month%2525252Fcountry_id%2525253A5%2525252Farea_id%2525253A5001%2525253Fsort_type%2525253D%252525252Fcategory%252525252Fschools%252525252Fielts%252525252Fcountry_id%252525253A5%252525252Farea_id%252525253A5001%252525253Fsort_type%252525253D%25252525252Fcategory%25252525252Fschools%25252525252Fielts%25252525252Fcountry_id%25252525253A5%25252525252Farea_id%25252525253A5001,2022-05-28
https://schoolwith.me/category/schools/business/country_id:8/area_id:8007?sort_type=/category/schools/business/country_id:8/area_id:8007/sort:lowest_fee_per_month/direction:asc,2022-04-14
https://schoolwith.me/category/schools/ielts/country_id:2/sort:lowest_fee_per_month/direction:ASC,2022-04-04
https://schoolwith.me/schools/curriculum/40009?fragment_identifier=Curriculum1842,2022-01-03
https://schoolwith.me/schools/curriculum/40263?fragment_identifier=Curriculum1691,2021-12-07
https://schoolwith.me/schools/curriculum/40263?fragment_identifier=Curriculum1699,2021-11-24
https://schoolwith.me/category/schools/ielts/direction:asc/country_id:2/sort:lowest_fee_per_month?sort_type=/category/schools/ielts/direction:desc/country_id:2,2021-09-30
https://schoolwith.me/schools/curriculum/20022?fragment_identifier=Curriculum321,2021-09-30
https://schoolwith.me/category/schools/univ_going/direction:desc/country_id:4?sort_type=/category/schools/univ_going/direction:asc/sort:lowest_fee_per_month/country_id:4?sort_type%3D%252Fcategory%252Fschools%252Funiv_going%252Fdirection%253Aasc%252Fcountry_id%253A4%252Fsort%253Alowest_fee_per_month,2021-09-28
https://schoolwith.me/schools/curriculum/20022?fragment_identifier=Curriculum317,2021-09-26
https://schoolwith.me/countries/school/US/page:15?sort_type=/countries/school/US/direction:desc?sort_type%3D%252Fcountries%252Fschool%252FUS,2021-06-21
https://schoolwith.me/schools/curriculum/40263?fragment_identifier=Curriculum1750,2021-04-30
https://schoolwith.me/schools/curriculum/40009?fragment_identifier=Curriculum1867,2021-03-05
https://schoolwith.me/schools/curriculum/50361?fragment_identifier=Curriculum2851,2021-02-12
https://schoolwith.me/schools/curriculum/40009?fragment_identifier=Curriculum1880,2021-02-02
https://schoolwith.me/schools/curriculum/20022?fragment_identifier=Curriculum296,2020-07-16
https://schoolwith.me/schools/curriculum/20022?fragment_identifier=Curriculum298,2020-06-04
https://schoolwith.me/schools/photo_movie/photo/33/授業風景,2020-02-10
https://schoolwith.me/category/schools/gmat/sort:lowest_fee_per_month/direction:ASC?sort_type=/category/schools/gmat/sort:lowest_fee_per_month/direction:ASC?sort_type%3D%252Fcategory%252Fschools%252Fgmat,2020-02-10
https://schoolwith.me/schools/curriculum/40009?fragment_identifier=Curriculum1770,2020-02-09
https://schoolwith.me/category/schools/ielts/country_id:1/area_id:1/sort:lowest_fee_per_month/direction:ASC?sort_type=/category/schools/ielts/country_id:1/area_id:1/sort:lowest_fee_per_month/direction:ASC?sort_type%3D%252Fcategory%252Fschools%252Fielts%252Fcountry_id%253A1%252Farea_id%253A1,2020-02-09
https://schoolwith.me/schools/curriculum/50361?fragment_identifier=Curriculum2852,2020-02-09
https://schoolwith.me/category/schools/business/country_id:4/area_id:4004/sort:lowest_fee_per_month/direction:ASC?sort_type=/category/schools/business/sort:lowest_fee_per_month/direction:ASC/country_id:4/area_id:4004?sort_type%3D%252Fcategory%252Fschools%252Fbusiness%252Fcountry_id%253A4%252Farea_id%253A4004%252Fsort%253Alowest_fee_per_month%252Fdirection%253AASC,2020-02-09
https://schoolwith.me/category/schools/ielts/country_id:1/area_id:1/sort:lowest_fee_per_month/direction:ASC?sort_type=/category/schools/ielts/country_id:1/area_id:1?sort_type%3D%252Fcategory%252Fschools%252Fielts%252Fcountry_id%253A1%252Farea_id%253A1,2020-02-09
https://schoolwith.me/category/schools/toeic/sort:lowest_fee_per_month/direction:asc/country_id:1/area_id:1?sort_type=/category/schools/toeic/sort:lowest_fee_per_month/direction:ASC/country_id:1/area_id:1?sort_type%3D%252Fcategory%252Fschools%252Ftoeic%252Fsort%253Alowest_fee_per_month%252Fdirection%253AASC%252Fcountry_id%253A1%252Farea_id%253A1%253Fsort_type%253D%25252Fcategory%25252Fschools%25252Ftoeic%25252Fsort%25253Alowest_fee_per_month%25252Fdirection%25253AASC%25252Fcountry_id%25253A1%25252Farea_id%25253A1,2020-02-03
https://schoolwith.me/category/schools/toeic/sort:lowest_fee_per_month/direction:asc/country_id:1/area_id:1?sort_type=/category/schools/toeic/country_id:1/area_id:1?sort_type%3D%252Fcategory%252Fschools%252Ftoeic%252Fsort%253Alowest_fee_per_month%252Fdirection%253AASC%252Fcountry_id%253A1%252Farea_id%253A1%253Fsort_type%253D%25252Fcategory%25252Fschools%25252Ftoeic%25252Fsort%25253Alowest_fee_per_month%25252Fdirection%25253AASC%25252Fcountry_id%25253A1%25252Farea_id%25253A1,2020-02-02
https://schoolwith.me/category/schools/short_term/country_id:1/area_id:14/sort:lowest_fee_per_month/direction:ASC?sort_type=/category/schools/short_term/country_id:1/area_id:14/sort:lowest_fee_per_month/direction:ASC,2020-01-01