URL,前回のクロール
https://schoolwith.me/category/schools/on_campus/country_id:5/area_id:5022,2026-09-20
https://schoolwith.me/reviews/36200,2026-09-20
https://schoolwith.me/reviews/44572,2026-09-20
https://schoolwith.me/schools/review/50373,2026-09-19
https://schoolwith.me/schools/review/11/sort:Review.locale/direction:desc,2026-09-19
https://schoolwith.me/schools/photo_movie/photo/50140,2026-09-19
"https://schoolwith.me/applications/f_register/40060?program_name=General 
English 20%E6%99%82%E9%96%93/%E9%80%B1",2026-09-19
https://schoolwith.me/reviews/33495,2026-09-19
https://schoolwith.me/reviews/check?schoolId=20157&areaId=2006&countryId=2,2026-09-19
https://schoolwith.me/applications/f_register/143?program_name=%E3%82%AC%E3%83%BC%E3%83%87%E3%82%A3%E3%82%A2%E3%83%B3%E3%82%B3%E3%83%BC%E3%82%B9,2026-09-19
https://schoolwith.me/schools/review/74/posts_date_desc/page:2,2026-09-19
https://schoolwith.me/schools/review/200069,2026-09-19
https://schoolwith.me/schools/review/50464,2026-09-19
https://schoolwith.me/reviews/36226,2026-09-19
https://schoolwith.me/schools/curriculum/20119,2026-09-19
https://schoolwith.me/reviews/check?schoolId=50070&areaId=5005&countryId=5,2026-09-19
https://schoolwith.me/reviews/check?schoolId=40258&areaId=4002&countryId=4,2026-09-19
https://schoolwith.me/category/schools/ielts/page:8/sort:lowest_fee_per_month/direction:asc,2026-09-19
"https://schoolwith.me/applications/f_register/222?program_name=Intensive 
ESL%E3%82%B3%E3%83%BC%E3%82%B9",2026-09-19
https://schoolwith.me/schools/177,2026-09-19
https://schoolwith.me/schools/review/30243/overall_rating_desc,2026-09-19
"https://schoolwith.me/applications/register/30067?program_name=X-Intensive 
English Program 
40%E3%82%B3%E3%83%9E/%E9%80%B1%2B%E3%83%9E%E3%83%B3%E3%83%84%E3%83%BC%E3%83%9E%E3%83%B3%E3%83%AC%E3%83%83%E3%82%B9%E3%83%B3",2026-09-19
https://schoolwith.me/schools/review/40117,2026-09-19
"https://schoolwith.me/purposes/schools/4/page:3/sort:lowest_fee_per_month/direction:asc?utm_source=bing&amp;amp;amp;utm_medium=ppc&amp;amp;amp;utm_campaign=SW_2022%E5%B9%B49%E6%9C%88_%E5%85%A8%E8%88%AC&amp;amp;amp;utm_term=%E7%95%99%E5%AD%A6 
%E3%82%AB%E3%83%8A%E3%83%80&amp;amp;amp;hsa_acc=4332353937&amp;amp;amp;hsa_cam=18254588843&amp;amp;amp;hsa_grp=1329311916817583&amp;amp;amp;hsa_ad&amp;amp;amp;hsa_src=o&amp;amp;amp;hsa_tgt=kwd-83082998978356:loc-138308&amp;amp;amp;hsa_kw=%E7%95%99%E5%AD%A6 
%E3%82%AB%E3%83%8A%E3%83%80&amp;amp;amp;hsa_mt=p&amp;amp;amp;hsa_net=adwords&amp;amp;amp;hsa_ver=3&amp;amp;amp;msclkid=8b300fb348e7180e3197696c9787fc95",2026-09-19
https://schoolwith.me/reviews/check?schoolId=30200&areaId=3004&countryId=3,2026-09-19
https://schoolwith.me/reviews/check?schoolId=20546&areaId=2005&countryId=2,2026-09-19
https://schoolwith.me/schools/review/25/overall_rating_desc,2026-09-19
https://schoolwith.me/applications/f_register/222?program_name=IELTS%E3%82%B3%E3%83%BC%E3%82%B9,2026-09-19
https://schoolwith.me/applications/register/40372,2026-09-19
"https://schoolwith.me/applications/register/80011?program_name=Business 
English Standard 20%E3%82%B3%E3%83%9E/%E9%80%B1",2026-09-19
https://schoolwith.me/schools/review/40291,2026-09-19
https://schoolwith.me/schools/review/30080/overall_rating_desc,2026-09-19
https://schoolwith.me/schools/70018,2026-09-19
https://schoolwith.me/schools/review/40009/term_weeks_desc,2026-09-18
"https://schoolwith.me/applications/f_register/89?program_name=Junior 
ESL%E3%82%B3%E3%83%BC%E3%82%B9",2026-09-18
"https://schoolwith.me/applications/f_register/20022?program_name=Academic 
Year Intensive Plus 24%E3%82%B3%E3%83%9E/%E9%80%B1",2026-09-18
https://schoolwith.me/schools/review/70115/end_date_desc,2026-09-18
https://schoolwith.me/schools/40291,2026-09-18
https://schoolwith.me/category/schools/business/country_id:2/area_id:2039/sort:lowest_fee_per_month/direction:asc,2026-09-18
"https://schoolwith.me/applications/register/50379?program_name=IELTS Super 
Intensive 30%E3%82%B3%E3%83%9E/%E9%80%B1",2026-09-18
https://schoolwith.me/applications/f_register/40006,2026-09-18
"https://schoolwith.me/applications/f_register/80011?program_name=Exam 
Preparation Fluency 30%E3%82%B3%E3%83%9E/%E9%80%B1",2026-09-18
"https://schoolwith.me/applications/register/33?program_name=IELTS 
Intensive%E3%82%B3%E3%83%BC%E3%82%B9",2026-09-18
https://schoolwith.me/schools/40200,2026-09-18
https://schoolwith.me/schools/curriculum/167?fragment_identifier=Curriculum215,2026-09-18
https://schoolwith.me/schools/30247,2026-09-18
https://schoolwith.me/purposes/schools/demogura/11/page:6/age:20/gender:M,2026-09-18
https://schoolwith.me/schools/review/157/page:2/sort:Review.locale/direction:desc,2026-09-18
https://schoolwith.me/auth/login?done=/applications/f_register/30070,2026-09-18
https://schoolwith.me/applications/f_register/246?program_name=IELTS%E7%82%B9%E6%95%B0%E4%BF%9D%E8%A8%BC%E3%82%B3%E3%83%BC%E3%82%B9,2026-09-18
https://schoolwith.me/columns/tag/イギリス美大留学体験記,2026-09-18
"https://schoolwith.me/applications/register/246?program_name=IELTS Speaking 
%26amp; Writing Intensive%E3%82%B3%E3%83%BC%E3%82%B9",2026-09-18
"https://schoolwith.me/applications/register/246?program_name=Regular 
IELTS%E3%82%B3%E3%83%BC%E3%82%B9",2026-09-18
https://schoolwith.me/purposes/schools/demogura/1/age:15/gender:M/job:society/sort:lowest_fee_per_month/direction:asc,2026-09-18
https://schoolwith.me/purposes/schools/demogura/11/sort:lowest_fee_per_month/direction:asc/age:30,2026-09-18
https://schoolwith.me/columns/tag/フリーランスのワーホリ連載,2026-09-18
https://schoolwith.me/applications/register/246?program_name=IELTS%E7%82%B9%E6%95%B0%E4%BF%9D%E8%A8%BC%E3%82%B3%E3%83%BC%E3%82%B9,2026-09-18
"https://schoolwith.me/applications/f_register/246?program_name=Regular 
IELTS%E3%82%B3%E3%83%BC%E3%82%B9",2026-09-18
"https://schoolwith.me/purposes/schools/4/page:8?utm_source=adwords&utm_medium=ppc&utm_campaign=SW_2022%E5%B9%B49%E6%9C%88_%E5%85%A8%E8%88%AC&utm_term=%E7%95%99%E5%AD%A6 
%E3%81%AB%E9%96%A2%E3%81%99%E3%82%8B 
%E8%B3%AA%E5%95%8F&hsa_acc=4332353937&hsa_cam=18254588843&hsa_grp=156225456890&hsa_ad=696503840386&hsa_src=s&hsa_tgt=kwd-2281542289429&hsa_kw=%E7%95%99%E5%AD%A6 
%E3%81%AB%E9%96%A2%E3%81%99%E3%82%8B 
%E8%B3%AA%E5%95%8F&hsa_mt=b&hsa_net=adwords&hsa_ver=3&gad_source=5&gclid=EAIaIQobChMI0_W435CpigMVsqlmAh0Vgwp9EAAYAiABEgIjzvD_BwE",2026-09-18
https://schoolwith.me/applications/register/244,2026-09-18
https://schoolwith.me/applications/f_register/246,2026-09-18
"https://schoolwith.me/applications/f_register/20?program_name=6 Man to 
Man%E3%82%B3%E3%83%BC%E3%82%B9",2026-09-18
"https://schoolwith.me/purposes/schools/4/page:7?utm_source=adwords&amp;amp;amp;amp;utm_medium=ppc&amp;amp;amp;amp;utm_campaign=SW_2022%E5%B9%B49%E6%9C%88_%E5%85%A8%E8%88%AC&amp;amp;amp;amp;utm_term=%E8%8B%B1%E8%AA%9E 
%E7%95%99%E5%AD%A6&amp;amp;amp;amp;hsa_acc=4332353937&amp;amp;amp;amp;hsa_cam=21173814924&amp;amp;amp;amp;hsa_grp=161801068700&amp;amp;amp;amp;hsa_ad=696456614603&amp;amp;amp;amp;hsa_src=g&amp;amp;amp;amp;hsa_tgt=kwd-635348208&amp;amp;amp;amp;hsa_kw=%E8%8B%B1%E8%AA%9E 
%E7%95%99%E5%AD%A6&amp;amp;amp;amp;hsa_mt=b&amp;amp;amp;amp;hsa_net=adwords&amp;amp;amp;amp;hsa_ver=3&amp;amp;amp;amp;gad_source=1&amp;amp;amp;amp;gclid=Cj0KCQjw_qexBhCoARIsAFgBlev0-H8TOZblxefLKX4ouvT24JoQtunkzirHscnBuidTSjQWbHymHwIaAlCPEALw_wcB",2026-09-18
https://schoolwith.me/schools/review/20199/posts_date_desc,2026-09-18
https://schoolwith.me/auth/google_login?done=/applications/f_register/244,2026-09-18
https://schoolwith.me/reviews/check?schoolId=40370&areaId=4005&countryId=4,2026-09-18
https://schoolwith.me/schools/photo_movie/photo/244,2026-09-18
"https://schoolwith.me/applications/f_register/137?program_name=Sparta 
6%E3%82%B3%E3%83%BC%E3%82%B9",2026-09-18
"https://schoolwith.me/applications/register/20457?program_name=Short-Term 
English Program(STEP) 16%E6%99%82%E9%96%93/%E9%80%B1",2026-09-18
https://schoolwith.me/schools/40136,2026-09-18
"https://schoolwith.me/applications/f_register/70112?program_name=General 
English 30%E3%82%B3%E3%83%9E/%E9%80%B1",2026-09-18
https://schoolwith.me/schools/curriculum/36?fragment_identifier=Curriculum443,2026-09-18
https://schoolwith.me/purposes/schools/demogura/11/page:5/age:20/gender:M,2026-09-18
https://schoolwith.me/schools/stay/244,2026-09-18
"https://schoolwith.me/applications/register/89?program_name=Junior 
ESL%E3%82%B3%E3%83%BC%E3%82%B9",2026-09-17
"https://schoolwith.me/purposes/schools/4/page:8/sort:lowest_fee_per_month/direction:asc?utm_source=bing&amp;amp;amp;utm_medium=ppc&amp;amp;amp;utm_campaign=SW_2022%E5%B9%B49%E6%9C%88_%E5%85%A8%E8%88%AC&amp;amp;amp;utm_term=%E3%83%9E%E3%83%AB%E3%82%BF 
%E8%AA%9E%E5%AD%A6%E5%AD%A6%E6%A0%A1&amp;amp;amp;hsa_acc=4332353937&amp;amp;amp;hsa_cam=18254588843&amp;amp;amp;hsa_grp=1315018266569938&amp;amp;amp;hsa_ad&amp;amp;amp;hsa_src=o&amp;amp;amp;hsa_tgt=kwd-82189628810805:loc-138332&amp;amp;amp;hsa_kw=%E3%83%9E%E3%83%AB%E3%82%BF 
%E8%AA%9E%E5%AD%A6%E5%AD%A6%E6%A0%A1&amp;amp;amp;hsa_mt=e&amp;amp;amp;hsa_net=adwords&amp;amp;amp;hsa_ver=3&amp;amp;amp;msclkid=b99b07dad90a197a2c0261782b15bced",2026-09-17
https://schoolwith.me/schools/40030,2026-09-17
"https://schoolwith.me/applications/f_register/40363?program_name=General 
English Full-time 20%2B5%E6%99%82%E9%96%93/%E9%80%B1",2026-09-17
"https://schoolwith.me/applications/register/184?program_name=GUARDIAN 
ESL%E3%82%B3%E3%83%BC%E3%82%B9",2026-09-17
https://schoolwith.me/category/schools/abroad_life/country_id:2/area_id:2012/sort:lowest_fee_per_month/direction:asc,2026-09-17
"https://schoolwith.me/applications/register/40104?program_name=General 
English Part-time 12%E6%99%82%E9%96%93/%E9%80%B1",2026-09-17
https://schoolwith.me/schools/review/20199/term_weeks_asc,2026-09-17
"https://schoolwith.me/applications/f_register/4?program_name=%E8%84%B1%E3%83%BB%E5%88%9D%E5%BF%83%E8%80%85 
Light%E3%82%B3%E3%83%BC%E3%82%B9",2026-09-17
https://schoolwith.me/schools/curriculum/142?fragment_identifier=Curriculum207,2026-09-17
https://schoolwith.me/schools/review/20385,2026-09-17
"https://schoolwith.me/applications/f_register/89?program_name=Advanced 
Business%E3%82%B3%E3%83%BC%E3%82%B9",2026-09-17
https://schoolwith.me/schools/review/70115/overall_rating_asc,2026-09-17
"https://schoolwith.me/applications/register/4?program_name=%E8%84%B1%E3%83%BB%E5%88%9D%E5%BF%83%E8%80%85 
Core%E3%82%B3%E3%83%BC%E3%82%B9",2026-09-17
https://schoolwith.me/schools/review/57/term_weeks_asc/page:12,2026-09-17
https://schoolwith.me/schools/review/20682/term_weeks_asc,2026-09-16
https://schoolwith.me/schools/review/20531/overall_rating_desc,2026-09-16
"https://schoolwith.me/applications/f_register/4?program_name=IELTS 
Light%E3%82%B3%E3%83%BC%E3%82%B9",2026-09-16
"https://schoolwith.me/applications/register/4?program_name=IELTS 
Light%E3%82%B3%E3%83%BC%E3%82%B9",2026-09-16
https://schoolwith.me/schools/review/60022/term_weeks_asc,2026-09-16
"https://schoolwith.me/applications/f_register/60249?program_name=General 
English Part-Time 15%E6%99%82%E9%96%93/%E9%80%B1",2026-09-16
https://schoolwith.me/schools/photo_movie/photo/30010,2026-09-16
https://schoolwith.me/auth/google_login?done=/applications/register/20123,2026-09-16
https://schoolwith.me/reviews/check?schoolId=50028&areaId=5002&countryId=5,2026-09-16
https://schoolwith.me/schools/photo_movie/photo/30069,2026-09-16
https://schoolwith.me/purposes/schools/demogura/11/page:3/age:20/gender:M,2026-09-15
https://schoolwith.me/schools/review/40154/overall_rating_desc,2026-09-15
"https://schoolwith.me/applications/f_register/30013?program_name=Part-Time 
Morning 17%E3%82%B3%E3%83%9E/%E9%80%B1",2026-09-15
"https://schoolwith.me/applications/register/30339?program_name=General 
English - Super Intensive 30%E3%82%B3%E3%83%9E/%E9%80%B1",2026-09-15
https://schoolwith.me/schools/curriculum/142?fragment_identifier=Curriculum206,2026-09-15
"https://schoolwith.me/applications/f_register/30054?program_name=%E3%82%A4%E3%83%B3%E3%83%86%E3%83%B3%E3%82%B7%E3%83%96%E3%82%B3%E3%83%BC%E3%82%B9 
32%E3%82%B3%E3%83%9E/%E9%80%B1",2026-09-15
https://schoolwith.me/schools/review/20096/term_weeks_asc,2026-09-15
https://schoolwith.me/schools/review/50170,2026-09-15
"https://schoolwith.me/applications/f_register/4?program_name=%E8%84%B1%E3%83%BB%E5%88%9D%E5%BF%83%E8%80%85 
Core%E3%82%B3%E3%83%BC%E3%82%B9",2026-09-15
"https://schoolwith.me/applications/register/4?program_name=IELTS 
Core%E3%82%B3%E3%83%BC%E3%82%B9",2026-09-15
https://schoolwith.me/schools/review/40246,2026-09-15
"https://schoolwith.me/purposes/schools/4/page:9/sort:lowest_fee_per_month/direction:asc?utm_source=bing&amp;amp;amp;utm_medium=ppc&amp;amp;amp;utm_campaign=SW_2022%E5%B9%B49%E6%9C%88_%E5%85%A8%E8%88%AC&amp;amp;amp;utm_term=%E3%83%9E%E3%83%AB%E3%82%BF 
%E8%AA%9E%E5%AD%A6%E5%AD%A6%E6%A0%A1&amp;amp;amp;hsa_acc=4332353937&amp;amp;amp;hsa_cam=18254588843&amp;amp;amp;hsa_grp=1315018266569938&amp;amp;amp;hsa_ad&amp;amp;amp;hsa_src=o&amp;amp;amp;hsa_tgt=kwd-82189628810805:loc-138332&amp;amp;amp;hsa_kw=%E3%83%9E%E3%83%AB%E3%82%BF 
%E8%AA%9E%E5%AD%A6%E5%AD%A6%E6%A0%A1&amp;amp;amp;hsa_mt=e&amp;amp;amp;hsa_net=adwords&amp;amp;amp;hsa_ver=3&amp;amp;amp;msclkid=b99b07dad90a197a2c0261782b15bced",2026-09-15
"https://schoolwith.me/applications/f_register/30343?program_name=Standard 
General English 20%E3%82%B3%E3%83%9E/%E9%80%B1",2026-09-15
"https://schoolwith.me/applications/register/4?program_name=IELTS 
Standard%E3%82%B3%E3%83%BC%E3%82%B9",2026-09-15
https://schoolwith.me/schools/62,2026-09-15
https://schoolwith.me/applications/f_register/89?program_name=IELTS%E7%82%B9%E6%95%B0%E4%BF%9D%E8%A8%BC%E3%82%B3%E3%83%BC%E3%82%B9,2026-09-15
"https://schoolwith.me/applications/register/50018?program_name=Exam 
Preparation IELTS 20%E3%82%B3%E3%83%9E/%E9%80%B1",2026-09-15
"https://schoolwith.me/purposes/schools/4/sort:lowest_fee_per_month/direction:asc/page:2?utm_source=bing&amp;amp;amp;utm_medium=ppc&amp;amp;amp;utm_campaign=SW_2022%E5%B9%B49%E6%9C%88_%E5%85%A8%E8%88%AC&amp;amp;amp;utm_term=%E7%95%99%E5%AD%A6 
%E3%82%AB%E3%83%8A%E3%83%80&amp;amp;amp;hsa_acc=4332353937&amp;amp;amp;hsa_cam=18254588843&amp;amp;amp;hsa_grp=1329311916817583&amp;amp;amp;hsa_ad&amp;amp;amp;hsa_src=o&amp;amp;amp;hsa_tgt=kwd-83082998978356:loc-138308&amp;amp;amp;hsa_kw=%E7%95%99%E5%AD%A6 
%E3%82%AB%E3%83%8A%E3%83%80&amp;amp;amp;hsa_mt=p&amp;amp;amp;hsa_net=adwords&amp;amp;amp;hsa_ver=3&amp;amp;amp;msclkid=8b300fb348e7180e3197696c9787fc95",2026-09-14
https://schoolwith.me/schools/review/20199/overall_rating_asc,2026-09-14
https://schoolwith.me/schools/review/20180/term_weeks_asc,2026-09-14
https://schoolwith.me/purposes/schools/4/sort:lowest_fee_per_month/direction:asc/page:2?utm_source=adwords&amp;amp;amp;utm_medium=ppc&amp;amp;amp;utm_campaign=SW_2022%E5%B9%B49%E6%9C%88_%E5%85%A8%E8%88%AC&amp;amp;amp;utm_term=%E8%AA%9E%E5%AD%A6%E7%95%99%E5%AD%A6&amp;amp;amp;hsa_acc=4332353937&amp;amp;amp;hsa_cam=18254588843&amp;amp;amp;hsa_grp=146068217492&amp;amp;amp;hsa_ad=681541339577&amp;amp;amp;hsa_src=s&amp;amp;amp;hsa_tgt=kwd-467986097&amp;amp;amp;hsa_kw=%E8%AA%9E%E5%AD%A6%E7%95%99%E5%AD%A6&amp;amp;amp;hsa_mt=b&amp;amp;amp;hsa_net=adwords&amp;amp;amp;hsa_ver=3&amp;amp;amp;gad_source=5&amp;amp;amp;gclid=EAIaIQobChMI4bbVlM6GigMVCoVLBR2Gai92EAAYASABEgJWbfD_BwE,2026-09-14
"https://schoolwith.me/purposes/schools/4/page:4/sort:lowest_fee_per_month/direction:asc?utm_source=bing&amp;utm_medium=ppc&amp;utm_campaign=SW_2022%E5%B9%B49%E6%9C%88_%E5%85%A8%E8%88%AC&amp;utm_term=%E7%95%99%E5%AD%A6 
%E3%82%AB%E3%83%8A%E3%83%80&amp;hsa_acc=4332353937&amp;hsa_cam=18254588843&amp;hsa_grp=1329311916817583&amp;hsa_ad&amp;hsa_src=o&amp;hsa_tgt=kwd-83082998978356:loc-138308&amp;hsa_kw=%E7%95%99%E5%AD%A6 
%E3%82%AB%E3%83%8A%E3%83%80&amp;hsa_mt=p&amp;hsa_net=adwords&amp;hsa_ver=3&amp;msclkid=8b300fb348e7180e3197696c9787fc95",2026-09-14
https://schoolwith.me/schools/review/117/term_weeks_asc,2026-09-14
https://schoolwith.me/schools/review/200011/end_date_desc,2026-09-14
https://schoolwith.me/schools/review/200011/overall_rating_asc,2026-09-14
https://schoolwith.me/category/schools/abroad_life/page:4/sort:lowest_fee_per_month/direction:asc/country_id:3?sort_type=/category/schools/abroad_life/sort:lowest_fee_per_month/direction:asc/country_id:3?sort_type%3D%252Fcategory%252Fschools%252Fabroad_life%252Fsort%253Alowest_fee_per_month%252Fdirection%253Aasc%252Fcountry_id%253A3,2026-09-14
https://schoolwith.me/schools/50453,2026-09-14
https://schoolwith.me/schools/review/40317,2026-09-14
https://schoolwith.me/applications/f_register/4?program_name=%E3%82%B8%E3%83%A5%E3%83%8B%E3%82%A2IELTS%E3%82%B3%E3%83%BC%E3%82%B9,2026-09-14
https://schoolwith.me/schools/30218,2026-09-14
"https://schoolwith.me/applications/register/60249?program_name=General 
English Part-Time 15%E6%99%82%E9%96%93/%E9%80%B1",2026-09-14
https://schoolwith.me/applications/f_register/30030,2026-09-14
https://schoolwith.me/schools/20124,2026-09-13
https://schoolwith.me/schools/review/40278/term_weeks_desc,2026-09-13
https://schoolwith.me/schools/review/20222/term_weeks_asc,2026-09-13
https://schoolwith.me/purposes/schools/demogura/4/direction:asc/age:15/gender:M/job:society/sort:lowest_fee_per_month?sort_type=/purposes/schools/demogura/4/direction:desc/age:15/gender:M/job:society?sort_type%3D%252Fpurposes%252Fschools%252Fdemogura%252F4%252Fdirection%253Adesc%252Fage%253A15%252Fgender%253AM%252Fjob%253Asociety,2026-09-13
https://schoolwith.me/help/93,2026-09-12
https://schoolwith.me/Schools/photo_movie/photo/48,2026-09-12
https://schoolwith.me/schools/curriculum/50470?fragment_identifier=Curriculum2883,2026-09-12
https://schoolwith.me/schools/review/40368,2026-09-12
https://schoolwith.me/schools/review/20682,2026-09-12
https://schoolwith.me/schools/review/20531/overall_rating_asc,2026-09-12
https://schoolwith.me/schools/review/40363,2026-09-08
https://schoolwith.me/schools/review/20374,2026-09-07
https://schoolwith.me/reviews/44685,2026-09-05
https://schoolwith.me/schools/review/20375/term_weeks_desc,2026-09-03
https://schoolwith.me/schools/520023,2026-09-02
https://schoolwith.me/schools/review/20654,2026-08-31
https://schoolwith.me/reviews/36430,2026-08-28
https://schoolwith.me/reviews/40633,2026-08-26
https://schoolwith.me/reviews/33579,2026-08-26
https://schoolwith.me/reviews/39926,2026-08-26
https://schoolwith.me/reviews/check?countryId=1&schoolId=48&areaId=1,2026-08-20
https://schoolwith.me/reviews/35956,2026-08-20
https://schoolwith.me/reviews/43505,2026-08-19
https://schoolwith.me/reviews/38478,2026-08-18
https://schoolwith.me/auth/google_login?done=/applications/f_register/20100,2026-08-18
https://schoolwith.me/reviews/45137,2026-08-18
https://schoolwith.me/reviews/44511,2026-08-15
https://schoolwith.me/reviews/44529,2026-08-09
https://schoolwith.me/category/schools/ielts/page:17?utm_content=bufferb2bf9&amp;amp;amp;amp;amp;amp;utm_medium=social&amp;amp;amp;amp;amp;amp;utm_source=twitter.com&amp;amp;amp;amp;amp;amp;utm_campaign=buffer,2026-08-08
https://schoolwith.me/reviews/43098,2026-08-08
https://schoolwith.me/reviews/39861,2026-08-08
https://schoolwith.me/category/schools/facility/country_id:2/area_id:2009/sort:lowest_fee_per_month/direction:asc,2026-08-08
https://schoolwith.me/reviews/35802,2026-08-07
https://schoolwith.me/category/schools/on_campus/country_id:8,2026-08-07
https://schoolwith.me/schools/review/180057,2026-08-06
https://schoolwith.me/countries/school/US/page:16/direction:desc?sort_type=/countries/school/US/direction:desc?sort_type%3D%252Fcountries%252Fschool%252FUS%252Fdirection%253Adesc%253Fsort_type%253D%25252Fcountries%25252Fschool%25252FUS%25252Fsort%25253Alowest_fee_per_month%25252Fdirection%25253AASC%25253Fsort_type%25253D%2525252Fcountries%2525252Fschool%2525252FUS%2525253Fsort_type%2525253D%252525252Fcountries%252525252Fschool%252525252FUS,2026-08-06
https://schoolwith.me/reviews/view/32332,2026-08-06
https://schoolwith.me/reviews/42335,2026-08-06
https://schoolwith.me/purposes/schools/demogura/2/direction:desc/age:30/job:society/page:5,2026-08-05
https://schoolwith.me/reviews/43557,2026-08-05
https://schoolwith.me/reviews/43876,2026-08-05
https://schoolwith.me/reviews/45345,2026-08-05
https://schoolwith.me/reviews/31969,2026-08-04
https://schoolwith.me/provinces/2032/direction:desc,2026-08-04
https://schoolwith.me/purposes/schools/9/page:2?sort_type=/purposes/schools/9/sort:lowest_fee_per_month/direction:asc?sort_type%3D%252Fpurposes%252Fschools%252F9%252Fdirection%253Adesc%253Fsort_type%253D%25252Fpurposes%25252Fschools%25252F9%25252Fsort%25253Alowest_fee_per_month%25252Fdirection%25253Aasc%25253Fsort_type%25253D%2525252Fpurposes%2525252Fschools%2525252F9%2525252Fsort%2525253Alowest_fee_per_month%2525252Fdirection%2525253Aasc%2525253Fsort_type%2525253D%252525252Fpurposes%252525252Fschools%252525252F9%252525252Fsort%252525253Alowest_fee_per_month%252525252Fdirection%252525253Aasc%252525253Fsort_type%252525253D%25252525252Fpurposes%25252525252Fschools%25252525252F9%25252525252Fdirection%25252525253Adesc%25252525253Fsort_type%25252525253D%2525252525252Fpurposes%2525252525252Fschools%2525252525252F9%2525252525252Fsort%2525252525253Alowest_fee_per_month%2525252525252Fdirection%2525252525253Aasc%2525252525253Fsort_type%2525252525253D%252525252525252Fpurposes%252525252525252Fschools%252525252525252F9%252525252525252Fsort%252525252525253Alowest_fee_per_month%252525252525252Fdirection%252525252525253Aasc,2026-08-04
https://schoolwith.me/purposes/schools/8/page:2?sort_type=/purposes/schools/8/direction:desc?sort_type%3D%252Fpurposes%252Fschools%252F8%252Fdirection%253Adesc,2026-08-04
https://schoolwith.me/purposes/schools/9/page:2?sort_type=/purposes/schools/9/sort:lowest_fee_per_month/direction:asc?sort_type%3D%252Fpurposes%252Fschools%252F9%252Fdirection%253Adesc%253Fsort_type%253D%25252Fpurposes%25252Fschools%25252F9%25252Fdirection%25253Adesc%25253Fsort_type%25253D%2525252Fpurposes%2525252Fschools%2525252F9%2525252Fdirection%2525253Adesc%2525253Fsort_type%2525253D%252525252Fpurposes%252525252Fschools%252525252F9%252525252Fdirection%252525253Adesc%252525253Fsort_type%252525253D%25252525252Fpurposes%25252525252Fschools%25252525252F9%25252525252Fsort%25252525253Alowest_fee_per_month%25252525252Fdirection%25252525253Aasc%25252525253Fsort_type%25252525253D%2525252525252Fpurposes%2525252525252Fschools%2525252525252F9%2525252525252Fdirection%2525252525253Adesc%2525252525253Fsort_type%2525252525253D%252525252525252Fpurposes%252525252525252Fschools%252525252525252F9%252525252525252Fdirection%252525252525253Adesc%252525252525253Fsort_type%252525252525253D%25252525252525252Fpurposes%25252525252525252Fschools%25252525252525252F9%25252525252525252Fsort%25252525252525253Alowest_fee_per_month%25252525252525252Fdirection%25252525252525253Aasc,2026-08-04
https://schoolwith.me/purposes/schools/8/page:2?sort_type=/purposes/schools/8/direction:desc?sort_type%3D%252Fpurposes%252Fschools%252F8%252Fsort%253Alowest_fee_per_month%252Fdirection%253Aasc%253Fsort_type%253D%25252Fpurposes%25252Fschools%25252F8%25252Fdirection%25253Adesc,2026-08-04
https://schoolwith.me/purposes/schools/9/page:2?sort_type=/purposes/schools/9/sort:lowest_fee_per_month/direction:asc?sort_type%3D%252Fpurposes%252Fschools%252F9%252Fdirection%253Adesc%253Fsort_type%253D%25252Fpurposes%25252Fschools%25252F9%25252Fsort%25253Alowest_fee_per_month%25252Fdirection%25253Aasc%25253Fsort_type%25253D%2525252Fpurposes%2525252Fschools%2525252F9%2525252Fsort%2525253Alowest_fee_per_month%2525252Fdirection%2525253Aasc%2525253Fsort_type%2525253D%252525252Fpurposes%252525252Fschools%252525252F9%252525252Fdirection%252525253Adesc%252525253Fsort_type%252525253D%25252525252Fpurposes%25252525252Fschools%25252525252F9%25252525252Fsort%25252525253Alowest_fee_per_month%25252525252Fdirection%25252525253Aasc%25252525253Fsort_type%25252525253D%2525252525252Fpurposes%2525252525252Fschools%2525252525252F9%2525252525252Fdirection%2525252525253Adesc%2525252525253Fsort_type%2525252525253D%252525252525252Fpurposes%252525252525252Fschools%252525252525252F9%252525252525252Fsort%252525252525253Alowest_fee_per_month%252525252525252Fdirection%252525252525253Aasc,2026-08-04
https://schoolwith.me/countries/school/US/page:75/direction:desc?sort_type=/countries/school/US/direction:asc/sort:lowest_fee_per_month?sort_type%3D%252Fcountries%252Fschool%252FUS%252Fdirection%253Adesc%253Fsort_type%253D%25252Fcountries%25252Fschool%25252FUS%25252Fdirection%25253Adesc%25253Fsort_type%25253D%2525252Fcountries%2525252Fschool%2525252FUS%2525252Fdirection%2525253Adesc%2525253Fsort_type%2525253D%252525252Fcountries%252525252Fschool%252525252FUS%252525252Fdirection%252525253Adesc%252525253Fsrc_user%252525253Dtop_main_cntry_pc%25252525253Futm_source%25252525253Dsns%2525252526amp%252525253Bamp%25252525253Butm_medium%252525253Dfacebook%2525252526amp%252525253Bamp%25252525253Butm_campaign%252525253Dorganic,2026-08-04
https://schoolwith.me/countries/school/CA/page:16?sort_type=/countries/school/CA?sort_type%3D%252Fcountries%252Fschool%252FCA%252Fsort%253Alowest_fee_per_month%252Fdirection%253AASC%253Fsort_type%253D%25252Fcountries%25252Fschool%25252FCA%25253Fsort_type%25253D%2525252Fcountries%2525252Fschool%2525252FCA%2525253Fsort_type%2525253D%252525252Fcountries%252525252Fschool%252525252FCA%252525252Fsort%252525253Atmp_overall_score%252525252Fdirection%252525253ADESC%252525253Fsort_type%252525253D%25252525252Fcountries%25252525252Fschool%25252525252FCA%25252525252Fsort%25252525253Alowest_fee_per_month%25252525252Fdirection%25252525253AASC%25252525253Fsort_type%25252525253D%2525252525252Fcountries%2525252525252Fschool%2525252525252FCA%2525252525252Fsort%2525252525253Alowest_fee_per_month%2525252525252Fdirection%2525252525253AASC%2525252525253Fsort_type%2525252525253D%252525252525252Fcountries%252525252525252Fschool%252525252525252FCA%252525252525252Fsort%252525252525253Atmp_overall_score%252525252525252Fdirection%252525252525253ADESC,2026-08-04
https://schoolwith.me/search/columns/result/page:25/sub_category_id:3001,2026-08-04
https://schoolwith.me/countries/school/US/page:35,2026-08-04
https://schoolwith.me/reviews/42838,2026-08-04
https://schoolwith.me/countries/school/ph/page:19?sort_type=/countries/school/ph/direction:desc?sort_type%3D%252Fcountries%252Fschool%252Fph%252Fdirection%253Adesc%253Fsort_type%253D%25252Fcountries%25252Fschool%25252Fph%25252Fsort%25253Alowest_fee_per_month%25252Fdirection%25253Aasc%25253Fsort_type%25253D%2525252Fcountries%2525252Fschool%2525252Fph%2525252Fdirection%2525253Adesc%2525253Fsort_type%2525253D%252525252Fcountries%252525252Fschool%252525252Fph%252525252Fsort%252525253Alowest_fee_per_month%252525252Fdirection%252525253Aasc%252525253Fsort_type%252525253D%25252525252Fcountries%25252525252Fschool%25252525252Fph%25252525252Fdirection%25252525253Adesc%25252525253Fsort_type%25252525253D%2525252525252Fcountries%2525252525252Fschool%2525252525252Fph%2525252525252Fdirection%2525252525253Adesc%2525252525253Fsort_type%2525252525253D%252525252525252Fcountries%252525252525252Fschool%252525252525252Fph%252525252525252Fdirection%252525252525253Adesc%252525252525253Fsort_type%252525252525253D%25252525252525252Fcountries%25252525252525252Fschool%25252525252525252Fph%25252525252525252Fdirection%25252525252525253Adesc%25252525252525253Fsort_type%25252525252525253D%2525252525252525252Fcountries%2525252525252525252Fschool%2525252525252525252Fph%2525252525252525252Fdirection%2525252525252525253Adesc%2525252525252525253Fsort_type%2525252525252525253D%252525252525252525252Fcountries%252525252525252525252Fschool%252525252525252525252Fph,2026-08-04
https://schoolwith.me/countries/school/US/page:18?sort_type=/countries/school/US/sort:lowest_fee_per_month/direction:asc?sort_type%3D%252Fcountries%252Fschool%252FUS%252Fsort%253Alowest_fee_per_month%252Fdirection%253Aasc%253Fsort_type%253D%25252Fcountries%25252Fschool%25252FUS%25252Fdirection%25253Adesc%25253Fsort_type%25253D%2525252Fcountries%2525252Fschool%2525252FUS%2525252Fdirection%2525253Adesc%2525253Fsort_type%2525253D%252525252Fcountries%252525252Fschool%252525252FUS%252525252Fdirection%252525253Adesc%252525253Fsort_type%252525253D%25252525252Fcountries%25252525252Fschool%25252525252FUS%25252525252Fdirection%25252525253Adesc%25252525253Fsort_type%25252525253D%2525252525252Fcountries%2525252525252Fschool%2525252525252FUS%2525252525252Fdirection%2525252525253Adesc%2525252525253Fsort_type%2525252525253D%252525252525252Fcountries%252525252525252Fschool%252525252525252FUS%252525252525252Fdirection%252525252525253Adesc%252525252525253Fsort_type%252525252525253D%25252525252525252Fcountries%25252525252525252Fschool%25252525252525252FUS%25252525252525252Fdirection%25252525252525253Adesc,2026-08-04
https://schoolwith.me/countries/school/US/direction:desc?sort_type=/countries/school/US/direction:asc/sort:lowest_fee_per_month?sort_type%3D%252Fcountries%252Fschool%252FUS%252Fdirection%253Adesc%253Fsort_type%253D%25252Fcountries%25252Fschool%25252FUS%25252Fdirection%25253Aasc%25252Fsort%25253Alowest_fee_per_month%25253Fsort_type%25253D%2525252Fcountries%2525252Fschool%2525252FUS%2525252Fdirection%2525253Adesc%2525253Fsort_type%2525253D%252525252Fcountries%252525252Fschool%252525252FUS%252525252Fdirection%252525253Adesc%252525253Fsort_type%252525253D%25252525252Fcountries%25252525252Fschool%25252525252FUS%25252525252Fdirection%25252525253Adesc%25252525253Fsort_type%25252525253D%2525252525252Fcountries%2525252525252Fschool%2525252525252FUS%2525252525252Fdirection%2525252525253Adesc%2525252525253Fsort_type%2525252525253D%252525252525252Fcountries%252525252525252Fschool%252525252525252FUS%252525252525252Fdirection%252525252525253Adesc%252525252525253Fsort_type%252525252525253D%25252525252525252Fcountries%25252525252525252Fschool%25252525252525252FUS,2026-08-04
https://schoolwith.me/countries/school/US/page:25?sort_type=/countries/school/US/direction:desc?sort_type%3D%252Fcountries%252Fschool%252FUS%252Fdirection%253Adesc%253Fsort_type%253D%25252Fcountries%25252Fschool%25252FUS%25252Fsort%25253Alowest_fee_per_month%25252Fdirection%25253Aasc%25253Fsort_type%25253D%2525252Fcountries%2525252Fschool%2525252FUS%2525252Fdirection%2525253Adesc%2525253Fsort_type%2525253D%252525252Fcountries%252525252Fschool%252525252FUS%252525252Fsort%252525253Alowest_fee_per_month%252525252Fdirection%252525253Aasc%252525253Fsort_type%252525253D%25252525252Fcountries%25252525252Fschool%25252525252FUS%25252525252Fdirection%25252525253Adesc%25252525253Fsort_type%25252525253D%2525252525252Fcountries%2525252525252Fschool%2525252525252FUS%2525252525252Fdirection%2525252525253Adesc%2525252525253Fsort_type%2525252525253D%252525252525252Fcountries%252525252525252Fschool%252525252525252FUS%252525252525252Fdirection%252525252525253Adesc%252525252525253Fsort_type%252525252525253D%25252525252525252Fcountries%25252525252525252Fschool%25252525252525252FUS%25252525252525252Fdirection%25252525252525253Adesc%25252525252525253Fsort_type%25252525252525253D%2525252525252525252Fcountries%2525252525252525252Fschool%2525252525252525252FUS%2525252525252525252Fdirection%2525252525252525253Adesc%2525252525252525253Fsort_type%2525252525252525253D%252525252525252525252Fcountries%252525252525252525252Fschool%252525252525252525252FUS%252525252525252525252Fdirection%252525252525252525253Adesc,2026-08-04
https://schoolwith.me/reviews/31671,2026-08-04
https://schoolwith.me/schools/stay/41,2026-08-04
https://schoolwith.me/reviews/32758,2026-08-03
https://schoolwith.me/category/schools/toeic/direction:desc?sort_type=/category/schools/toeic/direction:asc/sort:lowest_fee_per_month?sort_type%3D%252Fcategory%252Fschools%252Ftoeic%252Fdirection%253Aasc%252Fsort%253Alowest_fee_per_month%253Fsort_type%253D%25252Fcategory%25252Fschools%25252Ftoeic%25252Fdirection%25253Adesc%25253Fsort_type%25253D%2525252Fcategory%2525252Fschools%2525252Ftoeic%2525252Fdirection%2525253Adesc%2525253Fsort_type%2525253D%252525252Fcategory%252525252Fschools%252525252Ftoeic%252525252Fdirection%252525253Aasc%252525252Fsort%252525253Alowest_fee_per_month%252525253Fsort_type%252525253D%25252525252Fcategory%25252525252Fschools%25252525252Ftoeic%25252525252Fdirection%25252525253Adesc%25252525253Fsort_type%25252525253D%2525252525252Fcategory%2525252525252Fschools%2525252525252Ftoeic%2525252525252Fdirection%2525252525253Aasc%2525252525252Fsort%2525252525253Alowest_fee_per_month%2525252525253Fsort_type%2525252525253D%252525252525252Fcategory%252525252525252Fschools%252525252525252Ftoeic%252525252525252Fdirection%252525252525253Adesc%252525252525253Fsort_type%252525252525253D%25252525252525252Fcategory%25252525252525252Fschools%25252525252525252Ftoeic%25252525252525252Fdirection%25252525252525253Adesc%25252525252525253Fsrc_user%25252525252525253Dtop_main_ctgry_pc,2026-08-02
https://schoolwith.me/auth/google_login?done=/applications/register/40371,2026-08-01
https://schoolwith.me/reviews/36376,2026-08-01
https://schoolwith.me/category/schools/on_campus/country_id:2/area_id:2006,2026-08-01
https://schoolwith.me/columns/31455,2026-08-01
https://schoolwith.me/columns/author/168,2026-07-31
https://schoolwith.me/category/schools/business/country_id:1/area_id:7,2026-07-31
https://schoolwith.me/schools/review/40109,2026-07-30
https://schoolwith.me/reviews/36604,2026-07-29
https://schoolwith.me/category/schools/toefl/direction:desc?sort_type=/category/schools/toefl/direction:asc/sort:lowest_fee_per_month?sort_type%3D%252Fcategory%252Fschools%252Ftoefl%252Fdirection%253Aasc%252Fsort%253Alowest_fee_per_month%253Fsort_type%253D%25252Fcategory%25252Fschools%25252Ftoefl%25252Fdirection%25253Adesc%25253Fsort_type%25253D%2525252Fcategory%2525252Fschools%2525252Ftoefl%2525252Fdirection%2525253Aasc%2525252Fsort%2525253Alowest_fee_per_month%2525253Fsort_type%2525253D%252525252Fcategory%252525252Fschools%252525252Ftoefl%252525252Fdirection%252525253Aasc%252525252Fsort%252525253Alowest_fee_per_month%252525253Fsort_type%252525253D%25252525252Fcategory%25252525252Fschools%25252525252Ftoefl%25252525252Fdirection%25252525253Aasc%25252525252Fsort%25252525253Alowest_fee_per_month%25252525253Fsort_type%25252525253D%2525252525252Fcategory%2525252525252Fschools%2525252525252Ftoefl%2525252525252Fdirection%2525252525253Adesc%2525252525253Fsort_type%2525252525253D%252525252525252Fcategory%252525252525252Fschools%252525252525252Ftoefl%252525252525252Fdirection%252525252525253Adesc%252525252525253Fsort_type%252525252525253D%25252525252525252Fcategory%25252525252525252Fschools%25252525252525252Ftoefl%25252525252525252Fdirection%25252525252525253Adesc%25252525252525253Fsort_type%25252525252525253D%2525252525252525252Fcategory%2525252525252525252Fschools%2525252525252525252Ftoefl%2525252525252525252Fsort%2525252525252525253Alowest_fee_per_month%2525252525252525252Fdirection%2525252525252525253Aasc%2525252525252525253Fsort_type%2525252525252525253D%252525252525252525252Fcategory%252525252525252525252Fschools%252525252525252525252Ftoefl%252525252525252525252Fdirection%252525252525252525253Adesc%252525252525252525253Fsort_type%252525252525252525253D%25252525252525252525252Fcategory%25252525252525252525252Fschools%25252525252525252525252Ftoefl%25252525252525252525252Fdirection%25252525252525252525253Adesc%25252525252525252525253Fsrc_user%25252525252525252525253Dtop_main_ctgry_pc,2026-07-29
https://schoolwith.me/countries/school/AU/page:24?sort_type=/countries/school/AU/sort:tmp_overall_score/direction:DESC?sort_type%3D%252Fcountries%252Fschool%252FAU%253Fsort_type%253D%25252Fcountries%25252Fschool%25252FAU%25252Fsort%25253Atmp_overall_score%25252Fdirection%25253ADESC%25253Fsrc_user%25253Dtop_main_cntry_pc,2026-07-28
https://schoolwith.me/category/schools/toefl?sort_type=/category/schools/toefl/direction:desc?sort_type%3D%252Fcategory%252Fschools%252Ftoefl%252Fdirection%253Adesc%253Fsort_type%253D%25252Fcategory%25252Fschools%25252Ftoefl%25252Fdirection%25253Adesc%25253Fsort_type%25253D%2525252Fcategory%2525252Fschools%2525252Ftoefl%2525252Fdirection%2525253Adesc%2525253Fsort_type%2525253D%252525252Fcategory%252525252Fschools%252525252Ftoefl%252525252Fsort%252525253Alowest_fee_per_month%252525252Fdirection%252525253Aasc%252525253Fsort_type%252525253D%25252525252Fcategory%25252525252Fschools%25252525252Ftoefl%25252525252Fdirection%25252525253Adesc%25252525253Fsort_type%25252525253D%2525252525252Fcategory%2525252525252Fschools%2525252525252Ftoefl%2525252525252Fsort%2525252525253Alowest_fee_per_month%2525252525252Fdirection%2525252525253Aasc%2525252525253Fsort_type%2525252525253D%252525252525252Fcategory%252525252525252Fschools%252525252525252Ftoefl%252525252525252Fsort%252525252525253Alowest_fee_per_month%252525252525252Fdirection%252525252525253Aasc%252525252525253Fsort_type%252525252525253D%25252525252525252Fcategory%25252525252525252Fschools%25252525252525252Ftoefl%25252525252525252Fdirection%25252525252525253Adesc%25252525252525253Fsort_type%25252525252525253D%2525252525252525252Fcategory%2525252525252525252Fschools%2525252525252525252Ftoefl%2525252525252525252Fdirection%2525252525252525253Adesc%2525252525252525253Fsort_type%2525252525252525253D%252525252525252525252Fcategory%252525252525252525252Fschools%252525252525252525252Ftoefl%252525252525252525253Fsrc_user%252525252525252525253Dtop_main_ctgry_pc,2026-07-28
https://schoolwith.me/countries/school/SG?sort_type=/countries/school/SG/direction:desc?sort_type%3D%252Fcountries%252Fschool%252FSG%252Fsort%253Alowest_fee_per_month%252Fdirection%253Aasc%253Fsort_type%253D%25252Fcountries%25252Fschool%25252FSG%25252Fdirection%25253Adesc%25253Fsort_type%25253D%2525252Fcountries%2525252Fschool%2525252FSG%2525252Fsort%2525253Alowest_fee_per_month%2525252Fdirection%2525253Aasc%2525253Fsort_type%2525253D%252525252Fcountries%252525252Fschool%252525252FSG%252525252Fdirection%252525253Adesc%252525253Fsort_type%252525253D%25252525252Fcountries%25252525252Fschool%25252525252FSG%25252525252Fdirection%25252525253Adesc%25252525253Fsort_type%25252525253D%2525252525252Fcountries%2525252525252Fschool%2525252525252FSG%2525252525252Fdirection%2525252525253Adesc%2525252525253Fsort_type%2525252525253D%252525252525252Fcountries%252525252525252Fschool%252525252525252FSG%252525252525252Fdirection%252525252525253Adesc%252525252525253Fsort_type%252525252525253D%25252525252525252Fcountries%25252525252525252Fschool%25252525252525252FSG%25252525252525252Fdirection%25252525252525253Adesc%25252525252525253Fsort_type%25252525252525253D%2525252525252525252Fcountries%2525252525252525252Fschool%2525252525252525252FSG%2525252525252525252Fdirection%2525252525252525253Adesc%2525252525252525253Fsort_type%2525252525252525253D%252525252525252525252Fcountries%252525252525252525252Fschool%252525252525252525252FSG%252525252525252525252Fdirection%252525252525252525253Adesc,2026-07-27
https://schoolwith.me/countries/school/AU/page:11?sort_type=/countries/school/AU/direction:desc?sort_type%3D%252Fcountries%252Fschool%252FAU%252Fsort%253Alowest_fee_per_month%252Fdirection%253Aasc%253Fsort_type%253D%25252Fcountries%25252Fschool%25252FAU%25252Fdirection%25253Adesc%25253Fsort_type%25253D%2525252Fcountries%2525252Fschool%2525252FAU%2525252Fdirection%2525253Adesc%2525253Fsort_type%2525253D%252525252Fcountries%252525252Fschool%252525252FAU%252525252Fsort%252525253Alowest_fee_per_month%252525252Fdirection%252525253Aasc%252525253Fsort_type%252525253D%25252525252Fcountries%25252525252Fschool%25252525252FAU%25252525252Fdirection%25252525253Adesc%25252525253Fsort_type%25252525253D%2525252525252Fcountries%2525252525252Fschool%2525252525252FAU%2525252525252Fdirection%2525252525253Adesc%2525252525253Fsort_type%2525252525253D%252525252525252Fcountries%252525252525252Fschool%252525252525252FAU%252525252525252Fdirection%252525252525253Adesc%252525252525253Fsort_type%252525252525253D%25252525252525252Fcountries%25252525252525252Fschool%25252525252525252FAU%25252525252525252Fdirection%25252525252525253Adesc%25252525252525253Fsort_type%25252525252525253D%2525252525252525252Fcountries%2525252525252525252Fschool%2525252525252525252FAU%2525252525252525252Fdirection%2525252525252525253Adesc%2525252525252525253Fsort_type%2525252525252525253D%252525252525252525252Fcountries%252525252525252525252Fschool%252525252525252525252FAU%252525252525252525252Fdirection%252525252525252525253Adesc,2026-07-27
https://schoolwith.me/countries/school/US/page:38/sort:lowest_fee_per_month/direction:asc,2026-07-26
https://schoolwith.me/reviews/39181,2026-07-25
https://schoolwith.me/reviews/40544,2026-07-24
https://schoolwith.me/reviews/31518,2026-07-24
https://schoolwith.me/category/schools/facility/direction:asc/sort:lowest_fee_per_month?sort_type=/category/schools/facility/direction:desc?sort_type%3D%252Fcategory%252Fschools%252Ffacility%252Fdirection%253Adesc%253Fsort_type%253D%25252Fcategory%25252Fschools%25252Ffacility%25252Fdirection%25253Adesc%25253Fsort_type%25253D%2525252Fcategory%2525252Fschools%2525252Ffacility%2525252Fsort%2525253Alowest_fee_per_month%2525252Fdirection%2525253Aasc%2525253Fsort_type%2525253D%252525252Fcategory%252525252Fschools%252525252Ffacility%252525252Fsort%252525253Alowest_fee_per_month%252525252Fdirection%252525253Aasc%252525253Fsort_type%252525253D%25252525252Fcategory%25252525252Fschools%25252525252Ffacility%25252525252Fdirection%25252525253Adesc%25252525253Fsort_type%25252525253D%2525252525252Fcategory%2525252525252Fschools%2525252525252Ffacility%2525252525252Fdirection%2525252525253Adesc%2525252525253Fsort_type%2525252525253D%252525252525252Fcategory%252525252525252Fschools%252525252525252Ffacility%252525252525252Fdirection%252525252525253Adesc%252525252525253Fsort_type%252525252525253D%25252525252525252Fcategory%25252525252525252Fschools%25252525252525252Ffacility%25252525252525252Fdirection%25252525252525253Adesc%25252525252525253Fsort_type%25252525252525253D%2525252525252525252Fcategory%2525252525252525252Fschools%2525252525252525252Ffacility%2525252525252525252Fdirection%2525252525252525253Adesc%2525252525252525253Fsort_type%2525252525252525253D%252525252525252525252Fcategory%252525252525252525252Fschools%252525252525252525252Ffacility%252525252525252525252Fdirection%252525252525252525253Adesc,2026-07-24
https://schoolwith.me/schools/photo_movie/photo/18/アクティビティ,2026-07-23
https://schoolwith.me/category/schools/facility/sort:lowest_fee_per_month/direction:asc/page:2?sort_type=/category/schools/facility/direction:desc?sort_type%3D%252Fcategory%252Fschools%252Ffacility%252Fdirection%253Adesc%253Fsort_type%253D%25252Fcategory%25252Fschools%25252Ffacility%25252Fdirection%25253Aasc%25252Fsort%25253Alowest_fee_per_month%25253Fsort_type%25253D%2525252Fcategory%2525252Fschools%2525252Ffacility%2525252Fdirection%2525253Aasc%2525252Fsort%2525253Alowest_fee_per_month%2525253Fsort_type%2525253D%252525252Fcategory%252525252Fschools%252525252Ffacility%252525252Fdirection%252525253Adesc%252525253Fsort_type%252525253D%25252525252Fcategory%25252525252Fschools%25252525252Ffacility%25252525252Fdirection%25252525253Aasc%25252525252Fsort%25252525253Alowest_fee_per_month%25252525253Fsort_type%25252525253D%2525252525252Fcategory%2525252525252Fschools%2525252525252Ffacility%2525252525252Fdirection%2525252525253Adesc%2525252525253Fsort_type%2525252525253D%252525252525252Fcategory%252525252525252Fschools%252525252525252Ffacility%252525252525252Fdirection%252525252525253Aasc%252525252525252Fsort%252525252525253Alowest_fee_per_month%252525252525253Fsort_type%252525252525253D%25252525252525252Fcategory%25252525252525252Fschools%25252525252525252Ffacility%25252525252525252Fdirection%25252525252525253Adesc%25252525252525253Fsrc_user%25252525252525253Dtop_main_ctgry_pc,2026-07-22
https://schoolwith.me/reviews/33147,2026-07-21
https://schoolwith.me/reviews/33343,2026-07-21
https://schoolwith.me/reviews/37970,2026-07-17
https://schoolwith.me/reviews/44120,2026-07-15
https://schoolwith.me/category/schools/toefl/page:3/direction:asc/sort:lowest_fee_per_month?sort_type=/category/schools/toefl/direction:desc?sort_type%3D%252Fcategory%252Fschools%252Ftoefl%252Fdirection%253Adesc%253Fsort_type%253D%25252Fcategory%25252Fschools%25252Ftoefl%25252Fsort%25253Alowest_fee_per_month%25252Fdirection%25253Aasc%25253Fsort_type%25253D%2525252Fcategory%2525252Fschools%2525252Ftoefl%2525252Fsort%2525253Alowest_fee_per_month%2525252Fdirection%2525253Aasc%2525253Fsort_type%2525253D%252525252Fcategory%252525252Fschools%252525252Ftoefl%252525252Fsort%252525253Alowest_fee_per_month%252525252Fdirection%252525253Aasc%252525253Fsort_type%252525253D%25252525252Fcategory%25252525252Fschools%25252525252Ftoefl%25252525252Fdirection%25252525253Adesc%25252525253Fsort_type%25252525253D%2525252525252Fcategory%2525252525252Fschools%2525252525252Ftoefl%2525252525252Fdirection%2525252525253Adesc%2525252525253Fsort_type%2525252525253D%252525252525252Fcategory%252525252525252Fschools%252525252525252Ftoefl%252525252525252Fdirection%252525252525253Adesc%252525252525253Fsort_type%252525252525253D%25252525252525252Fcategory%25252525252525252Fschools%25252525252525252Ftoefl%25252525252525252Fdirection%25252525252525253Adesc%25252525252525253Fsort_type%25252525252525253D%2525252525252525252Fcategory%2525252525252525252Fschools%2525252525252525252Ftoefl%2525252525252525252Fdirection%2525252525252525253Adesc%2525252525252525253Fsort_type%2525252525252525253D%252525252525252525252Fcategory%252525252525252525252Fschools%252525252525252525252Ftoefl%252525252525252525252Fsort%252525252525252525253Alowest_fee_per_month%252525252525252525252Fdirection%252525252525252525253Aasc%252525252525252525253Fsort_type%252525252525252525253D%25252525252525252525252Fcategory%25252525252525252525252Fschools%25252525252525252525252Ftoefl%25252525252525252525253Fsrc_user%25252525252525252525253Dtop_main_ctgry_pc,2026-07-15
https://schoolwith.me/reviews/40104,2026-07-15
https://schoolwith.me/reviews/41844,2026-07-15
https://schoolwith.me/reviews/40883,2026-07-15
https://schoolwith.me/reviews/43805,2026-07-15
https://schoolwith.me/reviews/42112,2026-07-15
https://schoolwith.me/reviews/43290,2026-07-15
https://schoolwith.me/reviews/34534,2026-07-15
https://schoolwith.me/reviews/42956,2026-07-15
https://schoolwith.me/category/schools/business/page:5/direction:asc/sort:lowest_fee_per_month?sort_type=/category/schools/business/direction:asc/sort:lowest_fee_per_month?sort_type%3D%252Fcategory%252Fschools%252Fbusiness%252Fdirection%253Aasc%252Fsort%253Alowest_fee_per_month%253Fsort_type%253D%25252Fcategory%25252Fschools%25252Fbusiness%25252Fdirection%25253Adesc%25253Fsort_type%25253D%2525252Fcategory%2525252Fschools%2525252Fbusiness%2525252Fdirection%2525253Adesc%2525253Fsort_type%2525253D%252525252Fcategory%252525252Fschools%252525252Fbusiness%252525252Fdirection%252525253Aasc%252525252Fsort%252525253Alowest_fee_per_month%252525253Fsort_type%252525253D%25252525252Fcategory%25252525252Fschools%25252525252Fbusiness%25252525252Fdirection%25252525253Aasc%25252525252Fsort%25252525253Alowest_fee_per_month%25252525253Fsort_type%25252525253D%2525252525252Fcategory%2525252525252Fschools%2525252525252Fbusiness%2525252525252Fsort%2525252525253Alowest_fee_per_month%2525252525252Fdirection%2525252525253Aasc%2525252525253Fsort_type%2525252525253D%252525252525252Fcategory%252525252525252Fschools%252525252525252Fbusiness%252525252525252Fsort%252525252525253Alowest_fee_per_month%252525252525252Fdirection%252525252525253Aasc%252525252525253Fsort_type%252525252525253D%25252525252525252Fcategory%25252525252525252Fschools%25252525252525252Fbusiness%25252525252525252Fsort%25252525252525253Alowest_fee_per_month%25252525252525252Fdirection%25252525252525253AASC%25252525252525253Fsrc_user%25252525252525253Dtop_main_ctgry_pc,2026-07-15
https://schoolwith.me/category/schools/toeic/page:2/direction:asc/sort:lowest_fee_per_month?sort_type=/category/schools/toeic/direction:desc?sort_type%3D%252Fcategory%252Fschools%252Ftoeic%252Fdirection%253Aasc%252Fsort%253Alowest_fee_per_month%253Fsort_type%253D%25252Fcategory%25252Fschools%25252Ftoeic%25252Fdirection%25253Adesc%25253Fsort_type%25253D%2525252Fcategory%2525252Fschools%2525252Ftoeic%2525252Fdirection%2525253Aasc%2525252Fsort%2525253Alowest_fee_per_month%2525253Fsort_type%2525253D%252525252Fcategory%252525252Fschools%252525252Ftoeic%252525252Fdirection%252525253Adesc%252525253Fsort_type%252525253D%25252525252Fcategory%25252525252Fschools%25252525252Ftoeic%25252525252Fsort%25252525253Alowest_fee_per_month%25252525252Fdirection%25252525253Aasc%25252525253Fsort_type%25252525253D%2525252525252Fcategory%2525252525252Fschools%2525252525252Ftoeic%2525252525252Fdirection%2525252525253Adesc%2525252525253Fsort_type%2525252525253D%252525252525252Fcategory%252525252525252Fschools%252525252525252Ftoeic%252525252525252Fsort%252525252525253Alowest_fee_per_month%252525252525252Fdirection%252525252525253Aasc%252525252525253Fsort_type%252525252525253D%25252525252525252Fcategory%25252525252525252Fschools%25252525252525252Ftoeic%25252525252525252Fdirection%25252525252525253Adesc%25252525252525253Fsort_type%25252525252525253D%2525252525252525252Fcategory%2525252525252525252Fschools%2525252525252525252Ftoeic%2525252525252525252Fdirection%2525252525252525253Adesc%2525252525252525253Fsort_type%2525252525252525253D%252525252525252525252Fcategory%252525252525252525252Fschools%252525252525252525252Ftoeic%252525252525252525253Fsrc_user%252525252525252525253Dtop_main_ctgry_pc,2026-07-14
https://schoolwith.me/category/schools/toeic/direction:asc/sort:lowest_fee_per_month/page:2?sort_type=/category/schools/toeic/direction:desc?sort_type%3D%252Fcategory%252Fschools%252Ftoeic%252Fdirection%253Aasc%252Fsort%253Alowest_fee_per_month%253Fsort_type%253D%25252Fcategory%25252Fschools%25252Ftoeic%25252Fdirection%25253Aasc%25252Fsort%25253Alowest_fee_per_month%25253Fsort_type%25253D%2525252Fcategory%2525252Fschools%2525252Ftoeic%2525252Fdirection%2525253Aasc%2525252Fsort%2525253Alowest_fee_per_month%2525253Fsort_type%2525253D%252525252Fcategory%252525252Fschools%252525252Ftoeic%252525252Fdirection%252525253Adesc%252525253Fsort_type%252525253D%25252525252Fcategory%25252525252Fschools%25252525252Ftoeic%25252525252Fdirection%25252525253Adesc%25252525253Fsort_type%25252525253D%2525252525252Fcategory%2525252525252Fschools%2525252525252Ftoeic%2525252525253Fsrc_user%2525252525253Dtop_main_ctgry_pc,2026-07-12
https://schoolwith.me/category/schools/toefl/page:4/direction:asc/sort:lowest_fee_per_month?sort_type=/category/schools/toefl/direction:desc?sort_type%3D%252Fcategory%252Fschools%252Ftoefl%252Fdirection%253Adesc%253Fsort_type%253D%25252Fcategory%25252Fschools%25252Ftoefl%25252Fdirection%25253Aasc%25252Fsort%25253Alowest_fee_per_month%25253Fsort_type%25253D%2525252Fcategory%2525252Fschools%2525252Ftoefl%2525252Fdirection%2525253Aasc%2525252Fsort%2525253Alowest_fee_per_month%2525253Fsort_type%2525253D%252525252Fcategory%252525252Fschools%252525252Ftoefl%252525252Fdirection%252525253Aasc%252525252Fsort%252525253Alowest_fee_per_month%252525253Fsort_type%252525253D%25252525252Fcategory%25252525252Fschools%25252525252Ftoefl%25252525252Fdirection%25252525253Aasc%25252525252Fsort%25252525253Alowest_fee_per_month%25252525253Fsort_type%25252525253D%2525252525252Fcategory%2525252525252Fschools%2525252525252Ftoefl%2525252525252Fdirection%2525252525253Aasc%2525252525252Fsort%2525252525253Alowest_fee_per_month%2525252525253Fsort_type%2525252525253D%252525252525252Fcategory%252525252525252Fschools%252525252525252Ftoefl%252525252525252Fdirection%252525252525253Adesc%252525252525253Fsort_type%252525252525253D%25252525252525252Fcategory%25252525252525252Fschools%25252525252525252Ftoefl%25252525252525252Fsort%25252525252525253Alowest_fee_per_month%25252525252525252Fdirection%25252525252525253Aasc%25252525252525253Fsort_type%25252525252525253D%2525252525252525252Fcategory%2525252525252525252Fschools%2525252525252525252Ftoefl%2525252525252525252Fsort%2525252525252525253Alowest_fee_per_month%2525252525252525252Fdirection%2525252525252525253Aasc%2525252525252525253Fsrc_user%2525252525252525253Dtop_main_ctgry_pc,2026-07-12
https://schoolwith.me/countries/school/UK/page:3?sort_type=/countries/school/UK/sort:lowest_fee_per_month/direction:asc,2026-07-09
https://schoolwith.me/category/schools/toefl/direction:asc/sort:lowest_fee_per_month?sort_type=/category/schools/toefl/direction:desc?sort_type%3D%252Fcategory%252Fschools%252Ftoefl%252Fdirection%253Adesc%253Fsort_type%253D%25252Fcategory%25252Fschools%25252Ftoefl%25252Fdirection%25253Aasc%25252Fsort%25253Alowest_fee_per_month%25253Fsort_type%25253D%2525252Fcategory%2525252Fschools%2525252Ftoefl%2525252Fdirection%2525253Adesc%2525253Fsort_type%2525253D%252525252Fcategory%252525252Fschools%252525252Ftoefl%252525252Fsort%252525253Alowest_fee_per_month%252525252Fdirection%252525253Aasc%252525253Fsort_type%252525253D%25252525252Fcategory%25252525252Fschools%25252525252Ftoefl%25252525252Fdirection%25252525253Adesc%25252525253Fsort_type%25252525253D%2525252525252Fcategory%2525252525252Fschools%2525252525252Ftoefl%2525252525252Fdirection%2525252525253Adesc%2525252525253Fsort_type%2525252525253D%252525252525252Fcategory%252525252525252Fschools%252525252525252Ftoefl%252525252525252Fdirection%252525252525253Adesc%252525252525253Fsort_type%252525252525253D%25252525252525252Fcategory%25252525252525252Fschools%25252525252525252Ftoefl%25252525252525252Fdirection%25252525252525253Adesc%25252525252525253Fsort_type%25252525252525253D%2525252525252525252Fcategory%2525252525252525252Fschools%2525252525252525252Ftoefl%2525252525252525252Fsort%2525252525252525253Alowest_fee_per_month%2525252525252525252Fdirection%2525252525252525253Aasc%2525252525252525253Fsort_type%2525252525252525253D%252525252525252525252Fcategory%252525252525252525252Fschools%252525252525252525252Ftoefl%252525252525252525253Fsrc_user%252525252525252525253Dtop_main_ctgry_pc,2026-07-08
https://schoolwith.me/reviews/37363,2026-07-07
https://schoolwith.me/schools/photo_movie/photo/144/施設・設備,2026-07-05
https://schoolwith.me/auth/google_login?done=/applications/register/50015,2026-07-05
https://schoolwith.me/category/schools/ielts/page:14?sort_type=/category/schools/ielts/direction:desc?sort_type%3D%252Fcategory%252Fschools%252Fielts%252Fsort%253Alowest_fee_per_month%252Fdirection%253Aasc%253Fsort_type%253D%25252Fcategory%25252Fschools%25252Fielts%25252Fdirection%25253Adesc%25253Fsort_type%25253D%2525252Fcategory%2525252Fschools%2525252Fielts%2525252Fsort%2525253Alowest_fee_per_month%2525252Fdirection%2525253Aasc%2525253Fsort_type%2525253D%252525252Fcategory%252525252Fschools%252525252Fielts%252525252Fdirection%252525253Adesc%252525253Fsort_type%252525253D%25252525252Fcategory%25252525252Fschools%25252525252Fielts%25252525252Fdirection%25252525253Adesc%25252525253Fsort_type%25252525253D%2525252525252Fcategory%2525252525252Fschools%2525252525252Fielts%2525252525252Fdirection%2525252525253Adesc%2525252525253Fsort_type%2525252525253D%252525252525252Fcategory%252525252525252Fschools%252525252525252Fielts%252525252525252Fdirection%252525252525253Adesc%252525252525253Fsort_type%252525252525253D%25252525252525252Fcategory%25252525252525252Fschools%25252525252525252Fielts%25252525252525252Fdirection%25252525252525253Adesc%25252525252525253Fsort_type%25252525252525253D%2525252525252525252Fcategory%2525252525252525252Fschools%2525252525252525252Fielts%2525252525252525252Fdirection%2525252525252525253Adesc%2525252525252525253Fsort_type%2525252525252525253D%252525252525252525252Fcategory%252525252525252525252Fschools%252525252525252525252Fielts%252525252525252525252Fdirection%252525252525252525253Adesc,2026-07-05
https://schoolwith.me/category/schools/non_japanese/page:8?src_user=top_main_ctgry_pc,2026-07-05
https://schoolwith.me/category/schools/non_japanese/page:17/direction:asc/sort:lowest_fee_per_month?sort_type=/category/schools/non_japanese/direction:desc?sort_type%3D%252Fcategory%252Fschools%252Fnon_japanese%252Fdirection%253Aasc%252Fsort%253Alowest_fee_per_month%253Fsort_type%253D%25252Fcategory%25252Fschools%25252Fnon_japanese%25252Fdirection%25253Adesc%25253Fsort_type%25253D%2525252Fcategory%2525252Fschools%2525252Fnon_japanese%2525252Fdirection%2525253Adesc%2525253Fsort_type%2525253D%252525252Fcategory%252525252Fschools%252525252Fnon_japanese%252525252Fsort%252525253Alowest_fee_per_month%252525252Fdirection%252525253Aasc%252525253Fsort_type%252525253D%25252525252Fcategory%25252525252Fschools%25252525252Fnon_japanese%25252525252Fsort%25252525253Alowest_fee_per_month%25252525252Fdirection%25252525253Aasc%25252525253Fsort_type%25252525253D%2525252525252Fcategory%2525252525252Fschools%2525252525252Fnon_japanese%2525252525252Fsort%2525252525253Alowest_fee_per_month%2525252525252Fdirection%2525252525253Aasc%2525252525253Fsort_type%2525252525253D%252525252525252Fcategory%252525252525252Fschools%252525252525252Fnon_japanese%252525252525252Fsort%252525252525253Alowest_fee_per_month%252525252525252Fdirection%252525252525253Aasc%252525252525253Fsort_type%252525252525253D%25252525252525252Fcategory%25252525252525252Fschools%25252525252525252Fnon_japanese%25252525252525252Fdirection%25252525252525253Adesc%25252525252525253Fsrc_user%25252525252525253Dtop_main_ctgry_pc,2026-07-05
https://schoolwith.me/category/schools/non_japanese/direction:asc/country_id:6/sort:lowest_fee_per_month?sort_type=/category/schools/non_japanese/direction:asc/sort:lowest_fee_per_month/country_id:6?sort_type%3D%252Fcategory%252Fschools%252Fnon_japanese%252Fdirection%253Adesc%252Fcountry_id%253A6%253Fsort_type%253D%25252Fcategory%25252Fschools%25252Fnon_japanese%25252Fdirection%25253Aasc%25252Fcountry_id%25253A6%25252Fsort%25253Alowest_fee_per_month%25253Fsort_type%25253D%2525252Fcategory%2525252Fschools%2525252Fnon_japanese%2525252Fdirection%2525253Aasc%2525252Fcountry_id%2525253A6%2525252Fsort%2525253Alowest_fee_per_month%2525253Fsort_type%2525253D%252525252Fcategory%252525252Fschools%252525252Fnon_japanese%252525252Fdirection%252525253Aasc%252525252Fcountry_id%252525253A6%252525252Fsort%252525253Alowest_fee_per_month%252525253Fsort_type%252525253D%25252525252Fcategory%25252525252Fschools%25252525252Fnon_japanese%25252525252Fdirection%25252525253Adesc%25252525252Fcountry_id%25252525253A6%25252525253Fsort_type%25252525253D%2525252525252Fcategory%2525252525252Fschools%2525252525252Fnon_japanese%2525252525252Fdirection%2525252525253Adesc%2525252525252Fcountry_id%2525252525253A6%2525252525253Fsort_type%2525252525253D%252525252525252Fcategory%252525252525252Fschools%252525252525252Fnon_japanese%252525252525252Fdirection%252525252525253Adesc%252525252525252Fcountry_id%252525252525253A6,2026-07-05
https://schoolwith.me/category/schools/non_japanese/page:16/direction:asc/sort:lowest_fee_per_month?sort_type=/category/schools/non_japanese/direction:desc?sort_type%3D%252Fcategory%252Fschools%252Fnon_japanese%252Fdirection%253Aasc%252Fsort%253Alowest_fee_per_month%253Fsort_type%253D%25252Fcategory%25252Fschools%25252Fnon_japanese%25252Fdirection%25253Adesc%25253Fsort_type%25253D%2525252Fcategory%2525252Fschools%2525252Fnon_japanese%2525252Fdirection%2525253Adesc%2525253Fsort_type%2525253D%252525252Fcategory%252525252Fschools%252525252Fnon_japanese%252525252Fdirection%252525253Adesc%252525253Fsort_type%252525253D%25252525252Fcategory%25252525252Fschools%25252525252Fnon_japanese%25252525252Fdirection%25252525253Adesc%25252525253Fsort_type%25252525253D%2525252525252Fcategory%2525252525252Fschools%2525252525252Fnon_japanese%2525252525252Fdirection%2525252525253Adesc%2525252525253Fsort_type%2525252525253D%252525252525252Fcategory%252525252525252Fschools%252525252525252Fnon_japanese%252525252525252Fdirection%252525252525253Aasc%252525252525252Fsort%252525252525253Alowest_fee_per_month%252525252525253Fsort_type%252525252525253D%25252525252525252Fcategory%25252525252525252Fschools%25252525252525252Fnon_japanese%25252525252525252Fdirection%25252525252525253Adesc%25252525252525253Fsrc_user%25252525252525253Dtop_main_ctgry_pc,2026-07-05
https://schoolwith.me/category/schools/business/page:12/direction:asc/sort:lowest_fee_per_month?sort_type=/category/schools/business/direction:desc?sort_type%3D%252Fcategory%252Fschools%252Fbusiness%252Fdirection%253Adesc%253Fsort_type%253D%25252Fcategory%25252Fschools%25252Fbusiness%25252Fdirection%25253Adesc%25253Fsort_type%25253D%2525252Fcategory%2525252Fschools%2525252Fbusiness%2525252Fdirection%2525253Aasc%2525252Fsort%2525253Alowest_fee_per_month%2525253Fsort_type%2525253D%252525252Fcategory%252525252Fschools%252525252Fbusiness%252525252Fdirection%252525253Aasc%252525252Fsort%252525253Alowest_fee_per_month%252525253Fsort_type%252525253D%25252525252Fcategory%25252525252Fschools%25252525252Fbusiness%25252525252Fdirection%25252525253Adesc%25252525253Fsort_type%25252525253D%2525252525252Fcategory%2525252525252Fschools%2525252525252Fbusiness%2525252525252Fdirection%2525252525253Aasc%2525252525252Fsort%2525252525253Alowest_fee_per_month%2525252525253Fsort_type%2525252525253D%252525252525252Fcategory%252525252525252Fschools%252525252525252Fbusiness%252525252525252Fdirection%252525252525253Aasc%252525252525252Fsort%252525252525253Alowest_fee_per_month%252525252525253Fsort_type%252525252525253D%25252525252525252Fcategory%25252525252525252Fschools%25252525252525252Fbusiness%25252525252525252Fdirection%25252525252525253Adesc%25252525252525253Fsort_type%25252525252525253D%2525252525252525252Fcategory%2525252525252525252Fschools%2525252525252525252Fbusiness%2525252525252525252Fdirection%2525252525252525253Adesc%2525252525252525253Fsrc_user%2525252525252525253Dtop_main_ctgry_pc,2026-07-05
https://schoolwith.me/provinces/2005/page:5/direction:asc/sort:lowest_fee_per_month?utm_term&amp;utm_campaign=pmax&amp;utm_source=google&amp;utm_medium=cpc&amp;hsa_acc=4332353937&amp;hsa_cam=20421730922&amp;hsa_grp&amp;hsa_ad&amp;hsa_src=x&amp;hsa_tgt&amp;hsa_kw&amp;hsa_mt&amp;hsa_net=adwords&amp;hsa_ver=3&amp;gad_source=1&amp;gclid=CjwKCAjwr7ayBhAPEiwA6EIGxF6ua5Tvk7ZKcs-zv8cFlxHYsLlEemT-tUir4q_UHbR3OOgyD1nhYxoCOuUQAvD_BwE,2026-07-05
https://schoolwith.me/category/schools/short_term/page:17/direction:asc/sort:lowest_fee_per_month?sort_type=/category/schools/short_term/direction:desc?sort_type%3D%252Fcategory%252Fschools%252Fshort_term%252Fdirection%253Aasc%252Fsort%253Alowest_fee_per_month%253Fsort_type%253D%25252Fcategory%25252Fschools%25252Fshort_term%25252Fdirection%25253Aasc%25252Fsort%25253Alowest_fee_per_month%25253Fsort_type%25253D%2525252Fcategory%2525252Fschools%2525252Fshort_term%2525252Fdirection%2525253Adesc%2525253Fsort_type%2525253D%252525252Fcategory%252525252Fschools%252525252Fshort_term%252525252Fdirection%252525253Adesc%252525253Fsort_type%252525253D%25252525252Fcategory%25252525252Fschools%25252525252Fshort_term%25252525252Fdirection%25252525253Adesc%25252525253Fsort_type%25252525253D%2525252525252Fcategory%2525252525252Fschools%2525252525252Fshort_term%2525252525252Fsort%2525252525253Alowest_fee_per_month%2525252525252Fdirection%2525252525253Aasc%2525252525253Fsrc_user%2525252525253Dtop_main_ctgry_pc,2026-07-05
https://schoolwith.me/columns/32222,2026-07-05
https://schoolwith.me/reviews/33787,2026-07-05
https://schoolwith.me/category/schools/short_term/page:4/direction:asc/sort:lowest_fee_per_month?sort_type=/category/schools/short_term/sort:lowest_fee_per_month/direction:asc?sort_type%3D%252Fcategory%252Fschools%252Fshort_term%252Fsort%253Alowest_fee_per_month%252Fdirection%253Aasc%253Fsort_type%253D%25252Fcategory%25252Fschools%25252Fshort_term%25252Fsort%25253Alowest_fee_per_month%25252Fdirection%25253Aasc%25253Fsort_type%25253D%2525252Fcategory%2525252Fschools%2525252Fshort_term%2525253Fsort_type%2525253D%252525252Fcategory%252525252Fschools%252525252Fshort_term%252525253Fsrc_user%252525253Dtop_main_ctgry_pc,2026-07-04
https://schoolwith.me/category/schools/non_japanese/direction:desc/country_id:2?sort_type=/category/schools/non_japanese/direction:desc/country_id:2?sort_type%3D%252Fcategory%252Fschools%252Fnon_japanese%252Fdirection%253Aasc%252Fcountry_id%253A2%252Fsort%253Alowest_fee_per_month%253Fsort_type%253D%25252Fcategory%25252Fschools%25252Fnon_japanese%25252Fdirection%25253Adesc%25252Fcountry_id%25253A2%25253Fsort_type%25253D%2525252Fcategory%2525252Fschools%2525252Fnon_japanese%2525252Fcountry_id%2525253A2%2525252Fdirection%2525253Adesc,2026-07-04
https://schoolwith.me/schools/review/146/overall_rating_asc/supports/line,2026-07-04
https://schoolwith.me/countries/school/US/page:4/direction:asc/sort:lowest_fee_per_month?sort_type=/countries/school/US/sort:lowest_fee_per_month/direction:asc?sort_type%3D%252Fcountries%252Fschool%252FUS%252Fsort%253Alowest_fee_per_month%252Fdirection%253AASC,2026-07-04
https://schoolwith.me/areas/school/2157,2026-07-04
https://schoolwith.me/schools/curriculum/240,2026-07-04
https://schoolwith.me/purposes/schools/demogura/2/page:10/direction:asc/sort:lowest_fee_per_month/gender:F,2026-07-03
https://schoolwith.me/category/schools/toefl/page:2/direction:asc/sort:lowest_fee_per_month?sort_type=/category/schools/toefl/direction:desc?sort_type%3D%252Fcategory%252Fschools%252Ftoefl%252Fdirection%253Adesc%253Fsort_type%253D%25252Fcategory%25252Fschools%25252Ftoefl%25252Fsort%25253Alowest_fee_per_month%25252Fdirection%25253Aasc%25253Fsort_type%25253D%2525252Fcategory%2525252Fschools%2525252Ftoefl%2525252Fsort%2525253Alowest_fee_per_month%2525252Fdirection%2525253Aasc%2525253Fsort_type%2525253D%252525252Fcategory%252525252Fschools%252525252Ftoefl%252525252Fsort%252525253Alowest_fee_per_month%252525252Fdirection%252525253Aasc%252525253Fsort_type%252525253D%25252525252Fcategory%25252525252Fschools%25252525252Ftoefl%25252525252Fdirection%25252525253Adesc%25252525253Fsort_type%25252525253D%2525252525252Fcategory%2525252525252Fschools%2525252525252Ftoefl%2525252525252Fdirection%2525252525253Adesc%2525252525253Fsort_type%2525252525253D%252525252525252Fcategory%252525252525252Fschools%252525252525252Ftoefl%252525252525252Fsort%252525252525253Alowest_fee_per_month%252525252525252Fdirection%252525252525253Aasc%252525252525253Fsrc_user%252525252525253Dtop_main_ctgry_pc,2026-07-03
https://schoolwith.me/category/schools/non_japanese/direction:asc/sort:lowest_fee_per_month/page:2?sort_type=/category/schools/non_japanese/direction:desc?sort_type%3D%252Fcategory%252Fschools%252Fnon_japanese%252Fdirection%253Adesc%253Fsort_type%253D%25252Fcategory%25252Fschools%25252Fnon_japanese%25252Fdirection%25253Adesc%25253Fsort_type%25253D%2525252Fcategory%2525252Fschools%2525252Fnon_japanese%2525252Fdirection%2525253Adesc%2525253Fsort_type%2525253D%252525252Fcategory%252525252Fschools%252525252Fnon_japanese%252525252Fdirection%252525253Aasc%252525252Fsort%252525253Alowest_fee_per_month%252525253Fsort_type%252525253D%25252525252Fcategory%25252525252Fschools%25252525252Fnon_japanese%25252525252Fdirection%25252525253Adesc%25252525253Fsort_type%25252525253D%2525252525252Fcategory%2525252525252Fschools%2525252525252Fnon_japanese%2525252525252Fdirection%2525252525253Adesc%2525252525253Fsort_type%2525252525253D%252525252525252Fcategory%252525252525252Fschools%252525252525252Fnon_japanese%252525252525252Fdirection%252525252525253Adesc%252525252525253Fsort_type%252525252525253D%25252525252525252Fcategory%25252525252525252Fschools%25252525252525252Fnon_japanese%25252525252525252Fdirection%25252525252525253Adesc%25252525252525253Fsort_type%25252525252525253D%2525252525252525252Fcategory%2525252525252525252Fschools%2525252525252525252Fnon_japanese%2525252525252525252Fsort%2525252525252525253Alowest_fee_per_month%2525252525252525252Fdirection%2525252525252525253Aasc%2525252525252525253Fsort_type%2525252525252525253D%252525252525252525252Fcategory%252525252525252525252Fschools%252525252525252525252Fnon_japanese%252525252525252525252Fsort%252525252525252525253Alowest_fee_per_month%252525252525252525252Fdirection%252525252525252525253Aasc%252525252525252525253Fsrc_user%252525252525252525253Dtop_main_ctgry_pc,2026-07-03
https://schoolwith.me/countries/school/NZ/page:13?sort_type=/countries/school/NZ,2026-07-03
https://schoolwith.me/schools/40293,2026-07-02
https://schoolwith.me/columns/tag/新卒美大生のカナダ・ワーホリ連載,2026-07-02
https://schoolwith.me/reviews/33363,2026-06-30
https://schoolwith.me/schools/50464,2026-06-30
https://schoolwith.me/schools/curriculum/20109,2026-06-29
https://schoolwith.me/schools/curriculum/30063,2026-06-28
https://schoolwith.me/schools/review/50297/term_weeks_asc,2026-06-27
https://schoolwith.me/areas/school/2007/sort:lowest_fee_per_month/direction:asc,2026-06-25
https://schoolwith.me/auth/google_login?done=/applications/f_register/40359,2026-06-23
https://schoolwith.me/areas/school/5105/sort:lowest_fee_per_month/direction:asc,2026-06-23
https://schoolwith.me/schools/280019,2026-06-22
https://schoolwith.me/purposes/schools/demogura/5/direction:desc/age:25/gender:F/job:society,2026-06-22
https://schoolwith.me/schools/180042,2026-06-22
https://schoolwith.me/purposes/schools/demogura/3/age:10/gender:M/job:student,2026-06-22
https://schoolwith.me/purposes/schools/demogura/5/age:10/gender:M/job:student/sort:lowest_fee_per_month/direction:asc,2026-06-22
https://schoolwith.me/schools/30252,2026-06-22
https://schoolwith.me/schools/curriculum/80025?fragment_identifier=Curriculum3410,2026-06-22
https://schoolwith.me/countries/school/UK/page:18?sort_type=/countries/school/UK/direction:desc?sort_type%3D%252Fcountries%252Fschool%252FUK%252Fsort%253Alowest_fee_per_month%252Fdirection%253Aasc%253Fsort_type%253D%25252Fcountries%25252Fschool%25252FUK%25252Fdirection%25253Adesc%25253Fsort_type%25253D%2525252Fcountries%2525252Fschool%2525252FUK%2525252Fdirection%2525253Adesc%2525253Fsort_type%2525253D%252525252Fcountries%252525252Fschool%252525252FUK%252525252Fsort%252525253Alowest_fee_per_month%252525252Fdirection%252525253Aasc%252525253Fsort_type%252525253D%25252525252Fcountries%25252525252Fschool%25252525252FUK%25252525252Fdirection%25252525253Adesc%25252525253Fsort_type%25252525253D%2525252525252Fcountries%2525252525252Fschool%2525252525252FUK%2525252525252Fdirection%2525252525253Adesc%2525252525253Fsort_type%2525252525253D%252525252525252Fcountries%252525252525252Fschool%252525252525252FUK%252525252525252Fdirection%252525252525253Adesc%252525252525253Fsort_type%252525252525253D%25252525252525252Fcountries%25252525252525252Fschool%25252525252525252FUK%25252525252525252Fdirection%25252525252525253Adesc%25252525252525253Fsort_type%25252525252525253D%2525252525252525252Fcountries%2525252525252525252Fschool%2525252525252525252FUK%2525252525252525252Fdirection%2525252525252525253Adesc%2525252525252525253Fsort_type%2525252525252525253D%252525252525252525252Fcountries%252525252525252525252Fschool%252525252525252525252FUK%252525252525252525252Fdirection%252525252525252525253Adesc,2026-06-22
https://schoolwith.me/schools/20430,2026-06-22
https://schoolwith.me/countries/school/NZ/page:14/direction:desc?sort_type=/countries/school/NZ?sort_type%3D%252Fcountries%252Fschool%252FNZ%252Fsort%253Atmp_overall_score%252Fdirection%253ADESC%253Fsort_type%253D%25252Fcountries%25252Fschool%25252FNZ%25252Fsort%25253Alowest_fee_per_month%25252Fdirection%25253AASC%25253Fsort_type%25253D%2525252Fcountries%2525252Fschool%2525252FNZ%2525252Fsort%2525253Atmp_overall_score%2525252Fdirection%2525253ADESC%2525253Fsort_type%2525253D%252525252Fcountries%252525252Fschool%252525252FNZ%252525253Fsort_type%252525253D%25252525252Fcountries%25252525252Fschool%25252525252FNZ,2026-06-21
https://schoolwith.me/schools/80038,2026-06-21
https://schoolwith.me/category/schools/cambridge/country_id:8/area_id:8001,2026-06-21
https://schoolwith.me/schools/200062,2026-06-21
https://schoolwith.me/category/schools/cambridge/direction:asc/sort:lowest_fee_per_month/page:2?sort_type=/category/schools/cambridge/direction:desc?sort_type%3D%252Fcategory%252Fschools%252Fcambridge%252Fdirection%253Adesc%253Fsort_type%253D%25252Fcategory%25252Fschools%25252Fcambridge%25252Fdirection%25253Aasc%25252Fsort%25253Alowest_fee_per_month%25253Fsort_type%25253D%2525252Fcategory%2525252Fschools%2525252Fcambridge%2525252Fdirection%2525253Aasc%2525252Fsort%2525253Alowest_fee_per_month%2525253Fsort_type%2525253D%252525252Fcategory%252525252Fschools%252525252Fcambridge%252525252Fdirection%252525253Adesc%252525253Fsort_type%252525253D%25252525252Fcategory%25252525252Fschools%25252525252Fcambridge%25252525252Fdirection%25252525253Adesc%25252525253Fsort_type%25252525253D%2525252525252Fcategory%2525252525252Fschools%2525252525252Fcambridge%2525252525252Fdirection%2525252525253Adesc%2525252525253Fsort_type%2525252525253D%252525252525252Fcategory%252525252525252Fschools%252525252525252Fcambridge%252525252525252Fdirection%252525252525253Adesc%252525252525253Fsort_type%252525252525253D%25252525252525252Fcategory%25252525252525252Fschools%25252525252525252Fcambridge%25252525252525252Fdirection%25252525252525253Adesc%25252525252525253Fsort_type%25252525252525253D%2525252525252525252Fcategory%2525252525252525252Fschools%2525252525252525252Fcambridge%2525252525252525252Fdirection%2525252525252525253Adesc%2525252525252525253Fsort_type%2525252525252525253D%252525252525252525252Fcategory%252525252525252525252Fschools%252525252525252525252Fcambridge,2026-06-19
https://schoolwith.me/schools/60189,2026-06-18
https://schoolwith.me/schools/20549,2026-06-17
https://schoolwith.me/purposes/schools/demogura/1/page:2/direction:asc/sort:lowest_fee_per_month/age:30,2026-06-13
https://schoolwith.me/reviews/43609,2026-06-13
https://schoolwith.me/purposes/schools/demogura/4/page:2/age:25?sort_type=/purposes/schools/demogura/4/age:25/sort:lowest_fee_per_month/direction:asc,2026-06-13
https://schoolwith.me/reviews/38941,2026-06-10
https://schoolwith.me/category/schools/facility/direction:asc/sort:lowest_fee_per_month?sort_type=/category/schools/facility/direction:desc?sort_type%3D%252Fcategory%252Fschools%252Ffacility%252Fdirection%253Adesc%253Fsort_type%253D%25252Fcategory%25252Fschools%25252Ffacility%25252Fdirection%25253Aasc%25252Fsort%25253Alowest_fee_per_month%25253Fsort_type%25253D%2525252Fcategory%2525252Fschools%2525252Ffacility%2525252Fdirection%2525253Aasc%2525252Fsort%2525253Alowest_fee_per_month%2525253Fsort_type%2525253D%252525252Fcategory%252525252Fschools%252525252Ffacility%252525252Fdirection%252525253Adesc%252525253Fsort_type%252525253D%25252525252Fcategory%25252525252Fschools%25252525252Ffacility%25252525252Fdirection%25252525253Aasc%25252525252Fsort%25252525253Alowest_fee_per_month%25252525253Fsort_type%25252525253D%2525252525252Fcategory%2525252525252Fschools%2525252525252Ffacility%2525252525252Fdirection%2525252525253Adesc%2525252525253Fsort_type%2525252525253D%252525252525252Fcategory%252525252525252Fschools%252525252525252Ffacility%252525252525252Fdirection%252525252525253Aasc%252525252525252Fsort%252525252525253Alowest_fee_per_month%252525252525253Fsort_type%252525252525253D%25252525252525252Fcategory%25252525252525252Fschools%25252525252525252Ffacility%25252525252525252Fdirection%25252525252525253Adesc%25252525252525253Fsrc_user%25252525252525253Dtop_main_ctgry_pc,2026-06-10
https://schoolwith.me/schools/40155,2026-06-09
https://schoolwith.me/purposes/schools/9/sort:lowest_fee_per_month/direction:asc/page:3?sort_type=/purposes/schools/9/direction:desc?sort_type%3D%252Fpurposes%252Fschools%252F9%252Fsort%253Alowest_fee_per_month%252Fdirection%253Aasc%253Fsort_type%253D%25252Fpurposes%25252Fschools%25252F9%25252Fsort%25253Alowest_fee_per_month%25252Fdirection%25253Aasc%25253Fsort_type%25253D%2525252Fpurposes%2525252Fschools%2525252F9%2525252Fdirection%2525253Adesc%2525253Fsort_type%2525253D%252525252Fpurposes%252525252Fschools%252525252F9%252525252Fdirection%252525253Adesc%252525253Fsort_type%252525253D%25252525252Fpurposes%25252525252Fschools%25252525252F9%25252525252Fsort%25252525253Alowest_fee_per_month%25252525252Fdirection%25252525253Aasc,2026-06-08
https://schoolwith.me/areas/school/6001/page:11?sort_type=/areas/school/6001/direction:desc?sort_type%3D%252Fareas%252Fschool%252F6001%252Fsort%253Alowest_fee_per_month%252Fdirection%253Aasc,2026-06-08
https://schoolwith.me/areas/school/6001/page:9?sort_type=/areas/school/6001/direction:desc?sort_type%3D%252Fareas%252Fschool%252F6001%252Fsort%253Alowest_fee_per_month%252Fdirection%253Aasc,2026-06-08
https://schoolwith.me/schools/520123,2026-06-07
https://schoolwith.me/category/schools/ielts/direction:asc/sort:lowest_fee_per_month/country_id:5?sort_type=/category/schools/ielts/direction:desc/country_id:5?sort_type%3D%252Fcategory%252Fschools%252Fielts%252Fdirection%253Aasc%252Fcountry_id%253A5%252Fsort%253Alowest_fee_per_month,2026-06-07
https://schoolwith.me/category/schools/ielts/page:17/sort:lowest_fee_per_month/direction:asc?utm_content=bufferb2bf9&amp;amp;amp;amp;amp;utm_medium=social&amp;amp;amp;amp;amp;utm_source=twitter.com&amp;amp;amp;amp;amp;utm_campaign=buffer,2026-06-04
https://schoolwith.me/schools/30238,2026-06-03
https://schoolwith.me/category/schools/abroad_life/sort:lowest_fee_per_month/direction:asc/page:3,2026-06-01
https://schoolwith.me/applications/f_register/30044,2026-06-01
https://schoolwith.me/reviews/45399,2026-05-31
https://schoolwith.me/auth/google_login?done=/applications/register/3,2026-05-30
https://schoolwith.me/category/schools/ielts/page:23?utm_content=bufferb2bf9&amp;amp;amp;amp;amp;amp;utm_medium=social&amp;amp;amp;amp;amp;amp;utm_source=twitter.com&amp;amp;amp;amp;amp;amp;utm_campaign=buffer,2026-05-29
https://schoolwith.me/category/schools/ielts/page:20?utm_content=bufferb2bf9&amp;amp;amp;amp;amp;amp;utm_medium=social&amp;amp;amp;amp;amp;amp;utm_source=twitter.com&amp;amp;amp;amp;amp;amp;utm_campaign=buffer,2026-05-28
https://schoolwith.me/category/schools/ielts/page:19?utm_content=bufferb2bf9&amp;amp;amp;amp;amp;amp;utm_medium=social&amp;amp;amp;amp;amp;amp;utm_source=twitter.com&amp;amp;amp;amp;amp;amp;utm_campaign=buffer,2026-05-28
https://schoolwith.me/category/schools/ielts/page:16?utm_content=bufferb2bf9&amp;amp;amp;amp;amp;amp;utm_medium=social&amp;amp;amp;amp;amp;amp;utm_source=twitter.com&amp;amp;amp;amp;amp;amp;utm_campaign=buffer,2026-05-28
https://schoolwith.me/category/schools/ielts/page:11?utm_content=bufferb2bf9&amp;amp;amp;amp;amp;amp;utm_medium=social&amp;amp;amp;amp;amp;amp;utm_source=twitter.com&amp;amp;amp;amp;amp;amp;utm_campaign=buffer,2026-05-28
https://schoolwith.me/category/schools/ielts/page:23/sort:lowest_fee_per_month/direction:asc?utm_content=bufferb2bf9&amp;amp;amp;amp;amp;utm_medium=social&amp;amp;amp;amp;amp;utm_source=twitter.com&amp;amp;amp;amp;amp;utm_campaign=buffer,2026-05-27
https://schoolwith.me/category/schools/ielts/page:20/sort:lowest_fee_per_month/direction:asc?utm_content=bufferb2bf9&amp;amp;amp;amp;amp;utm_medium=social&amp;amp;amp;amp;amp;utm_source=twitter.com&amp;amp;amp;amp;amp;utm_campaign=buffer,2026-05-27
https://schoolwith.me/category/schools/ielts/page:9?utm_content=bufferb2bf9&amp;amp;amp;amp;amp;amp;utm_medium=social&amp;amp;amp;amp;amp;amp;utm_source=twitter.com&amp;amp;amp;amp;amp;amp;utm_campaign=buffer,2026-05-27
https://schoolwith.me/auth/login?a8=KrA0DrUo2L8pjzgCZjBMppIMq.zJ8oIsAj_CszIFMF4o2LAX79TKcLTLGLZsasTBcFbMIvAycrA01s00000024868001,2026-05-27
https://schoolwith.me/auth/login?done=/applications/f_register/20017,2026-05-27
"https://schoolwith.me/purposes/schools/4/page:8?utm_source=bing&amp;amp;amp;amp;utm_medium=ppc&amp;amp;amp;amp;utm_campaign=SW_2022%E5%B9%B49%E6%9C%88_%E5%85%A8%E8%88%AC&amp;amp;amp;amp;utm_term=%E3%83%8B%E3%83%A5%E3%83%BC%E3%82%B8%E3%83%BC%E3%83%A9%E3%83%B3%E3%83%89 
%E3%82%B5%E3%83%9E%E3%83%BC 
%E3%82%B9%E3%82%AF%E3%83%BC%E3%83%AB&amp;amp;amp;amp;hsa_acc=4332353937&amp;amp;amp;amp;hsa_cam=18254588843&amp;amp;amp;amp;hsa_grp=1313918754166049&amp;amp;amp;amp;hsa_ad&amp;amp;amp;amp;hsa_src=o&amp;amp;amp;amp;hsa_tgt=kwd-82120927888266:loc-138305&amp;amp;amp;amp;hsa_kw=%E3%83%8B%E3%83%A5%E3%83%BC%E3%82%B8%E3%83%BC%E3%83%A9%E3%83%B3%E3%83%89 
%E3%82%B5%E3%83%9E%E3%83%BC 
%E3%82%B9%E3%82%AF%E3%83%BC%E3%83%AB&amp;amp;amp;amp;hsa_mt=b&amp;amp;amp;amp;hsa_net=adwords&amp;amp;amp;amp;hsa_ver=3&amp;amp;amp;amp;msclkid=520812a0862a19a4ed4b7491131e6ef6",2026-05-27
https://schoolwith.me/category/schools/ielts/page:19/sort:lowest_fee_per_month/direction:asc?utm_content=bufferb2bf9&amp;amp;amp;amp;amp;utm_medium=social&amp;amp;amp;amp;amp;utm_source=twitter.com&amp;amp;amp;amp;amp;utm_campaign=buffer,2026-05-27
https://schoolwith.me/category/schools/ielts/page:7?utm_content=bufferb2bf9&amp;amp;amp;amp;amp;amp;utm_medium=social&amp;amp;amp;amp;amp;amp;utm_source=twitter.com&amp;amp;amp;amp;amp;amp;utm_campaign=buffer,2026-05-27
https://schoolwith.me/category/schools/ielts/page:16/sort:lowest_fee_per_month/direction:asc?utm_content=bufferb2bf9&amp;amp;amp;amp;amp;utm_medium=social&amp;amp;amp;amp;amp;utm_source=twitter.com&amp;amp;amp;amp;amp;utm_campaign=buffer,2026-05-27
https://schoolwith.me/category/schools/ielts/page:9/sort:lowest_fee_per_month/direction:asc?utm_content=bufferb2bf9&amp;amp;amp;amp;amp;utm_medium=social&amp;amp;amp;amp;amp;utm_source=twitter.com&amp;amp;amp;amp;amp;utm_campaign=buffer,2026-05-26
https://schoolwith.me/category/schools/ielts/page:7/sort:lowest_fee_per_month/direction:asc?utm_content=bufferb2bf9&amp;amp;amp;amp;amp;utm_medium=social&amp;amp;amp;amp;amp;utm_source=twitter.com&amp;amp;amp;amp;amp;utm_campaign=buffer,2026-05-26
https://schoolwith.me/category/schools/ielts/page:4?utm_content=bufferb2bf9&amp;amp;amp;amp;amp;amp;utm_medium=social&amp;amp;amp;amp;amp;amp;utm_source=twitter.com&amp;amp;amp;amp;amp;amp;utm_campaign=buffer,2026-05-26
https://schoolwith.me/category/schools/ielts?utm_content=bufferb2bf9&amp;amp;amp;amp;amp;amp;utm_medium=social&amp;amp;amp;amp;amp;amp;utm_source=twitter.com&amp;amp;amp;amp;amp;amp;utm_campaign=buffer,2026-05-26
https://schoolwith.me/category/schools/ielts/sort:lowest_fee_per_month/direction:asc?utm_content=bufferb2bf9&amp;amp;amp;amp;amp;amp;amp;utm_medium=social&amp;amp;amp;amp;amp;amp;amp;utm_source=twitter.com&amp;amp;amp;amp;amp;amp;amp;utm_campaign=buffer,2026-05-26
https://schoolwith.me/category/schools/ielts/page:4/sort:lowest_fee_per_month/direction:asc?utm_content=bufferb2bf9&amp;amp;amp;amp;amp;utm_medium=social&amp;amp;amp;amp;amp;utm_source=twitter.com&amp;amp;amp;amp;amp;utm_campaign=buffer,2026-05-26
https://schoolwith.me/category/schools/ielts/sort:lowest_fee_per_month/direction:asc?utm_content=bufferb2bf9&amp;amp;amp;amp;amp;utm_medium=social&amp;amp;amp;amp;amp;utm_source=twitter.com&amp;amp;amp;amp;amp;utm_campaign=buffer,2026-05-26
https://schoolwith.me/category/schools/non_japanese/page:27,2026-05-26
https://schoolwith.me/category/schools/ielts?utm_content=bufferb2bf9&amp;amp;amp;amp;amp;amp;utm_medium=social&amp;amp;amp;amp;amp;amp;utm_source=twitter.com&amp;amp;amp;amp;amp;amp;utm_campaign=buffer,2026-05-26
https://schoolwith.me/category/schools/campaign/page:10/direction:desc,2026-05-25
https://schoolwith.me/category/schools/gre/country_id:4,2026-05-25
https://schoolwith.me/category/schools/toefl/country_id:5/area_id:5052,2026-05-24
https://schoolwith.me/search/columns/result/page:46/sub_category_id:3004,2026-05-23
https://schoolwith.me/reviews/34824,2026-05-23
https://schoolwith.me/reviews/38924,2026-05-23
https://schoolwith.me/category/schools/business/sort:lowest_fee_per_month/direction:asc/page:7?sort_type=/category/schools/business/sort:lowest_fee_per_month/direction:asc,2026-05-23
https://schoolwith.me/schools/review/30202?a8=I2Ghz2Y8u7rmQ7jZwns2sQEZBdlpsQreVnrmeljVQVL8u7GNX752-_GNs7leEe5sCVqQjBGFC2Ghos00000019593001,2026-05-23
https://schoolwith.me/schools/review/50428,2026-05-23
https://schoolwith.me/category/schools/ielts/country_id:5/page:5,2026-05-23
https://schoolwith.me/category/schools/short_term/country_id:4/page:5,2026-05-23
https://schoolwith.me/schools/review/30247,2026-05-22
https://schoolwith.me/schools/curriculum/50061,2026-05-22
https://schoolwith.me/reviews/35323,2026-05-21
https://schoolwith.me/areas/school/4002/sort:lowest_fee_per_month/direction:asc?a8=KrA0DrUo2L8pjzgCZjBMppIMq.zJ8oIsAj_CszIFMF4o2LAX79TKcLTLGLZsasTBcFbMIvAycrA01s00000024868001,2026-05-20
https://schoolwith.me/reviews/44855,2026-05-19
https://schoolwith.me/category/schools/toefl/country_id:5/area_id:5016,2026-05-17
https://schoolwith.me/reviews/45474,2026-05-17
https://schoolwith.me/category/schools/native/country_id:5/page:4,2026-05-17
https://schoolwith.me/schools/review/20460,2026-05-16
https://schoolwith.me/category/schools/non_japanese/country_id:5/area_id:5021,2026-05-16
https://schoolwith.me/category/schools/korean_management/page:3/country_id:1/area_id:1,2026-05-16
https://schoolwith.me/schools/review/40302,2026-05-15
https://schoolwith.me/category/schools/gmat/country_id:2/area_id:2002,2026-05-15
https://schoolwith.me/schools/review/20261,2026-05-13
https://schoolwith.me/schools/review/20712?a8=KrA0DrUo2L8pjzgCZjBMppIMq.zJ8oIsAj_CszIFMF4o2LAX79TKcLTLGLZsasTBcFbMIvAycrA01s00000024868001,2026-05-13
https://schoolwith.me/category/schools/business/country_id:3/area_id:3001/page:2,2026-05-12
https://schoolwith.me/reviews/32370,2026-05-12
https://schoolwith.me/reviews/36216,2026-05-12
https://schoolwith.me/reviews/43559,2026-05-12
https://schoolwith.me/reviews/36756,2026-05-12
https://schoolwith.me/reviews/39368,2026-05-12
https://schoolwith.me/reviews/38749,2026-05-12
https://schoolwith.me/reviews/45072,2026-05-12
https://schoolwith.me/areas/school/5001/page:6?sort_type=/areas/school/5001/direction:desc?sort_type%3D%252Fareas%252Fschool%252F5001%252Fsort%253Alowest_fee_per_month%252Fdirection%253Aasc%253Fsort_type%253D%25252Fareas%25252Fschool%25252F5001%25252Fsort%25253Alowest_fee_per_month%25252Fdirection%25253Aasc%25253Fsort_type%25253D%2525252Fareas%2525252Fschool%2525252F5001%2525252Fdirection%2525253Adesc%2525253Fsort_type%2525253D%252525252Fareas%252525252Fschool%252525252F5001%252525252Fdirection%252525253Adesc%252525253Fsort_type%252525253D%25252525252Fareas%25252525252Fschool%25252525252F5001%25252525252Fdirection%25252525253Adesc%25252525253Fsort_type%25252525253D%2525252525252Fareas%2525252525252Fschool%2525252525252F5001%2525252525252Fsort%2525252525253Alowest_fee_per_month%2525252525252Fdirection%2525252525253Aasc%2525252525253Fsort_type%2525252525253D%252525252525252Fareas%252525252525252Fschool%252525252525252F5001%252525252525252Fsort%252525252525253Alowest_fee_per_month%252525252525252Fdirection%252525252525253Aasc%252525252525253Fsort_type%252525252525253D%25252525252525252Fareas%25252525252525252Fschool%25252525252525252F5001%25252525252525252Fsort%25252525252525253Atmp_overall_score%25252525252525252Fdirection%25252525252525253ADESC%25252525252525253Fsort_type%25252525252525253D%2525252525252525252Fareas%2525252525252525252Fschool%2525252525252525252F5001,2026-05-12
https://schoolwith.me/reviews/44062,2026-05-12
https://schoolwith.me/schools/review/30156?a8=I2Ghz2Y8u7rmQ7jZwns2sQEZBdlpsQreVnrmeljVQVL8u7GNX752-_GNs7leEe5sCVqQjBGFC2Ghos00000019593001,2026-05-12
https://schoolwith.me/category/schools/short_term/country_id:5/area_id:5045,2026-05-12
https://schoolwith.me/reviews/42325,2026-05-12
https://schoolwith.me/reviews/42813,2026-05-12
https://schoolwith.me/purposes/schools/2/page:4/sort:lowest_fee_per_month/direction:asc?sort_type=/purposes/schools/2/sort:lowest_fee_per_month/direction:asc?sort_type%3D%252Fpurposes%252Fschools%252F2%253Fsort_type%253D%25252Fpurposes%25252Fschools%25252F2%25252Fsort%25253Alowest_fee_per_month%25252Fdirection%25253AASC,2026-05-12
https://schoolwith.me/reviews/45347,2026-05-12
https://schoolwith.me/reviews/45385,2026-05-12
https://schoolwith.me/reviews/37044,2026-05-12
https://schoolwith.me/schools/review/20581,2026-05-11
https://schoolwith.me/reviews/45449,2026-05-11
https://schoolwith.me/purposes/schools/demogura/11/gender:M/sort:lowest_fee_per_month/direction:ASC?sort_type=/purposes/schools/demogura/11/direction:desc/gender:M?sort_type%3D%252Fpurposes%252Fschools%252Fdemogura%252F11%252Fdirection%253Adesc%252Fgender%253AM%253Fsort_type%253D%25252Fpurposes%25252Fschools%25252Fdemogura%25252F11%25252Fsort%25253Alowest_fee_per_month%25252Fdirection%25253Aasc%25252Fgender%25253AM%25253Fsort_type%25253D%2525252Fpurposes%2525252Fschools%2525252Fdemogura%2525252F11%2525252Fgender%2525253AM%2525252Fsort%2525253Alowest_fee_per_month%2525252Fdirection%2525253AASC%2525253Fsort_type%2525253D%252525252Fpurposes%252525252Fschools%252525252Fdemogura%252525252F11%252525252Fsort%252525253Atmp_overall_score%252525252Fdirection%252525253ADESC%252525252Fgender%252525253AM%252525253Fsort_type%252525253D%25252525252Fpurposes%25252525252Fschools%25252525252Fdemogura%25252525252F11%25252525252Fsort%25252525253Atmp_overall_score%25252525252Fdirection%25252525253ADESC%25252525252Fgender%25252525253AM,2026-05-11
https://schoolwith.me/purposes/schools/demogura/6/direction:desc/age:25/gender:F/page:4,2026-05-11
https://schoolwith.me/purposes/schools/demogura/1/age:15/sort:lowest_fee_per_month/direction:asc,2026-05-11
https://schoolwith.me/category/schools/short_term/direction:asc/sort:lowest_fee_per_month/page:7?sort_type=/category/schools/short_term/direction:desc?sort_type%3D%252Fcategory%252Fschools%252Fshort_term%252Fdirection%253Adesc%253Fsort_type%253D%25252Fcategory%25252Fschools%25252Fshort_term%25252Fdirection%25253Adesc%25253Fsort_type%25253D%2525252Fcategory%2525252Fschools%2525252Fshort_term%2525252Fdirection%2525253Adesc%2525253Fsort_type%2525253D%252525252Fcategory%252525252Fschools%252525252Fshort_term%252525252Fdirection%252525253Aasc%252525252Fsort%252525253Alowest_fee_per_month%252525253Fsort_type%252525253D%25252525252Fcategory%25252525252Fschools%25252525252Fshort_term%25252525252Fdirection%25252525253Adesc%25252525253Fsort_type%25252525253D%2525252525252Fcategory%2525252525252Fschools%2525252525252Fshort_term%2525252525252Fdirection%2525252525253Aasc%2525252525252Fsort%2525252525253Alowest_fee_per_month%2525252525253Fsort_type%2525252525253D%252525252525252Fcategory%252525252525252Fschools%252525252525252Fshort_term%252525252525252Fdirection%252525252525253Adesc%252525252525253Fsrc_user%252525252525253Dtop_main_ctgry_pc,2026-05-11
https://schoolwith.me/schools/review/20025?a8=KrA0DrUo2L8pjzgCZjBMppIMq.zJ8oIsAj_CszIFMF4o2LAX79TKcLTLGLZsasTBcFbMIvAycrA01s00000024868001,2026-05-11
https://schoolwith.me/category/schools/working_holiday/page:19?sort_type=/category/schools/working_holiday/direction:desc?sort_type%3D%252Fcategory%252Fschools%252Fworking_holiday%252Fsort%253Alowest_fee_per_month%252Fdirection%253Aasc%253Fsort_type%253D%25252Fcategory%25252Fschools%25252Fworking_holiday%25252Fdirection%25253Adesc%25253Fsort_type%25253D%2525252Fcategory%2525252Fschools%2525252Fworking_holiday%2525252Fsort%2525253Alowest_fee_per_month%2525252Fdirection%2525253AASC,2026-05-11
https://schoolwith.me/schools/review/240016,2026-05-11
https://schoolwith.me/reviews/37215,2026-05-11
https://schoolwith.me/reviews/34672,2026-05-11
https://schoolwith.me/reviews/34071?a8=KrA0DrUo2L8pjzgCZjBMppIMq.zJ8oIsAj_CszIFMF4o2LAX79TKcLTLGLZsasTBcFbMIvAycrA01s00000024868001,2026-05-11
https://schoolwith.me/category/schools/abroad_life/page:3/country_id:2?sort_type=/category/schools/abroad_life/sort:lowest_fee_per_month/direction:ASC/country_id:2,2026-05-11
https://schoolwith.me/auth/google_login?done=/applications/register/240,2026-05-11
https://schoolwith.me/reviews/42327,2026-05-11
https://schoolwith.me/schools/review/190034,2026-05-11
https://schoolwith.me/reviews/44662,2026-05-11
https://schoolwith.me/schools/review/200023,2026-05-11
https://schoolwith.me/schools/review/40123,2026-05-11
https://schoolwith.me/reviews/42317,2026-05-11
https://schoolwith.me/reviews/37741,2026-05-11
https://schoolwith.me/schools/review/20643,2026-05-11
https://schoolwith.me/category/schools/abroad_life/country_id:7/page:3,2026-05-11
https://schoolwith.me/reviews/44767,2026-05-11
https://schoolwith.me/schools/review/20781,2026-05-11
https://schoolwith.me/reviews/36733,2026-05-11
https://schoolwith.me/reviews/38657,2026-05-11
https://schoolwith.me/reviews/31525,2026-05-11
https://schoolwith.me/category/schools/abroad_life/country_id:5/area_id:5022,2026-05-11
https://schoolwith.me/reviews/41697,2026-05-11
https://schoolwith.me/reviews/33111,2026-05-11
https://schoolwith.me/reviews/38094,2026-05-11
https://schoolwith.me/reviews/44947,2026-05-11
https://schoolwith.me/reviews/34493,2026-05-11
https://schoolwith.me/reviews/45519,2026-05-11
https://schoolwith.me/reviews/33929,2026-05-11
https://schoolwith.me/schools/review/40167,2026-05-11
https://schoolwith.me/reviews/45487,2026-05-11
https://schoolwith.me/schools/review/20507,2026-05-11
https://schoolwith.me/schools/photo/220,2026-05-11
https://schoolwith.me/reviews/37270,2026-05-11
https://schoolwith.me/schools/review/50749,2026-05-11
https://schoolwith.me/reviews/44603,2026-05-11
https://schoolwith.me/reviews/45409,2026-05-11
https://schoolwith.me/reviews/35869,2026-05-11
https://schoolwith.me/reviews/40556,2026-05-11
https://schoolwith.me/reviews/38401,2026-05-11
https://schoolwith.me/reviews/45598,2026-05-11
https://schoolwith.me/category/schools/native/page:24,2026-05-11
https://schoolwith.me/reviews/31634,2026-05-11
https://schoolwith.me/schools/curriculum/40375,2026-05-11
https://schoolwith.me/reviews/45071,2026-05-10
https://schoolwith.me/category/schools/campaign/country_id:3/area_id:3005/sort:lowest_fee_per_month/direction:asc,2026-05-10
https://schoolwith.me/help/79,2026-05-10
https://schoolwith.me/f_matchings/select/10,2026-05-10
https://schoolwith.me/category/schools/abroad_life/page:3/direction:asc/sort:lowest_fee_per_month/country_id:2?sort_type=/category/schools/abroad_life/direction:asc/country_id:2/sort:lowest_fee_per_month?sort_type%3D%252Fcategory%252Fschools%252Fabroad_life%252Fcountry_id%253A2%252Fdirection%253Adesc%253Fsort_type%253D%25252Fcategory%25252Fschools%25252Fabroad_life%25252Fcountry_id%25253A2%25252Fsort%25253Alowest_fee_per_month%25252Fdirection%25253Aasc%25253Fsort_type%25253D%2525252Fcategory%2525252Fschools%2525252Fabroad_life%2525252Fcountry_id%2525253A2%2525252Fsort%2525253Alowest_fee_per_month%2525252Fdirection%2525253Aasc%2525253Fsort_type%2525253D%252525252Fcategory%252525252Fschools%252525252Fabroad_life%252525252Fcountry_id%252525253A2%252525252Fdirection%252525253Adesc%252525253Fsort_type%252525253D%25252525252Fcategory%25252525252Fschools%25252525252Fabroad_life%25252525252Fcountry_id%25252525253A2%25252525252Fsort%25252525253Alowest_fee_per_month%25252525252Fdirection%25252525253Aasc%25252525253Fsort_type%25252525253D%2525252525252Fcategory%2525252525252Fschools%2525252525252Fabroad_life%2525252525252Fcountry_id%2525252525253A2%2525252525252Fdirection%2525252525253Adesc%2525252525253Fsort_type%2525252525253D%252525252525252Fcategory%252525252525252Fschools%252525252525252Fabroad_life%252525252525252Fcountry_id%252525252525253A2%252525252525252Fdirection%252525252525253Adesc,2026-05-10
"https://schoolwith.me/search/schools/result/page:177/direction:asc/sort:lowest_fee_per_month/country_id[ 
]:1",2026-05-10
https://schoolwith.me/category/schools/toefl/page:4/direction:desc?sort_type=/category/schools/toefl/direction:asc/sort:lowest_fee_per_month?sort_type%3D%252Fcategory%252Fschools%252Ftoefl%252Fdirection%253Aasc%252Fsort%253Alowest_fee_per_month%253Fsort_type%253D%25252Fcategory%25252Fschools%25252Ftoefl%25252Fdirection%25253Adesc%25253Fsort_type%25253D%2525252Fcategory%2525252Fschools%2525252Ftoefl,2026-05-10
https://schoolwith.me/search/schools/result/search_school_name/sort:lowest_fee_per_month/direction:asc/page:2?sort_type=/search/schools/result/search_school_name/direction:desc?sort_type%3D%252Fsearch%252Fschools%252Fresult%252Fsearch_school_name%252Fdirection%253Adesc%253Fsort_type%253D%25252Fsearch%25252Fschools%25252Fresult%25252Fsearch_school_name%25252Fsort%25253Alowest_fee_per_month%25252Fdirection%25253Aasc,2026-05-10
https://schoolwith.me/purposes/schools/demogura/11/page:8/age:30/job:society,2026-05-10
https://schoolwith.me/purposes/schools/demogura/2/page:3/age:25/gender:F,2026-05-10
https://schoolwith.me/purposes/schools/demogura/2/page:2/age:50/gender:F,2026-05-10
https://schoolwith.me/purposes/schools/demogura/11/page:7/age:30/job:society,2026-05-10
https://schoolwith.me/purposes/schools/demogura/7/age:25/gender:F,2026-05-10
"https://schoolwith.me/purposes/schools/4/page:5?utm_source=bing&amp;amp;amp;amp;utm_medium=ppc&amp;amp;amp;amp;utm_campaign=SW_2022%E5%B9%B49%E6%9C%88_%E5%85%A8%E8%88%AC&amp;amp;amp;amp;utm_term=%E3%83%8B%E3%83%A5%E3%83%BC%E3%82%B8%E3%83%BC%E3%83%A9%E3%83%B3%E3%83%89 
%E7%95%99%E5%AD%A6 
%E9%AB%98%E6%A0%A1&amp;amp;amp;amp;hsa_acc=4332353937&amp;amp;amp;amp;hsa_cam=18254588843&amp;amp;amp;amp;hsa_grp=1313918754166049&amp;amp;amp;amp;hsa_ad&amp;amp;amp;amp;hsa_src=o&amp;amp;amp;amp;hsa_tgt=kwd-82120927888305:loc-138302&amp;amp;amp;amp;hsa_kw=%E3%83%8B%E3%83%A5%E3%83%BC%E3%82%B8%E3%83%BC%E3%83%A9%E3%83%B3%E3%83%89 
%E7%95%99%E5%AD%A6 
%E9%AB%98%E6%A0%A1&amp;amp;amp;amp;hsa_mt=e&amp;amp;amp;amp;hsa_net=adwords&amp;amp;amp;amp;hsa_ver=3&amp;amp;amp;amp;msclkid=c21f9c0cd3af1d1c56d4fb1f69ae5c05",2026-05-10
https://schoolwith.me/purposes/schools/demogura/11/page:6/age:30/job:society,2026-05-10
https://schoolwith.me/purposes/schools/demogura/2/age:25/gender:F/sort:lowest_fee_per_month/direction:asc,2026-05-10
"https://schoolwith.me/purposes/schools/4/page:8/sort:lowest_fee_per_month/direction:asc?utm_source=adwords&amp;utm_medium=ppc&amp;utm_campaign=SW_2022%E5%B9%B49%E6%9C%88_%E5%85%A8%E8%88%AC&amp;utm_term=%E5%A4%96%E5%9B%BD 
%E8%AA%9E%E5%AD%A6 
%E5%AD%A6%E6%A0%A1&amp;hsa_acc=4332353937&amp;hsa_cam=18254588843&amp;hsa_grp=146068217492&amp;hsa_ad=681541339577&amp;hsa_src=s&amp;hsa_tgt=kwd-885451861326&amp;hsa_kw=%E5%A4%96%E5%9B%BD 
%E8%AA%9E%E5%AD%A6 
%E5%AD%A6%E6%A0%A1&amp;hsa_mt=b&amp;hsa_net=adwords&amp;hsa_ver=3&amp;gad_source=5&amp;gclid=EAIaIQobChMIm9Xou5z6iQMVZguDAx1qZwSnEAAYAiABEgLj7_D_BwE",2026-05-10
https://schoolwith.me/countries/school/CA/page:23?sort_type=/countries/school/CA/direction:desc?sort_type%3D%252Fcountries%252Fschool%252FCA,2026-05-10
https://schoolwith.me/purposes/schools/demogura/11/page:5/age:30/job:society,2026-05-10
https://schoolwith.me/category/schools/short_term/page:4/country_id:2?sort_type=/category/schools/short_term/direction:desc/country_id:2?sort_type%3D%252Fcategory%252Fschools%252Fshort_term%252Fdirection%253Aasc%252Fcountry_id%253A2%252Fsort%253Alowest_fee_per_month%253Fsort_type%253D%25252Fcategory%25252Fschools%25252Fshort_term%25252Fdirection%25253Aasc%25252Fcountry_id%25253A2%25252Fsort%25253Alowest_fee_per_month%25253Fsort_type%25253D%2525252Fcategory%2525252Fschools%2525252Fshort_term%2525252Fdirection%2525253Aasc%2525252Fcountry_id%2525253A2%2525252Fsort%2525253Alowest_fee_per_month%2525253Fsort_type%2525253D%252525252Fcategory%252525252Fschools%252525252Fshort_term%252525252Fdirection%252525253Aasc%252525252Fcountry_id%252525253A2%252525252Fsort%252525253Alowest_fee_per_month%252525253Fsort_type%252525253D%25252525252Fcategory%25252525252Fschools%25252525252Fshort_term%25252525252Fdirection%25252525253Aasc%25252525252Fcountry_id%25252525253A2%25252525252Fsort%25252525253Alowest_fee_per_month%25252525253Fsort_type%25252525253D%2525252525252Fcategory%2525252525252Fschools%2525252525252Fshort_term%2525252525252Fdirection%2525252525253Adesc%2525252525252Fcountry_id%2525252525253A2,2026-05-10
https://schoolwith.me/purposes/schools/demogura/2/page:3/age:50/gender:F,2026-05-10
https://schoolwith.me/purposes/schools/demogura/2/age:25/gender:F,2026-05-10
https://schoolwith.me/category/schools/business/country_id:1/area_id:9,2026-05-10
https://schoolwith.me/category/schools/abroad_life/page:3/country_id:2?sort_type=/category/schools/abroad_life/direction:asc/country_id:2/sort:lowest_fee_per_month?sort_type%3D%252Fcategory%252Fschools%252Fabroad_life%252Fcountry_id%253A2%252Fdirection%253Adesc%253Fsort_type%253D%25252Fcategory%25252Fschools%25252Fabroad_life%25252Fcountry_id%25253A2%25252Fsort%25253Alowest_fee_per_month%25252Fdirection%25253Aasc%25253Fsort_type%25253D%2525252Fcategory%2525252Fschools%2525252Fabroad_life%2525252Fcountry_id%2525253A2%2525252Fsort%2525253Alowest_fee_per_month%2525252Fdirection%2525253Aasc%2525253Fsort_type%2525253D%252525252Fcategory%252525252Fschools%252525252Fabroad_life%252525252Fcountry_id%252525253A2%252525252Fdirection%252525253Adesc%252525253Fsort_type%252525253D%25252525252Fcategory%25252525252Fschools%25252525252Fabroad_life%25252525252Fcountry_id%25252525253A2%25252525252Fsort%25252525253Alowest_fee_per_month%25252525252Fdirection%25252525253Aasc%25252525253Fsort_type%25252525253D%2525252525252Fcategory%2525252525252Fschools%2525252525252Fabroad_life%2525252525252Fcountry_id%2525252525253A2%2525252525252Fdirection%2525252525253Adesc%2525252525253Fsort_type%2525252525253D%252525252525252Fcategory%252525252525252Fschools%252525252525252Fabroad_life%252525252525252Fcountry_id%252525252525253A2%252525252525252Fdirection%252525252525253Adesc,2026-05-10
"https://schoolwith.me/purposes/schools/4?utm_source=bing&amp;amp;amp;amp;utm_medium=ppc&amp;amp;amp;amp;utm_campaign=SW_%E6%A4%9C%E7%B4%A2_%E3%82%A8%E3%83%AA%E3%82%A2&amp;amp;amp;amp;utm_term=%E3%82%B5%E3%83%B3%E3%83%87%E3%82%A3%E3%82%A8%E3%82%B4 
%E7%95%99%E5%AD%A6&amp;amp;amp;amp;hsa_acc=4332353937&amp;amp;amp;amp;hsa_cam=20125035993&amp;amp;amp;amp;hsa_grp=1313918754166097&amp;amp;amp;amp;hsa_ad&amp;amp;amp;amp;hsa_src=o&amp;amp;amp;amp;hsa_tgt=kwd-82120909760805:loc-96&amp;amp;amp;amp;hsa_kw=%E3%82%B5%E3%83%B3%E3%83%87%E3%82%A3%E3%82%A8%E3%82%B4 
%E7%95%99%E5%AD%A6&amp;amp;amp;amp;hsa_mt=p&amp;amp;amp;amp;hsa_net=adwords&amp;amp;amp;amp;hsa_ver=3&amp;amp;amp;amp;msclkid=6af0255212e21c97cbb842f4aa03ae2e",2026-05-10
https://schoolwith.me/purposes/schools/2/page:7/direction:desc?sort_type=/purposes/schools/2/direction:asc/sort:lowest_fee_per_month?sort_type%3D%252Fpurposes%252Fschools%252F2%252Fdirection%253Adesc%253Fsort_type%253D%25252Fpurposes%25252Fschools%25252F2%25252Fdirection%25253Aasc%25252Fsort%25253Alowest_fee_per_month%25253Fsort_type%25253D%2525252Fpurposes%2525252Fschools%2525252F2%2525252Fdirection%2525253Adesc%2525253Fsort_type%2525253D%252525252Fpurposes%252525252Fschools%252525252F2%252525252Fdirection%252525253Aasc%252525252Fsort%252525253Alowest_fee_per_month%252525253Fsort_type%252525253D%25252525252Fpurposes%25252525252Fschools%25252525252F2%25252525252Fdirection%25252525253Aasc%25252525252Fsort%25252525253Alowest_fee_per_month%25252525253Fsort_type%25252525253D%2525252525252Fpurposes%2525252525252Fschools%2525252525252F2%2525252525252Fdirection%2525252525253Adesc%2525252525253Fsort_type%2525252525253D%252525252525252Fpurposes%252525252525252Fschools%252525252525252F2%252525252525252Fdirection%252525252525253Aasc%252525252525252Fsort%252525252525253Alowest_fee_per_month%252525252525253Fsrc_user%252525252525253Dtop_main_ppse_pc,2026-05-10
https://schoolwith.me/purposes/schools/demogura/11/page:4/age:30/job:society,2026-05-10
https://schoolwith.me/purposes/schools/9/sort:lowest_fee_per_month/direction:asc?sort_type=/purposes/schools/9/sort:lowest_fee_per_month/direction:asc?sort_type%3D%252Fpurposes%252Fschools%252F9%252Fsort%253Alowest_fee_per_month%252Fdirection%253Aasc%253Fsort_type%253D%25252Fpurposes%25252Fschools%25252F9%25252Fdirection%25253Adesc%25253Fsort_type%25253D%2525252Fpurposes%2525252Fschools%2525252F9%2525252Fsort%2525253Alowest_fee_per_month%2525252Fdirection%2525253Aasc%2525253Fsort_type%2525253D%252525252Fpurposes%252525252Fschools%252525252F9%252525252Fsort%252525253Alowest_fee_per_month%252525252Fdirection%252525253Aasc%252525253Fsort_type%252525253D%25252525252Fpurposes%25252525252Fschools%25252525252F9%25252525252Fsort%25252525253Alowest_fee_per_month%25252525252Fdirection%25252525253Aasc%25252525253Fsort_type%25252525253D%2525252525252Fpurposes%2525252525252Fschools%2525252525252F9%2525252525252Fdirection%2525252525253Adesc%2525252525253Fsort_type%2525252525253D%252525252525252Fpurposes%252525252525252Fschools%252525252525252F9%252525252525252Fsort%252525252525253Alowest_fee_per_month%252525252525252Fdirection%252525252525253Aasc%252525252525253Fsort_type%252525252525253D%25252525252525252Fpurposes%25252525252525252Fschools%25252525252525252F9,2026-05-10
https://schoolwith.me/reviews/42337,2026-05-10
"https://schoolwith.me/purposes/schools/4?utm_source=bing&amp;amp;amp;amp;amp;amp;utm_medium=ppc&amp;amp;amp;amp;amp;amp;utm_campaign=SW_2022%E5%B9%B49%E6%9C%88_%E5%85%A8%E8%88%AC&amp;amp;amp;amp;amp;amp;utm_term=%E8%8B%B1%E8%AA%9E 
%E7%95%99%E5%AD%A6&amp;amp;amp;amp;amp;amp;hsa_acc=4332353937&amp;amp;amp;amp;amp;amp;hsa_cam=18254588843&amp;amp;amp;amp;amp;amp;hsa_grp=1328212405176718&amp;amp;amp;amp;amp;amp;hsa_ad&amp;amp;amp;amp;amp;amp;hsa_src=o&amp;amp;amp;amp;amp;amp;hsa_tgt=kwd-83014283287524:loc-138307&amp;amp;amp;amp;amp;amp;hsa_kw=%E8%8B%B1%E8%AA%9E 
%E7%95%99%E5%AD%A6&amp;amp;amp;amp;amp;amp;hsa_mt=p&amp;amp;amp;amp;amp;amp;hsa_net=adwords&amp;amp;amp;amp;amp;amp;hsa_ver=3&amp;amp;amp;amp;amp;amp;msclkid=64471b0564fc19dbd2a77c58053fbc99",2026-05-10
https://schoolwith.me/purposes/schools/demogura/1/age:60,2026-05-10
https://schoolwith.me/purposes/schools/demogura/11/page:3/age:30/job:society,2026-05-10
https://schoolwith.me/provinces/2032/page:4/sort:lowest_fee_per_month/direction:asc?sort_type=/provinces/2032/sort:lowest_fee_per_month/direction:asc,2026-05-10
https://schoolwith.me/purposes/schools/demogura/2/age:60,2026-05-10
https://schoolwith.me/purposes/schools/9/page:4?sort_type=/purposes/schools/9/sort:lowest_fee_per_month/direction:asc?sort_type%3D%252Fpurposes%252Fschools%252F9%252Fsort%253Alowest_fee_per_month%252Fdirection%253Aasc%253Fsort_type%253D%25252Fpurposes%25252Fschools%25252F9%25252Fdirection%25253Adesc%25253Fsort_type%25253D%2525252Fpurposes%2525252Fschools%2525252F9%2525252Fsort%2525253Alowest_fee_per_month%2525252Fdirection%2525253Aasc%2525253Fsort_type%2525253D%252525252Fpurposes%252525252Fschools%252525252F9%252525252Fsort%252525253Alowest_fee_per_month%252525252Fdirection%252525253Aasc%252525253Fsort_type%252525253D%25252525252Fpurposes%25252525252Fschools%25252525252F9%25252525252Fsort%25252525253Alowest_fee_per_month%25252525252Fdirection%25252525253Aasc%25252525253Fsort_type%25252525253D%2525252525252Fpurposes%2525252525252Fschools%2525252525252F9%2525252525252Fdirection%2525252525253Adesc%2525252525253Fsort_type%2525252525253D%252525252525252Fpurposes%252525252525252Fschools%252525252525252F9%252525252525252Fsort%252525252525253Alowest_fee_per_month%252525252525252Fdirection%252525252525253Aasc%252525252525253Fsort_type%252525252525253D%25252525252525252Fpurposes%25252525252525252Fschools%25252525252525252F9,2026-05-10
https://schoolwith.me/purposes/schools/9/page:5,2026-05-10
https://schoolwith.me/schools/240016,2026-05-09
https://schoolwith.me/purposes/schools/demogura/11/age:30/job:society/page:2,2026-05-09
https://schoolwith.me/schools/50433,2026-05-09
https://schoolwith.me/schools/review/190049,2026-05-09
https://schoolwith.me/category/schools/non_japanese/page:23/sort:lowest_fee_per_month/direction:asc,2026-05-09
https://schoolwith.me/reviews/39989,2026-05-09
https://schoolwith.me/category/schools/non_japanese/country_id:3/area_id:3002/page:2,2026-05-09
https://schoolwith.me/category/schools/toefl/page:4?sort_type=/category/schools/toefl/direction:asc/sort:lowest_fee_per_month?sort_type%3D%252Fcategory%252Fschools%252Ftoefl%252Fdirection%253Adesc%253Fsort_type%253D%25252Fcategory%25252Fschools%25252Ftoefl%25252Fdirection%25253Aasc%25252Fsort%25253Alowest_fee_per_month%25253Fsort_type%25253D%2525252Fcategory%2525252Fschools%2525252Ftoefl%2525252Fsort%2525253Alowest_fee_per_month%2525252Fdirection%2525253Aasc%2525253Fsort_type%2525253D%252525252Fcategory%252525252Fschools%252525252Ftoefl%252525252Fsort%252525253Alowest_fee_per_month%252525252Fdirection%252525253Aasc%252525253Fsort_type%252525253D%25252525252Fcategory%25252525252Fschools%25252525252Ftoefl%25252525252Fdirection%25252525253Adesc%25252525253Fsort_type%25252525253D%2525252525252Fcategory%2525252525252Fschools%2525252525252Ftoefl%2525252525252Fsort%2525252525253Alowest_fee_per_month%2525252525252Fdirection%2525252525253Aasc%2525252525253Fsrc_user%2525252525253Dtop_main_ctgry_pc,2026-05-09
https://schoolwith.me/category/schools/native/page:3/country_id:2,2026-05-09
https://schoolwith.me/provinces/2032/page:4/sort:lowest_fee_per_month/direction:asc?sort_type=/provinces/2032/sort:lowest_fee_per_month/direction:ASC?sort_type%3D%252Fprovinces%252F2032,2026-05-09
https://schoolwith.me/schools/review/40186,2026-05-09
https://schoolwith.me/search/schools/result/page:79/country_id[-]:2?sort_type=/search/schools/result/sort:lowest_fee_per_month/direction:asc/country_id%255B0%255D:2?sort_type%3D%252Fsearch%252Fschools%252Fresult%252Fdirection%253Adesc%252Fcountry_id%25255B0%25255D%253A2%253Fsort_type%253D%25252Fsearch%25252Fschools%25252Fresult%25252Fsort%25253Alowest_fee_per_month%25252Fdirection%25253Aasc%25252Fcountry_id%2525255B0%2525255D%25253A2,2026-05-09
https://schoolwith.me/reviews/35842,2026-05-09
"https://schoolwith.me/purposes/schools/4/page:2?utm_source=adwords&amp;amp;utm_medium=ppc&amp;amp;utm_campaign=SW_2022%E5%B9%B49%E6%9C%88_%E5%85%A8%E8%88%AC&amp;amp;utm_term=%E7%95%99%E5%AD%A6 
%E3%81%AB%E9%96%A2%E3%81%99%E3%82%8B 
%E8%B3%AA%E5%95%8F&amp;amp;hsa_acc=4332353937&amp;amp;hsa_cam=18254588843&amp;amp;hsa_grp=156225456890&amp;amp;hsa_ad=696503840386&amp;amp;hsa_src=s&amp;amp;hsa_tgt=kwd-2281542289429&amp;amp;hsa_kw=%E7%95%99%E5%AD%A6 
%E3%81%AB%E9%96%A2%E3%81%99%E3%82%8B 
%E8%B3%AA%E5%95%8F&amp;amp;hsa_mt=b&amp;amp;hsa_net=adwords&amp;amp;hsa_ver=3&amp;amp;gad_source=5&amp;amp;gclid=EAIaIQobChMI0_W435CpigMVsqlmAh0Vgwp9EAAYAiABEgIjzvD_BwE",2026-05-09
https://schoolwith.me/category/schools/univ_going/country_id:2/area_id:2004/sort:lowest_fee_per_month/direction:asc,2026-05-09
https://schoolwith.me/schools/50412,2026-05-09
"https://schoolwith.me/purposes/schools/4?utm_source=adwords&amp;amp;utm_medium=ppc&amp;amp;utm_campaign=SW_2022%E5%B9%B49%E6%9C%88_%E5%85%A8%E8%88%AC&amp;amp;utm_term=%E7%95%99%E5%AD%A6 
%E3%81%AB%E9%96%A2%E3%81%99%E3%82%8B 
%E8%B3%AA%E5%95%8F&amp;amp;hsa_acc=4332353937&amp;amp;hsa_cam=18254588843&amp;amp;hsa_grp=156225456890&amp;amp;hsa_ad=696503840386&amp;amp;hsa_src=s&amp;amp;hsa_tgt=kwd-2281542289429&amp;amp;hsa_kw=%E7%95%99%E5%AD%A6 
%E3%81%AB%E9%96%A2%E3%81%99%E3%82%8B 
%E8%B3%AA%E5%95%8F&amp;amp;hsa_mt=b&amp;amp;hsa_net=adwords&amp;amp;hsa_ver=3&amp;amp;gad_source=5&amp;amp;gclid=EAIaIQobChMI0_W435CpigMVsqlmAh0Vgwp9EAAYAiABEgIjzvD_BwE",2026-05-09
https://schoolwith.me/schools/180049,2026-05-09
"https://schoolwith.me/purposes/schools/4/page:6?utm_source=adwords&amp;amp;utm_medium=ppc&amp;amp;utm_campaign=SW_2022%E5%B9%B49%E6%9C%88_%E5%85%A8%E8%88%AC&amp;amp;utm_term=%E5%A4%96%E5%9B%BD 
%E8%AA%9E%E5%AD%A6 
%E5%AD%A6%E6%A0%A1&amp;amp;hsa_acc=4332353937&amp;amp;hsa_cam=18254588843&amp;amp;hsa_grp=146068217492&amp;amp;hsa_ad=681541339577&amp;amp;hsa_src=s&amp;amp;hsa_tgt=kwd-885451861326&amp;amp;hsa_kw=%E5%A4%96%E5%9B%BD 
%E8%AA%9E%E5%AD%A6 
%E5%AD%A6%E6%A0%A1&amp;amp;hsa_mt=b&amp;amp;hsa_net=adwords&amp;amp;hsa_ver=3&amp;amp;gad_source=5&amp;amp;gclid=EAIaIQobChMIm9Xou5z6iQMVZguDAx1qZwSnEAAYAiABEgLj7_D_BwE",2026-05-08
https://schoolwith.me/purposes/schools/4/page:9?utm_source=bing&amp;amp;amp;amp;utm_medium=ppc&amp;amp;amp;amp;utm_campaign=SW_2022%E5%B9%B49%E6%9C%88_%E5%85%A8%E8%88%AC&amp;amp;amp;amp;utm_term=%E7%95%99%E5%AD%A6&amp;amp;amp;amp;hsa_acc=4332353937&amp;amp;amp;amp;hsa_cam=18254588843&amp;amp;amp;amp;hsa_grp=1328212405176718&amp;amp;amp;amp;hsa_ad&amp;amp;amp;amp;hsa_src=o&amp;amp;amp;amp;hsa_tgt=kwd-83014283287522:loc-138321&amp;amp;amp;amp;hsa_kw=%E7%95%99%E5%AD%A6&amp;amp;amp;amp;hsa_mt=p&amp;amp;amp;amp;hsa_net=adwords&amp;amp;amp;amp;hsa_ver=3&amp;amp;amp;amp;msclkid=59a36522257c1d90f5f20387be895723,2026-05-08
https://schoolwith.me/schools/curriculum/50004,2026-05-08
"https://schoolwith.me/purposes/schools/4/page:5?utm_source=adwords&amp;amp;utm_medium=ppc&amp;amp;utm_campaign=SW_2022%E5%B9%B49%E6%9C%88_%E5%85%A8%E8%88%AC&amp;amp;utm_term=%E5%A4%96%E5%9B%BD 
%E8%AA%9E%E5%AD%A6 
%E5%AD%A6%E6%A0%A1&amp;amp;hsa_acc=4332353937&amp;amp;hsa_cam=18254588843&amp;amp;hsa_grp=146068217492&amp;amp;hsa_ad=681541339577&amp;amp;hsa_src=s&amp;amp;hsa_tgt=kwd-885451861326&amp;amp;hsa_kw=%E5%A4%96%E5%9B%BD 
%E8%AA%9E%E5%AD%A6 
%E5%AD%A6%E6%A0%A1&amp;amp;hsa_mt=b&amp;amp;hsa_net=adwords&amp;amp;hsa_ver=3&amp;amp;gad_source=5&amp;amp;gclid=EAIaIQobChMIm9Xou5z6iQMVZguDAx1qZwSnEAAYAiABEgLj7_D_BwE",2026-05-08
"https://schoolwith.me/purposes/schools/4?utm_source=adwords&amp;amp;utm_medium=ppc&amp;amp;utm_campaign=SW_2022%E5%B9%B49%E6%9C%88_%E5%85%A8%E8%88%AC&amp;amp;utm_term=%E5%A4%96%E5%9B%BD 
%E8%AA%9E%E5%AD%A6 
%E5%AD%A6%E6%A0%A1&amp;amp;hsa_acc=4332353937&amp;amp;hsa_cam=18254588843&amp;amp;hsa_grp=146068217492&amp;amp;hsa_ad=681541339577&amp;amp;hsa_src=s&amp;amp;hsa_tgt=kwd-885451861326&amp;amp;hsa_kw=%E5%A4%96%E5%9B%BD 
%E8%AA%9E%E5%AD%A6 
%E5%AD%A6%E6%A0%A1&amp;amp;hsa_mt=b&amp;amp;hsa_net=adwords&amp;amp;hsa_ver=3&amp;amp;gad_source=5&amp;amp;gclid=EAIaIQobChMIm9Xou5z6iQMVZguDAx1qZwSnEAAYAiABEgLj7_D_BwE",2026-05-08
"https://schoolwith.me/purposes/schools/4/page:4?utm_source=adwords&amp;amp;utm_medium=ppc&amp;amp;utm_campaign=SW_2022%E5%B9%B49%E6%9C%88_%E5%85%A8%E8%88%AC&amp;amp;utm_term=%E5%A4%96%E5%9B%BD 
%E8%AA%9E%E5%AD%A6 
%E5%AD%A6%E6%A0%A1&amp;amp;hsa_acc=4332353937&amp;amp;hsa_cam=18254588843&amp;amp;hsa_grp=146068217492&amp;amp;hsa_ad=681541339577&amp;amp;hsa_src=s&amp;amp;hsa_tgt=kwd-885451861326&amp;amp;hsa_kw=%E5%A4%96%E5%9B%BD 
%E8%AA%9E%E5%AD%A6 
%E5%AD%A6%E6%A0%A1&amp;amp;hsa_mt=b&amp;amp;hsa_net=adwords&amp;amp;hsa_ver=3&amp;amp;gad_source=5&amp;amp;gclid=EAIaIQobChMIm9Xou5z6iQMVZguDAx1qZwSnEAAYAiABEgLj7_D_BwE",2026-05-08
"https://schoolwith.me/purposes/schools/4/page:3?utm_source=adwords&amp;amp;utm_medium=ppc&amp;amp;utm_campaign=SW_2022%E5%B9%B49%E6%9C%88_%E5%85%A8%E8%88%AC&amp;amp;utm_term=%E5%A4%96%E5%9B%BD 
%E8%AA%9E%E5%AD%A6 
%E5%AD%A6%E6%A0%A1&amp;amp;hsa_acc=4332353937&amp;amp;hsa_cam=18254588843&amp;amp;hsa_grp=146068217492&amp;amp;hsa_ad=681541339577&amp;amp;hsa_src=s&amp;amp;hsa_tgt=kwd-885451861326&amp;amp;hsa_kw=%E5%A4%96%E5%9B%BD 
%E8%AA%9E%E5%AD%A6 
%E5%AD%A6%E6%A0%A1&amp;amp;hsa_mt=b&amp;amp;hsa_net=adwords&amp;amp;hsa_ver=3&amp;amp;gad_source=5&amp;amp;gclid=EAIaIQobChMIm9Xou5z6iQMVZguDAx1qZwSnEAAYAiABEgLj7_D_BwE",2026-05-08
https://schoolwith.me/countries/school/UK/page:26/sort:lowest_fee_per_month/direction:asc?sort_type=/countries/school/UK?sort_type%3D%252Fcountries%252Fschool%252FUK,2026-05-08
https://schoolwith.me/reviews/43815,2026-05-07
https://schoolwith.me/category/schools/native/page:4/direction:asc/sort:lowest_fee_per_month?sort_type=/category/schools/native/direction:desc?sort_type%3D%252Fcategory%252Fschools%252Fnative%252Fsort%253Alowest_fee_per_month%252Fdirection%253Aasc%253Fsort_type%253D%25252Fcategory%25252Fschools%25252Fnative%25252Fdirection%25253Adesc%25253Fsort_type%25253D%2525252Fcategory%2525252Fschools%2525252Fnative%2525252Fsort%2525253Alowest_fee_per_month%2525252Fdirection%2525253Aasc%2525253Fsort_type%2525253D%252525252Fcategory%252525252Fschools%252525252Fnative%252525252Fdirection%252525253Adesc%252525253Fsort_type%252525253D%25252525252Fcategory%25252525252Fschools%25252525252Fnative%25252525252Fsort%25252525253Alowest_fee_per_month%25252525252Fdirection%25252525253Aasc%25252525253Fsort_type%25252525253D%2525252525252Fcategory%2525252525252Fschools%2525252525252Fnative%2525252525252Fdirection%2525252525253Adesc%2525252525253Fsort_type%2525252525253D%252525252525252Fcategory%252525252525252Fschools%252525252525252Fnative%252525252525252Fdirection%252525252525253Adesc,2026-05-06
https://schoolwith.me/reviews/45028,2026-05-06
https://schoolwith.me/schools/216,2026-05-06
https://schoolwith.me/reviews/34174?a8=KrA0DrUo2L8pjzgCZjBMppIMq.zJ8oIsAj_CszIFMF4o2LAX79TKcLTLGLZsasTBcFbMIvAycrA01s00000024868001,2026-05-06
https://schoolwith.me/category/schools/non_japanese/country_id:2/area_id:2005/sort:lowest_fee_per_month/direction:asc,2026-05-06
https://schoolwith.me/reviews/39575,2026-05-06
https://schoolwith.me/schools/photo_movie/photo/80021/周辺環境,2026-05-06
https://schoolwith.me/category/schools/non_japanese/country_id:2/area_id:2012/sort:lowest_fee_per_month/direction:asc,2026-05-05
https://schoolwith.me/areas/school/5030/campaign_sort/campaign:1,2026-05-05
https://schoolwith.me/areas/52033,2026-05-05
https://schoolwith.me/schools/520132,2026-05-05
https://schoolwith.me/reviews/43944,2026-05-04
https://schoolwith.me/reviews/38218,2026-05-04
https://schoolwith.me/reviews/45422,2026-05-04
https://schoolwith.me/schools/40181,2026-05-04
https://schoolwith.me/category/schools/toefl/country_id:52/area_id:52001/sort:lowest_fee_per_month/direction:asc,2026-05-03
https://schoolwith.me/category/schools/abroad_life/page:4/direction:asc/sort:lowest_fee_per_month/country_id:3?sort_type=/category/schools/abroad_life/sort:lowest_fee_per_month/direction:asc/country_id:3?sort_type%3D%252Fcategory%252Fschools%252Fabroad_life%252Fsort%253Alowest_fee_per_month%252Fdirection%253Aasc%252Fcountry_id%253A3,2026-05-03
https://schoolwith.me/schools/60218,2026-05-03
https://schoolwith.me/schools/20473,2026-05-03
https://schoolwith.me/category/schools/univ_going/country_id:5/area_id:5003/sort:lowest_fee_per_month/direction:asc,2026-05-02
https://schoolwith.me/schools/review/30175/end_date_desc,2026-05-01
https://schoolwith.me/review/38680,2026-05-01
https://schoolwith.me/areas/6008,2026-05-01
https://schoolwith.me/schools/photo/50193?a8=I2Ghz2Y8u7rmQ7jZwns2sQEZBdlpsQreVnrmeljVQVL8u7GNX752-_GNs7leEe5sCVqQjBGFC2Ghos00000019593001,2026-04-30
https://schoolwith.me/schools/211,2026-04-30
https://schoolwith.me/purposes/schools/demogura/10/sort:lowest_fee_per_month/direction:asc/age:40/gender:F/job:society/page:2,2026-04-30
https://schoolwith.me/reviews/45170,2026-04-29
https://schoolwith.me/schools/17,2026-04-29
https://schoolwith.me/reviews/45430,2026-04-29
https://schoolwith.me/schools/40051,2026-04-29
https://schoolwith.me/category/schools/non_japanese/country_id:5/area_id:5001/page:2,2026-04-29
"https://schoolwith.me/search/schools/result/page:278/direction:desc/country_id[ 
]:1",2026-04-29
https://schoolwith.me/reviews/35348?a8=KrA0DrUo2L8pjzgCZjBMppIMq.zJ8oIsAj_CszIFMF4o2LAX79TKcLTLGLZsasTBcFbMIvAycrA01s00000024868001,2026-04-28
https://schoolwith.me/reviews/39050,2026-04-28
https://schoolwith.me/purposes/schools/5/page:6/direction:desc?sort_type=/purposes/schools/5/direction:desc?sort_type%3D%252Fpurposes%252Fschools%252F5%252Fsort%253Alowest_fee_per_month%252Fdirection%253AASC,2026-04-28
https://schoolwith.me/purposes/schools/demogura/10/age:40/gender:F/job:society,2026-04-28
https://schoolwith.me/category/schools/short_term/page:3/country_id:2?sort_type=/category/schools/short_term/direction:desc/country_id:2?sort_type%3D%252Fcategory%252Fschools%252Fshort_term%252Fdirection%253Adesc%252Fcountry_id%253A2%253Fsort_type%253D%25252Fcategory%25252Fschools%25252Fshort_term%25252Fdirection%25253Aasc%25252Fcountry_id%25253A2%25252Fsort%25253Alowest_fee_per_month%25253Fsort_type%25253D%2525252Fcategory%2525252Fschools%2525252Fshort_term%2525252Fdirection%2525253Adesc%2525252Fcountry_id%2525253A2%2525253Fsort_type%2525253D%252525252Fcategory%252525252Fschools%252525252Fshort_term%252525252Fdirection%252525253Adesc%252525252Fcountry_id%252525253A2,2026-04-28
https://schoolwith.me/reviews/44499,2026-04-28
https://schoolwith.me/search/schools/result/country_id[/page:4/sort:lowest_fee_per_month/direction:asc/]:5?sort_type=/search/schools/result/country_id%255B/direction:desc/%5D:5?sort_type%3D%252Fsearch%252Fschools%252Fresult%252Fcountry_id%25255B%252Fdirection%253Adesc%252F%255D%253A5%253Fsort_type%253D%25252Fsearch%25252Fschools%25252Fresult%25252Fcountry_id%2525255B%25252Fdirection%25253Adesc%25252F%25255D%25253A5,2026-04-28
https://schoolwith.me/search/schools/result/page:4/country_id[-]:5?sort_type=/search/schools/result/direction:asc/country_id%255B-%255D:5/sort:lowest_fee_per_month?sort_type%3D%252Fsearch%252Fschools%252Fresult%252Fdirection%253Adesc%252Fcountry_id%25255B-%25255D%253A5%253Fsort_type%253D%25252Fsearch%25252Fschools%25252Fresult%25252Fdirection%25253Adesc%25252Fcountry_id%2525255B-%2525255D%25253A5,2026-04-28
https://schoolwith.me/areas/school/6026/direction:desc,2026-04-28
https://schoolwith.me/search/schools/result/page:23/country_id[.]:4,2026-04-28
https://schoolwith.me/purposes/schools/8/direction:desc?sort_type=/purposes/schools/8/direction:desc?sort_type%3D%252Fpurposes%252Fschools%252F8%252Fdirection%253Adesc%253Fsort_type%253D%25252Fpurposes%25252Fschools%25252F8%25252Fdirection%25253Adesc,2026-04-28
https://schoolwith.me/category/schools/korean_management/country_id:1/area_id:7/sort:lowest_fee_per_month/direction:asc,2026-04-28
https://schoolwith.me/purposes/schools/demogura/9/direction:asc/age:30/gender:F/sort:lowest_fee_per_month?sort_type=/purposes/schools/demogura/9/direction:asc/age:30/gender:F/sort:lowest_fee_per_month,2026-04-27
https://schoolwith.me/search/schools/result/page:24/country_id[.]:4,2026-04-27
https://schoolwith.me/search/schools/result/page:25/country_id[.]:4,2026-04-27
https://schoolwith.me/purposes/schools/demogura/5/age:20/gender:M/job:student?sort_type=/purposes/schools/demogura/5/age:20/gender:M/job:student/sort:lowest_fee_per_month/direction:asc,2026-04-27
https://schoolwith.me/search/schools/result/page:16/country_id[-]:5?sort_type=/search/schools/result/direction:asc/country_id%255B-%255D:5/sort:lowest_fee_per_month?sort_type%3D%252Fsearch%252Fschools%252Fresult%252Fdirection%253Adesc%252Fcountry_id%25255B-%25255D%253A5%253Fsort_type%253D%25252Fsearch%25252Fschools%25252Fresult%25252Fdirection%25253Adesc%25252Fcountry_id%2525255B-%2525255D%25253A5,2026-04-27
"https://schoolwith.me/search/schools/result/country_id[ 
]:1?sort_type=/search/schools/result/direction:desc/country_id%5B 
%5D:1?sort_type%3D%252Fsearch%252Fschools%252Fresult%252Fsort%253Alowest_fee_per_month%252Fdirection%253Aasc%252Fcountry_id%255B%2B%255D%253A1%253Fsort_type%253D%25252Fsearch%25252Fschools%25252Fresult%25252Fdirection%25253Adesc%25252Fcountry_id%25255B%252B%25255D%25253A1",2026-04-27
https://schoolwith.me/provinces/4001/page:8/sort:lowest_fee_per_month/direction:asc,2026-04-27
https://schoolwith.me/search/schools/result/page:27?sort_type=/search/schools/result/sort:lowest_fee_per_month/direction:asc?sort_type%3D%252Fsearch%252Fschools%252Fresult%252Fsort%253Alowest_fee_per_month%252Fdirection%253Aasc%253Fsrc_user%253Dtop_main_ranking_pc,2026-04-27
https://schoolwith.me/purposes/schools/7/direction:desc?sort_type=/purposes/schools/7/direction:desc?sort_type%3D%252Fpurposes%252Fschools%252F7%252Fdirection%253Adesc%253Fsort_type%253D%25252Fpurposes%25252Fschools%25252F7%25252Fdirection%25253Adesc%25253Fsort_type%25253D%2525252Fpurposes%2525252Fschools%2525252F7%2525252Fdirection%2525253Adesc%2525253Fsort_type%2525253D%252525252Fpurposes%252525252Fschools%252525252F7%252525252Fdirection%252525253Aasc%252525252Fsort%252525253Alowest_fee_per_month%252525253Fsort_type%252525253D%25252525252Fpurposes%25252525252Fschools%25252525252F7%25252525252Fdirection%25252525253Aasc%25252525252Fsort%25252525253Alowest_fee_per_month%25252525253Fsort_type%25252525253D%2525252525252Fpurposes%2525252525252Fschools%2525252525252F7%2525252525252Fdirection%2525252525253Aasc%2525252525252Fsort%2525252525253Alowest_fee_per_month%2525252525253Fsort_type%2525252525253D%252525252525252Fpurposes%252525252525252Fschools%252525252525252F7%252525252525252Fdirection%252525252525253Aasc%252525252525252Fsort%252525252525253Alowest_fee_per_month%252525252525253Fsrc_user%252525252525253Dtop_main_ppse_sp,2026-04-27
https://schoolwith.me/schools/40346,2026-04-27
https://schoolwith.me/purposes/schools/demogura/5/direction:asc/age:25/job:society/sort:lowest_fee_per_month,2026-04-27
https://schoolwith.me/category/schools/facility/country_id:5/area_id:5005/sort:lowest_fee_per_month/direction:asc,2026-04-27
https://schoolwith.me/provinces/4001/page:8/direction:desc,2026-04-26
https://schoolwith.me/category/schools/toeic/country_id:2/area_id:2037/sort:lowest_fee_per_month/direction:asc,2026-04-26
https://schoolwith.me/schools/20195,2026-04-26
https://schoolwith.me/reviews/45556,2026-04-25
https://schoolwith.me/search/schools/result/supports/line/page:35/direction:asc?sort_type=/search/schools/result/supports/line/direction:asc/sort:lowest_fee_per_month?sort_type%3D%252Fsearch%252Fschools%252Fresult%252Fsupports%252Fline%252Fdirection%253Adesc%253Fsort_type%253D%25252Fsearch%25252Fschools%25252Fresult%25252Fsupports%25252Fline%25252Fdirection%25253Aasc%25252Fsort%25253Alowest_fee_per_month%25253Fsort_type%25253D%2525252Fsearch%2525252Fschools%2525252Fresult%2525252Fsupports%2525252Fline%2525252Fdirection%2525253Adesc,2026-04-25
"https://schoolwith.me/purposes/schools/4/sort:lowest_fee_per_month/direction:asc?utm_source=adwords&amp;utm_medium=ppc&amp;utm_campaign=SW_2022%E5%B9%B49%E6%9C%88_%E5%85%A8%E8%88%AC&amp;utm_term=%E8%AA%9E%E5%AD%A6 
%E7%95%99%E5%AD%A6 
%E7%9B%B8%E8%AB%87&amp;hsa_acc=4332353937&amp;hsa_cam=18254588843&amp;hsa_grp=156225456890&amp;hsa_ad=696503840380&amp;hsa_src=s&amp;hsa_tgt=kwd-415597602182&amp;hsa_kw=%E8%AA%9E%E5%AD%A6 
%E7%95%99%E5%AD%A6 
%E7%9B%B8%E8%AB%87&amp;hsa_mt=b&amp;hsa_net=adwords&amp;hsa_ver=3&amp;gad_source=5&amp;gclid=EAIaIQobChMI4uPasqLSigMVKKJmAh1ungAwEAAYAiABEgInWvD_BwE",2026-04-25
https://schoolwith.me/schools/60228,2026-04-25
https://schoolwith.me/schools/520091,2026-04-25
https://schoolwith.me/areas/52020,2026-04-25
https://schoolwith.me/reviews/39196,2026-04-24
https://schoolwith.me/schools/photo_movie/movie/40370,2026-04-24
https://schoolwith.me/purposes/schools/4/page:2?utm_source=bing&utm_medium=ppc&utm_campaign=SW_2022%E5%B9%B49%E6%9C%88_%E5%85%A8%E8%88%AC&utm_term=%E3%83%AF%E3%83%BC%E3%83%9B%E3%83%AA&hsa_acc=4332353937&hsa_cam=18254588843&hsa_grp=1315018266569954&hsa_ad&hsa_src=o&hsa_tgt=kwd-82189628810941:loc-138321&hsa_kw=%E3%83%AF%E3%83%BC%E3%83%9B%E3%83%AA&hsa_mt=p&hsa_net=adwords&hsa_ver=3&msclkid=50145db11adb1facec783a13e33ca353,2026-04-24
https://schoolwith.me/schools/20526,2026-04-24
https://schoolwith.me/schools/photo_movie/movie/40367,2026-04-23
https://schoolwith.me/schools/50025,2026-04-23
https://schoolwith.me/schools/20528,2026-04-23
https://schoolwith.me/reviews/45138,2026-04-22
https://schoolwith.me/reviews/43191,2026-04-22
https://schoolwith.me/reviews/37125,2026-04-22
https://schoolwith.me/reviews/44992,2026-04-22
https://schoolwith.me/schools/60109,2026-04-22
https://schoolwith.me/schools/20556,2026-04-22
https://schoolwith.me/schools/20459,2026-04-22
https://schoolwith.me/search/schools/result/page:8/country_id[.]:2,2026-04-22
https://schoolwith.me/search/schools/result/country_id[/page:15/]:7,2026-04-22
https://schoolwith.me/search/schools/result/sort:lowest_fee_per_month/direction:asc/search_school_name:オーストラリア/page:2,2026-04-22
"https://schoolwith.me/purposes/schools/4/page:4?utm_source=bing&amp;amp;amp;amp;utm_medium=ppc&amp;amp;amp;amp;utm_campaign=SW_2022%E5%B9%B49%E6%9C%88_%E5%85%A8%E8%88%AC&amp;amp;amp;amp;utm_term=%E7%95%99%E5%AD%A6 
%E3%82%AB%E3%83%8A%E3%83%80&amp;amp;amp;amp;hsa_acc=4332353937&amp;amp;amp;amp;hsa_cam=18254588843&amp;amp;amp;amp;hsa_grp=1329311916817583&amp;amp;amp;amp;hsa_ad&amp;amp;amp;amp;hsa_src=o&amp;amp;amp;amp;hsa_tgt=kwd-83082998978356:loc-138307&amp;amp;amp;amp;hsa_kw=%E7%95%99%E5%AD%A6 
%E3%82%AB%E3%83%8A%E3%83%80&amp;amp;amp;amp;hsa_mt=p&amp;amp;amp;amp;hsa_net=adwords&amp;amp;amp;amp;hsa_ver=3&amp;amp;amp;amp;msclkid=7aecd9326a5d1dbaee92bf27845c0012",2026-04-21
"https://schoolwith.me/purposes/schools/4/page:8/sort:lowest_fee_per_month/direction:asc?utm_source=bing&amp;utm_medium=ppc&amp;utm_campaign=SW_2022%E5%B9%B49%E6%9C%88_%E5%85%A8%E8%88%AC&amp;utm_term=%E7%95%99%E5%AD%A6 
%E5%A4%A7%E5%AD%A6%E7%94%9F&amp;hsa_acc=4332353937&amp;hsa_cam=18254588843&amp;hsa_grp=1324913870339339&amp;hsa_ad&amp;hsa_src=o&amp;hsa_tgt=kwd-82808111176293:loc-138305&amp;hsa_kw=%E7%95%99%E5%AD%A6 
%E5%A4%A7%E5%AD%A6%E7%94%9F&amp;hsa_mt=p&amp;hsa_net=adwords&amp;hsa_ver=3&amp;msclkid=b3c89e881f9814fb0cc8f9ea9db79bd4",2026-04-21
https://schoolwith.me/schools/40108,2026-04-21
https://schoolwith.me/schools/photo/60026,2026-04-20
https://schoolwith.me/purposes/schools/demogura/7/age:25/gender:M,2026-04-20
https://schoolwith.me/reviews/43698,2026-04-19
https://schoolwith.me/category/schools/it/direction:asc/country_id:1/sort:lowest_fee_per_month?sort_type=/category/schools/it/direction:desc/country_id:1?sort_type%3D%252Fcategory%252Fschools%252Fit%252Fsort%253Alowest_fee_per_month%252Fdirection%253Aasc%252Fcountry_id%253A1,2026-04-18
https://schoolwith.me/schools/review/97/page:3/sort:Review.locale/direction:DESC,2026-04-18
https://schoolwith.me/search/schools/result/page:77/country_id[-]:2,2026-04-18
https://schoolwith.me/schools/20677,2026-04-18
https://schoolwith.me/search/schools/result/page:78/country_id[-]:2?sort_type=/search/schools/result/sort:lowest_fee_per_month/direction:asc/country_id%255B0%255D:2?sort_type%3D%252Fsearch%252Fschools%252Fresult%252Fdirection%253Adesc%252Fcountry_id%25255B0%25255D%253A2%253Fsort_type%253D%25252Fsearch%25252Fschools%25252Fresult%25252Fsort%25253Alowest_fee_per_month%25252Fdirection%25253Aasc%25252Fcountry_id%2525255B0%2525255D%25253A2,2026-04-18
https://schoolwith.me/category/schools/working_holiday/page:3?sort_type=/category/schools/working_holiday/sort:lowest_fee_per_month/direction:asc?sort_type%3D%252Fcategory%252Fschools%252Fworking_holiday%252Fdirection%253Adesc%253Fsort_type%253D%25252Fcategory%25252Fschools%25252Fworking_holiday%25252Fsort%25253Alowest_fee_per_month%25252Fdirection%25253Aasc%25253Fsort_type%25253D%2525252Fcategory%2525252Fschools%2525252Fworking_holiday%2525252Fsort%2525253Alowest_fee_per_month%2525252Fdirection%2525253Aasc%2525253Fsort_type%2525253D%252525252Fcategory%252525252Fschools%252525252Fworking_holiday%252525252Fdirection%252525253Adesc%252525253Fsort_type%252525253D%25252525252Fcategory%25252525252Fschools%25252525252Fworking_holiday%25252525252Fsort%25252525253Alowest_fee_per_month%25252525252Fdirection%25252525253Aasc,2026-04-18
https://schoolwith.me/category/schools/working_holiday/page:8?sort_type=/category/schools/working_holiday/direction:desc?sort_type%3D%252Fcategory%252Fschools%252Fworking_holiday%252Fsort%253Alowest_fee_per_month%252Fdirection%253Aasc%253Fsort_type%253D%25252Fcategory%25252Fschools%25252Fworking_holiday%25252Fdirection%25253Adesc%25253Fsort_type%25253D%2525252Fcategory%2525252Fschools%2525252Fworking_holiday%2525252Fsort%2525253Alowest_fee_per_month%2525252Fdirection%2525253AASC,2026-04-18
https://schoolwith.me/search/schools/result/page:77/country_id[-]:2?sort_type=/search/schools/result/sort:lowest_fee_per_month/direction:asc/country_id%255B0%255D:2?sort_type%3D%252Fsearch%252Fschools%252Fresult%252Fdirection%253Adesc%252Fcountry_id%25255B0%25255D%253A2%253Fsort_type%253D%25252Fsearch%25252Fschools%25252Fresult%25252Fsort%25253Alowest_fee_per_month%25252Fdirection%25253Aasc%25252Fcountry_id%2525255B0%2525255D%25253A2,2026-04-17
https://schoolwith.me/areas/school/4001/page:5/sort:lowest_fee_per_month/direction:asc,2026-04-17
https://schoolwith.me/schools/review/40054/overall_rating_asc,2026-04-17
https://schoolwith.me/category/schools/native/page:4/direction:desc?sort_type=/category/schools/native/direction:desc?sort_type%3D%252Fcategory%252Fschools%252Fnative%252Fdirection%253Aasc%252Fsort%253Alowest_fee_per_month%253Fsort_type%253D%25252Fcategory%25252Fschools%25252Fnative%25252Fdirection%25253Adesc,2026-04-17
https://schoolwith.me/reviews/43120?a8=KrA0DrUo2L8pjzgCZjBMppIMq.zJ8oIsAj_CszIFMF4o2LAX79TKcLTLGLZsasTBcFbMIvAycrA01s00000024868001,2026-04-17
https://schoolwith.me/category/schools/cambridge/page:4/direction:desc/country_id:5?sort_type=/category/schools/cambridge/direction:desc/country_id:5?sort_type%3D%252Fcategory%252Fschools%252Fcambridge%252Fdirection%253Adesc%252Fcountry_id%253A5%253Fsort_type%253D%25252Fcategory%25252Fschools%25252Fcambridge%25252Fcountry_id%25253A5%25252Fdirection%25253Adesc%25253Fsort_type%25253D%2525252Fcategory%2525252Fschools%2525252Fcambridge%2525252Fcountry_id%2525253A5%2525252Fsort%2525253Alowest_fee_per_month%2525252Fdirection%2525253Aasc%2525253Fsort_type%2525253D%252525252Fcategory%252525252Fschools%252525252Fcambridge%252525252Fcountry_id%252525253A5%252525252Fdirection%252525253Adesc%252525253Fsort_type%252525253D%25252525252Fcategory%25252525252Fschools%25252525252Fcambridge%25252525252Fcountry_id%25252525253A5%25252525252Fsort%25252525253Alowest_fee_per_month%25252525252Fdirection%25252525253Aasc,2026-04-17
https://schoolwith.me/areas/school/2002/page:2/sort:lowest_fee_per_month/direction:asc?sort_type=/areas/school/2002/direction:desc,2026-04-17
https://schoolwith.me/search/schools/result/page:76/country_id[-]:2?sort_type=/search/schools/result/sort:lowest_fee_per_month/direction:asc/country_id%255B0%255D:2?sort_type%3D%252Fsearch%252Fschools%252Fresult%252Fdirection%253Adesc%252Fcountry_id%25255B0%25255D%253A2%253Fsort_type%253D%25252Fsearch%25252Fschools%25252Fresult%25252Fsort%25253Alowest_fee_per_month%25252Fdirection%25253Aasc%25252Fcountry_id%2525255B0%2525255D%25253A2,2026-04-17
https://schoolwith.me/category/schools/working_holiday/page:3/sort:lowest_fee_per_month/direction:asc?sort_type=/category/schools/working_holiday/direction:desc?sort_type%3D%252Fcategory%252Fschools%252Fworking_holiday%252Fsort%253Alowest_fee_per_month%252Fdirection%253Aasc%253Fsort_type%253D%25252Fcategory%25252Fschools%25252Fworking_holiday%25252Fdirection%25253Adesc%25253Fsort_type%25253D%2525252Fcategory%2525252Fschools%2525252Fworking_holiday%2525252Fsort%2525253Alowest_fee_per_month%2525252Fdirection%2525253AASC,2026-04-17
https://schoolwith.me/search/schools/result/page:66/country_id[-]:2?sort_type=/search/schools/result/sort:lowest_fee_per_month/direction:asc/country_id%255B0%255D:2?sort_type%3D%252Fsearch%252Fschools%252Fresult%252Fdirection%253Adesc%252Fcountry_id%25255B0%25255D%253A2%253Fsort_type%253D%25252Fsearch%25252Fschools%25252Fresult%25252Fsort%25253Alowest_fee_per_month%25252Fdirection%25253Aasc%25252Fcountry_id%2525255B0%2525255D%25253A2,2026-04-17
https://schoolwith.me/category/schools/working_holiday/page:3?sort_type=/category/schools/working_holiday/direction:desc?sort_type%3D%252Fcategory%252Fschools%252Fworking_holiday%252Fsort%253Alowest_fee_per_month%252Fdirection%253Aasc%253Fsort_type%253D%25252Fcategory%25252Fschools%25252Fworking_holiday%25252Fdirection%25253Adesc%25253Fsort_type%25253D%2525252Fcategory%2525252Fschools%2525252Fworking_holiday%2525252Fsort%2525253Alowest_fee_per_month%2525252Fdirection%2525253AASC,2026-04-17
https://schoolwith.me/search/schools/result/page:75/country_id[-]:2?sort_type=/search/schools/result/sort:lowest_fee_per_month/direction:asc/country_id%255B0%255D:2?sort_type%3D%252Fsearch%252Fschools%252Fresult%252Fdirection%253Adesc%252Fcountry_id%25255B0%25255D%253A2%253Fsort_type%253D%25252Fsearch%25252Fschools%25252Fresult%25252Fsort%25253Alowest_fee_per_month%25252Fdirection%25253Aasc%25252Fcountry_id%2525255B0%2525255D%25253A2,2026-04-17
https://schoolwith.me/category/schools/working_holiday/page:3/sort:lowest_fee_per_month/direction:asc?sort_type=/category/schools/working_holiday/sort:lowest_fee_per_month/direction:asc?sort_type%3D%252Fcategory%252Fschools%252Fworking_holiday%252Fdirection%253Adesc%253Fsort_type%253D%25252Fcategory%25252Fschools%25252Fworking_holiday%25252Fsort%25253Alowest_fee_per_month%25252Fdirection%25253Aasc%25253Fsort_type%25253D%2525252Fcategory%2525252Fschools%2525252Fworking_holiday%2525252Fsort%2525253Alowest_fee_per_month%2525252Fdirection%2525253Aasc%2525253Fsort_type%2525253D%252525252Fcategory%252525252Fschools%252525252Fworking_holiday%252525252Fdirection%252525253Adesc%252525253Fsort_type%252525253D%25252525252Fcategory%25252525252Fschools%25252525252Fworking_holiday%25252525252Fsort%25252525253Alowest_fee_per_month%25252525252Fdirection%25252525253Aasc,2026-04-17
https://schoolwith.me/search/schools/result/page:67/country_id[-]:2?sort_type=/search/schools/result/sort:lowest_fee_per_month/direction:asc/country_id%255B0%255D:2?sort_type%3D%252Fsearch%252Fschools%252Fresult%252Fdirection%253Adesc%252Fcountry_id%25255B0%25255D%253A2%253Fsort_type%253D%25252Fsearch%25252Fschools%25252Fresult%25252Fsort%25253Alowest_fee_per_month%25252Fdirection%25253Aasc%25252Fcountry_id%2525255B0%2525255D%25253A2,2026-04-17
https://schoolwith.me/areas/school/2002/sort:lowest_fee_per_month/direction:asc/page:2?sort_type=/areas/school/2002/direction:desc,2026-04-17
https://schoolwith.me/schools/photo_movie/movie/20,2026-04-17
https://schoolwith.me/category/schools/cambridge/page:12/direction:desc?sort_type=/category/schools/cambridge/sort:lowest_fee_per_month/direction:asc?sort_type%3D%252Fcategory%252Fschools%252Fcambridge%252Fsort%253Alowest_fee_per_month%252Fdirection%253Aasc%253Fsort_type%253D%25252Fcategory%25252Fschools%25252Fcambridge%25252Fsort%25253Alowest_fee_per_month%25252Fdirection%25253Aasc%25253Fsort_type%25253D%2525252Fcategory%2525252Fschools%2525252Fcambridge%2525252Fdirection%2525253Adesc%2525253Fsort_type%2525253D%252525252Fcategory%252525252Fschools%252525252Fcambridge%252525252Fdirection%252525253Adesc%252525253Fsort_type%252525253D%25252525252Fcategory%25252525252Fschools%25252525252Fcambridge,2026-04-16
https://schoolwith.me/schools/40264,2026-04-16
https://schoolwith.me/columns/31686?dejam_ab=oazsRp,2026-04-16
https://schoolwith.me/schools/520110,2026-04-16
https://schoolwith.me/areas/school/5001/page:13/sort:lowest_fee_per_month/direction:asc,2026-04-15
https://schoolwith.me/schools/photo_movie/photo/50006/周辺環境,2026-04-15
https://schoolwith.me/category/schools/cambridge/page:10/direction:desc?sort_type=/category/schools/cambridge/sort:lowest_fee_per_month/direction:asc?sort_type%3D%252Fcategory%252Fschools%252Fcambridge%252Fsort%253Alowest_fee_per_month%252Fdirection%253Aasc%253Fsort_type%253D%25252Fcategory%25252Fschools%25252Fcambridge%25252Fsort%25253Alowest_fee_per_month%25252Fdirection%25253Aasc%25253Fsort_type%25253D%2525252Fcategory%2525252Fschools%2525252Fcambridge%2525252Fdirection%2525253Adesc%2525253Fsort_type%2525253D%252525252Fcategory%252525252Fschools%252525252Fcambridge%252525252Fdirection%252525253Adesc%252525253Fsort_type%252525253D%25252525252Fcategory%25252525252Fschools%25252525252Fcambridge,2026-04-15
https://schoolwith.me/category/schools/ielts/country_id:1/sort:lowest_fee_per_month/direction:asc/area_id:2,2026-04-15
https://schoolwith.me/applications/f_register/50042,2026-04-15
https://schoolwith.me/schools/520137,2026-04-15
https://schoolwith.me/countries/school/CA/page:7/sort:lowest_fee_per_month/direction:asc?sort_type=/countries/school/CA/sort:lowest_fee_per_month/direction:asc?src_user%3Dtop_main_cntry_pc,2026-04-15
https://schoolwith.me/category/schools/ielts/direction:asc/country_id:2/sort:lowest_fee_per_month?sort_type=/category/schools/ielts/direction:asc/country_id:2/sort:lowest_fee_per_month?sort_type%3D%252Fcategory%252Fschools%252Fielts%252Fdirection%253Adesc%252Fcountry_id%253A2%253Fsort_type%253D%25252Fcategory%25252Fschools%25252Fielts%25252Fdirection%25253Aasc%25252Fcountry_id%25253A2%25252Fsort%25253Alowest_fee_per_month%25253Fsort_type%25253D%2525252Fcategory%2525252Fschools%2525252Fielts%2525252Fsort%2525253Alowest_fee_per_month%2525252Fdirection%2525253Aasc%2525252Fcountry_id%2525253A2,2026-04-15
https://schoolwith.me/category/schools/business/direction:desc/country_id:6?sort_type=/category/schools/business/direction:desc/country_id:6?sort_type%3D%252Fcategory%252Fschools%252Fbusiness%252Fdirection%253Adesc%252Fcountry_id%253A6,2026-04-15
https://schoolwith.me/countries/school/NZ/page:11/sort:lowest_fee_per_month/direction:asc?sort_type=/countries/school/NZ/direction:desc?sort_type%3D%252Fcountries%252Fschool%252FNZ%252Fsort%253Alowest_fee_per_month%252Fdirection%253Aasc,2026-04-15
https://schoolwith.me/schools/curriculum/20?fragment_identifier=Curriculum537,2026-04-15
https://schoolwith.me/countries/school/NZ/page:10/sort:lowest_fee_per_month/direction:asc?sort_type=/countries/school/NZ/direction:desc?sort_type%3D%252Fcountries%252Fschool%252FNZ%252Fsort%253Alowest_fee_per_month%252Fdirection%253Aasc,2026-04-15
https://schoolwith.me/category/schools/business/direction:desc/country_id:6?sort_type=/category/schools/business/direction:asc/country_id:6/sort:lowest_fee_per_month?sort_type%3D%252Fcategory%252Fschools%252Fbusiness%252Fdirection%253Adesc%252Fcountry_id%253A6,2026-04-15
https://schoolwith.me/category/schools/short_term/country_id:7/area_id:7001/sort:lowest_fee_per_month/direction:asc,2026-04-15
https://schoolwith.me/reviews/check?schoolId=30252&areaId=3001&countryId=3,2026-04-15
https://schoolwith.me/countries/school/NZ/page:9/sort:lowest_fee_per_month/direction:asc?sort_type=/countries/school/NZ/direction:desc?sort_type%3D%252Fcountries%252Fschool%252FNZ%252Fsort%253Alowest_fee_per_month%252Fdirection%253Aasc,2026-04-15
https://schoolwith.me/countries/school/CA/page:6/sort:lowest_fee_per_month/direction:asc?sort_type=/countries/school/CA/sort:lowest_fee_per_month/direction:asc?src_user%3Dtop_main_cntry_pc,2026-04-15
https://schoolwith.me/purposes/schools/demogura/9/job:student,2026-04-15
https://schoolwith.me/countries/school/CA/page:20/sort:lowest_fee_per_month/direction:asc?sort_type=/countries/school/CA/direction:desc?sort_type%3D%252Fcountries%252Fschool%252FCA,2026-04-15
https://schoolwith.me/category/schools/barista/direction:desc?sort_type=/category/schools/barista/sort:lowest_fee_per_month/direction:asc?sort_type%3D%252Fcategory%252Fschools%252Fbarista%252Fdirection%253Adesc%253Fsort_type%253D%25252Fcategory%25252Fschools%25252Fbarista,2026-04-15
https://schoolwith.me/search/schools/result/page:19/country_id[.]:4,2026-04-14
https://schoolwith.me/reviews/check?schoolId=20386&areaId=2108&countryId=2,2026-04-14
https://schoolwith.me/countries/school/NZ/page:8/sort:lowest_fee_per_month/direction:asc?sort_type=/countries/school/NZ/direction:desc?sort_type%3D%252Fcountries%252Fschool%252FNZ%252Fsort%253Alowest_fee_per_month%252Fdirection%253Aasc,2026-04-14
https://schoolwith.me/countries/school/CA/page:13/sort:lowest_fee_per_month/direction:asc?sort_type=/countries/school/CA/sort:lowest_fee_per_month/direction:asc?sort_type%3D%252Fcountries%252Fschool%252FCA%252Fdirection%253Adesc%253Fsort_type%253D%25252Fcountries%25252Fschool%25252FCA,2026-04-14
https://schoolwith.me/schools/photo/40084?a8=I2Ghz2Y8u7rmQ7jZwns2sQEZBdlpsQreVnrmeljVQVL8u7GNX752-_GNs7leEe5sCVqQjBGFC2Ghos00000019593001,2026-04-14
https://schoolwith.me/purposes/schools/demogura/11/page:11/sort:lowest_fee_per_month/direction:asc/gender:F?sort_type=/purposes/schools/demogura/11/sort:lowest_fee_per_month/direction:asc/gender:F,2026-04-14
https://schoolwith.me/category/schools/short_term/page:9/sort:lowest_fee_per_month/direction:asc,2026-04-14
https://schoolwith.me/category/schools/short_term/direction:asc/country_id:5/area_id:5004/sort:lowest_fee_per_month?sort_type=/category/schools/short_term/direction:desc/country_id:5/area_id:5004?sort_type%3D%252Fcategory%252Fschools%252Fshort_term%252Fdirection%253Aasc%252Fcountry_id%253A5%252Farea_id%253A5004%252Fsort%253Alowest_fee_per_month%253Fsort_type%253D%25252Fcategory%25252Fschools%25252Fshort_term%25252Fdirection%25253Aasc%25252Fcountry_id%25253A5%25252Farea_id%25253A5004%25252Fsort%25253Alowest_fee_per_month%25253Fsort_type%25253D%2525252Fcategory%2525252Fschools%2525252Fshort_term%2525252Fsort%2525253Alowest_fee_per_month%2525252Fdirection%2525253Aasc%2525252Fcountry_id%2525253A5%2525252Farea_id%2525253A5004%2525253Fsort_type%2525253D%252525252Fcategory%252525252Fschools%252525252Fshort_term%252525252Fdirection%252525253Adesc%252525252Fcountry_id%252525253A5%252525252Farea_id%252525253A5004,2026-04-14
https://schoolwith.me/schools/60200,2026-04-14
https://schoolwith.me/reviews/check?schoolId=520065&areaId=52036&countryId=52,2026-04-14
https://schoolwith.me/purposes/schools/demogura/5/page:9/direction:desc/job:student?sort_type=/purposes/schools/demogura/5/direction:desc/job:student?sort_type%3D%252Fpurposes%252Fschools%252Fdemogura%252F5%252Fjob%253Astudent,2026-04-14
https://schoolwith.me/purposes/schools/2/sort:lowest_fee_per_month/direction:asc/page:2?sort_type=/purposes/schools/2/direction:asc/sort:lowest_fee_per_month?sort_type%3D%252Fpurposes%252Fschools%252F2%252Fdirection%253Aasc%252Fsort%253Alowest_fee_per_month%253Fsort_type%253D%25252Fpurposes%25252Fschools%25252F2%25252Fdirection%25253Aasc%25252Fsort%25253Alowest_fee_per_month%25253Fsort_type%25253D%2525252Fpurposes%2525252Fschools%2525252F2%2525252Fsort%2525253Alowest_fee_per_month%2525252Fdirection%2525253Aasc%2525253Fsort_type%2525253D%252525252Fpurposes%252525252Fschools%252525252F2%252525252Fdirection%252525253Adesc,2026-04-14
https://schoolwith.me/category/schools/cambridge/direction:asc/country_id:8/sort:lowest_fee_per_month?sort_type=/category/schools/cambridge/direction:desc/country_id:8?sort_type%3D%252Fcategory%252Fschools%252Fcambridge%252Fdirection%253Adesc%252Fcountry_id%253A8%253Fsort_type%253D%25252Fcategory%25252Fschools%25252Fcambridge%25252Fcountry_id%25253A8%25252Fsort%25253Alowest_fee_per_month%25252Fdirection%25253Aasc%25253Fsort_type%25253D%2525252Fcategory%2525252Fschools%2525252Fcambridge%2525252Fcountry_id%2525253A8%2525252Fsort%2525253Alowest_fee_per_month%2525252Fdirection%2525253Aasc%2525253Fsort_type%2525253D%252525252Fcategory%252525252Fschools%252525252Fcambridge%252525252Fcountry_id%252525253A8%252525252Fsort%252525253Alowest_fee_per_month%252525252Fdirection%252525253Aasc%252525253Fsort_type%252525253D%25252525252Fcategory%25252525252Fschools%25252525252Fcambridge%25252525252Fcountry_id%25252525253A8%25252525252Fdirection%25252525253Adesc%25252525253Fsort_type%25252525253D%2525252525252Fcategory%2525252525252Fschools%2525252525252Fcambridge%2525252525252Fcountry_id%2525252525253A8%2525252525252Fsort%2525252525253Alowest_fee_per_month%2525252525252Fdirection%2525252525253Aasc%2525252525253Fsort_type%2525252525253D%252525252525252Fcategory%252525252525252Fschools%252525252525252Fcambridge%252525252525252Fcountry_id%252525252525253A8%252525252525252Fsort%252525252525253Alowest_fee_per_month%252525252525252Fdirection%252525252525253Aasc%252525252525253Fsort_type%252525252525253D%25252525252525252Fcategory%25252525252525252Fschools%25252525252525252Fcambridge%25252525252525252Fcountry_id%25252525252525253A8%25252525252525252Fsort%25252525252525253Alowest_fee_per_month%25252525252525252Fdirection%25252525252525253Aasc%25252525252525253Fsort_type%25252525252525253D%2525252525252525252Fcategory%2525252525252525252Fschools%2525252525252525252Fcambridge%2525252525252525252Fcountry_id%2525252525252525253A8%2525252525252525252Fdirection%2525252525252525253Adesc,2026-04-14
https://schoolwith.me/countries/school/CA/page:12/sort:lowest_fee_per_month/direction:asc?sort_type=/countries/school/CA/sort:lowest_fee_per_month/direction:asc?sort_type%3D%252Fcountries%252Fschool%252FCA%252Fdirection%253Adesc%253Fsort_type%253D%25252Fcountries%25252Fschool%25252FCA,2026-04-14
https://schoolwith.me/columns/amp/31726,2026-04-14
https://schoolwith.me/category/schools/working_holiday/direction:asc/sort:lowest_fee_per_month?sort_type=/category/schools/working_holiday/direction:asc/sort:lowest_fee_per_month?sort_type%3D%252Fcategory%252Fschools%252Fworking_holiday%252Fsort%253Alowest_fee_per_month%252Fdirection%253Aasc%253Fsort_type%253D%25252Fcategory%25252Fschools%25252Fworking_holiday%25252Fdirection%25253Adesc%25253Fsort_type%25253D%2525252Fcategory%2525252Fschools%2525252Fworking_holiday%2525252Fsort%2525253Alowest_fee_per_month%2525252Fdirection%2525253AASC,2026-04-14
https://schoolwith.me/purposes/schools/demogura/9/age:20/gender:F/job:student/page:2?sort_type=/purposes/schools/demogura/9/age:20/gender:F/job:student?sort_type%3D%252Fpurposes%252Fschools%252Fdemogura%252F9%252Fage%253A20%252Fgender%253AF%252Fjob%253Astudent%253Fsort_type%253D%25252Fpurposes%25252Fschools%25252Fdemogura%25252F9%25252Fsort%25253Alowest_fee_per_month%25252Fdirection%25253AASC%25252Fage%25253A20%25252Fgender%25253AF%25252Fjob%25253Astudent%25253Fsort_type%25253D%2525252Fpurposes%2525252Fschools%2525252Fdemogura%2525252F9%2525252Fsort%2525253Alowest_fee_per_month%2525252Fdirection%2525253AASC%2525252Fage%2525253A20%2525252Fgender%2525253AF%2525252Fjob%2525253Astudent%2525253Fsort_type%2525253D%252525252Fpurposes%252525252Fschools%252525252Fdemogura%252525252F9%252525252Fage%252525253A20%252525252Fgender%252525253AF%252525252Fjob%252525253Astudent,2026-04-14
https://schoolwith.me/countries/school/CA/page:19/sort:lowest_fee_per_month/direction:asc?sort_type=/countries/school/CA/direction:desc?sort_type%3D%252Fcountries%252Fschool%252FCA,2026-04-14
https://schoolwith.me/countries/school/NZ/page:7/sort:lowest_fee_per_month/direction:asc?sort_type=/countries/school/NZ/direction:desc?sort_type%3D%252Fcountries%252Fschool%252FNZ%252Fsort%253Alowest_fee_per_month%252Fdirection%253Aasc,2026-04-14
https://schoolwith.me/provinces/4001/page:12/sort:lowest_fee_per_month/direction:asc,2026-04-14
https://schoolwith.me/countries/school/CA/page:5/sort:lowest_fee_per_month/direction:asc?sort_type=/countries/school/CA/sort:lowest_fee_per_month/direction:asc?src_user%3Dtop_main_cntry_pc,2026-04-14
https://schoolwith.me/search/schools/result/page:151/direction:asc/sort:lowest_fee_per_month/country_id[.]:3?sort_type=/search/schools/result/direction:desc/country_id%5B.%5D:3?sort_type%3D%252Fsearch%252Fschools%252Fresult%252Fsort%253Alowest_fee_per_month%252Fdirection%253AASC%252Fcountry_id%25255B0%25255D%253A3%253Fsort_type%253D%25252Fsearch%25252Fschools%25252Fresult%25252Fcountry_id%2525255B0%2525255D%25253A3,2026-04-14
https://schoolwith.me/purposes/schools/9/page:6/direction:desc?sort_type=/purposes/schools/9/sort:lowest_fee_per_month/direction:asc?sort_type%3D%252Fpurposes%252Fschools%252F9%252Fdirection%253Adesc%253Fsort_type%253D%25252Fpurposes%25252Fschools%25252F9%25252Fdirection%25253Adesc%25253Fsort_type%25253D%2525252Fpurposes%2525252Fschools%2525252F9%2525252Fsort%2525253Alowest_fee_per_month%2525252Fdirection%2525253Aasc%2525253Fsort_type%2525253D%252525252Fpurposes%252525252Fschools%252525252F9%252525252Fsort%252525253Alowest_fee_per_month%252525252Fdirection%252525253Aasc%252525253Fsort_type%252525253D%25252525252Fpurposes%25252525252Fschools%25252525252F9%25252525252Fsort%25252525253Alowest_fee_per_month%25252525252Fdirection%25252525253Aasc%25252525253Fsort_type%25252525253D%2525252525252Fpurposes%2525252525252Fschools%2525252525252F9%2525252525252Fdirection%2525252525253Adesc%2525252525253Fsort_type%2525252525253D%252525252525252Fpurposes%252525252525252Fschools%252525252525252F9%252525252525252Fdirection%252525252525253Adesc%252525252525253Fsort_type%252525252525253D%25252525252525252Fpurposes%25252525252525252Fschools%25252525252525252F9%25252525252525252Fsort%25252525252525253Alowest_fee_per_month%25252525252525252Fdirection%25252525252525253Aasc,2026-04-14
https://schoolwith.me/countries/school/NZ/page:5/sort:lowest_fee_per_month/direction:asc?sort_type=/countries/school/NZ/direction:desc?sort_type%3D%252Fcountries%252Fschool%252FNZ%252Fsort%253Alowest_fee_per_month%252Fdirection%253Aasc,2026-04-14
https://schoolwith.me/category/schools/toeic/direction:asc/country_id:8/sort:lowest_fee_per_month?sort_type=/category/schools/toeic/direction:asc/country_id:8/sort:lowest_fee_per_month?sort_type%3D%252Fcategory%252Fschools%252Ftoeic%252Fdirection%253Adesc%252Fcountry_id%253A8%253Fsort_type%253D%25252Fcategory%25252Fschools%25252Ftoeic%25252Fdirection%25253Adesc%25252Fcountry_id%25253A8%25253Fsort_type%25253D%2525252Fcategory%2525252Fschools%2525252Ftoeic%2525252Fcountry_id%2525253A8%2525252Fsort%2525253Alowest_fee_per_month%2525252Fdirection%2525253Aasc%2525253Fsort_type%2525253D%252525252Fcategory%252525252Fschools%252525252Ftoeic%252525252Fcountry_id%252525253A8%252525252Fsort%252525253Alowest_fee_per_month%252525252Fdirection%252525253Aasc%252525253Fsort_type%252525253D%25252525252Fcategory%25252525252Fschools%25252525252Ftoeic%25252525252Fcountry_id%25252525253A8%25252525252Fsort%25252525253Alowest_fee_per_month%25252525252Fdirection%25252525253Aasc%25252525253Fsort_type%25252525253D%2525252525252Fcategory%2525252525252Fschools%2525252525252Ftoeic%2525252525252Fcountry_id%2525252525253A8%2525252525252Fsort%2525252525253Alowest_fee_per_month%2525252525252Fdirection%2525252525253Aasc,2026-04-14
https://schoolwith.me/search/schools/result/page:72/country_id[-]:2?sort_type=/search/schools/result/sort:lowest_fee_per_month/direction:asc/country_id%255B0%255D:2?sort_type%3D%252Fsearch%252Fschools%252Fresult%252Fdirection%253Adesc%252Fcountry_id%25255B0%25255D%253A2%253Fsort_type%253D%25252Fsearch%25252Fschools%25252Fresult%25252Fsort%25253Alowest_fee_per_month%25252Fdirection%25253Aasc%25252Fcountry_id%2525255B0%2525255D%25253A2,2026-04-14
https://schoolwith.me/category/schools/parent_child/sort:lowest_fee_per_month/direction:asc?sort_type=/category/schools/parent_child/direction:asc/sort:lowest_fee_per_month?sort_type%3D%252Fcategory%252Fschools%252Fparent_child%252Fdirection%253Aasc%252Fsort%253Alowest_fee_per_month%253Fsort_type%253D%25252Fcategory%25252Fschools%25252Fparent_child%25252Fsort%25253Alowest_fee_per_month%25252Fdirection%25253AASC%25253Futm_source%25253Dmedia%252526amp%25253Bamp%2525253Butm_medium%25253Dwebsite%252526amp%25253Bamp%2525253Butm_campaign%25253Dlifehacker,2026-04-14
https://schoolwith.me/countries/school/CA/page:7/sort:lowest_fee_per_month/direction:asc?sort_type=/countries/school/CA/sort:lowest_fee_per_month/direction:asc?sort_type%3D%252Fcountries%252Fschool%252FCA%252Fdirection%253Adesc%253Fsort_type%253D%25252Fcountries%25252Fschool%25252FCA,2026-04-14
https://schoolwith.me/search/schools/result/message_for_after_covit19/page:78?sort_type=/search/schools/result/message_for_after_covit19/direction:desc?sort_type%3D%252Fsearch%252Fschools%252Fresult%252Fmessage_for_after_covit19%252Fdirection%253Adesc%253Fsort_type%253D%25252Fsearch%25252Fschools%25252Fresult%25252Fmessage_for_after_covit19%25252Fsort%25253Alowest_fee_per_month%25252Fdirection%25253Aasc%25253Fsort_type%25253D%2525252Fsearch%2525252Fschools%2525252Fresult%2525252Fmessage_for_after_covit19%2525252Fdirection%2525253Adesc,2026-04-14
https://schoolwith.me/countries/school/UK/page:2?sort_type=/countries/school/UK/direction:desc?sort_type%3D%252Fcountries%252Fschool%252FUK%252Fsort%253Alowest_fee_per_month%252Fdirection%253Aasc,2026-04-14
https://schoolwith.me/search/columns/result/page:52/sub_category_id:3002,2026-04-14
https://schoolwith.me/category/schools/ielts/direction:asc/sort:lowest_fee_per_month/country_id:4/page:2?sort_type=/category/schools/ielts/direction:asc/country_id:4/sort:lowest_fee_per_month?sort_type%3D%252Fcategory%252Fschools%252Fielts%252Fdirection%253Aasc%252Fsort%253Alowest_fee_per_month%252Fcountry_id%253A4%253Fsort_type%253D%25252Fcategory%25252Fschools%25252Fielts%25252Fdirection%25253Aasc%25252Fcountry_id%25253A4%25252Fsort%25253Alowest_fee_per_month%25253Fsort_type%25253D%2525252Fcategory%2525252Fschools%2525252Fielts%2525252Fdirection%2525253Aasc%2525252Fsort%2525253Alowest_fee_per_month%2525252Fcountry_id%2525253A4%2525253Fsort_type%2525253D%252525252Fcategory%252525252Fschools%252525252Fielts%252525252Fdirection%252525253Aasc%252525252Fcountry_id%252525253A4%252525252Fsort%252525253Alowest_fee_per_month,2026-04-14
https://schoolwith.me/reviews/check?schoolId=119&areaId=1&countryId=1,2026-04-14
https://schoolwith.me/countries/school/CA/page:6/sort:lowest_fee_per_month/direction:asc?sort_type=/countries/school/CA/sort:lowest_fee_per_month/direction:asc?sort_type%3D%252Fcountries%252Fschool%252FCA%252Fdirection%253Adesc%253Fsort_type%253D%25252Fcountries%25252Fschool%25252FCA,2026-04-14
https://schoolwith.me/countries/school/UK/page:10/direction:desc,2026-04-14
https://schoolwith.me/category/schools/parent_child?sort_type=/category/schools/parent_child/direction:asc/sort:lowest_fee_per_month?sort_type%3D%252Fcategory%252Fschools%252Fparent_child%252Fdirection%253Aasc%252Fsort%253Alowest_fee_per_month%253Fsort_type%253D%25252Fcategory%25252Fschools%25252Fparent_child%25252Fsort%25253Alowest_fee_per_month%25252Fdirection%25253AASC%25253Futm_source%25253Dmedia%252526amp%25253Bamp%2525253Butm_medium%25253Dwebsite%252526amp%25253Bamp%2525253Butm_campaign%25253Dlifehacker,2026-04-14
https://schoolwith.me/reviews/check?schoolId=20457&areaId=2009&countryId=2,2026-04-14
https://schoolwith.me/countries/school/CA/page:17/sort:lowest_fee_per_month/direction:asc?sort_type=/countries/school/CA/direction:desc?sort_type%3D%252Fcountries%252Fschool%252FCA,2026-04-14
https://schoolwith.me/countries/school/CA/page:2/sort:lowest_fee_per_month/direction:asc?sort_type=/countries/school/CA/sort:lowest_fee_per_month/direction:asc?sort_type%3D%252Fcountries%252Fschool%252FCA%252Fdirection%253Adesc%253Fsort_type%253D%25252Fcountries%25252Fschool%25252FCA,2026-04-14
https://schoolwith.me/countries/school/UK/page:3?sort_type=/countries/school/UK/direction:desc?sort_type%3D%252Fcountries%252Fschool%252FUK%252Fsort%253Alowest_fee_per_month%252Fdirection%253Aasc,2026-04-14
https://schoolwith.me/countries/school/CA/page:5/sort:lowest_fee_per_month/direction:asc?sort_type=/countries/school/CA/sort:lowest_fee_per_month/direction:asc?sort_type%3D%252Fcountries%252Fschool%252FCA%252Fdirection%253Adesc%253Fsort_type%253D%25252Fcountries%25252Fschool%25252FCA,2026-04-14
https://schoolwith.me/purposes/schools/4?utm_source=bing&amp;amp;utm_medium=ppc&amp;amp;utm_campaign=SW_2022%E5%B9%B49%E6%9C%88_%E5%85%A8%E8%88%AC&amp;amp;utm_term=%E7%9F%AD%E6%9C%9F%E7%95%99%E5%AD%A6&amp;amp;hsa_acc=4332353937&amp;amp;hsa_cam=18254588843&amp;amp;hsa_grp=1312819243284112&amp;amp;hsa_ad&amp;amp;hsa_src=o&amp;amp;hsa_tgt=kwd-82052191468064:loc-138295&amp;amp;hsa_kw=%E7%9F%AD%E6%9C%9F%E7%95%99%E5%AD%A6&amp;amp;hsa_mt=p&amp;amp;hsa_net=adwords&amp;amp;hsa_ver=3&amp;amp;msclkid=79955577fe53100cf835320f6a65c6eb,2026-04-14
https://schoolwith.me/category/schools/business/direction:desc/country_id:5/area_id:5007?sort_type=/category/schools/business/country_id:5/area_id:5007/sort:lowest_fee_per_month/direction:asc?sort_type%3D%252Fcategory%252Fschools%252Fbusiness%252Fcountry_id%253A5%252Farea_id%253A5007%252Fdirection%253Adesc%253Fsort_type%253D%25252Fcategory%25252Fschools%25252Fbusiness%25252Fcountry_id%25253A5%25252Farea_id%25253A5007%25252Fdirection%25253Adesc%25253Fsort_type%25253D%2525252Fcategory%2525252Fschools%2525252Fbusiness%2525252Fcountry_id%2525253A5%2525252Farea_id%2525253A5007%2525252Fsort%2525253Alowest_fee_per_month%2525252Fdirection%2525253Aasc%2525253Fsort_type%2525253D%252525252Fcategory%252525252Fschools%252525252Fbusiness%252525252Fcountry_id%252525253A5%252525252Farea_id%252525253A5007%252525252Fsort%252525253Alowest_fee_per_month%252525252Fdirection%252525253Aasc%252525253Fsort_type%252525253D%25252525252Fcategory%25252525252Fschools%25252525252Fbusiness%25252525252Fcountry_id%25252525253A5%25252525252Farea_id%25252525253A5007%25252525252Fsort%25252525253Alowest_fee_per_month%25252525252Fdirection%25252525253Aasc,2026-04-14
https://schoolwith.me/countries/school/CA/page:4/sort:lowest_fee_per_month/direction:asc?sort_type=/countries/school/CA/sort:lowest_fee_per_month/direction:asc?sort_type%3D%252Fcountries%252Fschool%252FCA%252Fdirection%253Adesc%253Fsort_type%253D%25252Fcountries%25252Fschool%25252FCA,2026-04-14
"https://schoolwith.me/applications/f_register/20012?program_name=Business 
Plus TOEIC%E3%82%B3%E3%83%BC%E3%82%B9",2026-04-14
https://schoolwith.me/category/schools/golf/direction:asc/country_id:1/sort:lowest_fee_per_month?sort_type=/category/schools/golf/direction:desc/country_id:1?sort_type%3D%252Fcategory%252Fschools%252Fgolf%252Fdirection%253Aasc%252Fcountry_id%253A1%252Fsort%253Alowest_fee_per_month%253Fsort_type%253D%25252Fcategory%25252Fschools%25252Fgolf%25252Fdirection%25253Aasc%25252Fcountry_id%25253A1%25252Fsort%25253Alowest_fee_per_month%25253Fsort_type%25253D%2525252Fcategory%2525252Fschools%2525252Fgolf%2525252Fcountry_id%2525253A1%2525252Fdirection%2525253Adesc%2525253Fsort_type%2525253D%252525252Fcategory%252525252Fschools%252525252Fgolf%252525252Fcountry_id%252525253A1%252525252Fsort%252525253Alowest_fee_per_month%252525252Fdirection%252525253Aasc%252525253Fsort_type%252525253D%25252525252Fcategory%25252525252Fschools%25252525252Fgolf%25252525252Fcountry_id%25252525253A1%25252525252Fsort%25252525253Alowest_fee_per_month%25252525252Fdirection%25252525253Aasc%25252525253Fsort_type%25252525253D%2525252525252Fcategory%2525252525252Fschools%2525252525252Fgolf%2525252525252Fcountry_id%2525252525253A1%2525252525252Fsort%2525252525253Alowest_fee_per_month%2525252525252Fdirection%2525252525253Aasc%2525252525253Fsort_type%2525252525253D%252525252525252Fcategory%252525252525252Fschools%252525252525252Fgolf%252525252525252Fcountry_id%252525252525253A1%252525252525252Fsort%252525252525253Alowest_fee_per_month%252525252525252Fdirection%252525252525253Aasc%252525252525253Fsort_type%252525252525253D%25252525252525252Fcategory%25252525252525252Fschools%25252525252525252Fgolf%25252525252525252Fcountry_id%25252525252525253A1%25252525252525252Fdirection%25252525252525253Adesc%25252525252525253Fsort_type%25252525252525253D%2525252525252525252Fcategory%2525252525252525252Fschools%2525252525252525252Fgolf%2525252525252525252Fcountry_id%2525252525252525253A1%2525252525252525252Fsort%2525252525252525253Alowest_fee_per_month%2525252525252525252Fdirection%2525252525252525253Aasc,2026-04-14
https://schoolwith.me/reviews/37408?a8=KrA0DrUo2L8pjzgCZjBMppIMq.zJ8oIsAj_CszIFMF4o2LAX79TKcLTLGLZsasTBcFbMIvAycrA01s00000024868001,2026-04-14
https://schoolwith.me/countries/school/UK/page:4?sort_type=/countries/school/UK/direction:desc?sort_type%3D%252Fcountries%252Fschool%252FUK%252Fsort%253Alowest_fee_per_month%252Fdirection%253Aasc,2026-04-14
https://schoolwith.me/purposes/schools/7/page:6?utm_term&amp;amp;amp;amp;utm_campaign=pmax&amp;amp;amp;amp;utm_source=google&amp;amp;amp;amp;utm_medium=cpc&amp;amp;amp;amp;hsa_acc=4332353937&amp;amp;amp;amp;hsa_cam=20421730922&amp;amp;amp;amp;hsa_grp&amp;amp;amp;amp;hsa_ad&amp;amp;amp;amp;hsa_src=x&amp;amp;amp;amp;hsa_tgt&amp;amp;amp;amp;hsa_kw&amp;amp;amp;amp;hsa_mt&amp;amp;amp;amp;hsa_net=adwords&amp;amp;amp;amp;hsa_ver=3&amp;amp;amp;amp;gad_source=1&amp;amp;amp;amp;gclid=CjwKCAjw_Na1BhAlEiwAM-dm7NAYGjLbvA25Rlm8Yt5Sifm2-l_A1xkYicjM_ssBSDiC07nopclqoxoCHZEQAvD_BwE,2026-04-14
https://schoolwith.me/countries/school/CA/page:3/sort:lowest_fee_per_month/direction:asc?sort_type=/countries/school/CA/sort:lowest_fee_per_month/direction:asc?sort_type%3D%252Fcountries%252Fschool%252FCA%252Fdirection%253Adesc%253Fsort_type%253D%25252Fcountries%25252Fschool%25252FCA,2026-04-14
https://schoolwith.me/purposes/schools/4/page:9?utm_source=bing&amp;amp;amp;amp;utm_medium=ppc&amp;amp;amp;amp;utm_campaign=SW_2022%E5%B9%B49%E6%9C%88_%E5%85%A8%E8%88%AC&amp;amp;amp;amp;utm_term=%E7%95%99%E5%AD%A6%E3%83%97%E3%83%AD%E3%82%B0%E3%83%A9%E3%83%A0&amp;amp;amp;amp;hsa_acc=4332353937&amp;amp;amp;amp;hsa_cam=18254588843&amp;amp;amp;amp;hsa_grp=1317217289084228&amp;amp;amp;amp;hsa_ad&amp;amp;amp;amp;hsa_src=o&amp;amp;amp;amp;hsa_tgt=kwd-82327070899514:loc-138331&amp;amp;amp;amp;hsa_kw=%E7%95%99%E5%AD%A6%E3%83%97%E3%83%AD%E3%82%B0%E3%83%A9%E3%83%A0&amp;amp;amp;amp;hsa_mt=p&amp;amp;amp;amp;hsa_net=adwords&amp;amp;amp;amp;hsa_ver=3&amp;amp;amp;amp;msclkid=31f2a16a9ad1140e8340c798a404a030,2026-04-14
https://schoolwith.me/applications/register/40010,2026-04-14
https://schoolwith.me/category/schools/parent_child/direction:asc/sort:lowest_fee_per_month?sort_type=/category/schools/parent_child/direction:asc/sort:lowest_fee_per_month?sort_type%3D%252Fcategory%252Fschools%252Fparent_child%252Fdirection%253Aasc%252Fsort%253Alowest_fee_per_month%253Fsort_type%253D%25252Fcategory%25252Fschools%25252Fparent_child%25252Fsort%25253Alowest_fee_per_month%25252Fdirection%25253AASC%25253Futm_source%25253Dmedia%252526amp%25253Bamp%2525253Butm_medium%25253Dwebsite%252526amp%25253Bamp%2525253Butm_campaign%25253Dlifehacker,2026-04-14
https://schoolwith.me/search/schools/result/supports/supports/line/page:12?sort_type=/search/schools/result/supports/supports/line/sort:lowest_fee_per_month/direction:ASC?sort_type%3D%252Fsearch%252Fschools%252Fresult%252Fsupports%252Fsupports%252Fline,2026-04-14
https://schoolwith.me/countries/school/NZ/page:2/sort:lowest_fee_per_month/direction:asc?sort_type=/countries/school/NZ/direction:desc?sort_type%3D%252Fcountries%252Fschool%252FNZ%252Fsort%253Alowest_fee_per_month%252Fdirection%253Aasc,2026-04-14
https://schoolwith.me/countries/school/UK/page:5?sort_type=/countries/school/UK/direction:desc?sort_type%3D%252Fcountries%252Fschool%252FUK%252Fsort%253Alowest_fee_per_month%252Fdirection%253Aasc,2026-04-14
https://schoolwith.me/countries/school/UK/page:6?sort_type=/countries/school/UK/direction:desc?sort_type%3D%252Fcountries%252Fschool%252FUK%252Fsort%253Alowest_fee_per_month%252Fdirection%253Aasc,2026-04-14
https://schoolwith.me/areas/school/4003/page:4/sort:lowest_fee_per_month/direction:asc?sort_type=/areas/school/4003/direction:desc?sort_type%3D%252Fareas%252Fschool%252F4003%252Fsort%253Alowest_fee_per_month%252Fdirection%253Aasc%253Fsort_type%253D%25252Fareas%25252Fschool%25252F4003%25252Fdirection%25253Adesc%25253Fsort_type%25253D%2525252Fareas%2525252Fschool%2525252F4003%2525252Fdirection%2525253Adesc%2525253Fsort_type%2525253D%252525252Fareas%252525252Fschool%252525252F4003%252525252Fsort%252525253Alowest_fee_per_month%252525252Fdirection%252525253Aasc,2026-04-14
https://schoolwith.me/reviews/check?schoolId=50455&areaId=5030&countryId=5,2026-04-14
https://schoolwith.me/areas/school/4003/page:5?sort_type=/areas/school/4003/direction:desc?sort_type%3D%252Fareas%252Fschool%252F4003%252Fsort%253Alowest_fee_per_month%252Fdirection%253Aasc%253Fsort_type%253D%25252Fareas%25252Fschool%25252F4003%25252Fdirection%25253Adesc%25253Fsort_type%25253D%2525252Fareas%2525252Fschool%2525252F4003%2525252Fdirection%2525253Adesc%2525253Fsort_type%2525253D%252525252Fareas%252525252Fschool%252525252F4003%252525252Fsort%252525253Alowest_fee_per_month%252525252Fdirection%252525253Aasc,2026-04-14
https://schoolwith.me/category/schools/abroad_life/direction:desc?sort_type=/category/schools/abroad_life/direction:asc/sort:lowest_fee_per_month?sort_type%3D%252Fcategory%252Fschools%252Fabroad_life%252Fdirection%253Adesc%253Fsort_type%253D%25252Fcategory%25252Fschools%25252Fabroad_life%25253Fsort_type%25253D%2525252Fcategory%2525252Fschools%2525252Fabroad_life%2525252Fsort%2525253Alowest_fee_per_month%2525252Fdirection%2525253AASC,2026-04-14
"https://schoolwith.me/applications/f_register/20054?program_name=TOEFL%C2%AE 
and Academic English Part-Time 20%E3%82%B3%E3%83%9E/%E9%80%B1",2026-04-14
https://schoolwith.me/countries/school/UK/page:2?sort_type=/countries/school/UK/sort:lowest_fee_per_month/direction:asc?sort_type%3D%252Fcountries%252Fschool%252FUK%252Fsort%253Alowest_fee_per_month%252Fdirection%253Aasc,2026-04-14
https://schoolwith.me/areas/school/4003/page:3/sort:lowest_fee_per_month/direction:asc?sort_type=/areas/school/4003/direction:desc?sort_type%3D%252Fareas%252Fschool%252F4003%252Fsort%253Alowest_fee_per_month%252Fdirection%253Aasc%253Fsort_type%253D%25252Fareas%25252Fschool%25252F4003%25252Fdirection%25253Adesc%25253Fsort_type%25253D%2525252Fareas%2525252Fschool%2525252F4003%2525252Fdirection%2525253Adesc%2525253Fsort_type%2525253D%252525252Fareas%252525252Fschool%252525252F4003%252525252Fsort%252525253Alowest_fee_per_month%252525252Fdirection%252525253Aasc,2026-04-14
https://schoolwith.me/schools/photo_movie/photo/40084/その他,2026-04-14
https://schoolwith.me/purposes/schools/4?utm_source=bing&amp;amp;utm_medium=ppc&amp;amp;utm_campaign=SW_2022%E5%B9%B49%E6%9C%88_%E5%85%A8%E8%88%AC&amp;amp;utm_term=%E3%83%AF%E3%83%BC%E3%82%AF%E3%83%9B%E3%83%AA%E3%83%87%E3%83%BC&amp;amp;hsa_acc=4332353937&amp;amp;hsa_cam=18254588843&amp;amp;hsa_grp=1315018266569954&amp;amp;hsa_ad&amp;amp;hsa_src=o&amp;amp;hsa_tgt=kwd-82189628810947:loc-138307&amp;amp;hsa_kw=%E3%83%AF%E3%83%BC%E3%82%AF%E3%83%9B%E3%83%AA%E3%83%87%E3%83%BC&amp;amp;hsa_mt=e&amp;amp;hsa_net=adwords&amp;amp;hsa_ver=3&amp;amp;msclkid=8cc6ab36aaef1c59132ccd99afb9c241,2026-04-14
https://schoolwith.me/countries/school/UK/page:7?sort_type=/countries/school/UK/direction:desc?sort_type%3D%252Fcountries%252Fschool%252FUK%252Fsort%253Alowest_fee_per_month%252Fdirection%253Aasc,2026-04-14
https://schoolwith.me/category/schools/short_term/page:9/sort:lowest_fee_per_month/direction:asc?utm_source=bing&amp;amp;amp;utm_medium=ppc&amp;amp;amp;utm_campaign=SW_2022%E5%B9%B49%E6%9C%88_%E5%85%A8%E8%88%AC&amp;amp;amp;utm_term=%E7%95%99%E5%AD%A6&amp;amp;amp;hsa_acc=4332353937&amp;amp;amp;hsa_cam=18254588843&amp;amp;amp;hsa_grp=1328212405176718&amp;amp;amp;hsa_ad&amp;amp;amp;hsa_src=o&amp;amp;amp;hsa_tgt=kwd-83014283287522:loc-138321&amp;amp;amp;hsa_kw=%E7%95%99%E5%AD%A6&amp;amp;amp;hsa_mt=p&amp;amp;amp;hsa_net=adwords&amp;amp;amp;hsa_ver=3&amp;amp;amp;msclkid=82b4aebffc271c7b32d9c82360cffe99,2026-04-14
https://schoolwith.me/category/schools/parent_child/direction:desc?sort_type=/category/schools/parent_child/sort:lowest_fee_per_month/direction:asc?sort_type%3D%252Fcategory%252Fschools%252Fparent_child%253Fsrc_user%253Dtop_main_ctgry_pc,2026-04-14
https://schoolwith.me/category/schools/parent_child/direction:asc/country_id:1/area_id:14/sort:lowest_fee_per_month?sort_type=/category/schools/parent_child/direction:asc/country_id:1/area_id:14/sort:lowest_fee_per_month?sort_type%3D%252Fcategory%252Fschools%252Fparent_child%252Fdirection%253Adesc%252Fcountry_id%253A1%252Farea_id%253A14%253Fsort_type%253D%25252Fcategory%25252Fschools%25252Fparent_child%25252Fdirection%25253Adesc%25252Fcountry_id%25253A1%25252Farea_id%25253A14%25253Fsort_type%25253D%2525252Fcategory%2525252Fschools%2525252Fparent_child%2525252Fdirection%2525253Aasc%2525252Fsort%2525253Alowest_fee_per_month%2525252Fcountry_id%2525253A1%2525252Farea_id%2525253A14,2026-04-14
https://schoolwith.me/category/schools/ielts/country_id:4?sort_type=/category/schools/ielts/direction:asc/country_id:4/sort:lowest_fee_per_month?sort_type%3D%252Fcategory%252Fschools%252Fielts%252Fdirection%253Aasc%252Fsort%253Alowest_fee_per_month%252Fcountry_id%253A4%253Fsort_type%253D%25252Fcategory%25252Fschools%25252Fielts%25252Fdirection%25253Aasc%25252Fcountry_id%25253A4%25252Fsort%25253Alowest_fee_per_month%25253Fsort_type%25253D%2525252Fcategory%2525252Fschools%2525252Fielts%2525252Fdirection%2525253Aasc%2525252Fsort%2525253Alowest_fee_per_month%2525252Fcountry_id%2525253A4%2525253Fsort_type%2525253D%252525252Fcategory%252525252Fschools%252525252Fielts%252525252Fdirection%252525253Aasc%252525252Fcountry_id%252525253A4%252525252Fsort%252525253Alowest_fee_per_month,2026-04-14
https://schoolwith.me/schools/review/119/page:11/sort:Review.locale/direction:desc,2026-04-14
"https://schoolwith.me/applications/f_register/80017?program_name=Conversation 
10%E3%82%B3%E3%83%9E/%E9%80%B1",2026-04-14
https://schoolwith.me/areas/school/4003/sort:lowest_fee_per_month/direction:asc/page:2?sort_type=/areas/school/4003/direction:desc?sort_type%3D%252Fareas%252Fschool%252F4003%252Fsort%253Alowest_fee_per_month%252Fdirection%253Aasc%253Fsort_type%253D%25252Fareas%25252Fschool%25252F4003%25252Fdirection%25253Adesc%25253Fsort_type%25253D%2525252Fareas%2525252Fschool%2525252F4003%2525252Fdirection%2525253Adesc%2525253Fsort_type%2525253D%252525252Fareas%252525252Fschool%252525252F4003%252525252Fsort%252525253Alowest_fee_per_month%252525252Fdirection%252525253Aasc,2026-04-14
"https://schoolwith.me/applications/f_register/20023?program_name=General 
English 18%E3%82%B3%E3%83%9E/%E9%80%B1",2026-04-14
https://schoolwith.me/category/schools/on_campus/country_id:3/area_id:3071?a8=I2Ghz2Y8u7rmQ7jZwns2sQEZBdlpsQreVnrmeljVQVL8u7GNX752-_GNs7leEe5sCVqQjBGFC2Ghos00000019593001,2026-04-14
https://schoolwith.me/areas/school/4003/page:4?sort_type=/areas/school/4003/direction:desc?sort_type%3D%252Fareas%252Fschool%252F4003%252Fsort%253Alowest_fee_per_month%252Fdirection%253Aasc%253Fsort_type%253D%25252Fareas%25252Fschool%25252F4003%25252Fdirection%25253Adesc%25253Fsort_type%25253D%2525252Fareas%2525252Fschool%2525252F4003%2525252Fdirection%2525253Adesc%2525253Fsort_type%2525253D%252525252Fareas%252525252Fschool%252525252F4003%252525252Fsort%252525253Alowest_fee_per_month%252525252Fdirection%252525253Aasc,2026-04-14
https://schoolwith.me/category/schools/native/page:9/direction:desc?sort_type=/category/schools/native/direction:desc,2026-04-14
https://schoolwith.me/countries/school/NZ/page:4/sort:lowest_fee_per_month/direction:asc?sort_type=/countries/school/NZ/direction:desc?sort_type%3D%252Fcountries%252Fschool%252FNZ%252Fsort%253Alowest_fee_per_month%252Fdirection%253Aasc,2026-04-14
https://schoolwith.me/purposes/schools/7/page:4?utm_term&amp;amp;amp;amp;utm_campaign=pmax&amp;amp;amp;amp;utm_source=google&amp;amp;amp;amp;utm_medium=cpc&amp;amp;amp;amp;hsa_acc=4332353937&amp;amp;amp;amp;hsa_cam=20421730922&amp;amp;amp;amp;hsa_grp&amp;amp;amp;amp;hsa_ad&amp;amp;amp;amp;hsa_src=x&amp;amp;amp;amp;hsa_tgt&amp;amp;amp;amp;hsa_kw&amp;amp;amp;amp;hsa_mt&amp;amp;amp;amp;hsa_net=adwords&amp;amp;amp;amp;hsa_ver=3&amp;amp;amp;amp;gad_source=1&amp;amp;amp;amp;gclid=CjwKCAjw_Na1BhAlEiwAM-dm7NAYGjLbvA25Rlm8Yt5Sifm2-l_A1xkYicjM_ssBSDiC07nopclqoxoCHZEQAvD_BwE,2026-04-14
https://schoolwith.me/areas/school/4002/page:8?a8=I2Ghz2Y8u7rmQ7jZwns2sQEZBdlpsQreVnrmeljVQVL8u7GNX752-_GNs7leEe5sCVqQjBGFC2Ghos00000019593001,2026-04-14
https://schoolwith.me/areas/school/4003/sort:lowest_fee_per_month/direction:asc?sort_type=/areas/school/4003/direction:desc?sort_type%3D%252Fareas%252Fschool%252F4003%252Fsort%253Alowest_fee_per_month%252Fdirection%253Aasc%253Fsort_type%253D%25252Fareas%25252Fschool%25252F4003%25252Fdirection%25253Adesc%25253Fsort_type%25253D%2525252Fareas%2525252Fschool%2525252F4003%2525252Fdirection%2525253Adesc%2525253Fsort_type%2525253D%252525252Fareas%252525252Fschool%252525252F4003%252525252Fsort%252525253Alowest_fee_per_month%252525252Fdirection%252525253Aasc,2026-04-14
https://schoolwith.me/auth/google_login?done=/applications/f_register/50135,2026-04-14
https://schoolwith.me/areas/school/4003?sort_type=/areas/school/4003/direction:desc?sort_type%3D%252Fareas%252Fschool%252F4003%252Fsort%253Alowest_fee_per_month%252Fdirection%253Aasc%253Fsort_type%253D%25252Fareas%25252Fschool%25252F4003%25252Fdirection%25253Adesc%25253Fsort_type%25253D%2525252Fareas%2525252Fschool%2525252F4003%2525252Fdirection%2525253Adesc%2525253Fsort_type%2525253D%252525252Fareas%252525252Fschool%252525252F4003%252525252Fsort%252525253Alowest_fee_per_month%252525252Fdirection%252525253Aasc,2026-04-14
https://schoolwith.me/countries/school/CA/sort:lowest_fee_per_month/direction:asc/page:2?sort_type=/countries/school/CA/sort:lowest_fee_per_month/direction:asc?sort_type%3D%252Fcountries%252Fschool%252FCA%252Fdirection%253Adesc%253Fsort_type%253D%25252Fcountries%25252Fschool%25252FCA,2026-04-14
https://schoolwith.me/areas/school/4003/page:3?sort_type=/areas/school/4003/direction:desc?sort_type%3D%252Fareas%252Fschool%252F4003%252Fsort%253Alowest_fee_per_month%252Fdirection%253Aasc%253Fsort_type%253D%25252Fareas%25252Fschool%25252F4003%25252Fdirection%25253Adesc%25253Fsort_type%25253D%2525252Fareas%2525252Fschool%2525252F4003%2525252Fdirection%2525253Adesc%2525253Fsort_type%2525253D%252525252Fareas%252525252Fschool%252525252F4003%252525252Fsort%252525253Alowest_fee_per_month%252525252Fdirection%252525253Aasc,2026-04-14
https://schoolwith.me/countries/school/NZ/page:3/sort:lowest_fee_per_month/direction:asc?sort_type=/countries/school/NZ/direction:desc?sort_type%3D%252Fcountries%252Fschool%252FNZ%252Fsort%253Alowest_fee_per_month%252Fdirection%253Aasc,2026-04-14
https://schoolwith.me/schools/review/157/posts_date_desc/page:2,2026-04-14
https://schoolwith.me/countries/school/UK/page:8?sort_type=/countries/school/UK/direction:desc?sort_type%3D%252Fcountries%252Fschool%252FUK%252Fsort%253Alowest_fee_per_month%252Fdirection%253Aasc,2026-04-14
https://schoolwith.me/countries/school/CA/page:2?sort_type=/countries/school/CA/sort:lowest_fee_per_month/direction:asc?sort_type%3D%252Fcountries%252Fschool%252FCA%252Fdirection%253Adesc%253Fsort_type%253D%25252Fcountries%25252Fschool%25252FCA,2026-04-14
https://schoolwith.me/countries/school/SG/page:6?sort_type=/countries/school/SG/direction:desc?sort_type%3D%252Fcountries%252Fschool%252FSG%252Fdirection%253Adesc%253Fsort_type%253D%25252Fcountries%25252Fschool%25252FSG%25252Fsort%25253Alowest_fee_per_month%25252Fdirection%25253Aasc,2026-04-14
https://schoolwith.me/countries/school/SG/page:5?sort_type=/countries/school/SG/direction:desc?sort_type%3D%252Fcountries%252Fschool%252FSG%252Fdirection%253Adesc%253Fsort_type%253D%25252Fcountries%25252Fschool%25252FSG%25252Fsort%25253Alowest_fee_per_month%25252Fdirection%25253Aasc,2026-04-14
https://schoolwith.me/category/schools/ielts/country_id:6?sort_type=/category/schools/ielts/direction:asc/country_id:6/sort:lowest_fee_per_month?sort_type%3D%252Fcategory%252Fschools%252Fielts%252Fdirection%253Aasc%252Fcountry_id%253A6%252Fsort%253Alowest_fee_per_month%253Fsort_type%253D%25252Fcategory%25252Fschools%25252Fielts%25252Fdirection%25253Adesc%25252Fcountry_id%25253A6%25253Fsort_type%25253D%2525252Fcategory%2525252Fschools%2525252Fielts%2525252Fdirection%2525253Adesc%2525252Fcountry_id%2525253A6%2525253Fsort_type%2525253D%252525252Fcategory%252525252Fschools%252525252Fielts%252525252Fdirection%252525253Adesc%252525252Fcountry_id%252525253A6%252525253Fsort_type%252525253D%25252525252Fcategory%25252525252Fschools%25252525252Fielts%25252525252Fdirection%25252525253Adesc%25252525252Fcountry_id%25252525253A6%25252525253Fsort_type%25252525253D%2525252525252Fcategory%2525252525252Fschools%2525252525252Fielts%2525252525252Fcountry_id%2525252525253A6%2525252525253Fsort_type%2525252525253D%252525252525252Fcategory%252525252525252Fschools%252525252525252Fielts%252525252525252Fsort%252525252525253Alowest_fee_per_month%252525252525252Fdirection%252525252525253AASC%252525252525252Fcountry_id%252525252525253A6,2026-04-14
https://schoolwith.me/countries/school/CA?sort_type=/countries/school/CA/sort:lowest_fee_per_month/direction:asc?sort_type%3D%252Fcountries%252Fschool%252FCA%252Fdirection%253Adesc%253Fsort_type%253D%25252Fcountries%25252Fschool%25252FCA,2026-04-14
https://schoolwith.me/countries/school/UK/page:3?sort_type=/countries/school/UK/sort:lowest_fee_per_month/direction:asc?sort_type%3D%252Fcountries%252Fschool%252FUK%252Fsort%253Alowest_fee_per_month%252Fdirection%253Aasc,2026-04-14
https://schoolwith.me/countries/school/IE/page:4/sort:lowest_fee_per_month/direction:asc?sort_type=/countries/school/IE/direction:desc?sort_type%3D%252Fcountries%252Fschool%252FIE%252Fsort%253Alowest_fee_per_month%252Fdirection%253Aasc,2026-04-14
https://schoolwith.me/countries/school/UK/page:4?sort_type=/countries/school/UK/sort:lowest_fee_per_month/direction:asc?sort_type%3D%252Fcountries%252Fschool%252FUK%252Fsort%253Alowest_fee_per_month%252Fdirection%253Aasc,2026-04-14
https://schoolwith.me/countries/school/IE/page:2/sort:lowest_fee_per_month/direction:asc?sort_type=/countries/school/IE/direction:desc?sort_type%3D%252Fcountries%252Fschool%252FIE%252Fsort%253Alowest_fee_per_month%252Fdirection%253Aasc,2026-04-14
https://schoolwith.me/reviews/check?schoolId=30208&areaId=3006&countryId=3,2026-04-14
https://schoolwith.me/countries/school/UK/page:9?sort_type=/countries/school/UK/direction:desc?sort_type%3D%252Fcountries%252Fschool%252FUK%252Fsort%253Alowest_fee_per_month%252Fdirection%253Aasc,2026-04-14
"https://schoolwith.me/applications/f_register/30084?program_name=OHC Core 
15%E3%82%B3%E3%83%9E/%E9%80%B1",2026-04-14
https://schoolwith.me/countries/school/CA/sort:lowest_fee_per_month/direction:asc?sort_type=/countries/school/CA/sort:lowest_fee_per_month/direction:asc?sort_type%3D%252Fcountries%252Fschool%252FCA%252Fdirection%253Adesc%253Fsort_type%253D%25252Fcountries%25252Fschool%25252FCA,2026-04-14
https://schoolwith.me/countries/school/UK/page:10?sort_type=/countries/school/UK/direction:desc?sort_type%3D%252Fcountries%252Fschool%252FUK%252Fsort%253Alowest_fee_per_month%252Fdirection%253Aasc,2026-04-14
https://schoolwith.me/countries/school/UK/page:5?sort_type=/countries/school/UK/sort:lowest_fee_per_month/direction:asc?sort_type%3D%252Fcountries%252Fschool%252FUK%252Fsort%253Alowest_fee_per_month%252Fdirection%253Aasc,2026-04-14
https://schoolwith.me/areas/school/1/page:12/direction:asc/sort:lowest_fee_per_month?sort_type=/areas/school/1/direction:asc/sort:lowest_fee_per_month?sort_type%3D%252Fareas%252Fschool%252F1%252Fdirection%253Aasc%252Fsort%253Alowest_fee_per_month%253Fsort_type%253D%25252Fareas%25252Fschool%25252F1%25252Fdirection%25253Adesc%25253Fsort_type%25253D%2525252Fareas%2525252Fschool%2525252F1%2525252Fdirection%2525253Aasc%2525252Fsort%2525253Alowest_fee_per_month%2525253Fsort_type%2525253D%252525252Fareas%252525252Fschool%252525252F1%252525252Fdirection%252525253Adesc%252525253Fsort_type%252525253D%25252525252Fareas%25252525252Fschool%25252525252F1%25252525252Fsort%25252525253Alowest_fee_per_month%25252525252Fdirection%25252525253Aasc,2026-04-14
https://schoolwith.me/countries/school/SG/page:2?sort_type=/countries/school/SG/direction:desc?sort_type%3D%252Fcountries%252Fschool%252FSG%252Fdirection%253Adesc%253Fsort_type%253D%25252Fcountries%25252Fschool%25252FSG%25252Fsort%25253Alowest_fee_per_month%25252Fdirection%25253Aasc,2026-04-14
https://schoolwith.me/areas/school/1/page:11/direction:asc/sort:lowest_fee_per_month?sort_type=/areas/school/1/direction:asc/sort:lowest_fee_per_month?sort_type%3D%252Fareas%252Fschool%252F1%252Fdirection%253Aasc%252Fsort%253Alowest_fee_per_month%253Fsort_type%253D%25252Fareas%25252Fschool%25252F1%25252Fdirection%25253Adesc%25253Fsort_type%25253D%2525252Fareas%2525252Fschool%2525252F1%2525252Fdirection%2525253Aasc%2525252Fsort%2525253Alowest_fee_per_month%2525253Fsort_type%2525253D%252525252Fareas%252525252Fschool%252525252F1%252525252Fdirection%252525253Adesc%252525253Fsort_type%252525253D%25252525252Fareas%25252525252Fschool%25252525252F1%25252525252Fsort%25252525253Alowest_fee_per_month%25252525252Fdirection%25252525253Aasc,2026-04-14
https://schoolwith.me/schools/review/144/posts_date_desc/page:2,2026-04-14
https://schoolwith.me/countries/school/UK/page:10/direction:desc?sort_type=/countries/school/UK/sort:lowest_fee_per_month/direction:ASC,2026-04-14
https://schoolwith.me/countries/school/SG/page:4?sort_type=/countries/school/SG/direction:desc?sort_type%3D%252Fcountries%252Fschool%252FSG%252Fdirection%253Adesc%253Fsort_type%253D%25252Fcountries%25252Fschool%25252FSG%25252Fsort%25253Alowest_fee_per_month%25252Fdirection%25253Aasc,2026-04-14
https://schoolwith.me/countries/school/NZ/sort:lowest_fee_per_month/direction:asc/page:2?sort_type=/countries/school/NZ/direction:desc?sort_type%3D%252Fcountries%252Fschool%252FNZ%252Fsort%253Alowest_fee_per_month%252Fdirection%253Aasc,2026-04-14
https://schoolwith.me/reviews/check?schoolId=97&areaId=6&countryId=1,2026-04-14
https://schoolwith.me/countries/school/UK/page:6?sort_type=/countries/school/UK/sort:lowest_fee_per_month/direction:asc?sort_type%3D%252Fcountries%252Fschool%252FUK%252Fsort%253Alowest_fee_per_month%252Fdirection%253Aasc,2026-04-14
https://schoolwith.me/countries/school/SG/page:3?sort_type=/countries/school/SG/direction:desc?sort_type%3D%252Fcountries%252Fschool%252FSG%252Fdirection%253Adesc%253Fsort_type%253D%25252Fcountries%25252Fschool%25252FSG%25252Fsort%25253Alowest_fee_per_month%25252Fdirection%25253Aasc,2026-04-14
https://schoolwith.me/areas/school/4001/page:7/sort:lowest_fee_per_month/direction:asc,2026-04-14
https://schoolwith.me/columns/amp/32683,2026-04-14
https://schoolwith.me/areas/school/1/page:10/direction:asc/sort:lowest_fee_per_month?sort_type=/areas/school/1/direction:asc/sort:lowest_fee_per_month?sort_type%3D%252Fareas%252Fschool%252F1%252Fdirection%253Aasc%252Fsort%253Alowest_fee_per_month%253Fsort_type%253D%25252Fareas%25252Fschool%25252F1%25252Fdirection%25253Adesc%25253Fsort_type%25253D%2525252Fareas%2525252Fschool%2525252F1%2525252Fdirection%2525253Aasc%2525252Fsort%2525253Alowest_fee_per_month%2525253Fsort_type%2525253D%252525252Fareas%252525252Fschool%252525252F1%252525252Fdirection%252525253Adesc%252525253Fsort_type%252525253D%25252525252Fareas%25252525252Fschool%25252525252F1%25252525252Fsort%25252525253Alowest_fee_per_month%25252525252Fdirection%25252525253Aasc,2026-04-14
https://schoolwith.me/areas/school/4001/page:2/sort:lowest_fee_per_month/direction:asc?sort_type=/areas/school/4001/sort:tmp_overall_score/direction:DESC,2026-04-14
https://schoolwith.me/countries/school/CA/page:17?sort_type=/countries/school/CA?sort_type%3D%252Fcountries%252Fschool%252FCA%252Fsort%253Alowest_fee_per_month%252Fdirection%253AASC%253Fsort_type%253D%25252Fcountries%25252Fschool%25252FCA%25253Fsort_type%25253D%2525252Fcountries%2525252Fschool%2525252FCA%2525253Fsort_type%2525253D%252525252Fcountries%252525252Fschool%252525252FCA%252525252Fsort%252525253Atmp_overall_score%252525252Fdirection%252525253ADESC%252525253Fsort_type%252525253D%25252525252Fcountries%25252525252Fschool%25252525252FCA%25252525252Fsort%25252525253Alowest_fee_per_month%25252525252Fdirection%25252525253AASC%25252525253Fsort_type%25252525253D%2525252525252Fcountries%2525252525252Fschool%2525252525252FCA%2525252525252Fsort%2525252525253Alowest_fee_per_month%2525252525252Fdirection%2525252525253AASC%2525252525253Fsort_type%2525252525253D%252525252525252Fcountries%252525252525252Fschool%252525252525252FCA%252525252525252Fsort%252525252525253Atmp_overall_score%252525252525252Fdirection%252525252525253ADESC,2026-04-14
https://schoolwith.me/countries/school/UK/page:7?sort_type=/countries/school/UK/sort:lowest_fee_per_month/direction:asc?sort_type%3D%252Fcountries%252Fschool%252FUK%252Fsort%253Alowest_fee_per_month%252Fdirection%253Aasc,2026-04-14
https://schoolwith.me/areas/school/5004/page:3/direction:desc?sort_type=/areas/school/5004/direction:desc?sort_type%3D%252Fareas%252Fschool%252F5004%252Fdirection%253Aasc%252Fsort%253Alowest_fee_per_month%253Fsort_type%253D%25252Fareas%25252Fschool%25252F5004%25252Fsort%25253Alowest_fee_per_month%25252Fdirection%25253Aasc%25253Fsort_type%25253D%2525252Fareas%2525252Fschool%2525252F5004%2525252Fdirection%2525253Adesc,2026-04-14
https://schoolwith.me/schools/review/144/overall_rating_asc/supports/line/page:2,2026-04-14
https://schoolwith.me/areas/school/4001/page:6/sort:lowest_fee_per_month/direction:asc,2026-04-14
https://schoolwith.me/category/schools/business/country_id:1?sort_type=/category/schools/business/direction:asc/sort:lowest_fee_per_month/country_id:1?sort_type%3D%252Fcategory%252Fschools%252Fbusiness%252Fcountry_id%253A1%252Fdirection%253Adesc%253Fsort_type%253D%25252Fcategory%25252Fschools%25252Fbusiness%25252Fcountry_id%25253A1%25252Fdirection%25253Adesc%25253Fsort_type%25253D%2525252Fcategory%2525252Fschools%2525252Fbusiness%2525252Fcountry_id%2525253A1%2525252Fsort%2525253Alowest_fee_per_month%2525252Fdirection%2525253AASC,2026-04-14
https://schoolwith.me/areas/school/1/page:9/direction:asc/sort:lowest_fee_per_month?sort_type=/areas/school/1/direction:asc/sort:lowest_fee_per_month?sort_type%3D%252Fareas%252Fschool%252F1%252Fdirection%253Aasc%252Fsort%253Alowest_fee_per_month%253Fsort_type%253D%25252Fareas%25252Fschool%25252F1%25252Fdirection%25253Adesc%25253Fsort_type%25253D%2525252Fareas%2525252Fschool%2525252F1%2525252Fdirection%2525253Aasc%2525252Fsort%2525253Alowest_fee_per_month%2525253Fsort_type%2525253D%252525252Fareas%252525252Fschool%252525252F1%252525252Fdirection%252525253Adesc%252525253Fsort_type%252525253D%25252525252Fareas%25252525252Fschool%25252525252F1%25252525252Fsort%25252525253Alowest_fee_per_month%25252525252Fdirection%25252525253Aasc,2026-04-14
https://schoolwith.me/areas/school/5001/page:13/direction:desc?a8=KrA0DrUo2L8pjzgCZjBMppIMq.zJ8oIsAj_CszIFMF4o2LAX79TKcLTLGLZsasTBcFbMIvAycrA01s00000024868001,2026-04-14
https://schoolwith.me/countries/school/UK/page:8?sort_type=/countries/school/UK/sort:lowest_fee_per_month/direction:asc?sort_type%3D%252Fcountries%252Fschool%252FUK%252Fsort%253Alowest_fee_per_month%252Fdirection%253Aasc,2026-04-14
https://schoolwith.me/schools/curriculum/142?fragment_identifier=Curriculum483,2026-04-14
https://schoolwith.me/areas/school/5001/page:12/direction:desc?a8=KrA0DrUo2L8pjzgCZjBMppIMq.zJ8oIsAj_CszIFMF4o2LAX79TKcLTLGLZsasTBcFbMIvAycrA01s00000024868001,2026-04-14
https://schoolwith.me/areas/school/4001/page:6/sort:lowest_fee_per_month/direction:asc?sort_type=/areas/school/4001/sort:tmp_overall_score/direction:DESC,2026-04-14
https://schoolwith.me/areas/school/4001/page:8?sort_type=/areas/school/4001/sort:tmp_overall_score/direction:DESC,2026-04-14
https://schoolwith.me/areas/school/4001/page:5/sort:lowest_fee_per_month/direction:asc?sort_type=/areas/school/4001/sort:tmp_overall_score/direction:DESC,2026-04-14
https://schoolwith.me/schools/review/144/overall_rating_asc/page:2,2026-04-14
https://schoolwith.me/areas/school/4001/page:4/sort:lowest_fee_per_month/direction:asc?sort_type=/areas/school/4001/sort:tmp_overall_score/direction:DESC,2026-04-14
https://schoolwith.me/areas/school/4001/page:7?sort_type=/areas/school/4001/sort:tmp_overall_score/direction:DESC,2026-04-14
https://schoolwith.me/areas/school/5001/page:11/direction:desc?a8=KrA0DrUo2L8pjzgCZjBMppIMq.zJ8oIsAj_CszIFMF4o2LAX79TKcLTLGLZsasTBcFbMIvAycrA01s00000024868001,2026-04-14
https://schoolwith.me/countries/school/US/page:41/direction:asc/sort:lowest_fee_per_month,2026-04-14
https://schoolwith.me/areas/school/4001/page:3/sort:lowest_fee_per_month/direction:asc?sort_type=/areas/school/4001/sort:tmp_overall_score/direction:DESC,2026-04-14
https://schoolwith.me/areas/school/4001/page:6?sort_type=/areas/school/4001/sort:tmp_overall_score/direction:DESC,2026-04-14
https://schoolwith.me/areas/school/5001/page:10/direction:desc?a8=KrA0DrUo2L8pjzgCZjBMppIMq.zJ8oIsAj_CszIFMF4o2LAX79TKcLTLGLZsasTBcFbMIvAycrA01s00000024868001,2026-04-14
https://schoolwith.me/columns/category/1/supports/line/page:7,2026-04-14
https://schoolwith.me/areas/school/4007/page:2,2026-04-14
https://schoolwith.me/areas/school/4001/sort:lowest_fee_per_month/direction:asc/page:2?sort_type=/areas/school/4001/sort:tmp_overall_score/direction:DESC,2026-04-14
https://schoolwith.me/areas/school/4001/page:5?sort_type=/areas/school/4001/sort:tmp_overall_score/direction:DESC,2026-04-14
https://schoolwith.me/schools/photo_movie/all/40357,2026-04-14
https://schoolwith.me/countries/school/US/page:40/direction:asc/sort:lowest_fee_per_month,2026-04-14
https://schoolwith.me/areas/school/4001/sort:lowest_fee_per_month/direction:asc?sort_type=/areas/school/4001/sort:tmp_overall_score/direction:DESC,2026-04-14
https://schoolwith.me/category/schools/ielts/direction:asc/country_id:6/sort:lowest_fee_per_month?sort_type=/category/schools/ielts/direction:desc/country_id:6?sort_type%3D%252Fcategory%252Fschools%252Fielts%252Fdirection%253Aasc%252Fcountry_id%253A6%252Fsort%253Alowest_fee_per_month%253Fsort_type%253D%25252Fcategory%25252Fschools%25252Fielts%25252Fdirection%25253Adesc%25252Fcountry_id%25253A6%25253Fsort_type%25253D%2525252Fcategory%2525252Fschools%2525252Fielts%2525252Fdirection%2525253Adesc%2525252Fcountry_id%2525253A6%2525253Fsort_type%2525253D%252525252Fcategory%252525252Fschools%252525252Fielts%252525252Fdirection%252525253Adesc%252525252Fcountry_id%252525253A6%252525253Fsort_type%252525253D%25252525252Fcategory%25252525252Fschools%25252525252Fielts%25252525252Fdirection%25252525253Adesc%25252525252Fcountry_id%25252525253A6%25252525253Fsort_type%25252525253D%2525252525252Fcategory%2525252525252Fschools%2525252525252Fielts%2525252525252Fcountry_id%2525252525253A6%2525252525253Fsort_type%2525252525253D%252525252525252Fcategory%252525252525252Fschools%252525252525252Fielts%252525252525252Fsort%252525252525253Alowest_fee_per_month%252525252525252Fdirection%252525252525253AASC%252525252525252Fcountry_id%252525252525253A6,2026-04-14
"https://schoolwith.me/applications/register/30311?program_name=Semi-Intensive 
English 27%E3%82%B3%E3%83%9E/%E9%80%B1",2026-04-14
https://schoolwith.me/areas/school/1/page:8/direction:asc/sort:lowest_fee_per_month?sort_type=/areas/school/1/direction:asc/sort:lowest_fee_per_month?sort_type%3D%252Fareas%252Fschool%252F1%252Fdirection%253Aasc%252Fsort%253Alowest_fee_per_month%253Fsort_type%253D%25252Fareas%25252Fschool%25252F1%25252Fdirection%25253Adesc%25253Fsort_type%25253D%2525252Fareas%2525252Fschool%2525252F1%2525252Fdirection%2525253Aasc%2525252Fsort%2525253Alowest_fee_per_month%2525253Fsort_type%2525253D%252525252Fareas%252525252Fschool%252525252F1%252525252Fdirection%252525253Adesc%252525253Fsort_type%252525253D%25252525252Fareas%25252525252Fschool%25252525252F1%25252525252Fsort%25252525253Alowest_fee_per_month%25252525252Fdirection%25252525253Aasc,2026-04-14
https://schoolwith.me/countries/school/US/page:39/direction:asc/sort:lowest_fee_per_month,2026-04-14
https://schoolwith.me/areas/school/4001/page:4?sort_type=/areas/school/4001/sort:tmp_overall_score/direction:DESC,2026-04-14
https://schoolwith.me/schools/review/121/page:2,2026-04-14
"https://schoolwith.me/applications/register/20200?program_name=%E3%82%A4%E3%83%B3%E3%83%86%E3%83%B3%E3%82%B7%E3%83%96%E3%82%B3%E3%83%BC%E3%82%B9 
32%E3%82%B3%E3%83%9E/%E9%80%B1",2026-04-14
"https://schoolwith.me/applications/f_register/40087?program_name=OHC Core 
15%E3%82%B3%E3%83%9E/%E9%80%B1",2026-04-14
https://schoolwith.me/areas/school/4007/direction:desc/page:2?a8=KrA0DrUo2L8pjzgCZjBMppIMq.zJ8oIsAj_CszIFMF4o2LAX79TKcLTLGLZsasTBcFbMIvAycrA01s00000024868001,2026-04-14
https://schoolwith.me/category/schools/ielts/direction:asc/country_id:4/sort:lowest_fee_per_month?sort_type=/category/schools/ielts/direction:asc/country_id:4/sort:lowest_fee_per_month?sort_type%3D%252Fcategory%252Fschools%252Fielts%252Fdirection%253Aasc%252Fsort%253Alowest_fee_per_month%252Fcountry_id%253A4%253Fsort_type%253D%25252Fcategory%25252Fschools%25252Fielts%25252Fdirection%25253Aasc%25252Fcountry_id%25253A4%25252Fsort%25253Alowest_fee_per_month%25253Fsort_type%25253D%2525252Fcategory%2525252Fschools%2525252Fielts%2525252Fdirection%2525253Aasc%2525252Fsort%2525253Alowest_fee_per_month%2525252Fcountry_id%2525253A4%2525253Fsort_type%2525253D%252525252Fcategory%252525252Fschools%252525252Fielts%252525252Fdirection%252525253Aasc%252525252Fcountry_id%252525253A4%252525252Fsort%252525253Alowest_fee_per_month,2026-04-13
https://schoolwith.me/schools/review/119/page:11/sort:Review.locale/direction:desc?a8=KrA0DrUo2L8pjzgCZjBMppIMq.zJ8oIsAj_CszIFMF4o2LAX79TKcLTLGLZsasTBcFbMIvAycrA01s00000024868001,2026-04-13
https://schoolwith.me/category/schools/ielts/direction:asc/country_id:6/sort:lowest_fee_per_month?sort_type=/category/schools/ielts/direction:asc/country_id:6/sort:lowest_fee_per_month?sort_type%3D%252Fcategory%252Fschools%252Fielts%252Fdirection%253Aasc%252Fcountry_id%253A6%252Fsort%253Alowest_fee_per_month%253Fsort_type%253D%25252Fcategory%25252Fschools%25252Fielts%25252Fdirection%25253Adesc%25252Fcountry_id%25253A6%25253Fsort_type%25253D%2525252Fcategory%2525252Fschools%2525252Fielts%2525252Fdirection%2525253Adesc%2525252Fcountry_id%2525253A6%2525253Fsort_type%2525253D%252525252Fcategory%252525252Fschools%252525252Fielts%252525252Fdirection%252525253Adesc%252525252Fcountry_id%252525253A6%252525253Fsort_type%252525253D%25252525252Fcategory%25252525252Fschools%25252525252Fielts%25252525252Fdirection%25252525253Adesc%25252525252Fcountry_id%25252525253A6%25252525253Fsort_type%25252525253D%2525252525252Fcategory%2525252525252Fschools%2525252525252Fielts%2525252525252Fcountry_id%2525252525253A6%2525252525253Fsort_type%2525252525253D%252525252525252Fcategory%252525252525252Fschools%252525252525252Fielts%252525252525252Fsort%252525252525253Alowest_fee_per_month%252525252525252Fdirection%252525252525253AASC%252525252525252Fcountry_id%252525252525253A6,2026-04-13
https://schoolwith.me/areas/school/4007/sort:lowest_fee_per_month/direction:asc?a8=KrA0DrUo2L8pjzgCZjBMppIMq.zJ8oIsAj_CszIFMF4o2LAX79TKcLTLGLZsasTBcFbMIvAycrA01s00000024868001,2026-04-13
https://schoolwith.me/countries/school/NZ/sort:lowest_fee_per_month/direction:asc?sort_type=/countries/school/NZ/direction:desc?sort_type%3D%252Fcountries%252Fschool%252FNZ%252Fsort%253Alowest_fee_per_month%252Fdirection%253Aasc,2026-04-13
https://schoolwith.me/reviews/check?schoolId=40105&areaId=4004&countryId=4,2026-04-13
"https://schoolwith.me/purposes/schools/4/page:5?utm_source=bing&amp;amp;utm_medium=ppc&amp;amp;utm_campaign=SW_2022%E5%B9%B49%E6%9C%88_%E5%85%A8%E8%88%AC&amp;amp;utm_term=%E9%AB%98%E6%A0%A1%E7%94%9F 
%E3%83%9B%E3%83%BC%E3%83%A0%E3%82%B9%E3%83%86%E3%82%A4&amp;amp;hsa_acc=4332353937&amp;amp;hsa_cam=18254588843&amp;amp;hsa_grp=1316117777117555&amp;amp;hsa_ad&amp;amp;hsa_src=o&amp;amp;hsa_tgt=kwd-82258367230128:loc-138295&amp;amp;hsa_kw=%E9%AB%98%E6%A0%A1%E7%94%9F 
%E3%83%9B%E3%83%BC%E3%83%A0%E3%82%B9%E3%83%86%E3%82%A4&amp;amp;hsa_mt=p&amp;amp;hsa_net=adwords&amp;amp;hsa_ver=3&amp;amp;msclkid=32b35947e5a31ab1b5193ff76ccaf64c",2026-04-13
https://schoolwith.me/category/schools/short_term/direction:asc/country_id:2/area_id:2057/sort:lowest_fee_per_month?sort_type=/category/schools/short_term/direction:asc/country_id:2/area_id:2057/sort:lowest_fee_per_month?sort_type%3D%252Fcategory%252Fschools%252Fshort_term%252Fcountry_id%253A2%252Farea_id%253A2057%252Fdirection%253Adesc%253Fsort_type%253D%25252Fcategory%25252Fschools%25252Fshort_term%25252Fcountry_id%25253A2%25252Farea_id%25253A2057%25252Fdirection%25253Adesc%25253Fsort_type%25253D%2525252Fcategory%2525252Fschools%2525252Fshort_term%2525252Fcountry_id%2525253A2%2525252Farea_id%2525253A2057%2525252Fsort%2525253Alowest_fee_per_month%2525252Fdirection%2525253Aasc%2525253Fsort_type%2525253D%252525252Fcategory%252525252Fschools%252525252Fshort_term%252525252Fcountry_id%252525253A2%252525252Farea_id%252525253A2057%252525252Fsort%252525253Alowest_fee_per_month%252525252Fdirection%252525253Aasc,2026-04-13
https://schoolwith.me/category/schools/business/direction:asc/country_id:1/sort:lowest_fee_per_month?sort_type=/category/schools/business/direction:asc/sort:lowest_fee_per_month/country_id:1?sort_type%3D%252Fcategory%252Fschools%252Fbusiness%252Fcountry_id%253A1%252Fdirection%253Adesc%253Fsort_type%253D%25252Fcategory%25252Fschools%25252Fbusiness%25252Fcountry_id%25253A1%25252Fdirection%25253Adesc%25253Fsort_type%25253D%2525252Fcategory%2525252Fschools%2525252Fbusiness%2525252Fcountry_id%2525253A1%2525252Fsort%2525253Alowest_fee_per_month%2525252Fdirection%2525253AASC,2026-04-13
https://schoolwith.me/areas/school/4003/sort:lowest_fee_per_month/direction:asc?sort_type=/areas/school/4003/sort:tmp_overall_score/direction:DESC,2026-04-13
https://schoolwith.me/columns/tag/オススメな観光地情報,2026-04-13
https://schoolwith.me/category/schools/business/direction:asc/country_id:1/sort:lowest_fee_per_month?sort_type=/category/schools/business/country_id:1/direction:desc?sort_type%3D%252Fcategory%252Fschools%252Fbusiness%252Fcountry_id%253A1%252Fdirection%253Adesc%253Fsort_type%253D%25252Fcategory%25252Fschools%25252Fbusiness%25252Fcountry_id%25253A1%25252Fdirection%25253Adesc%25253Fsort_type%25253D%2525252Fcategory%2525252Fschools%2525252Fbusiness%2525252Fcountry_id%2525253A1%2525252Fsort%2525253Alowest_fee_per_month%2525252Fdirection%2525253AASC,2026-04-13
https://schoolwith.me/purposes/schools/4/page:2?utm_source=bing&amp;amp;utm_medium=ppc&amp;amp;utm_campaign=SW_2022%E5%B9%B49%E6%9C%88_%E5%85%A8%E8%88%AC&amp;amp;utm_term=%E3%83%AF%E3%83%BC%E3%82%AF%E3%83%9B%E3%83%AA%E3%83%87%E3%83%BC&amp;amp;hsa_acc=4332353937&amp;amp;hsa_cam=18254588843&amp;amp;hsa_grp=1315018266569954&amp;amp;hsa_ad&amp;amp;hsa_src=o&amp;amp;hsa_tgt=kwd-82189628810947:loc-138307&amp;amp;hsa_kw=%E3%83%AF%E3%83%BC%E3%82%AF%E3%83%9B%E3%83%AA%E3%83%87%E3%83%BC&amp;amp;hsa_mt=e&amp;amp;hsa_net=adwords&amp;amp;hsa_ver=3&amp;amp;msclkid=8cc6ab36aaef1c59132ccd99afb9c241,2026-04-13
https://schoolwith.me/schools/review/83/end_date_desc/page:4,2026-04-13
https://schoolwith.me/areas/school/5004/direction:desc/page:2?sort_type=/areas/school/5004/direction:asc/sort:lowest_fee_per_month?sort_type%3D%252Fareas%252Fschool%252F5004%252Fdirection%253Adesc,2026-04-13
https://schoolwith.me/areas/school/4001/page:3?sort_type=/areas/school/4001/sort:tmp_overall_score/direction:DESC,2026-04-13
https://schoolwith.me/areas/school/4001?sort_type=/areas/school/4001/sort:tmp_overall_score/direction:DESC,2026-04-13
https://schoolwith.me/category/schools/cambridge/page:10/direction:desc?sort_type=/category/schools/cambridge/direction:desc?sort_type%3D%252Fcategory%252Fschools%252Fcambridge%252Fdirection%253Adesc%253Fsort_type%253D%25252Fcategory%25252Fschools%25252Fcambridge%25252Fsort%25253Alowest_fee_per_month%25252Fdirection%25253Aasc%25253Fsort_type%25253D%2525252Fcategory%2525252Fschools%2525252Fcambridge%2525252Fsort%2525253Alowest_fee_per_month%2525252Fdirection%2525253Aasc%2525253Fsort_type%2525253D%252525252Fcategory%252525252Fschools%252525252Fcambridge%252525252Fdirection%252525253Adesc,2026-04-13
https://schoolwith.me/purposes/schools/4/page:8?utm_source=bing&amp;amp;amp;amp;utm_medium=ppc&amp;amp;amp;amp;utm_campaign=SW_2022%E5%B9%B49%E6%9C%88_%E5%85%A8%E8%88%AC&amp;amp;amp;amp;utm_term=%E7%95%99%E5%AD%A6%E3%83%97%E3%83%AD%E3%82%B0%E3%83%A9%E3%83%A0&amp;amp;amp;amp;hsa_acc=4332353937&amp;amp;amp;amp;hsa_cam=18254588843&amp;amp;amp;amp;hsa_grp=1317217289084228&amp;amp;amp;amp;hsa_ad&amp;amp;amp;amp;hsa_src=o&amp;amp;amp;amp;hsa_tgt=kwd-82327070899514:loc-138331&amp;amp;amp;amp;hsa_kw=%E7%95%99%E5%AD%A6%E3%83%97%E3%83%AD%E3%82%B0%E3%83%A9%E3%83%A0&amp;amp;amp;amp;hsa_mt=p&amp;amp;amp;amp;hsa_net=adwords&amp;amp;amp;amp;hsa_ver=3&amp;amp;amp;amp;msclkid=31f2a16a9ad1140e8340c798a404a030,2026-04-13
https://schoolwith.me/auth/google_login?done=/applications/f_register/50085,2026-04-13
https://schoolwith.me/auth/google_login?done=/applications/register/30311,2026-04-13
https://schoolwith.me/applications/register/30077,2026-04-13
https://schoolwith.me/applications/register/187,2026-04-13
https://schoolwith.me/applications/register/40088,2026-04-13
"https://schoolwith.me/purposes/schools/4?utm_source=bing&amp;amp;amp;amp;utm_medium=ppc&amp;amp;amp;amp;utm_campaign=SW_2022%E5%B9%B49%E6%9C%88_%E5%85%A8%E8%88%AC&amp;amp;amp;amp;utm_term=%E3%83%8B%E3%83%A5%E3%83%BC%E3%82%B8%E3%83%BC%E3%83%A9%E3%83%B3%E3%83%89 
%E3%82%B5%E3%83%9E%E3%83%BC 
%E3%82%B9%E3%82%AF%E3%83%BC%E3%83%AB&amp;amp;amp;amp;hsa_acc=4332353937&amp;amp;amp;amp;hsa_cam=18254588843&amp;amp;amp;amp;hsa_grp=1313918754166049&amp;amp;amp;amp;hsa_ad&amp;amp;amp;amp;hsa_src=o&amp;amp;amp;amp;hsa_tgt=kwd-82120927888266:loc-138305&amp;amp;amp;amp;hsa_kw=%E3%83%8B%E3%83%A5%E3%83%BC%E3%82%B8%E3%83%BC%E3%83%A9%E3%83%B3%E3%83%89 
%E3%82%B5%E3%83%9E%E3%83%BC 
%E3%82%B9%E3%82%AF%E3%83%BC%E3%83%AB&amp;amp;amp;amp;hsa_mt=b&amp;amp;amp;amp;hsa_net=adwords&amp;amp;amp;amp;hsa_ver=3&amp;amp;amp;amp;msclkid=520812a0862a19a4ed4b7491131e6ef6",2026-04-13
https://schoolwith.me/countries/school/CA/page:2/sort:lowest_fee_per_month/direction:asc?sort_type=/countries/school/CA/sort:lowest_fee_per_month/direction:asc?src_user%3Dtop_main_cntry_pc,2026-04-13
https://schoolwith.me/schools/review/121/sort:Review.locale/direction:desc/page:2?a8=KrA0DrUo2L8pjzgCZjBMppIMq.zJ8oIsAj_CszIFMF4o2LAX79TKcLTLGLZsasTBcFbMIvAycrA01s00000024868001,2026-04-13
"https://schoolwith.me/applications/register/20236?program_name=Company 
Experience 22%E3%80%9C33%E3%82%B3%E3%83%9E/%E9%80%B1",2026-04-13
"https://schoolwith.me/purposes/schools/4?utm_source=adwords&amp;amp;amp;amp;amp;amp;utm_medium=ppc&amp;amp;amp;amp;amp;amp;utm_campaign=SW_2022%E5%B9%B49%E6%9C%88_%E5%85%A8%E8%88%AC&amp;amp;amp;amp;amp;amp;utm_term=%E7%95%99%E5%AD%A6 
%E3%81%99%E3%82%8B%E3%81%AB%E3%81%AF&amp;amp;amp;amp;amp;amp;hsa_acc=4332353937&amp;amp;amp;amp;amp;amp;hsa_cam=18254588843&amp;amp;amp;amp;amp;amp;hsa_grp=146068217492&amp;amp;amp;amp;amp;amp;hsa_ad=681541339577&amp;amp;amp;amp;amp;amp;hsa_src=s&amp;amp;amp;amp;amp;amp;hsa_tgt=kwd-318600743953&amp;amp;amp;amp;amp;amp;hsa_kw=%E7%95%99%E5%AD%A6 
%E3%81%99%E3%82%8B%E3%81%AB%E3%81%AF&amp;amp;amp;amp;amp;amp;hsa_mt=b&amp;amp;amp;amp;amp;amp;hsa_net=adwords&amp;amp;amp;amp;amp;amp;hsa_ver=3&amp;amp;amp;amp;amp;amp;gad_source=5&amp;amp;amp;amp;amp;amp;gclid=EAIaIQobChMIk__W39fMiQMVDKhmAh2m1TkzEAAYASABEgISnPD_BwE",2026-04-13
https://schoolwith.me/category/schools/short_term/country_id:5/area_id:5003?sort_type=/category/schools/short_term/direction:desc/country_id:5/area_id:5003,2026-04-13
https://schoolwith.me/applications/f_register/50135,2026-04-13
https://schoolwith.me/category/schools/non_japanese/page:21/sort:lowest_fee_per_month/direction:asc?sort_type=/category/schools/non_japanese/sort:lowest_fee_per_month/direction:asc?sort_type%3D%252Fcategory%252Fschools%252Fnon_japanese%252Fdirection%253Adesc%253Futm_content%253Dbuffer5a412%2526amp%253Bamp%25253Bamp%25253Butm_medium%253Dsocial%2526amp%253Bamp%25253Bamp%25253Butm_source%253Dtwitter.com%2526amp%253Bamp%25253Bamp%25253Butm_campaign%253Dbuffer,2026-04-13
https://schoolwith.me/countries/school/CA/page:3/sort:lowest_fee_per_month/direction:asc?sort_type=/countries/school/CA/sort:lowest_fee_per_month/direction:asc?src_user%3Dtop_main_cntry_pc,2026-04-13
https://schoolwith.me/countries/school/CA/sort:lowest_fee_per_month/direction:asc/page:2?sort_type=/countries/school/CA/sort:lowest_fee_per_month/direction:asc?src_user%3Dtop_main_cntry_pc,2026-04-13
https://schoolwith.me/countries/school/SG/page:3/sort:lowest_fee_per_month/direction:asc?sort_type=/countries/school/SG/direction:desc?sort_type%3D%252Fcountries%252Fschool%252FSG%252Fdirection%253Adesc%253Fsort_type%253D%25252Fcountries%25252Fschool%25252FSG%25252Fsort%25253Alowest_fee_per_month%25252Fdirection%25253Aasc,2026-04-13
https://schoolwith.me/applications/f_register/20243,2026-04-13
https://schoolwith.me/countries/school/CA/page:17/sort:lowest_fee_per_month/direction:asc?sort_type=/countries/school/CA?sort_type%3D%252Fcountries%252Fschool%252FCA%252Fsort%253Alowest_fee_per_month%252Fdirection%253AASC%253Fsort_type%253D%25252Fcountries%25252Fschool%25252FCA%25253Fsort_type%25253D%2525252Fcountries%2525252Fschool%2525252FCA%2525253Fsort_type%2525253D%252525252Fcountries%252525252Fschool%252525252FCA%252525252Fsort%252525253Atmp_overall_score%252525252Fdirection%252525253ADESC%252525253Fsort_type%252525253D%25252525252Fcountries%25252525252Fschool%25252525252FCA%25252525252Fsort%25252525253Alowest_fee_per_month%25252525252Fdirection%25252525253AASC%25252525253Fsort_type%25252525253D%2525252525252Fcountries%2525252525252Fschool%2525252525252FCA%2525252525252Fsort%2525252525253Alowest_fee_per_month%2525252525252Fdirection%2525252525253AASC%2525252525253Fsort_type%2525252525253D%252525252525252Fcountries%252525252525252Fschool%252525252525252FCA%252525252525252Fsort%252525252525253Atmp_overall_score%252525252525252Fdirection%252525252525253ADESC,2026-04-13
https://schoolwith.me/applications/register/115,2026-04-13
https://schoolwith.me/countries/school/NZ/page:18/direction:asc/sort:lowest_fee_per_month?sort_type=/countries/school/NZ?sort_type%3D%252Fcountries%252Fschool%252FNZ%252Fsort%253Atmp_overall_score%252Fdirection%253ADESC%253Fsort_type%253D%25252Fcountries%25252Fschool%25252FNZ%25252Fsort%25253Alowest_fee_per_month%25252Fdirection%25253AASC%25253Fsort_type%25253D%2525252Fcountries%2525252Fschool%2525252FNZ%2525252Fsort%2525253Atmp_overall_score%2525252Fdirection%2525253ADESC%2525253Fsort_type%2525253D%252525252Fcountries%252525252Fschool%252525252FNZ%252525253Fsort_type%252525253D%25252525252Fcountries%25252525252Fschool%25252525252FNZ,2026-04-13
https://schoolwith.me/areas/school/1/page:7/direction:asc/sort:lowest_fee_per_month?sort_type=/areas/school/1/direction:asc/sort:lowest_fee_per_month?sort_type%3D%252Fareas%252Fschool%252F1%252Fdirection%253Aasc%252Fsort%253Alowest_fee_per_month%253Fsort_type%253D%25252Fareas%25252Fschool%25252F1%25252Fdirection%25253Adesc%25253Fsort_type%25253D%2525252Fareas%2525252Fschool%2525252F1%2525252Fdirection%2525253Aasc%2525252Fsort%2525253Alowest_fee_per_month%2525253Fsort_type%2525253D%252525252Fareas%252525252Fschool%252525252F1%252525252Fdirection%252525253Adesc%252525253Fsort_type%252525253D%25252525252Fareas%25252525252Fschool%25252525252F1%25252525252Fsort%25252525253Alowest_fee_per_month%25252525252Fdirection%25252525253Aasc,2026-04-13
https://schoolwith.me/reviews/42082?a8=KrA0DrUo2L8pjzgCZjBMppIMq.zJ8oIsAj_CszIFMF4o2LAX79TKcLTLGLZsasTBcFbMIvAycrA01s00000024868001,2026-04-13
https://schoolwith.me/category/schools/medical/direction:desc?sort_type=/category/schools/medical/direction:desc?sort_type%3D%252Fcategory%252Fschools%252Fmedical%252Fdirection%253Aasc%252Fsort%253Alowest_fee_per_month%253Fsort_type%253D%25252Fcategory%25252Fschools%25252Fmedical%25252Fdirection%25253Adesc%25253Fsort_type%25253D%2525252Fcategory%2525252Fschools%2525252Fmedical%2525252Fdirection%2525253Adesc%2525253Fsort_type%2525253D%252525252Fcategory%252525252Fschools%252525252Fmedical%252525252Fdirection%252525253Adesc%252525253Fsort_type%252525253D%25252525252Fcategory%25252525252Fschools%25252525252Fmedical%25252525253Fsort_type%25252525253D%2525252525252Fcategory%2525252525252Fschools%2525252525252Fmedical%2525252525252Fsort%2525252525253Alowest_fee_per_month%2525252525252Fdirection%2525252525253AASC%2525252525253Fsort_type%2525252525253D%252525252525252Fcategory%252525252525252Fschools%252525252525252Fmedical,2026-04-13
https://schoolwith.me/countries/school/CA/page:16/sort:lowest_fee_per_month/direction:asc?sort_type=/countries/school/CA/direction:desc?sort_type%3D%252Fcountries%252Fschool%252FCA,2026-04-13
https://schoolwith.me/category/schools/medical/direction:desc?sort_type=/category/schools/medical/direction:desc?sort_type%3D%252Fcategory%252Fschools%252Fmedical%252Fdirection%253Adesc%253Fsort_type%253D%25252Fcategory%25252Fschools%25252Fmedical%25252Fdirection%25253Adesc%25253Fsort_type%25253D%2525252Fcategory%2525252Fschools%2525252Fmedical%2525252Fsort%2525253Alowest_fee_per_month%2525252Fdirection%2525253Aasc%2525253Fsort_type%2525253D%252525252Fcategory%252525252Fschools%252525252Fmedical%252525252Fdirection%252525253Adesc%252525253Fsort_type%252525253D%25252525252Fcategory%25252525252Fschools%25252525252Fmedical%25252525253Fsort_type%25252525253D%2525252525252Fcategory%2525252525252Fschools%2525252525252Fmedical%2525252525252Fsort%2525252525253Alowest_fee_per_month%2525252525252Fdirection%2525252525253AASC%2525252525253Fsort_type%2525252525253D%252525252525252Fcategory%252525252525252Fschools%252525252525252Fmedical,2026-04-13
https://schoolwith.me/countries/school/US/page:36/direction:asc/sort:lowest_fee_per_month?sort_type=/countries/school/US/sort:lowest_fee_per_month/direction:asc?sort_type%3D%252Fcountries%252Fschool%252FUS%252Fsort%253Alowest_fee_per_month%252Fdirection%253AASC,2026-04-13
https://schoolwith.me/category/schools/parent_child?utm_source=media&amp;amp;utm_medium=website&amp;amp;utm_campaign=lifehacker,2026-04-13
https://schoolwith.me/countries/school/CA/page:28/sort:lowest_fee_per_month/direction:asc?sort_type=/countries/school/CA/direction:desc?sort_type%3D%252Fcountries%252Fschool%252FCA%252Fsort%253Alowest_fee_per_month%252Fdirection%253Aasc%253Fsort_type%253D%25252Fcountries%25252Fschool%25252FCA%25252Fsort%25253Alowest_fee_per_month%25252Fdirection%25253Aasc%25253Fsort_type%25253D%2525252Fcountries%2525252Fschool%2525252FCA%2525252Fdirection%2525253Adesc%2525253Fsort_type%2525253D%252525252Fcountries%252525252Fschool%252525252FCA%252525252Fdirection%252525253Adesc%252525253Fsort_type%252525253D%25252525252Fcountries%25252525252Fschool%25252525252FCA%25252525252Fdirection%25252525253Adesc%25252525253Fsort_type%25252525253D%2525252525252Fcountries%2525252525252Fschool%2525252525252FCA%2525252525252Fsort%2525252525253Alowest_fee_per_month%2525252525252Fdirection%2525252525253Aasc%2525252525253Fsort_type%2525252525253D%252525252525252Fcountries%252525252525252Fschool%252525252525252FCA%252525252525252Fsort%252525252525253Alowest_fee_per_month%252525252525252Fdirection%252525252525253Aasc%252525252525253Fsort_type%252525252525253D%25252525252525252Fcountries%25252525252525252Fschool%25252525252525252FCA%25252525252525252Fdirection%25252525252525253Adesc,2026-04-13
https://schoolwith.me/reviews/check?schoolId=183&areaId=3&countryId=1,2026-04-13
https://schoolwith.me/countries/school/US/page:38/direction:asc/sort:lowest_fee_per_month,2026-04-13
"https://schoolwith.me/purposes/schools/4?utm_source=adwords&amp;amp;utm_medium=ppc&amp;amp;utm_campaign=SW_2022%E5%B9%B49%E6%9C%88_%E5%85%A8%E8%88%AC&amp;amp;utm_term=%E5%A4%96%E5%9B%BD 
%E8%AA%9E%E5%AD%A6 
%E5%AD%A6%E6%A0%A1&amp;amp;hsa_acc=4332353937&amp;amp;hsa_cam=18254588843&amp;amp;hsa_grp=146068217492&amp;amp;hsa_ad=681541339577&amp;amp;hsa_src=s&amp;amp;hsa_tgt=kwd-885451861326&amp;amp;hsa_kw=%E5%A4%96%E5%9B%BD 
%E8%AA%9E%E5%AD%A6 
%E5%AD%A6%E6%A0%A1&amp;amp;hsa_mt=b&amp;amp;hsa_net=adwords&amp;amp;hsa_ver=3&amp;amp;gad_source=5&amp;amp;gclid=EAIaIQobChMIm9Xou5z6iQMVZguDAx1qZwSnEAAYAiABEgLj7_D_BwE",2026-04-13
https://schoolwith.me/countries/school/NZ/page:17/direction:asc/sort:lowest_fee_per_month?sort_type=/countries/school/NZ?sort_type%3D%252Fcountries%252Fschool%252FNZ%252Fsort%253Atmp_overall_score%252Fdirection%253ADESC%253Fsort_type%253D%25252Fcountries%25252Fschool%25252FNZ%25252Fsort%25253Alowest_fee_per_month%25252Fdirection%25253AASC%25253Fsort_type%25253D%2525252Fcountries%2525252Fschool%2525252FNZ%2525252Fsort%2525253Atmp_overall_score%2525252Fdirection%2525253ADESC%2525253Fsort_type%2525253D%252525252Fcountries%252525252Fschool%252525252FNZ%252525253Fsort_type%252525253D%25252525252Fcountries%25252525252Fschool%25252525252FNZ,2026-04-13
https://schoolwith.me/countries/school/NZ/page:24/direction:asc/sort:lowest_fee_per_month,2026-04-13
https://schoolwith.me/auth/google_login?done=/schools/20197,2026-04-13
"https://schoolwith.me/applications/register/70112?program_name=English for 
Work(20GE%2B10English for Work)30%E3%82%B3%E3%83%9E/%E9%80%B1",2026-04-13
https://schoolwith.me/reviews/check?schoolId=50159&areaId=5018&countryId=5,2026-04-13
https://schoolwith.me/countries/school/CA/page:16/sort:lowest_fee_per_month/direction:asc?sort_type=/countries/school/CA?sort_type%3D%252Fcountries%252Fschool%252FCA%252Fsort%253Alowest_fee_per_month%252Fdirection%253AASC%253Fsort_type%253D%25252Fcountries%25252Fschool%25252FCA%25253Fsort_type%25253D%2525252Fcountries%2525252Fschool%2525252FCA%2525253Fsort_type%2525253D%252525252Fcountries%252525252Fschool%252525252FCA%252525252Fsort%252525253Atmp_overall_score%252525252Fdirection%252525253ADESC%252525253Fsort_type%252525253D%25252525252Fcountries%25252525252Fschool%25252525252FCA%25252525252Fsort%25252525253Alowest_fee_per_month%25252525252Fdirection%25252525253AASC%25252525253Fsort_type%25252525253D%2525252525252Fcountries%2525252525252Fschool%2525252525252FCA%2525252525252Fsort%2525252525253Alowest_fee_per_month%2525252525252Fdirection%2525252525253AASC%2525252525253Fsort_type%2525252525253D%252525252525252Fcountries%252525252525252Fschool%252525252525252FCA%252525252525252Fsort%252525252525253Atmp_overall_score%252525252525252Fdirection%252525252525253ADESC,2026-04-13
https://schoolwith.me/schools/photo_movie/photo/50277?a8=cETptEiKDYIKbfRwQmafTTCB4TZXIeBCFmyN8eBCKN.CRYTIpYTgSe_B4e_gSe_Y.M_y02ARb2TLb2TK5N.2RHTc.EbgDeT7pekXxs00000024433001,2026-04-13
https://schoolwith.me/countries/school/NZ/page:23/direction:asc/sort:lowest_fee_per_month,2026-04-13
https://schoolwith.me/countries/school/SG/sort:lowest_fee_per_month/direction:asc/page:2?sort_type=/countries/school/SG/direction:desc?sort_type%3D%252Fcountries%252Fschool%252FSG%252Fdirection%253Adesc%253Fsort_type%253D%25252Fcountries%25252Fschool%25252FSG%25252Fsort%25253Alowest_fee_per_month%25252Fdirection%25253Aasc,2026-04-13
https://schoolwith.me/purposes/schools/4/page:8?utm_source=adwords&utm_medium=ppc&utm_campaign=SW_2022%E5%B9%B49%E6%9C%88_%E5%85%A8%E8%88%AC&utm_term=%E3%83%AF%E3%83%BC%E3%82%AD%E3%83%B3%E3%82%B0%E3%83%9B%E3%83%AA%E3%83%87%E3%83%BC&hsa_acc=4332353937&hsa_cam=18254588843&hsa_grp=151784813013&hsa_ad=667793326511&hsa_src=g&hsa_tgt=kwd-2396717215&hsa_kw=%E3%83%AF%E3%83%BC%E3%82%AD%E3%83%B3%E3%82%B0%E3%83%9B%E3%83%AA%E3%83%87%E3%83%BC&hsa_mt=p&hsa_net=adwords&hsa_ver=3&gad_source=1&gclid=CjwKCAiAkp6tBhB5EiwANTCx1Ntk7sC-XQ4nia9zFYztHBV6nvzkebFObOJyrgfs_7o34vZKGDijvRoCykAQAvD_BwE,2026-04-13
https://schoolwith.me/countries/school/US/page:37/direction:asc/sort:lowest_fee_per_month,2026-04-13
https://schoolwith.me/category/schools/toeic/country_id:8/sort:lowest_fee_per_month/direction:asc?sort_type=/category/schools/toeic/country_id:8,2026-04-13
https://schoolwith.me/countries/school/CA/page:15/sort:lowest_fee_per_month/direction:asc?sort_type=/countries/school/CA?sort_type%3D%252Fcountries%252Fschool%252FCA%252Fsort%253Alowest_fee_per_month%252Fdirection%253AASC%253Fsort_type%253D%25252Fcountries%25252Fschool%25252FCA%25253Fsort_type%25253D%2525252Fcountries%2525252Fschool%2525252FCA%2525253Fsort_type%2525253D%252525252Fcountries%252525252Fschool%252525252FCA%252525252Fsort%252525253Atmp_overall_score%252525252Fdirection%252525253ADESC%252525253Fsort_type%252525253D%25252525252Fcountries%25252525252Fschool%25252525252FCA%25252525252Fsort%25252525253Alowest_fee_per_month%25252525252Fdirection%25252525253AASC%25252525253Fsort_type%25252525253D%2525252525252Fcountries%2525252525252Fschool%2525252525252FCA%2525252525252Fsort%2525252525253Alowest_fee_per_month%2525252525252Fdirection%2525252525253AASC%2525252525253Fsort_type%2525252525253D%252525252525252Fcountries%252525252525252Fschool%252525252525252FCA%252525252525252Fsort%252525252525253Atmp_overall_score%252525252525252Fdirection%252525252525253ADESC,2026-04-13
https://schoolwith.me/schools/photo_movie/movie/50277,2026-04-13
https://schoolwith.me/reviews/check?schoolId=20297&areaId=2148&countryId=2,2026-04-13
https://schoolwith.me/countries/school/NZ/page:22/direction:asc/sort:lowest_fee_per_month,2026-04-13
https://schoolwith.me/areas/school/5004/page:2/direction:asc/sort:lowest_fee_per_month?sort_type=/areas/school/5004/direction:desc?sort_type%3D%252Fareas%252Fschool%252F5004%252Fdirection%253Aasc%252Fsort%253Alowest_fee_per_month%253Fsort_type%253D%25252Fareas%25252Fschool%25252F5004%25252Fsort%25253Alowest_fee_per_month%25252Fdirection%25253Aasc%25253Fsort_type%25253D%2525252Fareas%2525252Fschool%2525252F5004%2525252Fdirection%2525253Adesc,2026-04-13
https://schoolwith.me/countries/school/CA/page:14/sort:lowest_fee_per_month/direction:asc?sort_type=/countries/school/CA?sort_type%3D%252Fcountries%252Fschool%252FCA%252Fsort%253Alowest_fee_per_month%252Fdirection%253AASC%253Fsort_type%253D%25252Fcountries%25252Fschool%25252FCA%25253Fsort_type%25253D%2525252Fcountries%2525252Fschool%2525252FCA%2525253Fsort_type%2525253D%252525252Fcountries%252525252Fschool%252525252FCA%252525252Fsort%252525253Atmp_overall_score%252525252Fdirection%252525253ADESC%252525253Fsort_type%252525253D%25252525252Fcountries%25252525252Fschool%25252525252FCA%25252525252Fsort%25252525253Alowest_fee_per_month%25252525252Fdirection%25252525253AASC%25252525253Fsort_type%25252525253D%2525252525252Fcountries%2525252525252Fschool%2525252525252FCA%2525252525252Fsort%2525252525253Alowest_fee_per_month%2525252525252Fdirection%2525252525253AASC%2525252525253Fsort_type%2525252525253D%252525252525252Fcountries%252525252525252Fschool%252525252525252FCA%252525252525252Fsort%252525252525253Atmp_overall_score%252525252525252Fdirection%252525252525253ADESC,2026-04-13
https://schoolwith.me/purposes/schools/4/page:6?utm_source=bing&amp;amp;amp;amp;utm_medium=ppc&amp;amp;amp;amp;utm_campaign=SW_2022%E5%B9%B49%E6%9C%88_%E5%85%A8%E8%88%AC&amp;amp;amp;amp;utm_term=%E7%95%99%E5%AD%A6%E3%83%97%E3%83%AD%E3%82%B0%E3%83%A9%E3%83%A0&amp;amp;amp;amp;hsa_acc=4332353937&amp;amp;amp;amp;hsa_cam=18254588843&amp;amp;amp;amp;hsa_grp=1317217289084228&amp;amp;amp;amp;hsa_ad&amp;amp;amp;amp;hsa_src=o&amp;amp;amp;amp;hsa_tgt=kwd-82327070899514:loc-138331&amp;amp;amp;amp;hsa_kw=%E7%95%99%E5%AD%A6%E3%83%97%E3%83%AD%E3%82%B0%E3%83%A9%E3%83%A0&amp;amp;amp;amp;hsa_mt=p&amp;amp;amp;amp;hsa_net=adwords&amp;amp;amp;amp;hsa_ver=3&amp;amp;amp;amp;msclkid=31f2a16a9ad1140e8340c798a404a030,2026-04-13
https://schoolwith.me/countries/school/NZ/page:21/direction:asc/sort:lowest_fee_per_month,2026-04-13
https://schoolwith.me/areas/school/5004/page:3/direction:asc/sort:lowest_fee_per_month?sort_type=/areas/school/5004/direction:desc?sort_type%3D%252Fareas%252Fschool%252F5004%252Fdirection%253Aasc%252Fsort%253Alowest_fee_per_month%253Fsort_type%253D%25252Fareas%25252Fschool%25252F5004%25252Fsort%25253Alowest_fee_per_month%25252Fdirection%25253Aasc%25253Fsort_type%25253D%2525252Fareas%2525252Fschool%2525252F5004%2525252Fdirection%2525253Adesc,2026-04-13
https://schoolwith.me/category/schools/parent_child/sort:lowest_fee_per_month/direction:asc?a8=I2Ghz2Y8u7rmQ7jZwns2sQEZBdlpsQreVnrmeljVQVL8u7GNX752-_GNs7leEe5sCVqQjBGFC2Ghos00000019593001,2026-04-13
https://schoolwith.me/countries/school/SG/sort:lowest_fee_per_month/direction:asc?sort_type=/countries/school/SG/direction:desc?sort_type%3D%252Fcountries%252Fschool%252FSG%252Fdirection%253Adesc%253Fsort_type%253D%25252Fcountries%25252Fschool%25252FSG%25252Fsort%25253Alowest_fee_per_month%25252Fdirection%25253Aasc,2026-04-13
"https://schoolwith.me/purposes/schools/4/page:4?utm_source=adwords&amp;amp;amp;amp;amp;amp;utm_medium=ppc&amp;amp;amp;amp;amp;amp;utm_campaign=SW_2022%E5%B9%B49%E6%9C%88_%E5%85%A8%E8%88%AC&amp;amp;amp;amp;amp;amp;utm_term=%E7%95%99%E5%AD%A6 
%E3%81%99%E3%82%8B%E3%81%AB%E3%81%AF&amp;amp;amp;amp;amp;amp;hsa_acc=4332353937&amp;amp;amp;amp;amp;amp;hsa_cam=18254588843&amp;amp;amp;amp;amp;amp;hsa_grp=146068217492&amp;amp;amp;amp;amp;amp;hsa_ad=681541339577&amp;amp;amp;amp;amp;amp;hsa_src=s&amp;amp;amp;amp;amp;amp;hsa_tgt=kwd-318600743953&amp;amp;amp;amp;amp;amp;hsa_kw=%E7%95%99%E5%AD%A6 
%E3%81%99%E3%82%8B%E3%81%AB%E3%81%AF&amp;amp;amp;amp;amp;amp;hsa_mt=b&amp;amp;amp;amp;amp;amp;hsa_net=adwords&amp;amp;amp;amp;amp;amp;hsa_ver=3&amp;amp;amp;amp;amp;amp;gad_source=5&amp;amp;amp;amp;amp;amp;gclid=EAIaIQobChMIk__W39fMiQMVDKhmAh2m1TkzEAAYASABEgISnPD_BwE",2026-04-13
https://schoolwith.me/purposes/schools/7/page:3/direction:desc?sort_type=/purposes/schools/7/direction:asc/sort:lowest_fee_per_month?sort_type%3D%252Fpurposes%252Fschools%252F7%252Fdirection%253Adesc%253Fsort_type%253D%25252Fpurposes%25252Fschools%25252F7%25252Fdirection%25253Adesc%25253Fsort_type%25253D%2525252Fpurposes%2525252Fschools%2525252F7%2525252Fdirection%2525253Adesc%2525253Fsort_type%2525253D%252525252Fpurposes%252525252Fschools%252525252F7%252525252Fdirection%252525253Adesc%252525253Fsort_type%252525253D%25252525252Fpurposes%25252525252Fschools%25252525252F7%25252525252Fsort%25252525253Alowest_fee_per_month%25252525252Fdirection%25252525253Aasc%25252525253Fsort_type%25252525253D%2525252525252Fpurposes%2525252525252Fschools%2525252525252F7%2525252525252Fdirection%2525252525253Adesc%2525252525253Fsort_type%2525252525253D%252525252525252Fpurposes%252525252525252Fschools%252525252525252F7%252525252525252Fdirection%252525252525253Adesc%252525252525253Fsort_type%252525252525253D%25252525252525252Fpurposes%25252525252525252Fschools%25252525252525252F7%25252525252525252Fsort%25252525252525253Alowest_fee_per_month%25252525252525252Fdirection%25252525252525253Aasc%25252525252525253Fsort_type%25252525252525253D%2525252525252525252Fpurposes%2525252525252525252Fschools%2525252525252525252F7%2525252525252525252Fsort%2525252525252525253Alowest_fee_per_month%2525252525252525252Fdirection%2525252525252525253Aasc%2525252525252525253Fsort_type%2525252525252525253D%252525252525252525252Fpurposes%252525252525252525252Fschools%252525252525252525252F7%252525252525252525252Fdirection%252525252525252525253Adesc%252525252525252525253Fsort_type%252525252525252525253D%25252525252525252525252Fpurposes%25252525252525252525252Fschools%25252525252525252525252F7,2026-04-13
https://schoolwith.me/areas/school/1/page:6/direction:asc/sort:lowest_fee_per_month?sort_type=/areas/school/1/direction:asc/sort:lowest_fee_per_month?sort_type%3D%252Fareas%252Fschool%252F1%252Fdirection%253Aasc%252Fsort%253Alowest_fee_per_month%253Fsort_type%253D%25252Fareas%25252Fschool%25252F1%25252Fdirection%25253Adesc%25253Fsort_type%25253D%2525252Fareas%2525252Fschool%2525252F1%2525252Fdirection%2525253Aasc%2525252Fsort%2525253Alowest_fee_per_month%2525253Fsort_type%2525253D%252525252Fareas%252525252Fschool%252525252F1%252525252Fdirection%252525253Adesc%252525253Fsort_type%252525253D%25252525252Fareas%25252525252Fschool%25252525252F1%25252525252Fsort%25252525253Alowest_fee_per_month%25252525252Fdirection%25252525253Aasc,2026-04-13
https://schoolwith.me/category/schools/parent_child/sort:lowest_fee_per_month/direction:asc?a8=cETptEiKDYIKbfRwQmafTTCB4TZXIeBCFmyN8eBCKN.CRYTIpYTgSe_B4e_gSe_Y.M_y02ARb2TLb2TK5N.2RHTc.EbgDeT7pekXxs00000024433001,2026-04-13
https://schoolwith.me/category/schools/toeic/direction:desc/country_id:8?sort_type=/category/schools/toeic/direction:desc/country_id:8,2026-04-13
"https://schoolwith.me/purposes/schools/4/page:2?utm_source=bing&amp;amp;utm_medium=ppc&amp;amp;utm_campaign=SW_2022%E5%B9%B49%E6%9C%88_%E5%85%A8%E8%88%AC&amp;amp;utm_term=%E5%A4%A7%E5%AD%A6%E7%94%9F 
%E7%95%99%E5%AD%A6&amp;amp;hsa_acc=4332353937&amp;amp;hsa_cam=18254588843&amp;amp;hsa_grp=1324913870339339&amp;amp;hsa_ad&amp;amp;hsa_src=o&amp;amp;hsa_tgt=kwd-82808111176294:loc-138305&amp;amp;hsa_kw=%E5%A4%A7%E5%AD%A6%E7%94%9F 
%E7%95%99%E5%AD%A6&amp;amp;hsa_mt=p&amp;amp;hsa_net=adwords&amp;amp;hsa_ver=3&amp;amp;msclkid=f9a278c6b7e7116f56c01f5d49cdc36b",2026-04-13
https://schoolwith.me/areas/school/5004/direction:desc/page:2?sort_type=/areas/school/5004/direction:desc?sort_type%3D%252Fareas%252Fschool%252F5004%252Fdirection%253Aasc%252Fsort%253Alowest_fee_per_month%253Fsort_type%253D%25252Fareas%25252Fschool%25252F5004%25252Fsort%25253Alowest_fee_per_month%25252Fdirection%25253Aasc%25253Fsort_type%25253D%2525252Fareas%2525252Fschool%2525252F5004%2525252Fdirection%2525253Adesc,2026-04-13
https://schoolwith.me/auth/google_login?done=/applications/f_register/40366,2026-04-13
https://schoolwith.me/countries/school/US/page:36/direction:asc/sort:lowest_fee_per_month,2026-04-13
https://schoolwith.me/areas/school/5004/direction:asc/sort:lowest_fee_per_month/page:2?sort_type=/areas/school/5004/direction:desc?sort_type%3D%252Fareas%252Fschool%252F5004%252Fdirection%253Aasc%252Fsort%253Alowest_fee_per_month%253Fsort_type%253D%25252Fareas%25252Fschool%25252F5004%25252Fsort%25253Alowest_fee_per_month%25252Fdirection%25253Aasc%25253Fsort_type%25253D%2525252Fareas%2525252Fschool%2525252F5004%2525252Fdirection%2525253Adesc,2026-04-13
https://schoolwith.me/areas/school/5004/direction:asc/sort:lowest_fee_per_month?sort_type=/areas/school/5004/direction:desc?sort_type%3D%252Fareas%252Fschool%252F5004%252Fdirection%253Aasc%252Fsort%253Alowest_fee_per_month%253Fsort_type%253D%25252Fareas%25252Fschool%25252F5004%25252Fsort%25253Alowest_fee_per_month%25252Fdirection%25253Aasc%25253Fsort_type%25253D%2525252Fareas%2525252Fschool%2525252F5004%2525252Fdirection%2525253Adesc,2026-04-13
https://schoolwith.me/countries/school/CA/page:13/sort:lowest_fee_per_month/direction:asc?sort_type=/countries/school/CA?sort_type%3D%252Fcountries%252Fschool%252FCA%252Fsort%253Alowest_fee_per_month%252Fdirection%253AASC%253Fsort_type%253D%25252Fcountries%25252Fschool%25252FCA%25253Fsort_type%25253D%2525252Fcountries%2525252Fschool%2525252FCA%2525253Fsort_type%2525253D%252525252Fcountries%252525252Fschool%252525252FCA%252525252Fsort%252525253Atmp_overall_score%252525252Fdirection%252525253ADESC%252525253Fsort_type%252525253D%25252525252Fcountries%25252525252Fschool%25252525252FCA%25252525252Fsort%25252525253Alowest_fee_per_month%25252525252Fdirection%25252525253AASC%25252525253Fsort_type%25252525253D%2525252525252Fcountries%2525252525252Fschool%2525252525252FCA%2525252525252Fsort%2525252525253Alowest_fee_per_month%2525252525252Fdirection%2525252525253AASC%2525252525253Fsort_type%2525252525253D%252525252525252Fcountries%252525252525252Fschool%252525252525252FCA%252525252525252Fsort%252525252525253Atmp_overall_score%252525252525252Fdirection%252525252525253ADESC,2026-04-13
https://schoolwith.me/auth/google_login?done=/applications/register/40366,2026-04-13
https://schoolwith.me/countries/school/NZ/page:20/direction:asc/sort:lowest_fee_per_month,2026-04-13
https://schoolwith.me/areas/school/1/page:5/direction:asc/sort:lowest_fee_per_month?sort_type=/areas/school/1/direction:asc/sort:lowest_fee_per_month?sort_type%3D%252Fareas%252Fschool%252F1%252Fdirection%253Aasc%252Fsort%253Alowest_fee_per_month%253Fsort_type%253D%25252Fareas%25252Fschool%25252F1%25252Fdirection%25253Adesc%25253Fsort_type%25253D%2525252Fareas%2525252Fschool%2525252F1%2525252Fdirection%2525253Aasc%2525252Fsort%2525253Alowest_fee_per_month%2525253Fsort_type%2525253D%252525252Fareas%252525252Fschool%252525252F1%252525252Fdirection%252525253Adesc%252525253Fsort_type%252525253D%25252525252Fareas%25252525252Fschool%25252525252F1%25252525252Fsort%25252525253Alowest_fee_per_month%25252525252Fdirection%25252525253Aasc,2026-04-13
https://schoolwith.me/category/schools/gre/country_id:4/area_id:4003/sort:lowest_fee_per_month/direction:asc,2026-04-13
"https://schoolwith.me/purposes/schools/4?utm_source=bing&amp;amp;utm_medium=ppc&amp;amp;utm_campaign=SW_2022%E5%B9%B49%E6%9C%88_%E5%85%A8%E8%88%AC&amp;amp;utm_term=%E5%A4%A7%E5%AD%A6%E7%94%9F 
%E7%95%99%E5%AD%A6&amp;amp;hsa_acc=4332353937&amp;amp;hsa_cam=18254588843&amp;amp;hsa_grp=1324913870339339&amp;amp;hsa_ad&amp;amp;hsa_src=o&amp;amp;hsa_tgt=kwd-82808111176294:loc-138305&amp;amp;hsa_kw=%E5%A4%A7%E5%AD%A6%E7%94%9F 
%E7%95%99%E5%AD%A6&amp;amp;hsa_mt=p&amp;amp;hsa_net=adwords&amp;amp;hsa_ver=3&amp;amp;msclkid=f9a278c6b7e7116f56c01f5d49cdc36b",2026-04-13
https://schoolwith.me/reviews/check?schoolId=30167&areaId=3003&countryId=3,2026-04-13
https://schoolwith.me/areas/school/5004/direction:desc?sort_type=/areas/school/5004/direction:desc?sort_type%3D%252Fareas%252Fschool%252F5004%252Fdirection%253Aasc%252Fsort%253Alowest_fee_per_month%253Fsort_type%253D%25252Fareas%25252Fschool%25252F5004%25252Fsort%25253Alowest_fee_per_month%25252Fdirection%25253Aasc%25253Fsort_type%25253D%2525252Fareas%2525252Fschool%2525252F5004%2525252Fdirection%2525253Adesc,2026-04-13
https://schoolwith.me/areas/school/4004/page:2/direction:asc/sort:lowest_fee_per_month?sort_type=/areas/school/4004/direction:asc/sort:lowest_fee_per_month?sort_type%3D%252Fareas%252Fschool%252F4004%252Fdirection%253Aasc%252Fsort%253Alowest_fee_per_month%253Fsort_type%253D%25252Fareas%25252Fschool%25252F4004%25252Fdirection%25253Aasc%25252Fsort%25253Alowest_fee_per_month%25253Fsort_type%25253D%2525252Fareas%2525252Fschool%2525252F4004%2525252Fdirection%2525253Adesc%2525253Fsort_type%2525253D%252525252Fareas%252525252Fschool%252525252F4004%252525252Fdirection%252525253Adesc%252525253Fsort_type%252525253D%25252525252Fareas%25252525252Fschool%25252525252F4004%25252525252Fdirection%25252525253Adesc,2026-04-13
"https://schoolwith.me/applications/register/30063?program_name=User 
Interface (UI) Design (1%E5%B9%B4 / 7%E3%83%B6%E6%9C%88)",2026-04-13
https://schoolwith.me/applications/register/30010,2026-04-13
https://schoolwith.me/reviews/34611?a8=KrA0DrUo2L8pjzgCZjBMppIMq.zJ8oIsAj_CszIFMF4o2LAX79TKcLTLGLZsasTBcFbMIvAycrA01s00000024868001,2026-04-13
https://schoolwith.me/areas/school/4007/page:2?sort_type=/areas/school/4007/sort:lowest_fee_per_month/direction:asc?sort_type%3D%252Fareas%252Fschool%252F4007%252Fdirection%253Adesc%253Fsort_type%253D%25252Fareas%25252Fschool%25252F4007%25252Fdirection%25253Adesc%25253Fsort_type%25253D%2525252Fareas%2525252Fschool%2525252F4007%2525252Fdirection%2525253Adesc,2026-04-13
https://schoolwith.me/areas/school/4/sort:lowest_fee_per_month/direction:asc?a8=I2Ghz2Y8u7rmQ7jZwns2sQEZBdlpsQreVnrmeljVQVL8u7GNX752-_GNs7leEe5sCVqQjBGFC2Ghos00000019593001,2026-04-13
https://schoolwith.me/areas/school/4004/page:4/direction:asc/sort:lowest_fee_per_month?sort_type=/areas/school/4004/direction:asc/sort:lowest_fee_per_month?sort_type%3D%252Fareas%252Fschool%252F4004%252Fdirection%253Aasc%252Fsort%253Alowest_fee_per_month%253Fsort_type%253D%25252Fareas%25252Fschool%25252F4004%25252Fdirection%25253Aasc%25252Fsort%25253Alowest_fee_per_month%25253Fsort_type%25253D%2525252Fareas%2525252Fschool%2525252F4004%2525252Fdirection%2525253Adesc%2525253Fsort_type%2525253D%252525252Fareas%252525252Fschool%252525252F4004%252525252Fdirection%252525253Adesc%252525253Fsort_type%252525253D%25252525252Fareas%25252525252Fschool%25252525252F4004%25252525252Fdirection%25252525253Adesc,2026-04-13
"https://schoolwith.me/applications/f_register/20023?program_name=Academic 
English 30%E3%82%B3%E3%83%9E/%E9%80%B1",2026-04-13
"https://schoolwith.me/applications/register/30008?program_name=Writing with 
AI (20 GE %2B 10 Writing with AI) 30%E3%82%B3%E3%83%9E/%E9%80%B1",2026-04-13
https://schoolwith.me/auth/google_login?done=/applications/register/40370,2026-04-13
https://schoolwith.me/auth/google_login?done=/applications/register/40367,2026-04-13
https://schoolwith.me/auth/google_login?done=/applications/register/40369,2026-04-13
https://schoolwith.me/category/schools/abroad_life/page:27/direction:desc?sort_type=/category/schools/abroad_life/sort:lowest_fee_per_month/direction:asc?sort_type%3D%252Fcategory%252Fschools%252Fabroad_life%252Fsort%253Alowest_fee_per_month%252Fdirection%253Aasc%253Fsort_type%253D%25252Fcategory%25252Fschools%25252Fabroad_life,2026-04-13
https://schoolwith.me/auth/google_login?done=/applications/f_register/40368,2026-04-13
https://schoolwith.me/auth/google_login?done=/applications/register/20212,2026-04-13
https://schoolwith.me/areas/school/4/sort:lowest_fee_per_month/direction:asc?a8=cETptEiKDYIKbfRwQmafTTCB4TZXIeBCFmyN8eBCKN.CRYTIpYTgSe_B4e_gSe_Y.M_y02ARb2TLb2TK5N.2RHTc.EbgDeT7pekXxs00000024433001,2026-04-13
https://schoolwith.me/countries/school/US/page:35/direction:asc/sort:lowest_fee_per_month,2026-04-13
"https://schoolwith.me/purposes/schools/4/sort:lowest_fee_per_month/direction:asc?utm_source=adwords&amp;amp;amp;amp;amp;amp;amp;utm_medium=ppc&amp;amp;amp;amp;amp;amp;amp;utm_campaign=SW_2022%E5%B9%B49%E6%9C%88_%E5%85%A8%E8%88%AC&amp;amp;amp;amp;amp;amp;amp;utm_term=%E7%95%99%E5%AD%A6 
%E3%81%99%E3%82%8B%E3%81%AB%E3%81%AF&amp;amp;amp;amp;amp;amp;amp;hsa_acc=4332353937&amp;amp;amp;amp;amp;amp;amp;hsa_cam=18254588843&amp;amp;amp;amp;amp;amp;amp;hsa_grp=146068217492&amp;amp;amp;amp;amp;amp;amp;hsa_ad=681541339577&amp;amp;amp;amp;amp;amp;amp;hsa_src=s&amp;amp;amp;amp;amp;amp;amp;hsa_tgt=kwd-318600743953&amp;amp;amp;amp;amp;amp;amp;hsa_kw=%E7%95%99%E5%AD%A6 
%E3%81%99%E3%82%8B%E3%81%AB%E3%81%AF&amp;amp;amp;amp;amp;amp;amp;hsa_mt=b&amp;amp;amp;amp;amp;amp;amp;hsa_net=adwords&amp;amp;amp;amp;amp;amp;amp;hsa_ver=3&amp;amp;amp;amp;amp;amp;amp;gad_source=5&amp;amp;amp;amp;amp;amp;amp;gclid=EAIaIQobChMIk__W39fMiQMVDKhmAh2m1TkzEAAYASABEgISnPD_BwE",2026-04-13
https://schoolwith.me/schools/review/24/sort:Review.locale/direction:desc,2026-04-13
https://schoolwith.me/auth/google_login?done=/applications/f_register/50376,2026-04-13
https://schoolwith.me/schools/curriculum/36?fragment_identifier=Curriculum282,2026-04-13
"https://schoolwith.me/applications/f_register/20022?program_name=General 
English Super Intensive 30%E3%82%B3%E3%83%9E/%E9%80%B1",2026-04-13
https://schoolwith.me/areas/school/1/page:4/direction:asc/sort:lowest_fee_per_month?sort_type=/areas/school/1/direction:asc/sort:lowest_fee_per_month?sort_type%3D%252Fareas%252Fschool%252F1%252Fdirection%253Aasc%252Fsort%253Alowest_fee_per_month%253Fsort_type%253D%25252Fareas%25252Fschool%25252F1%25252Fdirection%25253Adesc%25253Fsort_type%25253D%2525252Fareas%2525252Fschool%2525252F1%2525252Fdirection%2525253Aasc%2525252Fsort%2525253Alowest_fee_per_month%2525253Fsort_type%2525253D%252525252Fareas%252525252Fschool%252525252F1%252525252Fdirection%252525253Adesc%252525253Fsort_type%252525253D%25252525252Fareas%25252525252Fschool%25252525252F1%25252525252Fsort%25252525253Alowest_fee_per_month%25252525252Fdirection%25252525253Aasc,2026-04-13
https://schoolwith.me/purposes/schools/4/sort:lowest_fee_per_month/direction:asc?utm_source=bing&amp;amp;amp;amp;amp;utm_medium=ppc&amp;amp;amp;amp;amp;utm_campaign=SW_2022%E5%B9%B49%E6%9C%88_%E5%85%A8%E8%88%AC&amp;amp;amp;amp;amp;utm_term=%E7%95%99%E5%AD%A6%E3%83%97%E3%83%AD%E3%82%B0%E3%83%A9%E3%83%A0&amp;amp;amp;amp;amp;hsa_acc=4332353937&amp;amp;amp;amp;amp;hsa_cam=18254588843&amp;amp;amp;amp;amp;hsa_grp=1317217289084228&amp;amp;amp;amp;amp;hsa_ad&amp;amp;amp;amp;amp;hsa_src=o&amp;amp;amp;amp;amp;hsa_tgt=kwd-82327070899514:loc-138331&amp;amp;amp;amp;amp;hsa_kw=%E7%95%99%E5%AD%A6%E3%83%97%E3%83%AD%E3%82%B0%E3%83%A9%E3%83%A0&amp;amp;amp;amp;amp;hsa_mt=p&amp;amp;amp;amp;amp;hsa_net=adwords&amp;amp;amp;amp;amp;hsa_ver=3&amp;amp;amp;amp;amp;msclkid=31f2a16a9ad1140e8340c798a404a030,2026-04-13
https://schoolwith.me/schools/20297,2026-04-13
https://schoolwith.me/countries/school/CA/page:12/sort:lowest_fee_per_month/direction:asc?sort_type=/countries/school/CA?sort_type%3D%252Fcountries%252Fschool%252FCA%252Fsort%253Alowest_fee_per_month%252Fdirection%253AASC%253Fsort_type%253D%25252Fcountries%25252Fschool%25252FCA%25253Fsort_type%25253D%2525252Fcountries%2525252Fschool%2525252FCA%2525253Fsort_type%2525253D%252525252Fcountries%252525252Fschool%252525252FCA%252525252Fsort%252525253Atmp_overall_score%252525252Fdirection%252525253ADESC%252525253Fsort_type%252525253D%25252525252Fcountries%25252525252Fschool%25252525252FCA%25252525252Fsort%25252525253Alowest_fee_per_month%25252525252Fdirection%25252525253AASC%25252525253Fsort_type%25252525253D%2525252525252Fcountries%2525252525252Fschool%2525252525252FCA%2525252525252Fsort%2525252525253Alowest_fee_per_month%2525252525252Fdirection%2525252525253AASC%2525252525253Fsort_type%2525252525253D%252525252525252Fcountries%252525252525252Fschool%252525252525252FCA%252525252525252Fsort%252525252525253Atmp_overall_score%252525252525252Fdirection%252525252525253ADESC,2026-04-13
https://schoolwith.me/users/?done=/schools/50071,2026-04-13
https://schoolwith.me/areas/school/4004/page:3/direction:asc/sort:lowest_fee_per_month?sort_type=/areas/school/4004/direction:asc/sort:lowest_fee_per_month?sort_type%3D%252Fareas%252Fschool%252F4004%252Fdirection%253Aasc%252Fsort%253Alowest_fee_per_month%253Fsort_type%253D%25252Fareas%25252Fschool%25252F4004%25252Fdirection%25253Aasc%25252Fsort%25253Alowest_fee_per_month%25253Fsort_type%25253D%2525252Fareas%2525252Fschool%2525252F4004%2525252Fdirection%2525253Adesc%2525253Fsort_type%2525253D%252525252Fareas%252525252Fschool%252525252F4004%252525252Fdirection%252525253Adesc%252525253Fsort_type%252525253D%25252525252Fareas%25252525252Fschool%25252525252F4004%25252525252Fdirection%25252525253Adesc,2026-04-13
https://schoolwith.me/countries/school/NZ/page:19/direction:asc/sort:lowest_fee_per_month,2026-04-13
https://schoolwith.me/purposes/schools/4/page:3?utm_source=bing&amp;amp;amp;amp;utm_medium=ppc&amp;amp;amp;amp;utm_campaign=SW_2022%E5%B9%B49%E6%9C%88_%E5%85%A8%E8%88%AC&amp;amp;amp;amp;utm_term=%E7%95%99%E5%AD%A6%E3%83%97%E3%83%AD%E3%82%B0%E3%83%A9%E3%83%A0&amp;amp;amp;amp;hsa_acc=4332353937&amp;amp;amp;amp;hsa_cam=18254588843&amp;amp;amp;amp;hsa_grp=1317217289084228&amp;amp;amp;amp;hsa_ad&amp;amp;amp;amp;hsa_src=o&amp;amp;amp;amp;hsa_tgt=kwd-82327070899514:loc-138331&amp;amp;amp;amp;hsa_kw=%E7%95%99%E5%AD%A6%E3%83%97%E3%83%AD%E3%82%B0%E3%83%A9%E3%83%A0&amp;amp;amp;amp;hsa_mt=p&amp;amp;amp;amp;hsa_net=adwords&amp;amp;amp;amp;hsa_ver=3&amp;amp;amp;amp;msclkid=31f2a16a9ad1140e8340c798a404a030,2026-04-13
https://schoolwith.me/areas/school/4003/sort:lowest_fee_per_month/direction:asc/page:2?a8=cETptEiKDYIKbfRwQmafTTCB4TZXIeBCFmyN8eBCKN.CRYTIpYTgSe_B4e_gSe_Y.M_y02ARb2TLb2TK5N.2RHTc.EbgDeT7pekXxs00000024433001,2026-04-13
https://schoolwith.me/areas/school/1/page:12/sort:lowest_fee_per_month/direction:asc?sort_type=/areas/school/1/direction:asc/sort:lowest_fee_per_month?sort_type%3D%252Fareas%252Fschool%252F1%252Fdirection%253Aasc%252Fsort%253Alowest_fee_per_month%253Fsort_type%253D%25252Fareas%25252Fschool%25252F1%25252Fdirection%25253Adesc%25253Fsort_type%25253D%2525252Fareas%2525252Fschool%2525252F1%2525252Fdirection%2525253Adesc%2525253Fsort_type%2525253D%252525252Fareas%252525252Fschool%252525252F1%252525252Fdirection%252525253Aasc%252525252Fsort%252525253Alowest_fee_per_month%252525253Fsort_type%252525253D%25252525252Fareas%25252525252Fschool%25252525252F1%25252525252Fdirection%25252525253Aasc%25252525252Fsort%25252525253Alowest_fee_per_month%25252525253Fsort_type%25252525253D%2525252525252Fareas%2525252525252Fschool%2525252525252F1%2525252525252Fdirection%2525252525253Adesc%2525252525253Fsort_type%2525252525253D%252525252525252Fareas%252525252525252Fschool%252525252525252F1%252525252525252Fsort%252525252525253Alowest_fee_per_month%252525252525252Fdirection%252525252525253AASC%252525252525253Fsort_type%252525252525253D%25252525252525252Fareas%25252525252525252Fschool%25252525252525252F1%25252525252525252Fsort%25252525252525253Alowest_fee_per_month%25252525252525252Fdirection%25252525252525253AASC%25252525252525253Fsort_type%25252525252525253D%2525252525252525252Fareas%2525252525252525252Fschool%2525252525252525252F1%2525252525252525252Fsort%2525252525252525253Alowest_fee_per_month%2525252525252525252Fdirection%2525252525252525253AASC,2026-04-13
https://schoolwith.me/purposes/schools/4?utm_source=bing&amp;amp;utm_medium=ppc&amp;amp;utm_campaign=SW_2022%E5%B9%B49%E6%9C%88_%E5%85%A8%E8%88%AC&amp;amp;utm_term=%E3%83%AF%E3%83%BC%E3%83%9B%E3%83%AA&amp;amp;hsa_acc=4332353937&amp;amp;hsa_cam=18254588843&amp;amp;hsa_grp=1315018266569954&amp;amp;hsa_ad&amp;amp;hsa_src=o&amp;amp;hsa_tgt=kwd-82189628810941:loc-138321&amp;amp;hsa_kw=%E3%83%AF%E3%83%BC%E3%83%9B%E3%83%AA&amp;amp;hsa_mt=p&amp;amp;hsa_net=adwords&amp;amp;hsa_ver=3&amp;amp;msclkid=50145db11adb1facec783a13e33ca353,2026-04-13
https://schoolwith.me/areas/school/4003/sort:lowest_fee_per_month/direction:asc/page:2,2026-04-13
https://schoolwith.me/areas/school/4007?sort_type=/areas/school/4007/sort:lowest_fee_per_month/direction:asc?sort_type%3D%252Fareas%252Fschool%252F4007%252Fdirection%253Adesc%253Fsort_type%253D%25252Fareas%25252Fschool%25252F4007%25252Fdirection%25253Adesc%25253Fsort_type%25253D%2525252Fareas%2525252Fschool%2525252F4007%2525252Fdirection%2525253Adesc,2026-04-13
https://schoolwith.me/areas/school/4007/sort:lowest_fee_per_month/direction:asc/page:2?sort_type=/areas/school/4007/sort:lowest_fee_per_month/direction:asc?sort_type%3D%252Fareas%252Fschool%252F4007%252Fdirection%253Adesc%253Fsort_type%253D%25252Fareas%25252Fschool%25252F4007%25252Fdirection%25253Adesc%25253Fsort_type%25253D%2525252Fareas%2525252Fschool%2525252F4007%2525252Fdirection%2525253Adesc,2026-04-13
https://schoolwith.me/areas/school/4003/page:3?sort_type=/areas/school/4003/direction:desc?sort_type%3D%252Fareas%252Fschool%252F4003%252Fdirection%253Adesc%253Fsort_type%253D%25252Fareas%25252Fschool%25252F4003%25252Fdirection%25253Adesc%25253Fsort_type%25253D%2525252Fareas%2525252Fschool%2525252F4003%2525252Fdirection%2525253Adesc,2026-04-13
https://schoolwith.me/auth/login?done=/schools/60022,2026-04-13
https://schoolwith.me/areas/school/1/page:11/sort:lowest_fee_per_month/direction:asc?sort_type=/areas/school/1/direction:asc/sort:lowest_fee_per_month?sort_type%3D%252Fareas%252Fschool%252F1%252Fdirection%253Aasc%252Fsort%253Alowest_fee_per_month%253Fsort_type%253D%25252Fareas%25252Fschool%25252F1%25252Fdirection%25253Adesc%25253Fsort_type%25253D%2525252Fareas%2525252Fschool%2525252F1%2525252Fdirection%2525253Adesc%2525253Fsort_type%2525253D%252525252Fareas%252525252Fschool%252525252F1%252525252Fdirection%252525253Aasc%252525252Fsort%252525253Alowest_fee_per_month%252525253Fsort_type%252525253D%25252525252Fareas%25252525252Fschool%25252525252F1%25252525252Fdirection%25252525253Aasc%25252525252Fsort%25252525253Alowest_fee_per_month%25252525253Fsort_type%25252525253D%2525252525252Fareas%2525252525252Fschool%2525252525252F1%2525252525252Fdirection%2525252525253Adesc%2525252525253Fsort_type%2525252525253D%252525252525252Fareas%252525252525252Fschool%252525252525252F1%252525252525252Fsort%252525252525253Alowest_fee_per_month%252525252525252Fdirection%252525252525253AASC%252525252525253Fsort_type%252525252525253D%25252525252525252Fareas%25252525252525252Fschool%25252525252525252F1%25252525252525252Fsort%25252525252525253Alowest_fee_per_month%25252525252525252Fdirection%25252525252525253AASC%25252525252525253Fsort_type%25252525252525253D%2525252525252525252Fareas%2525252525252525252Fschool%2525252525252525252F1%2525252525252525252Fsort%2525252525252525253Alowest_fee_per_month%2525252525252525252Fdirection%2525252525252525253AASC,2026-04-13
https://schoolwith.me/countries/school/US/page:35/direction:asc/sort:lowest_fee_per_month?sort_type=/countries/school/US/sort:lowest_fee_per_month/direction:asc?sort_type%3D%252Fcountries%252Fschool%252FUS%252Fsort%253Alowest_fee_per_month%252Fdirection%253AASC,2026-04-13
https://schoolwith.me/purposes/schools/demogura/11/page:9/sort:lowest_fee_per_month/direction:asc?sort_type=/purposes/schools/demogura/11/direction:desc?sort_type%3D%252Fpurposes%252Fschools%252Fdemogura%252F11%252Fdirection%253Adesc%253Fsort_type%253D%25252Fpurposes%25252Fschools%25252Fdemogura%25252F11%25252Fdirection%25253Adesc,2026-04-13
https://schoolwith.me/countries/school/CA/page:15/sort:lowest_fee_per_month/direction:asc?sort_type=/countries/school/CA/direction:desc?sort_type%3D%252Fcountries%252Fschool%252FCA,2026-04-13
https://schoolwith.me/areas/school/1/page:2/direction:asc/sort:lowest_fee_per_month?sort_type=/areas/school/1/direction:asc/sort:lowest_fee_per_month?sort_type%3D%252Fareas%252Fschool%252F1%252Fdirection%253Aasc%252Fsort%253Alowest_fee_per_month%253Fsort_type%253D%25252Fareas%25252Fschool%25252F1%25252Fdirection%25253Adesc%25253Fsort_type%25253D%2525252Fareas%2525252Fschool%2525252F1%2525252Fdirection%2525253Aasc%2525252Fsort%2525253Alowest_fee_per_month%2525253Fsort_type%2525253D%252525252Fareas%252525252Fschool%252525252F1%252525252Fdirection%252525253Adesc%252525253Fsort_type%252525253D%25252525252Fareas%25252525252Fschool%25252525252F1%25252525252Fsort%25252525253Alowest_fee_per_month%25252525252Fdirection%25252525253Aasc,2026-04-13
https://schoolwith.me/countries/school/NZ/page:18/direction:asc/sort:lowest_fee_per_month,2026-04-13
https://schoolwith.me/countries/school/CA/page:11/sort:lowest_fee_per_month/direction:asc?sort_type=/countries/school/CA?sort_type%3D%252Fcountries%252Fschool%252FCA%252Fsort%253Alowest_fee_per_month%252Fdirection%253AASC%253Fsort_type%253D%25252Fcountries%25252Fschool%25252FCA%25253Fsort_type%25253D%2525252Fcountries%2525252Fschool%2525252FCA%2525253Fsort_type%2525253D%252525252Fcountries%252525252Fschool%252525252FCA%252525252Fsort%252525253Atmp_overall_score%252525252Fdirection%252525253ADESC%252525253Fsort_type%252525253D%25252525252Fcountries%25252525252Fschool%25252525252FCA%25252525252Fsort%25252525253Alowest_fee_per_month%25252525252Fdirection%25252525253AASC%25252525253Fsort_type%25252525253D%2525252525252Fcountries%2525252525252Fschool%2525252525252FCA%2525252525252Fsort%2525252525253Alowest_fee_per_month%2525252525252Fdirection%2525252525253AASC%2525252525253Fsort_type%2525252525253D%252525252525252Fcountries%252525252525252Fschool%252525252525252FCA%252525252525252Fsort%252525252525253Atmp_overall_score%252525252525252Fdirection%252525252525253ADESC,2026-04-13
https://schoolwith.me/countries/school/US/page:34/direction:asc/sort:lowest_fee_per_month?sort_type=/countries/school/US/sort:lowest_fee_per_month/direction:asc?sort_type%3D%252Fcountries%252Fschool%252FUS%252Fsort%253Alowest_fee_per_month%252Fdirection%253AASC,2026-04-13
https://schoolwith.me/areas/school/4004/direction:asc/sort:lowest_fee_per_month/page:2?sort_type=/areas/school/4004/direction:asc/sort:lowest_fee_per_month?sort_type%3D%252Fareas%252Fschool%252F4004%252Fdirection%253Aasc%252Fsort%253Alowest_fee_per_month%253Fsort_type%253D%25252Fareas%25252Fschool%25252F4004%25252Fdirection%25253Aasc%25252Fsort%25253Alowest_fee_per_month%25253Fsort_type%25253D%2525252Fareas%2525252Fschool%2525252F4004%2525252Fdirection%2525253Adesc%2525253Fsort_type%2525253D%252525252Fareas%252525252Fschool%252525252F4004%252525252Fdirection%252525253Adesc%252525253Fsort_type%252525253D%25252525252Fareas%25252525252Fschool%25252525252F4004%25252525252Fdirection%25252525253Adesc,2026-04-13
https://schoolwith.me/countries/school/IE/page:4?src_user=top_main_cntry_pc,2026-04-13
https://schoolwith.me/areas/school/1/page:3/direction:asc/sort:lowest_fee_per_month?sort_type=/areas/school/1/direction:asc/sort:lowest_fee_per_month?sort_type%3D%252Fareas%252Fschool%252F1%252Fdirection%253Aasc%252Fsort%253Alowest_fee_per_month%253Fsort_type%253D%25252Fareas%25252Fschool%25252F1%25252Fdirection%25253Adesc%25253Fsort_type%25253D%2525252Fareas%2525252Fschool%2525252F1%2525252Fdirection%2525253Aasc%2525252Fsort%2525253Alowest_fee_per_month%2525253Fsort_type%2525253D%252525252Fareas%252525252Fschool%252525252F1%252525252Fdirection%252525253Adesc%252525253Fsort_type%252525253D%25252525252Fareas%25252525252Fschool%25252525252F1%25252525252Fsort%25252525253Alowest_fee_per_month%25252525252Fdirection%25252525253Aasc,2026-04-13
https://schoolwith.me/areas/school/1/page:10/sort:lowest_fee_per_month/direction:asc?sort_type=/areas/school/1/direction:asc/sort:lowest_fee_per_month?sort_type%3D%252Fareas%252Fschool%252F1%252Fdirection%253Aasc%252Fsort%253Alowest_fee_per_month%253Fsort_type%253D%25252Fareas%25252Fschool%25252F1%25252Fdirection%25253Adesc%25253Fsort_type%25253D%2525252Fareas%2525252Fschool%2525252F1%2525252Fdirection%2525253Adesc%2525253Fsort_type%2525253D%252525252Fareas%252525252Fschool%252525252F1%252525252Fdirection%252525253Aasc%252525252Fsort%252525253Alowest_fee_per_month%252525253Fsort_type%252525253D%25252525252Fareas%25252525252Fschool%25252525252F1%25252525252Fdirection%25252525253Aasc%25252525252Fsort%25252525253Alowest_fee_per_month%25252525253Fsort_type%25252525253D%2525252525252Fareas%2525252525252Fschool%2525252525252F1%2525252525252Fdirection%2525252525253Adesc%2525252525253Fsort_type%2525252525253D%252525252525252Fareas%252525252525252Fschool%252525252525252F1%252525252525252Fsort%252525252525253Alowest_fee_per_month%252525252525252Fdirection%252525252525253AASC%252525252525253Fsort_type%252525252525253D%25252525252525252Fareas%25252525252525252Fschool%25252525252525252F1%25252525252525252Fsort%25252525252525253Alowest_fee_per_month%25252525252525252Fdirection%25252525252525253AASC%25252525252525253Fsort_type%25252525252525253D%2525252525252525252Fareas%2525252525252525252Fschool%2525252525252525252F1%2525252525252525252Fsort%2525252525252525253Alowest_fee_per_month%2525252525252525252Fdirection%2525252525252525253AASC,2026-04-13
https://schoolwith.me/purposes/schools/4/sort:lowest_fee_per_month/direction:asc?utm_source=bing&amp;amp;amp;utm_medium=ppc&amp;amp;amp;utm_campaign=SW_2022%E5%B9%B49%E6%9C%88_%E5%85%A8%E8%88%AC&amp;amp;amp;utm_term=%E3%83%AF%E3%83%BC%E3%82%AF%E3%83%9B%E3%83%AA%E3%83%87%E3%83%BC&amp;amp;amp;hsa_acc=4332353937&amp;amp;amp;hsa_cam=18254588843&amp;amp;amp;hsa_grp=1315018266569954&amp;amp;amp;hsa_ad&amp;amp;amp;hsa_src=o&amp;amp;amp;hsa_tgt=kwd-82189628810947:loc-138330&amp;amp;amp;hsa_kw=%E3%83%AF%E3%83%BC%E3%82%AF%E3%83%9B%E3%83%AA%E3%83%87%E3%83%BC&amp;amp;amp;hsa_mt=p&amp;amp;amp;hsa_net=adwords&amp;amp;amp;hsa_ver=3&amp;amp;amp;msclkid=4c682b619b3a1358e02b4d8e00129c4e,2026-04-13
https://schoolwith.me/countries/school/NZ/page:16/direction:asc/sort:lowest_fee_per_month?sort_type=/countries/school/NZ?sort_type%3D%252Fcountries%252Fschool%252FNZ%252Fsort%253Atmp_overall_score%252Fdirection%253ADESC%253Fsort_type%253D%25252Fcountries%25252Fschool%25252FNZ%25252Fsort%25253Alowest_fee_per_month%25252Fdirection%25253AASC%25253Fsort_type%25253D%2525252Fcountries%2525252Fschool%2525252FNZ%2525252Fsort%2525253Atmp_overall_score%2525252Fdirection%2525253ADESC%2525253Fsort_type%2525253D%252525252Fcountries%252525252Fschool%252525252FNZ%252525253Fsort_type%252525253D%25252525252Fcountries%25252525252Fschool%25252525252FNZ,2026-04-13
https://schoolwith.me/countries/school/CA/page:27/sort:lowest_fee_per_month/direction:asc?sort_type=/countries/school/CA/direction:desc?sort_type%3D%252Fcountries%252Fschool%252FCA%252Fsort%253Alowest_fee_per_month%252Fdirection%253Aasc%253Fsort_type%253D%25252Fcountries%25252Fschool%25252FCA%25252Fsort%25253Alowest_fee_per_month%25252Fdirection%25253Aasc%25253Fsort_type%25253D%2525252Fcountries%2525252Fschool%2525252FCA%2525252Fdirection%2525253Adesc%2525253Fsort_type%2525253D%252525252Fcountries%252525252Fschool%252525252FCA%252525252Fdirection%252525253Adesc%252525253Fsort_type%252525253D%25252525252Fcountries%25252525252Fschool%25252525252FCA%25252525252Fdirection%25252525253Adesc%25252525253Fsort_type%25252525253D%2525252525252Fcountries%2525252525252Fschool%2525252525252FCA%2525252525252Fsort%2525252525253Alowest_fee_per_month%2525252525252Fdirection%2525252525253Aasc%2525252525253Fsort_type%2525252525253D%252525252525252Fcountries%252525252525252Fschool%252525252525252FCA%252525252525252Fsort%252525252525253Alowest_fee_per_month%252525252525252Fdirection%252525252525253Aasc%252525252525253Fsort_type%252525252525253D%25252525252525252Fcountries%25252525252525252Fschool%25252525252525252FCA%25252525252525252Fdirection%25252525252525253Adesc,2026-04-13
https://schoolwith.me/countries/school/NZ/page:17/direction:asc/sort:lowest_fee_per_month,2026-04-13
https://schoolwith.me/countries/school/IE/page:2/direction:asc/sort:lowest_fee_per_month,2026-04-13
https://schoolwith.me/auth/google_login?done=/schools/30044?src_user%3Dsp_brochure_download,2026-04-13
https://schoolwith.me/countries/school/US/page:34/direction:asc/sort:lowest_fee_per_month,2026-04-13
https://schoolwith.me/countries/school/NZ/page:16/direction:asc/sort:lowest_fee_per_month,2026-04-13
https://schoolwith.me/areas/school/1/direction:asc/sort:lowest_fee_per_month/page:2?sort_type=/areas/school/1/direction:asc/sort:lowest_fee_per_month?sort_type%3D%252Fareas%252Fschool%252F1%252Fdirection%253Aasc%252Fsort%253Alowest_fee_per_month%253Fsort_type%253D%25252Fareas%25252Fschool%25252F1%25252Fdirection%25253Adesc%25253Fsort_type%25253D%2525252Fareas%2525252Fschool%2525252F1%2525252Fdirection%2525253Aasc%2525252Fsort%2525253Alowest_fee_per_month%2525253Fsort_type%2525253D%252525252Fareas%252525252Fschool%252525252F1%252525252Fdirection%252525253Adesc%252525253Fsort_type%252525253D%25252525252Fareas%25252525252Fschool%25252525252F1%25252525252Fsort%25252525253Alowest_fee_per_month%25252525252Fdirection%25252525253Aasc,2026-04-13
https://schoolwith.me/schools/40165,2026-04-13
https://schoolwith.me/areas/school/8007/direction:desc?sort_type=/areas/school/8007/direction:desc?sort_type%3D%252Fareas%252Fschool%252F8007%253Fsort_type%253D%25252Fareas%25252Fschool%25252F8007%25252Fsort%25253Alowest_fee_per_month%25252Fdirection%25253AASC%25253Fsort_type%25253D%2525252Fareas%2525252Fschool%2525252F8007,2026-04-13
https://schoolwith.me/applications/f_register/60026,2026-04-13
https://schoolwith.me/countries/school/IE/sort:lowest_fee_per_month/direction:asc/page:2?sort_type=/countries/school/IE,2026-04-13
https://schoolwith.me/countries/school/IE/page:3?src_user=top_main_cntry_pc,2026-04-13
https://schoolwith.me/countries/school/CA/page:26/sort:lowest_fee_per_month/direction:asc?sort_type=/countries/school/CA/direction:desc?sort_type%3D%252Fcountries%252Fschool%252FCA%252Fsort%253Alowest_fee_per_month%252Fdirection%253Aasc%253Fsort_type%253D%25252Fcountries%25252Fschool%25252FCA%25252Fsort%25253Alowest_fee_per_month%25252Fdirection%25253Aasc%25253Fsort_type%25253D%2525252Fcountries%2525252Fschool%2525252FCA%2525252Fdirection%2525253Adesc%2525253Fsort_type%2525253D%252525252Fcountries%252525252Fschool%252525252FCA%252525252Fdirection%252525253Adesc%252525253Fsort_type%252525253D%25252525252Fcountries%25252525252Fschool%25252525252FCA%25252525252Fdirection%25252525253Adesc%25252525253Fsort_type%25252525253D%2525252525252Fcountries%2525252525252Fschool%2525252525252FCA%2525252525252Fsort%2525252525253Alowest_fee_per_month%2525252525252Fdirection%2525252525253Aasc%2525252525253Fsort_type%2525252525253D%252525252525252Fcountries%252525252525252Fschool%252525252525252FCA%252525252525252Fsort%252525252525253Alowest_fee_per_month%252525252525252Fdirection%252525252525253Aasc%252525252525253Fsort_type%252525252525253D%25252525252525252Fcountries%25252525252525252Fschool%25252525252525252FCA%25252525252525252Fdirection%25252525252525253Adesc,2026-04-13
https://schoolwith.me/countries/school/US/page:33/direction:asc/sort:lowest_fee_per_month?sort_type=/countries/school/US/sort:lowest_fee_per_month/direction:asc?sort_type%3D%252Fcountries%252Fschool%252FUS%252Fsort%253Alowest_fee_per_month%252Fdirection%253AASC,2026-04-13
https://schoolwith.me/countries/school/NZ/page:15/direction:asc/sort:lowest_fee_per_month,2026-04-13
https://schoolwith.me/countries/school/CA/page:14/sort:lowest_fee_per_month/direction:asc?sort_type=/countries/school/CA/direction:desc?sort_type%3D%252Fcountries%252Fschool%252FCA,2026-04-13
https://schoolwith.me/countries/school/NZ/page:15/direction:asc/sort:lowest_fee_per_month?sort_type=/countries/school/NZ?sort_type%3D%252Fcountries%252Fschool%252FNZ%252Fsort%253Atmp_overall_score%252Fdirection%253ADESC%253Fsort_type%253D%25252Fcountries%25252Fschool%25252FNZ%25252Fsort%25253Alowest_fee_per_month%25252Fdirection%25253AASC%25253Fsort_type%25253D%2525252Fcountries%2525252Fschool%2525252FNZ%2525252Fsort%2525253Atmp_overall_score%2525252Fdirection%2525253ADESC%2525253Fsort_type%2525253D%252525252Fcountries%252525252Fschool%252525252FNZ%252525253Fsort_type%252525253D%25252525252Fcountries%25252525252Fschool%25252525252FNZ,2026-04-13
https://schoolwith.me/countries/school/IE/direction:asc/sort:lowest_fee_per_month/page:2?src_user=top_main_cntry_pc,2026-04-13
https://schoolwith.me/countries/school/IE/page:2?src_user=top_main_cntry_pc,2026-04-13
https://schoolwith.me/reviews/check?schoolId=20493&areaId=2003&countryId=2,2026-04-13
https://schoolwith.me/reviews/check?schoolId=50078&areaId=5022&countryId=5,2026-04-13
https://schoolwith.me/reviews/check?schoolId=50448&areaId=5003&countryId=5,2026-04-13
https://schoolwith.me/countries/school/US/page:32/direction:asc/sort:lowest_fee_per_month,2026-04-13
https://schoolwith.me/countries/school/CA/page:25/sort:lowest_fee_per_month/direction:asc?sort_type=/countries/school/CA/direction:desc?sort_type%3D%252Fcountries%252Fschool%252FCA%252Fsort%253Alowest_fee_per_month%252Fdirection%253Aasc%253Fsort_type%253D%25252Fcountries%25252Fschool%25252FCA%25252Fsort%25253Alowest_fee_per_month%25252Fdirection%25253Aasc%25253Fsort_type%25253D%2525252Fcountries%2525252Fschool%2525252FCA%2525252Fdirection%2525253Adesc%2525253Fsort_type%2525253D%252525252Fcountries%252525252Fschool%252525252FCA%252525252Fdirection%252525253Adesc%252525253Fsort_type%252525253D%25252525252Fcountries%25252525252Fschool%25252525252FCA%25252525252Fdirection%25252525253Adesc%25252525253Fsort_type%25252525253D%2525252525252Fcountries%2525252525252Fschool%2525252525252FCA%2525252525252Fsort%2525252525253Alowest_fee_per_month%2525252525252Fdirection%2525252525253Aasc%2525252525253Fsort_type%2525252525253D%252525252525252Fcountries%252525252525252Fschool%252525252525252FCA%252525252525252Fsort%252525252525253Alowest_fee_per_month%252525252525252Fdirection%252525252525253Aasc%252525252525253Fsort_type%252525252525253D%25252525252525252Fcountries%25252525252525252Fschool%25252525252525252FCA%25252525252525252Fdirection%25252525252525253Adesc,2026-04-13
https://schoolwith.me/countries/school/CA/page:34?sort_type=/countries/school/CA?sort_type%3D%252Fcountries%252Fschool%252FCA%252Fsort%253Alowest_fee_per_month%252Fdirection%253AASC%253Fsort_type%253D%25252Fcountries%25252Fschool%25252FCA%25253Fsort_type%25253D%2525252Fcountries%2525252Fschool%2525252FCA%2525253Fsort_type%2525253D%252525252Fcountries%252525252Fschool%252525252FCA%252525252Fsort%252525253Atmp_overall_score%252525252Fdirection%252525253ADESC%252525253Fsort_type%252525253D%25252525252Fcountries%25252525252Fschool%25252525252FCA%25252525252Fsort%25252525253Alowest_fee_per_month%25252525252Fdirection%25252525253AASC%25252525253Fsort_type%25252525253D%2525252525252Fcountries%2525252525252Fschool%2525252525252FCA%2525252525252Fsort%2525252525253Alowest_fee_per_month%2525252525252Fdirection%2525252525253AASC%2525252525253Fsort_type%2525252525253D%252525252525252Fcountries%252525252525252Fschool%252525252525252FCA%252525252525252Fsort%252525252525253Atmp_overall_score%252525252525252Fdirection%252525252525253ADESC,2026-04-13
https://schoolwith.me/countries/school/NZ/page:14/direction:asc/sort:lowest_fee_per_month?sort_type=/countries/school/NZ?sort_type%3D%252Fcountries%252Fschool%252FNZ%252Fsort%253Atmp_overall_score%252Fdirection%253ADESC%253Fsort_type%253D%25252Fcountries%25252Fschool%25252FNZ%25252Fsort%25253Alowest_fee_per_month%25252Fdirection%25253AASC%25253Fsort_type%25253D%2525252Fcountries%2525252Fschool%2525252FNZ%2525252Fsort%2525253Atmp_overall_score%2525252Fdirection%2525253ADESC%2525253Fsort_type%2525253D%252525252Fcountries%252525252Fschool%252525252FNZ%252525253Fsort_type%252525253D%25252525252Fcountries%25252525252Fschool%25252525252FNZ,2026-04-13
https://schoolwith.me/countries/school/NZ/page:16/direction:desc,2026-04-13
https://schoolwith.me/areas/school/1/page:9/sort:lowest_fee_per_month/direction:asc?sort_type=/areas/school/1/direction:asc/sort:lowest_fee_per_month?sort_type%3D%252Fareas%252Fschool%252F1%252Fdirection%253Aasc%252Fsort%253Alowest_fee_per_month%253Fsort_type%253D%25252Fareas%25252Fschool%25252F1%25252Fdirection%25253Adesc%25253Fsort_type%25253D%2525252Fareas%2525252Fschool%2525252F1%2525252Fdirection%2525253Adesc%2525253Fsort_type%2525253D%252525252Fareas%252525252Fschool%252525252F1%252525252Fdirection%252525253Aasc%252525252Fsort%252525253Alowest_fee_per_month%252525253Fsort_type%252525253D%25252525252Fareas%25252525252Fschool%25252525252F1%25252525252Fdirection%25252525253Aasc%25252525252Fsort%25252525253Alowest_fee_per_month%25252525253Fsort_type%25252525253D%2525252525252Fareas%2525252525252Fschool%2525252525252F1%2525252525252Fdirection%2525252525253Adesc%2525252525253Fsort_type%2525252525253D%252525252525252Fareas%252525252525252Fschool%252525252525252F1%252525252525252Fsort%252525252525253Alowest_fee_per_month%252525252525252Fdirection%252525252525253AASC%252525252525253Fsort_type%252525252525253D%25252525252525252Fareas%25252525252525252Fschool%25252525252525252F1%25252525252525252Fsort%25252525252525253Alowest_fee_per_month%25252525252525252Fdirection%25252525252525253AASC%25252525252525253Fsort_type%25252525252525253D%2525252525252525252Fareas%2525252525252525252Fschool%2525252525252525252F1%2525252525252525252Fsort%2525252525252525253Alowest_fee_per_month%2525252525252525252Fdirection%2525252525252525253AASC,2026-04-13
https://schoolwith.me/countries/school/IE?src_user=top_main_cntry_pc,2026-04-13
https://schoolwith.me/countries/school/US/page:32/direction:asc/sort:lowest_fee_per_month?sort_type=/countries/school/US/sort:lowest_fee_per_month/direction:asc?sort_type%3D%252Fcountries%252Fschool%252FUS%252Fsort%253Alowest_fee_per_month%252Fdirection%253AASC,2026-04-13
https://schoolwith.me/countries/school/NZ/page:13/direction:asc/sort:lowest_fee_per_month?sort_type=/countries/school/NZ?sort_type%3D%252Fcountries%252Fschool%252FNZ%252Fsort%253Atmp_overall_score%252Fdirection%253ADESC%253Fsort_type%253D%25252Fcountries%25252Fschool%25252FNZ%25252Fsort%25253Alowest_fee_per_month%25252Fdirection%25253AASC%25253Fsort_type%25253D%2525252Fcountries%2525252Fschool%2525252FNZ%2525252Fsort%2525253Atmp_overall_score%2525252Fdirection%2525253ADESC%2525253Fsort_type%2525253D%252525252Fcountries%252525252Fschool%252525252FNZ%252525253Fsort_type%252525253D%25252525252Fcountries%25252525252Fschool%25252525252FNZ,2026-04-13
https://schoolwith.me/countries/school/US/page:31/direction:asc/sort:lowest_fee_per_month?sort_type=/countries/school/US/sort:lowest_fee_per_month/direction:asc?sort_type%3D%252Fcountries%252Fschool%252FUS%252Fsort%253Alowest_fee_per_month%252Fdirection%253AASC,2026-04-13
https://schoolwith.me/auth/google_login?done=/applications/register/30003,2026-04-13
https://schoolwith.me/countries/school/CA/page:33?sort_type=/countries/school/CA?sort_type%3D%252Fcountries%252Fschool%252FCA%252Fsort%253Alowest_fee_per_month%252Fdirection%253AASC%253Fsort_type%253D%25252Fcountries%25252Fschool%25252FCA%25253Fsort_type%25253D%2525252Fcountries%2525252Fschool%2525252FCA%2525253Fsort_type%2525253D%252525252Fcountries%252525252Fschool%252525252FCA%252525252Fsort%252525253Atmp_overall_score%252525252Fdirection%252525253ADESC%252525253Fsort_type%252525253D%25252525252Fcountries%25252525252Fschool%25252525252FCA%25252525252Fsort%25252525253Alowest_fee_per_month%25252525252Fdirection%25252525253AASC%25252525253Fsort_type%25252525253D%2525252525252Fcountries%2525252525252Fschool%2525252525252FCA%2525252525252Fsort%2525252525253Alowest_fee_per_month%2525252525252Fdirection%2525252525253AASC%2525252525253Fsort_type%2525252525253D%252525252525252Fcountries%252525252525252Fschool%252525252525252FCA%252525252525252Fsort%252525252525253Atmp_overall_score%252525252525252Fdirection%252525252525253ADESC,2026-04-13
https://schoolwith.me/areas/school/1/page:12/sort:lowest_fee_per_month/direction:asc?sort_type=/areas/school/1/direction:asc/sort:lowest_fee_per_month?sort_type%3D%252Fareas%252Fschool%252F1%252Fdirection%253Aasc%252Fsort%253Alowest_fee_per_month%253Fsort_type%253D%25252Fareas%25252Fschool%25252F1%25252Fdirection%25253Adesc%25253Fsort_type%25253D%2525252Fareas%2525252Fschool%2525252F1%2525252Fdirection%2525253Aasc%2525252Fsort%2525253Alowest_fee_per_month%2525253Fsort_type%2525253D%252525252Fareas%252525252Fschool%252525252F1%252525252Fdirection%252525253Adesc%252525253Fsort_type%252525253D%25252525252Fareas%25252525252Fschool%25252525252F1%25252525252Fsort%25252525253Alowest_fee_per_month%25252525252Fdirection%25252525253Aasc,2026-04-13
https://schoolwith.me/areas/school/1/page:8/sort:lowest_fee_per_month/direction:asc?sort_type=/areas/school/1/direction:asc/sort:lowest_fee_per_month?sort_type%3D%252Fareas%252Fschool%252F1%252Fdirection%253Aasc%252Fsort%253Alowest_fee_per_month%253Fsort_type%253D%25252Fareas%25252Fschool%25252F1%25252Fdirection%25253Adesc%25253Fsort_type%25253D%2525252Fareas%2525252Fschool%2525252F1%2525252Fdirection%2525253Adesc%2525253Fsort_type%2525253D%252525252Fareas%252525252Fschool%252525252F1%252525252Fdirection%252525253Aasc%252525252Fsort%252525253Alowest_fee_per_month%252525253Fsort_type%252525253D%25252525252Fareas%25252525252Fschool%25252525252F1%25252525252Fdirection%25252525253Aasc%25252525252Fsort%25252525253Alowest_fee_per_month%25252525253Fsort_type%25252525253D%2525252525252Fareas%2525252525252Fschool%2525252525252F1%2525252525252Fdirection%2525252525253Adesc%2525252525253Fsort_type%2525252525253D%252525252525252Fareas%252525252525252Fschool%252525252525252F1%252525252525252Fsort%252525252525253Alowest_fee_per_month%252525252525252Fdirection%252525252525253AASC%252525252525253Fsort_type%252525252525253D%25252525252525252Fareas%25252525252525252Fschool%25252525252525252F1%25252525252525252Fsort%25252525252525253Alowest_fee_per_month%25252525252525252Fdirection%25252525252525253AASC%25252525252525253Fsort_type%25252525252525253D%2525252525252525252Fareas%2525252525252525252Fschool%2525252525252525252F1%2525252525252525252Fsort%2525252525252525253Alowest_fee_per_month%2525252525252525252Fdirection%2525252525252525253AASC,2026-04-13
https://schoolwith.me/countries/school/CA/page:32?sort_type=/countries/school/CA?sort_type%3D%252Fcountries%252Fschool%252FCA%252Fsort%253Alowest_fee_per_month%252Fdirection%253AASC%253Fsort_type%253D%25252Fcountries%25252Fschool%25252FCA%25253Fsort_type%25253D%2525252Fcountries%2525252Fschool%2525252FCA%2525253Fsort_type%2525253D%252525252Fcountries%252525252Fschool%252525252FCA%252525252Fsort%252525253Atmp_overall_score%252525252Fdirection%252525253ADESC%252525253Fsort_type%252525253D%25252525252Fcountries%25252525252Fschool%25252525252FCA%25252525252Fsort%25252525253Alowest_fee_per_month%25252525252Fdirection%25252525253AASC%25252525253Fsort_type%25252525253D%2525252525252Fcountries%2525252525252Fschool%2525252525252FCA%2525252525252Fsort%2525252525253Alowest_fee_per_month%2525252525252Fdirection%2525252525253AASC%2525252525253Fsort_type%2525252525253D%252525252525252Fcountries%252525252525252Fschool%252525252525252FCA%252525252525252Fsort%252525252525253Atmp_overall_score%252525252525252Fdirection%252525252525253ADESC,2026-04-13
https://schoolwith.me/auth/google_login?done=/applications/f_register/40367,2026-04-13
https://schoolwith.me/auth/google_login?done=/applications/f_register/40369,2026-04-13
https://schoolwith.me/countries/school/NZ/page:15/direction:desc,2026-04-13
https://schoolwith.me/category/schools/ielts/sort:lowest_fee_per_month/direction:asc?sort_type=/category/schools/ielts?sort_type%3D%252Fcategory%252Fschools%252Fielts%252Fsort%253Alowest_fee_per_month%252Fdirection%253AASC,2026-04-13
https://schoolwith.me/areas/school/6001/page:12/sort:lowest_fee_per_month/direction:asc?sort_type=/areas/school/6001/sort:lowest_fee_per_month/direction:asc?sort_type%3D%252Fareas%252Fschool%252F6001%252Fdirection%253Adesc,2026-04-13
https://schoolwith.me/countries/school/IE/direction:asc/sort:lowest_fee_per_month?src_user=top_main_cntry_pc,2026-04-13
https://schoolwith.me/areas/school/1/page:7/sort:lowest_fee_per_month/direction:asc?sort_type=/areas/school/1/direction:asc/sort:lowest_fee_per_month?sort_type%3D%252Fareas%252Fschool%252F1%252Fdirection%253Aasc%252Fsort%253Alowest_fee_per_month%253Fsort_type%253D%25252Fareas%25252Fschool%25252F1%25252Fdirection%25253Adesc%25253Fsort_type%25253D%2525252Fareas%2525252Fschool%2525252F1%2525252Fdirection%2525253Adesc%2525253Fsort_type%2525253D%252525252Fareas%252525252Fschool%252525252F1%252525252Fdirection%252525253Aasc%252525252Fsort%252525253Alowest_fee_per_month%252525253Fsort_type%252525253D%25252525252Fareas%25252525252Fschool%25252525252F1%25252525252Fdirection%25252525253Aasc%25252525252Fsort%25252525253Alowest_fee_per_month%25252525253Fsort_type%25252525253D%2525252525252Fareas%2525252525252Fschool%2525252525252F1%2525252525252Fdirection%2525252525253Adesc%2525252525253Fsort_type%2525252525253D%252525252525252Fareas%252525252525252Fschool%252525252525252F1%252525252525252Fsort%252525252525253Alowest_fee_per_month%252525252525252Fdirection%252525252525253AASC%252525252525253Fsort_type%252525252525253D%25252525252525252Fareas%25252525252525252Fschool%25252525252525252F1%25252525252525252Fsort%25252525252525253Alowest_fee_per_month%25252525252525252Fdirection%25252525252525253AASC%25252525252525253Fsort_type%25252525252525253D%2525252525252525252Fareas%2525252525252525252Fschool%2525252525252525252F1%2525252525252525252Fsort%2525252525252525253Alowest_fee_per_month%2525252525252525252Fdirection%2525252525252525253AASC,2026-04-13
https://schoolwith.me/countries/school/CA/page:31?sort_type=/countries/school/CA?sort_type%3D%252Fcountries%252Fschool%252FCA%252Fsort%253Alowest_fee_per_month%252Fdirection%253AASC%253Fsort_type%253D%25252Fcountries%25252Fschool%25252FCA%25253Fsort_type%25253D%2525252Fcountries%2525252Fschool%2525252FCA%2525253Fsort_type%2525253D%252525252Fcountries%252525252Fschool%252525252FCA%252525252Fsort%252525253Atmp_overall_score%252525252Fdirection%252525253ADESC%252525253Fsort_type%252525253D%25252525252Fcountries%25252525252Fschool%25252525252FCA%25252525252Fsort%25252525253Alowest_fee_per_month%25252525252Fdirection%25252525253AASC%25252525253Fsort_type%25252525253D%2525252525252Fcountries%2525252525252Fschool%2525252525252FCA%2525252525252Fsort%2525252525253Alowest_fee_per_month%2525252525252Fdirection%2525252525253AASC%2525252525253Fsort_type%2525252525253D%252525252525252Fcountries%252525252525252Fschool%252525252525252FCA%252525252525252Fsort%252525252525253Atmp_overall_score%252525252525252Fdirection%252525252525253ADESC,2026-04-13
https://schoolwith.me/search/schools/result/search_school_name/sort:lowest_fee_per_month/direction:asc?sort_type=/search/schools/result/search_school_name/direction:desc?sort_type%3D%252Fsearch%252Fschools%252Fresult%252Fsearch_school_name%252Fdirection%253Adesc%253Fsort_type%253D%25252Fsearch%25252Fschools%25252Fresult%25252Fsearch_school_name%25252Fsort%25253Alowest_fee_per_month%25252Fdirection%25253Aasc,2026-04-13
https://schoolwith.me/countries/school/US/page:30/direction:asc/sort:lowest_fee_per_month?sort_type=/countries/school/US/sort:lowest_fee_per_month/direction:asc?sort_type%3D%252Fcountries%252Fschool%252FUS%252Fsort%253Alowest_fee_per_month%252Fdirection%253AASC,2026-04-13
https://schoolwith.me/schools/review/60128/overall_rating_asc,2026-04-13
https://schoolwith.me/countries/school/NZ/page:12/direction:asc/sort:lowest_fee_per_month?sort_type=/countries/school/NZ?sort_type%3D%252Fcountries%252Fschool%252FNZ%252Fsort%253Atmp_overall_score%252Fdirection%253ADESC%253Fsort_type%253D%25252Fcountries%25252Fschool%25252FNZ%25252Fsort%25253Alowest_fee_per_month%25252Fdirection%25253AASC%25253Fsort_type%25253D%2525252Fcountries%2525252Fschool%2525252FNZ%2525252Fsort%2525253Atmp_overall_score%2525252Fdirection%2525253ADESC%2525253Fsort_type%2525253D%252525252Fcountries%252525252Fschool%252525252FNZ%252525253Fsort_type%252525253D%25252525252Fcountries%25252525252Fschool%25252525252FNZ,2026-04-13
https://schoolwith.me/applications/f_register/50085,2026-04-13
https://schoolwith.me/areas/school/1/page:11/sort:lowest_fee_per_month/direction:asc?sort_type=/areas/school/1/direction:asc/sort:lowest_fee_per_month?sort_type%3D%252Fareas%252Fschool%252F1%252Fdirection%253Aasc%252Fsort%253Alowest_fee_per_month%253Fsort_type%253D%25252Fareas%25252Fschool%25252F1%25252Fdirection%25253Adesc%25253Fsort_type%25253D%2525252Fareas%2525252Fschool%2525252F1%2525252Fdirection%2525253Aasc%2525252Fsort%2525253Alowest_fee_per_month%2525253Fsort_type%2525253D%252525252Fareas%252525252Fschool%252525252F1%252525252Fdirection%252525253Adesc%252525253Fsort_type%252525253D%25252525252Fareas%25252525252Fschool%25252525252F1%25252525252Fsort%25252525253Alowest_fee_per_month%25252525252Fdirection%25252525253Aasc,2026-04-13
https://schoolwith.me/countries/school/CA/page:24/sort:lowest_fee_per_month/direction:asc?sort_type=/countries/school/CA/direction:desc?sort_type%3D%252Fcountries%252Fschool%252FCA%252Fsort%253Alowest_fee_per_month%252Fdirection%253Aasc%253Fsort_type%253D%25252Fcountries%25252Fschool%25252FCA%25252Fsort%25253Alowest_fee_per_month%25252Fdirection%25253Aasc%25253Fsort_type%25253D%2525252Fcountries%2525252Fschool%2525252FCA%2525252Fdirection%2525253Adesc%2525253Fsort_type%2525253D%252525252Fcountries%252525252Fschool%252525252FCA%252525252Fdirection%252525253Adesc%252525253Fsort_type%252525253D%25252525252Fcountries%25252525252Fschool%25252525252FCA%25252525252Fdirection%25252525253Adesc%25252525253Fsort_type%25252525253D%2525252525252Fcountries%2525252525252Fschool%2525252525252FCA%2525252525252Fsort%2525252525253Alowest_fee_per_month%2525252525252Fdirection%2525252525253Aasc%2525252525253Fsort_type%2525252525253D%252525252525252Fcountries%252525252525252Fschool%252525252525252FCA%252525252525252Fsort%252525252525253Alowest_fee_per_month%252525252525252Fdirection%252525252525253Aasc%252525252525253Fsort_type%252525252525253D%25252525252525252Fcountries%25252525252525252Fschool%25252525252525252FCA%25252525252525252Fdirection%25252525252525253Adesc,2026-04-13
https://schoolwith.me/category/schools/short_term/direction:desc/country_id:2/area_id:2003?sort_type=/category/schools/short_term/country_id:2/area_id:2003/sort:lowest_fee_per_month/direction:ASC,2026-04-13
https://schoolwith.me/areas/school/6001/page:11/sort:lowest_fee_per_month/direction:asc?sort_type=/areas/school/6001/sort:lowest_fee_per_month/direction:asc?sort_type%3D%252Fareas%252Fschool%252F6001%252Fdirection%253Adesc,2026-04-13
https://schoolwith.me/auth/google_login?done=/applications/register/20125,2026-04-13
https://schoolwith.me/auth/google_login?done=/schools/166,2026-04-13
https://schoolwith.me/auth/google_login?done=/schools/40021,2026-04-13
https://schoolwith.me/countries/school/CA/page:16/sort:lowest_fee_per_month/direction:asc,2026-04-13
https://schoolwith.me/countries/school/CA/page:13/sort:lowest_fee_per_month/direction:asc?sort_type=/countries/school/CA/direction:desc?sort_type%3D%252Fcountries%252Fschool%252FCA,2026-04-13
https://schoolwith.me/areas/school/6001/page:10/sort:lowest_fee_per_month/direction:asc?sort_type=/areas/school/6001/sort:lowest_fee_per_month/direction:asc?sort_type%3D%252Fareas%252Fschool%252F6001%252Fdirection%253Adesc,2026-04-13
https://schoolwith.me/countries/school/CA/page:23/sort:lowest_fee_per_month/direction:asc?sort_type=/countries/school/CA/direction:desc?sort_type%3D%252Fcountries%252Fschool%252FCA%252Fsort%253Alowest_fee_per_month%252Fdirection%253Aasc%253Fsort_type%253D%25252Fcountries%25252Fschool%25252FCA%25252Fsort%25253Alowest_fee_per_month%25252Fdirection%25253Aasc%25253Fsort_type%25253D%2525252Fcountries%2525252Fschool%2525252FCA%2525252Fdirection%2525253Adesc%2525253Fsort_type%2525253D%252525252Fcountries%252525252Fschool%252525252FCA%252525252Fdirection%252525253Adesc%252525253Fsort_type%252525253D%25252525252Fcountries%25252525252Fschool%25252525252FCA%25252525252Fdirection%25252525253Adesc%25252525253Fsort_type%25252525253D%2525252525252Fcountries%2525252525252Fschool%2525252525252FCA%2525252525252Fsort%2525252525253Alowest_fee_per_month%2525252525252Fdirection%2525252525253Aasc%2525252525253Fsort_type%2525252525253D%252525252525252Fcountries%252525252525252Fschool%252525252525252FCA%252525252525252Fsort%252525252525253Alowest_fee_per_month%252525252525252Fdirection%252525252525253Aasc%252525252525253Fsort_type%252525252525253D%25252525252525252Fcountries%25252525252525252Fschool%25252525252525252FCA%25252525252525252Fdirection%25252525252525253Adesc,2026-04-13
https://schoolwith.me/countries/school/ID?sort_type=/countries/school/ID/direction:desc?sort_type%3D%252Fcountries%252Fschool%252FID%252Fsort%253Alowest_fee_per_month%252Fdirection%253Aasc,2026-04-13
https://schoolwith.me/areas/school/4004/page:4/sort:lowest_fee_per_month/direction:asc?sort_type=/areas/school/4004/direction:desc?sort_type%3D%252Fareas%252Fschool%252F4004%252Fdirection%253Aasc%252Fsort%253Alowest_fee_per_month%253Fsort_type%253D%25252Fareas%25252Fschool%25252F4004%25252Fdirection%25253Adesc%25253Fsort_type%25253D%2525252Fareas%2525252Fschool%2525252F4004%2525252Fdirection%2525253Aasc%2525252Fsort%2525253Alowest_fee_per_month%2525253Fsort_type%2525253D%252525252Fareas%252525252Fschool%252525252F4004%252525252Fdirection%252525253Aasc%252525252Fsort%252525253Alowest_fee_per_month%252525253Fsort_type%252525253D%25252525252Fareas%25252525252Fschool%25252525252F4004%25252525252Fdirection%25252525253Adesc%25252525253Fsort_type%25252525253D%2525252525252Fareas%2525252525252Fschool%2525252525252F4004%2525252525252Fdirection%2525252525253Adesc,2026-04-13
https://schoolwith.me/auth/google_login?done=/applications/f_register/60022,2026-04-13
https://schoolwith.me/countries/school/CA/page:15/sort:lowest_fee_per_month/direction:asc,2026-04-13
https://schoolwith.me/areas/school/1/page:10/sort:lowest_fee_per_month/direction:asc?sort_type=/areas/school/1/direction:asc/sort:lowest_fee_per_month?sort_type%3D%252Fareas%252Fschool%252F1%252Fdirection%253Aasc%252Fsort%253Alowest_fee_per_month%253Fsort_type%253D%25252Fareas%25252Fschool%25252F1%25252Fdirection%25253Adesc%25253Fsort_type%25253D%2525252Fareas%2525252Fschool%2525252F1%2525252Fdirection%2525253Aasc%2525252Fsort%2525253Alowest_fee_per_month%2525253Fsort_type%2525253D%252525252Fareas%252525252Fschool%252525252F1%252525252Fdirection%252525253Adesc%252525253Fsort_type%252525253D%25252525252Fareas%25252525252Fschool%25252525252F1%25252525252Fsort%25252525253Alowest_fee_per_month%25252525252Fdirection%25252525253Aasc,2026-04-13
"https://schoolwith.me/applications/register/30311?program_name=Intensive 
English 35%E3%82%B3%E3%83%9E/%E9%80%B1",2026-04-13
https://schoolwith.me/areas/school/1/page:6/sort:lowest_fee_per_month/direction:asc?sort_type=/areas/school/1/direction:asc/sort:lowest_fee_per_month?sort_type%3D%252Fareas%252Fschool%252F1%252Fdirection%253Aasc%252Fsort%253Alowest_fee_per_month%253Fsort_type%253D%25252Fareas%25252Fschool%25252F1%25252Fdirection%25253Adesc%25253Fsort_type%25253D%2525252Fareas%2525252Fschool%2525252F1%2525252Fdirection%2525253Adesc%2525253Fsort_type%2525253D%252525252Fareas%252525252Fschool%252525252F1%252525252Fdirection%252525253Aasc%252525252Fsort%252525253Alowest_fee_per_month%252525253Fsort_type%252525253D%25252525252Fareas%25252525252Fschool%25252525252F1%25252525252Fdirection%25252525253Aasc%25252525252Fsort%25252525253Alowest_fee_per_month%25252525253Fsort_type%25252525253D%2525252525252Fareas%2525252525252Fschool%2525252525252F1%2525252525252Fdirection%2525252525253Adesc%2525252525253Fsort_type%2525252525253D%252525252525252Fareas%252525252525252Fschool%252525252525252F1%252525252525252Fsort%252525252525253Alowest_fee_per_month%252525252525252Fdirection%252525252525253AASC%252525252525253Fsort_type%252525252525253D%25252525252525252Fareas%25252525252525252Fschool%25252525252525252F1%25252525252525252Fsort%25252525252525253Alowest_fee_per_month%25252525252525252Fdirection%25252525252525253AASC%25252525252525253Fsort_type%25252525252525253D%2525252525252525252Fareas%2525252525252525252Fschool%2525252525252525252F1%2525252525252525252Fsort%2525252525252525253Alowest_fee_per_month%2525252525252525252Fdirection%2525252525252525253AASC,2026-04-13
https://schoolwith.me/schools/review/50150/end_date_desc,2026-04-13
https://schoolwith.me/auth/google_login?done=/applications/f_register/40370,2026-04-13
https://schoolwith.me/countries/school/CA/page:14/sort:lowest_fee_per_month/direction:asc,2026-04-13
https://schoolwith.me/countries/school/CA/page:30?sort_type=/countries/school/CA?sort_type%3D%252Fcountries%252Fschool%252FCA%252Fsort%253Alowest_fee_per_month%252Fdirection%253AASC%253Fsort_type%253D%25252Fcountries%25252Fschool%25252FCA%25253Fsort_type%25253D%2525252Fcountries%2525252Fschool%2525252FCA%2525253Fsort_type%2525253D%252525252Fcountries%252525252Fschool%252525252FCA%252525252Fsort%252525253Atmp_overall_score%252525252Fdirection%252525253ADESC%252525253Fsort_type%252525253D%25252525252Fcountries%25252525252Fschool%25252525252FCA%25252525252Fsort%25252525253Alowest_fee_per_month%25252525252Fdirection%25252525253AASC%25252525253Fsort_type%25252525253D%2525252525252Fcountries%2525252525252Fschool%2525252525252FCA%2525252525252Fsort%2525252525253Alowest_fee_per_month%2525252525252Fdirection%2525252525253AASC%2525252525253Fsort_type%2525252525253D%252525252525252Fcountries%252525252525252Fschool%252525252525252FCA%252525252525252Fsort%252525252525253Atmp_overall_score%252525252525252Fdirection%252525252525253ADESC,2026-04-13
https://schoolwith.me/areas/school/1/page:9/sort:lowest_fee_per_month/direction:asc?sort_type=/areas/school/1/direction:asc/sort:lowest_fee_per_month?sort_type%3D%252Fareas%252Fschool%252F1%252Fdirection%253Aasc%252Fsort%253Alowest_fee_per_month%253Fsort_type%253D%25252Fareas%25252Fschool%25252F1%25252Fdirection%25253Adesc%25253Fsort_type%25253D%2525252Fareas%2525252Fschool%2525252F1%2525252Fdirection%2525253Aasc%2525252Fsort%2525253Alowest_fee_per_month%2525253Fsort_type%2525253D%252525252Fareas%252525252Fschool%252525252F1%252525252Fdirection%252525253Adesc%252525253Fsort_type%252525253D%25252525252Fareas%25252525252Fschool%25252525252F1%25252525252Fsort%25252525253Alowest_fee_per_month%25252525252Fdirection%25252525253Aasc,2026-04-13
https://schoolwith.me/reviews/check?schoolId=50048&areaId=5004&countryId=5,2026-04-13
https://schoolwith.me/purposes/schools/demogura/4/page:8/sort:lowest_fee_per_month/direction:asc?sort_type=/purposes/schools/demogura/4/direction:asc/sort:lowest_fee_per_month,2026-04-13
https://schoolwith.me/areas/school/4004/page:2/sort:lowest_fee_per_month/direction:asc?sort_type=/areas/school/4004/direction:desc?sort_type%3D%252Fareas%252Fschool%252F4004%252Fdirection%253Aasc%252Fsort%253Alowest_fee_per_month%253Fsort_type%253D%25252Fareas%25252Fschool%25252F4004%25252Fdirection%25253Adesc%25253Fsort_type%25253D%2525252Fareas%2525252Fschool%2525252F4004%2525252Fdirection%2525253Aasc%2525252Fsort%2525253Alowest_fee_per_month%2525253Fsort_type%2525253D%252525252Fareas%252525252Fschool%252525252F4004%252525252Fdirection%252525253Aasc%252525252Fsort%252525253Alowest_fee_per_month%252525253Fsort_type%252525253D%25252525252Fareas%25252525252Fschool%25252525252F4004%25252525252Fdirection%25252525253Adesc%25252525253Fsort_type%25252525253D%2525252525252Fareas%2525252525252Fschool%2525252525252F4004%2525252525252Fdirection%2525252525253Adesc,2026-04-13
https://schoolwith.me/applications/f_register/50010,2026-04-13
https://schoolwith.me/schools/review/30047/overall_rating_desc,2026-04-13
https://schoolwith.me/countries/school/CA/page:22/sort:lowest_fee_per_month/direction:asc?sort_type=/countries/school/CA/direction:desc?sort_type%3D%252Fcountries%252Fschool%252FCA%252Fsort%253Alowest_fee_per_month%252Fdirection%253Aasc%253Fsort_type%253D%25252Fcountries%25252Fschool%25252FCA%25252Fsort%25253Alowest_fee_per_month%25252Fdirection%25253Aasc%25253Fsort_type%25253D%2525252Fcountries%2525252Fschool%2525252FCA%2525252Fdirection%2525253Adesc%2525253Fsort_type%2525253D%252525252Fcountries%252525252Fschool%252525252FCA%252525252Fdirection%252525253Adesc%252525253Fsort_type%252525253D%25252525252Fcountries%25252525252Fschool%25252525252FCA%25252525252Fdirection%25252525253Adesc%25252525253Fsort_type%25252525253D%2525252525252Fcountries%2525252525252Fschool%2525252525252FCA%2525252525252Fsort%2525252525253Alowest_fee_per_month%2525252525252Fdirection%2525252525253Aasc%2525252525253Fsort_type%2525252525253D%252525252525252Fcountries%252525252525252Fschool%252525252525252FCA%252525252525252Fsort%252525252525253Alowest_fee_per_month%252525252525252Fdirection%252525252525253Aasc%252525252525253Fsort_type%252525252525253D%25252525252525252Fcountries%25252525252525252Fschool%25252525252525252FCA%25252525252525252Fdirection%25252525252525253Adesc,2026-04-13
https://schoolwith.me/countries/school/CA/page:12/sort:lowest_fee_per_month/direction:asc?sort_type=/countries/school/CA/direction:desc?sort_type%3D%252Fcountries%252Fschool%252FCA,2026-04-13
https://schoolwith.me/areas/school/1/page:5/sort:lowest_fee_per_month/direction:asc?sort_type=/areas/school/1/direction:asc/sort:lowest_fee_per_month?sort_type%3D%252Fareas%252Fschool%252F1%252Fdirection%253Aasc%252Fsort%253Alowest_fee_per_month%253Fsort_type%253D%25252Fareas%25252Fschool%25252F1%25252Fdirection%25253Adesc%25253Fsort_type%25253D%2525252Fareas%2525252Fschool%2525252F1%2525252Fdirection%2525253Adesc%2525253Fsort_type%2525253D%252525252Fareas%252525252Fschool%252525252F1%252525252Fdirection%252525253Aasc%252525252Fsort%252525253Alowest_fee_per_month%252525253Fsort_type%252525253D%25252525252Fareas%25252525252Fschool%25252525252F1%25252525252Fdirection%25252525253Aasc%25252525252Fsort%25252525253Alowest_fee_per_month%25252525253Fsort_type%25252525253D%2525252525252Fareas%2525252525252Fschool%2525252525252F1%2525252525252Fdirection%2525252525253Adesc%2525252525253Fsort_type%2525252525253D%252525252525252Fareas%252525252525252Fschool%252525252525252F1%252525252525252Fsort%252525252525253Alowest_fee_per_month%252525252525252Fdirection%252525252525253AASC%252525252525253Fsort_type%252525252525253D%25252525252525252Fareas%25252525252525252Fschool%25252525252525252F1%25252525252525252Fsort%25252525252525253Alowest_fee_per_month%25252525252525252Fdirection%25252525252525253AASC%25252525252525253Fsort_type%25252525252525253D%2525252525252525252Fareas%2525252525252525252Fschool%2525252525252525252F1%2525252525252525252Fsort%2525252525252525253Alowest_fee_per_month%2525252525252525252Fdirection%2525252525252525253AASC,2026-04-13
https://schoolwith.me/areas/school/2002/page:4/sort:lowest_fee_per_month/direction:asc?sort_type=/areas/school/2002/direction:desc,2026-04-13
https://schoolwith.me/areas/school/4004/page:3/sort:lowest_fee_per_month/direction:asc?sort_type=/areas/school/4004/direction:desc?sort_type%3D%252Fareas%252Fschool%252F4004%252Fdirection%253Aasc%252Fsort%253Alowest_fee_per_month%253Fsort_type%253D%25252Fareas%25252Fschool%25252F4004%25252Fdirection%25253Adesc%25253Fsort_type%25253D%2525252Fareas%2525252Fschool%2525252F4004%2525252Fdirection%2525253Aasc%2525252Fsort%2525253Alowest_fee_per_month%2525253Fsort_type%2525253D%252525252Fareas%252525252Fschool%252525252F4004%252525252Fdirection%252525253Aasc%252525252Fsort%252525253Alowest_fee_per_month%252525253Fsort_type%252525253D%25252525252Fareas%25252525252Fschool%25252525252F4004%25252525252Fdirection%25252525253Adesc%25252525253Fsort_type%25252525253D%2525252525252Fareas%2525252525252Fschool%2525252525252F4004%2525252525252Fdirection%2525252525253Adesc,2026-04-13
https://schoolwith.me/countries/school/CA/page:10/sort:lowest_fee_per_month/direction:asc?sort_type=/countries/school/CA?sort_type%3D%252Fcountries%252Fschool%252FCA%252Fsort%253Alowest_fee_per_month%252Fdirection%253AASC%253Fsort_type%253D%25252Fcountries%25252Fschool%25252FCA%25253Fsort_type%25253D%2525252Fcountries%2525252Fschool%2525252FCA%2525253Fsort_type%2525253D%252525252Fcountries%252525252Fschool%252525252FCA%252525252Fsort%252525253Atmp_overall_score%252525252Fdirection%252525253ADESC%252525253Fsort_type%252525253D%25252525252Fcountries%25252525252Fschool%25252525252FCA%25252525252Fsort%25252525253Alowest_fee_per_month%25252525252Fdirection%25252525253AASC%25252525253Fsort_type%25252525253D%2525252525252Fcountries%2525252525252Fschool%2525252525252FCA%2525252525252Fsort%2525252525253Alowest_fee_per_month%2525252525252Fdirection%2525252525253AASC%2525252525253Fsort_type%2525252525253D%252525252525252Fcountries%252525252525252Fschool%252525252525252FCA%252525252525252Fsort%252525252525253Atmp_overall_score%252525252525252Fdirection%252525252525253ADESC,2026-04-13
https://schoolwith.me/countries/school/CA/page:29?sort_type=/countries/school/CA?sort_type%3D%252Fcountries%252Fschool%252FCA%252Fsort%253Alowest_fee_per_month%252Fdirection%253AASC%253Fsort_type%253D%25252Fcountries%25252Fschool%25252FCA%25253Fsort_type%25253D%2525252Fcountries%2525252Fschool%2525252FCA%2525253Fsort_type%2525253D%252525252Fcountries%252525252Fschool%252525252FCA%252525252Fsort%252525253Atmp_overall_score%252525252Fdirection%252525253ADESC%252525253Fsort_type%252525253D%25252525252Fcountries%25252525252Fschool%25252525252FCA%25252525252Fsort%25252525253Alowest_fee_per_month%25252525252Fdirection%25252525253AASC%25252525253Fsort_type%25252525253D%2525252525252Fcountries%2525252525252Fschool%2525252525252FCA%2525252525252Fsort%2525252525253Alowest_fee_per_month%2525252525252Fdirection%2525252525253AASC%2525252525253Fsort_type%2525252525253D%252525252525252Fcountries%252525252525252Fschool%252525252525252FCA%252525252525252Fsort%252525252525253Atmp_overall_score%252525252525252Fdirection%252525252525253ADESC,2026-04-13
https://schoolwith.me/areas/school/6001/page:9/sort:lowest_fee_per_month/direction:asc?sort_type=/areas/school/6001/sort:lowest_fee_per_month/direction:asc?sort_type%3D%252Fareas%252Fschool%252F6001%252Fdirection%253Adesc,2026-04-13